ISO-10303-21;
HEADER;
FILE_DESCRIPTION(('FreeCAD Model'),'2;1');
FILE_NAME('Open CASCADE Shape Model','2026-10-08T21:26:29',('Author'),(
    ''),'Open CASCADE STEP processor 7.8','FreeCAD','Unknown');
FILE_SCHEMA(('AUTOMOTIVE_DESIGN { 1 0 10303 214 1 1 1 1 }'));
ENDSEC;
DATA;
#1 = APPLICATION_PROTOCOL_DEFINITION('international standard',
  'automotive_design',2000,#2);
#2 = APPLICATION_CONTEXT(
  'core data for automotive mechanical design processes');
#3 = SHAPE_DEFINITION_REPRESENTATION(#4,#10);
#4 = PRODUCT_DEFINITION_SHAPE('','',#5);
#5 = PRODUCT_DEFINITION('design','',#6,#9);
#6 = PRODUCT_DEFINITION_FORMATION('','',#7);
#7 = PRODUCT('AntBait_Image_Recreation','AntBait_Image_Recreation','',(
    #8));
#8 = PRODUCT_CONTEXT('',#2,'mechanical');
#9 = PRODUCT_DEFINITION_CONTEXT('part definition',#2,'design');
#10 = SHAPE_REPRESENTATION('',(#11,#15,#19,#23,#27),#31);
#11 = AXIS2_PLACEMENT_3D('',#12,#13,#14);
#12 = CARTESIAN_POINT('',(0.,0.,0.));
#13 = DIRECTION('',(0.,0.,1.));
#14 = DIRECTION('',(1.,0.,-0.));
#15 = AXIS2_PLACEMENT_3D('',#16,#17,#18);
#16 = CARTESIAN_POINT('',(0.,0.,0.));
#17 = DIRECTION('',(0.,0.,1.));
#18 = DIRECTION('',(1.,0.,0.));
#19 = AXIS2_PLACEMENT_3D('',#20,#21,#22);
#20 = CARTESIAN_POINT('',(0.,0.,0.));
#21 = DIRECTION('',(0.,0.,1.));
#22 = DIRECTION('',(1.,0.,0.));
#23 = AXIS2_PLACEMENT_3D('',#24,#25,#26);
#24 = CARTESIAN_POINT('',(0.,0.,0.));
#25 = DIRECTION('',(0.,0.,1.));
#26 = DIRECTION('',(1.,0.,0.));
#27 = AXIS2_PLACEMENT_3D('',#28,#29,#30);
#28 = CARTESIAN_POINT('',(0.,0.,0.));
#29 = DIRECTION('',(0.,0.,1.));
#30 = DIRECTION('',(1.,0.,0.));
#31 = ( GEOMETRIC_REPRESENTATION_CONTEXT(3)
GLOBAL_UNCERTAINTY_ASSIGNED_CONTEXT((#35)) GLOBAL_UNIT_ASSIGNED_CONTEXT(
(#32,#33,#34)) REPRESENTATION_CONTEXT('Context #1',
  '3D Context with UNIT and UNCERTAINTY') );
#32 = ( LENGTH_UNIT() NAMED_UNIT(*) SI_UNIT(.MILLI.,.METRE.) );
#33 = ( NAMED_UNIT(*) PLANE_ANGLE_UNIT() SI_UNIT($,.RADIAN.) );
#34 = ( NAMED_UNIT(*) SI_UNIT($,.STERADIAN.) SOLID_ANGLE_UNIT() );
#35 = UNCERTAINTY_MEASURE_WITH_UNIT(LENGTH_MEASURE(1.E-07),#32,
  'distance_accuracy_value','confusion accuracy');
#36 = PRODUCT_RELATED_PRODUCT_CATEGORY('part',$,(#7));
#37 = SHAPE_DEFINITION_REPRESENTATION(#38,#44);
#38 = PRODUCT_DEFINITION_SHAPE('','',#39);
#39 = PRODUCT_DEFINITION('design','',#40,#43);
#40 = PRODUCT_DEFINITION_FORMATION('','',#41);
#41 = PRODUCT('Ribbed station / arched entries',
  'Ribbed station / arched entries','',(#42));
#42 = PRODUCT_CONTEXT('',#2,'mechanical');
#43 = PRODUCT_DEFINITION_CONTEXT('part definition',#2,'design');
#44 = ADVANCED_BREP_SHAPE_REPRESENTATION('',(#11,#45),#9421);
#45 = MANIFOLD_SOLID_BREP('',#46);
#46 = CLOSED_SHELL('',(#47,#87,#224,#249,#378,#395,#412,#429,#446,#463,
    #475,#507,#619,#644,#668,#693,#805,#830,#847,#878,#903,#928,#952,
    #976,#1001,#1026,#1043,#1059,#1186,#1210,#1330,#1457,#1481,#1601,
    #1728,#1752,#1872,#1999,#2023,#2143,#2229,#2269,#2361,#2460,#2492,
    #2591,#2623,#2722,#2754,#2844,#2902,#2985,#3009,#3092,#3116,#3199,
    #3223,#3306,#3330,#3413,#3437,#3513,#3553,#3584,#3617,#3648,#3681,
    #3712,#3745,#3767,#3784,#3801,#3818,#3835,#3852,#3869,#3886,#3903,
    #3920,#3937,#3949,#3989,#4088,#4120,#4219,#4251,#4350,#4382,#4472,
    #4555,#4579,#4662,#4686,#4769,#4793,#4876,#4900,#4983,#5007,#5083,
    #5107,#5130,#5153,#5176,#5250,#5267,#5284,#5301,#5318,#5335,#5379,
    #5410,#5443,#5474,#5507,#5538,#5571,#5602,#5633,#5650,#5667,#5684,
    #5701,#5718,#5735,#5752,#5769,#5786,#5803,#5815,#5838,#5861,#5884,
    #5908,#5925,#5942,#5959,#5976,#5993,#6024,#6049,#6073,#6098,#6122,
    #6147,#6171,#6189,#6214,#6334,#6351,#6373,#6385,#6402,#6414,#6426,
    #6443,#6460,#6472,#6494,#6506,#6518,#6535,#6552,#6564,#6622,#6639,
    #6656,#6678,#6690,#6707,#6719,#6731,#6748,#6765,#6777,#6799,#6811,
    #6823,#6840,#6857,#6869,#6891,#6903,#6915,#6932,#6949,#6961,#6978,
    #6995,#7007,#7024,#7041,#7053,#7070,#7087,#7099,#7116,#7128,#7145,
    #7157,#7174,#7191,#7203,#7220,#7237,#7249,#7266,#7283,#7295,#7312,
    #7329,#7341,#7358,#7375,#7387,#7473,#7504,#7529,#7554,#7578,#7602,
    #7627,#7652,#7669,#7700,#7725,#7750,#7774,#7798,#7823,#7848,#7865,
    #7951,#8037,#8068,#8093,#8117,#8142,#8166,#8191,#8215,#8233,#8264,
    #8289,#8313,#8338,#8362,#8387,#8411,#8429,#8515,#8601,#8632,#8657,
    #8682,#8706,#8730,#8755,#8780,#8797,#8828,#8853,#8878,#8902,#8926,
    #8951,#8976,#8993,#9079,#9165,#9187,#9204,#9221,#9238,#9255,#9272,
    #9289,#9301,#9331,#9361,#9391));
#47 = ADVANCED_FACE('',(#48),#82,.F.);
#48 = FACE_BOUND('',#49,.F.);
#49 = EDGE_LOOP('',(#50,#60,#68,#76));
#50 = ORIENTED_EDGE('',*,*,#51,.F.);
#51 = EDGE_CURVE('',#52,#54,#56,.T.);
#52 = VERTEX_POINT('',#53);
#53 = CARTESIAN_POINT('',(-41.,-27.,67.));
#54 = VERTEX_POINT('',#55);
#55 = CARTESIAN_POINT('',(-41.,27.,67.));
#56 = LINE('',#57,#58);
#57 = CARTESIAN_POINT('',(-41.,-33.,67.));
#58 = VECTOR('',#59,1.);
#59 = DIRECTION('',(-0.,1.,0.));
#60 = ORIENTED_EDGE('',*,*,#61,.F.);
#61 = EDGE_CURVE('',#62,#52,#64,.T.);
#62 = VERTEX_POINT('',#63);
#63 = CARTESIAN_POINT('',(-41.,-27.,51.75));
#64 = LINE('',#65,#66);
#65 = CARTESIAN_POINT('',(-41.,-27.,0.));
#66 = VECTOR('',#67,1.);
#67 = DIRECTION('',(0.,0.,1.));
#68 = ORIENTED_EDGE('',*,*,#69,.F.);
#69 = EDGE_CURVE('',#70,#62,#72,.T.);
#70 = VERTEX_POINT('',#71);
#71 = CARTESIAN_POINT('',(-41.,27.,51.75));
#72 = LINE('',#73,#74);
#73 = CARTESIAN_POINT('',(-41.,-33.8,51.75));
#74 = VECTOR('',#75,1.);
#75 = DIRECTION('',(0.,-1.,0.));
#76 = ORIENTED_EDGE('',*,*,#77,.T.);
#77 = EDGE_CURVE('',#70,#54,#78,.T.);
#78 = LINE('',#79,#80);
#79 = CARTESIAN_POINT('',(-41.,27.,0.));
#80 = VECTOR('',#81,1.);
#81 = DIRECTION('',(0.,0.,1.));
#82 = PLANE('',#83);
#83 = AXIS2_PLACEMENT_3D('',#84,#85,#86);
#84 = CARTESIAN_POINT('',(-41.,-33.,0.));
#85 = DIRECTION('',(1.,0.,-0.));
#86 = DIRECTION('',(0.,0.,1.));
#87 = ADVANCED_FACE('',(#88,#149),#219,.T.);
#88 = FACE_BOUND('',#89,.T.);
#89 = EDGE_LOOP('',(#90,#91,#100,#108,#117,#125,#134,#142));
#90 = ORIENTED_EDGE('',*,*,#51,.F.);
#91 = ORIENTED_EDGE('',*,*,#92,.T.);
#92 = EDGE_CURVE('',#52,#93,#95,.T.);
#93 = VERTEX_POINT('',#94);
#94 = CARTESIAN_POINT('',(-35.,-33.,67.));
#95 = CIRCLE('',#96,6.);
#96 = AXIS2_PLACEMENT_3D('',#97,#98,#99);
#97 = CARTESIAN_POINT('',(-35.,-27.,67.));
#98 = DIRECTION('',(0.,0.,1.));
#99 = DIRECTION('',(0.,-1.,0.));
#100 = ORIENTED_EDGE('',*,*,#101,.T.);
#101 = EDGE_CURVE('',#93,#102,#104,.T.);
#102 = VERTEX_POINT('',#103);
#103 = CARTESIAN_POINT('',(35.,-33.,67.));
#104 = LINE('',#105,#106);
#105 = CARTESIAN_POINT('',(-41.,-33.,67.));
#106 = VECTOR('',#107,1.);
#107 = DIRECTION('',(1.,0.,-0.));
#108 = ORIENTED_EDGE('',*,*,#109,.F.);
#109 = EDGE_CURVE('',#110,#102,#112,.T.);
#110 = VERTEX_POINT('',#111);
#111 = CARTESIAN_POINT('',(41.,-27.,67.));
#112 = CIRCLE('',#113,6.);
#113 = AXIS2_PLACEMENT_3D('',#114,#115,#116);
#114 = CARTESIAN_POINT('',(35.,-27.,67.));
#115 = DIRECTION('',(-0.,-0.,-1.));
#116 = DIRECTION('',(0.,-1.,0.));
#117 = ORIENTED_EDGE('',*,*,#118,.T.);
#118 = EDGE_CURVE('',#110,#119,#121,.T.);
#119 = VERTEX_POINT('',#120);
#120 = CARTESIAN_POINT('',(41.,27.,67.));
#121 = LINE('',#122,#123);
#122 = CARTESIAN_POINT('',(41.,-33.,67.));
#123 = VECTOR('',#124,1.);
#124 = DIRECTION('',(-0.,1.,0.));
#125 = ORIENTED_EDGE('',*,*,#126,.T.);
#126 = EDGE_CURVE('',#119,#127,#129,.T.);
#127 = VERTEX_POINT('',#128);
#128 = CARTESIAN_POINT('',(35.,33.,67.));
#129 = CIRCLE('',#130,6.);
#130 = AXIS2_PLACEMENT_3D('',#131,#132,#133);
#131 = CARTESIAN_POINT('',(35.,27.,67.));
#132 = DIRECTION('',(0.,0.,1.));
#133 = DIRECTION('',(0.,-1.,0.));
#134 = ORIENTED_EDGE('',*,*,#135,.F.);
#135 = EDGE_CURVE('',#136,#127,#138,.T.);
#136 = VERTEX_POINT('',#137);
#137 = CARTESIAN_POINT('',(-35.,33.,67.));
#138 = LINE('',#139,#140);
#139 = CARTESIAN_POINT('',(-41.,33.,67.));
#140 = VECTOR('',#141,1.);
#141 = DIRECTION('',(1.,0.,-0.));
#142 = ORIENTED_EDGE('',*,*,#143,.F.);
#143 = EDGE_CURVE('',#54,#136,#144,.T.);
#144 = CIRCLE('',#145,6.);
#145 = AXIS2_PLACEMENT_3D('',#146,#147,#148);
#146 = CARTESIAN_POINT('',(-35.,27.,67.));
#147 = DIRECTION('',(-0.,-0.,-1.));
#148 = DIRECTION('',(0.,-1.,0.));
#149 = FACE_BOUND('',#150,.T.);
#150 = EDGE_LOOP('',(#151,#162,#170,#179,#187,#196,#204,#213));
#151 = ORIENTED_EDGE('',*,*,#152,.F.);
#152 = EDGE_CURVE('',#153,#155,#157,.T.);
#153 = VERTEX_POINT('',#154);
#154 = CARTESIAN_POINT('',(-38.2,-27.,67.));
#155 = VERTEX_POINT('',#156);
#156 = CARTESIAN_POINT('',(-35.,-30.2,67.));
#157 = CIRCLE('',#158,3.2);
#158 = AXIS2_PLACEMENT_3D('',#159,#160,#161);
#159 = CARTESIAN_POINT('',(-35.,-27.,67.));
#160 = DIRECTION('',(0.,0.,1.));
#161 = DIRECTION('',(-1.,-0.,0.));
#162 = ORIENTED_EDGE('',*,*,#163,.T.);
#163 = EDGE_CURVE('',#153,#164,#166,.T.);
#164 = VERTEX_POINT('',#165);
#165 = CARTESIAN_POINT('',(-38.2,27.,67.));
#166 = LINE('',#167,#168);
#167 = CARTESIAN_POINT('',(-38.2,-31.6,67.));
#168 = VECTOR('',#169,1.);
#169 = DIRECTION('',(-0.,1.,0.));
#170 = ORIENTED_EDGE('',*,*,#171,.F.);
#171 = EDGE_CURVE('',#172,#164,#174,.T.);
#172 = VERTEX_POINT('',#173);
#173 = CARTESIAN_POINT('',(-35.,30.2,67.));
#174 = CIRCLE('',#175,3.2);
#175 = AXIS2_PLACEMENT_3D('',#176,#177,#178);
#176 = CARTESIAN_POINT('',(-35.,27.,67.));
#177 = DIRECTION('',(0.,0.,1.));
#178 = DIRECTION('',(-1.,-0.,0.));
#179 = ORIENTED_EDGE('',*,*,#180,.F.);
#180 = EDGE_CURVE('',#181,#172,#183,.T.);
#181 = VERTEX_POINT('',#182);
#182 = CARTESIAN_POINT('',(35.,30.2,67.));
#183 = LINE('',#184,#185);
#184 = CARTESIAN_POINT('',(-39.6,30.2,67.));
#185 = VECTOR('',#186,1.);
#186 = DIRECTION('',(-1.,-0.,0.));
#187 = ORIENTED_EDGE('',*,*,#188,.F.);
#188 = EDGE_CURVE('',#189,#181,#191,.T.);
#189 = VERTEX_POINT('',#190);
#190 = CARTESIAN_POINT('',(38.2,27.,67.));
#191 = CIRCLE('',#192,3.2);
#192 = AXIS2_PLACEMENT_3D('',#193,#194,#195);
#193 = CARTESIAN_POINT('',(35.,27.,67.));
#194 = DIRECTION('',(0.,0.,1.));
#195 = DIRECTION('',(1.,0.,-0.));
#196 = ORIENTED_EDGE('',*,*,#197,.F.);
#197 = EDGE_CURVE('',#198,#189,#200,.T.);
#198 = VERTEX_POINT('',#199);
#199 = CARTESIAN_POINT('',(38.2,-27.,67.));
#200 = LINE('',#201,#202);
#201 = CARTESIAN_POINT('',(38.2,-31.6,67.));
#202 = VECTOR('',#203,1.);
#203 = DIRECTION('',(-0.,1.,0.));
#204 = ORIENTED_EDGE('',*,*,#205,.F.);
#205 = EDGE_CURVE('',#206,#198,#208,.T.);
#206 = VERTEX_POINT('',#207);
#207 = CARTESIAN_POINT('',(35.,-30.2,67.));
#208 = CIRCLE('',#209,3.2);
#209 = AXIS2_PLACEMENT_3D('',#210,#211,#212);
#210 = CARTESIAN_POINT('',(35.,-27.,67.));
#211 = DIRECTION('',(0.,0.,1.));
#212 = DIRECTION('',(1.,0.,-0.));
#213 = ORIENTED_EDGE('',*,*,#214,.T.);
#214 = EDGE_CURVE('',#206,#155,#215,.T.);
#215 = LINE('',#216,#217);
#216 = CARTESIAN_POINT('',(-39.6,-30.2,67.));
#217 = VECTOR('',#218,1.);
#218 = DIRECTION('',(-1.,-0.,0.));
#219 = PLANE('',#220);
#220 = AXIS2_PLACEMENT_3D('',#221,#222,#223);
#221 = CARTESIAN_POINT('',(-41.,-33.,67.));
#222 = DIRECTION('',(0.,0.,1.));
#223 = DIRECTION('',(1.,0.,-0.));
#224 = ADVANCED_FACE('',(#225),#244,.T.);
#225 = FACE_BOUND('',#226,.F.);
#226 = EDGE_LOOP('',(#227,#228,#237,#243));
#227 = ORIENTED_EDGE('',*,*,#77,.F.);
#228 = ORIENTED_EDGE('',*,*,#229,.F.);
#229 = EDGE_CURVE('',#230,#70,#232,.T.);
#230 = VERTEX_POINT('',#231);
#231 = CARTESIAN_POINT('',(-35.,33.,51.75));
#232 = CIRCLE('',#233,6.);
#233 = AXIS2_PLACEMENT_3D('',#234,#235,#236);
#234 = CARTESIAN_POINT('',(-35.,27.,51.75));
#235 = DIRECTION('',(0.,0.,1.));
#236 = DIRECTION('',(-1.,-0.,0.));
#237 = ORIENTED_EDGE('',*,*,#238,.T.);
#238 = EDGE_CURVE('',#230,#136,#239,.T.);
#239 = LINE('',#240,#241);
#240 = CARTESIAN_POINT('',(-35.,33.,0.));
#241 = VECTOR('',#242,1.);
#242 = DIRECTION('',(0.,0.,1.));
#243 = ORIENTED_EDGE('',*,*,#143,.F.);
#244 = CYLINDRICAL_SURFACE('',#245,6.);
#245 = AXIS2_PLACEMENT_3D('',#246,#247,#248);
#246 = CARTESIAN_POINT('',(-35.,27.,0.));
#247 = DIRECTION('',(0.,0.,1.));
#248 = DIRECTION('',(-1.,-0.,0.));
#249 = ADVANCED_FACE('',(#250,#320),#373,.T.);
#250 = FACE_BOUND('',#251,.T.);
#251 = EDGE_LOOP('',(#252,#262,#271,#279,#288,#296,#305,#313));
#252 = ORIENTED_EDGE('',*,*,#253,.F.);
#253 = EDGE_CURVE('',#254,#256,#258,.T.);
#254 = VERTEX_POINT('',#255);
#255 = CARTESIAN_POINT('',(-42.6,-27.6,51.75));
#256 = VERTEX_POINT('',#257);
#257 = CARTESIAN_POINT('',(-42.6,27.6,51.75));
#258 = LINE('',#259,#260);
#259 = CARTESIAN_POINT('',(-42.6,-34.6,51.75));
#260 = VECTOR('',#261,1.);
#261 = DIRECTION('',(-0.,1.,0.));
#262 = ORIENTED_EDGE('',*,*,#263,.T.);
#263 = EDGE_CURVE('',#254,#264,#266,.T.);
#264 = VERTEX_POINT('',#265);
#265 = CARTESIAN_POINT('',(-35.6,-34.6,51.75));
#266 = CIRCLE('',#267,7.);
#267 = AXIS2_PLACEMENT_3D('',#268,#269,#270);
#268 = CARTESIAN_POINT('',(-35.6,-27.6,51.75));
#269 = DIRECTION('',(0.,0.,1.));
#270 = DIRECTION('',(0.,-1.,0.));
#271 = ORIENTED_EDGE('',*,*,#272,.T.);
#272 = EDGE_CURVE('',#264,#273,#275,.T.);
#273 = VERTEX_POINT('',#274);
#274 = CARTESIAN_POINT('',(35.6,-34.6,51.75));
#275 = LINE('',#276,#277);
#276 = CARTESIAN_POINT('',(-42.6,-34.6,51.75));
#277 = VECTOR('',#278,1.);
#278 = DIRECTION('',(1.,0.,-0.));
#279 = ORIENTED_EDGE('',*,*,#280,.F.);
#280 = EDGE_CURVE('',#281,#273,#283,.T.);
#281 = VERTEX_POINT('',#282);
#282 = CARTESIAN_POINT('',(42.6,-27.6,51.75));
#283 = CIRCLE('',#284,7.);
#284 = AXIS2_PLACEMENT_3D('',#285,#286,#287);
#285 = CARTESIAN_POINT('',(35.6,-27.6,51.75));
#286 = DIRECTION('',(-0.,-0.,-1.));
#287 = DIRECTION('',(0.,-1.,0.));
#288 = ORIENTED_EDGE('',*,*,#289,.T.);
#289 = EDGE_CURVE('',#281,#290,#292,.T.);
#290 = VERTEX_POINT('',#291);
#291 = CARTESIAN_POINT('',(42.6,27.6,51.75));
#292 = LINE('',#293,#294);
#293 = CARTESIAN_POINT('',(42.6,-34.6,51.75));
#294 = VECTOR('',#295,1.);
#295 = DIRECTION('',(-0.,1.,0.));
#296 = ORIENTED_EDGE('',*,*,#297,.T.);
#297 = EDGE_CURVE('',#290,#298,#300,.T.);
#298 = VERTEX_POINT('',#299);
#299 = CARTESIAN_POINT('',(35.6,34.6,51.75));
#300 = CIRCLE('',#301,7.);
#301 = AXIS2_PLACEMENT_3D('',#302,#303,#304);
#302 = CARTESIAN_POINT('',(35.6,27.6,51.75));
#303 = DIRECTION('',(0.,0.,1.));
#304 = DIRECTION('',(0.,-1.,0.));
#305 = ORIENTED_EDGE('',*,*,#306,.F.);
#306 = EDGE_CURVE('',#307,#298,#309,.T.);
#307 = VERTEX_POINT('',#308);
#308 = CARTESIAN_POINT('',(-35.6,34.6,51.75));
#309 = LINE('',#310,#311);
#310 = CARTESIAN_POINT('',(-42.6,34.6,51.75));
#311 = VECTOR('',#312,1.);
#312 = DIRECTION('',(1.,0.,-0.));
#313 = ORIENTED_EDGE('',*,*,#314,.F.);
#314 = EDGE_CURVE('',#256,#307,#315,.T.);
#315 = CIRCLE('',#316,7.);
#316 = AXIS2_PLACEMENT_3D('',#317,#318,#319);
#317 = CARTESIAN_POINT('',(-35.6,27.6,51.75));
#318 = DIRECTION('',(-0.,-0.,-1.));
#319 = DIRECTION('',(0.,-1.,0.));
#320 = FACE_BOUND('',#321,.T.);
#321 = EDGE_LOOP('',(#322,#323,#324,#332,#341,#349,#358,#366));
#322 = ORIENTED_EDGE('',*,*,#69,.F.);
#323 = ORIENTED_EDGE('',*,*,#229,.F.);
#324 = ORIENTED_EDGE('',*,*,#325,.T.);
#325 = EDGE_CURVE('',#230,#326,#328,.T.);
#326 = VERTEX_POINT('',#327);
#327 = CARTESIAN_POINT('',(35.,33.,51.75));
#328 = LINE('',#329,#330);
#329 = CARTESIAN_POINT('',(-41.8,33.,51.75));
#330 = VECTOR('',#331,1.);
#331 = DIRECTION('',(1.,0.,-0.));
#332 = ORIENTED_EDGE('',*,*,#333,.F.);
#333 = EDGE_CURVE('',#334,#326,#336,.T.);
#334 = VERTEX_POINT('',#335);
#335 = CARTESIAN_POINT('',(41.,27.,51.75));
#336 = CIRCLE('',#337,6.);
#337 = AXIS2_PLACEMENT_3D('',#338,#339,#340);
#338 = CARTESIAN_POINT('',(35.,27.,51.75));
#339 = DIRECTION('',(0.,0.,1.));
#340 = DIRECTION('',(1.,0.,-0.));
#341 = ORIENTED_EDGE('',*,*,#342,.T.);
#342 = EDGE_CURVE('',#334,#343,#345,.T.);
#343 = VERTEX_POINT('',#344);
#344 = CARTESIAN_POINT('',(41.,-27.,51.75));
#345 = LINE('',#346,#347);
#346 = CARTESIAN_POINT('',(41.,-33.8,51.75));
#347 = VECTOR('',#348,1.);
#348 = DIRECTION('',(0.,-1.,0.));
#349 = ORIENTED_EDGE('',*,*,#350,.F.);
#350 = EDGE_CURVE('',#351,#343,#353,.T.);
#351 = VERTEX_POINT('',#352);
#352 = CARTESIAN_POINT('',(35.,-33.,51.75));
#353 = CIRCLE('',#354,6.);
#354 = AXIS2_PLACEMENT_3D('',#355,#356,#357);
#355 = CARTESIAN_POINT('',(35.,-27.,51.75));
#356 = DIRECTION('',(0.,0.,1.));
#357 = DIRECTION('',(1.,0.,-0.));
#358 = ORIENTED_EDGE('',*,*,#359,.F.);
#359 = EDGE_CURVE('',#360,#351,#362,.T.);
#360 = VERTEX_POINT('',#361);
#361 = CARTESIAN_POINT('',(-35.,-33.,51.75));
#362 = LINE('',#363,#364);
#363 = CARTESIAN_POINT('',(-41.8,-33.,51.75));
#364 = VECTOR('',#365,1.);
#365 = DIRECTION('',(1.,0.,-0.));
#366 = ORIENTED_EDGE('',*,*,#367,.F.);
#367 = EDGE_CURVE('',#62,#360,#368,.T.);
#368 = CIRCLE('',#369,6.);
#369 = AXIS2_PLACEMENT_3D('',#370,#371,#372);
#370 = CARTESIAN_POINT('',(-35.,-27.,51.75));
#371 = DIRECTION('',(0.,0.,1.));
#372 = DIRECTION('',(-1.,-0.,0.));
#373 = PLANE('',#374);
#374 = AXIS2_PLACEMENT_3D('',#375,#376,#377);
#375 = CARTESIAN_POINT('',(-42.6,-34.6,51.75));
#376 = DIRECTION('',(0.,0.,1.));
#377 = DIRECTION('',(1.,0.,-0.));
#378 = ADVANCED_FACE('',(#379),#390,.T.);
#379 = FACE_BOUND('',#380,.T.);
#380 = EDGE_LOOP('',(#381,#382,#383,#389));
#381 = ORIENTED_EDGE('',*,*,#61,.F.);
#382 = ORIENTED_EDGE('',*,*,#367,.T.);
#383 = ORIENTED_EDGE('',*,*,#384,.T.);
#384 = EDGE_CURVE('',#360,#93,#385,.T.);
#385 = LINE('',#386,#387);
#386 = CARTESIAN_POINT('',(-35.,-33.,0.));
#387 = VECTOR('',#388,1.);
#388 = DIRECTION('',(0.,0.,1.));
#389 = ORIENTED_EDGE('',*,*,#92,.F.);
#390 = CYLINDRICAL_SURFACE('',#391,6.);
#391 = AXIS2_PLACEMENT_3D('',#392,#393,#394);
#392 = CARTESIAN_POINT('',(-35.,-27.,0.));
#393 = DIRECTION('',(0.,0.,1.));
#394 = DIRECTION('',(-1.,-0.,0.));
#395 = ADVANCED_FACE('',(#396),#407,.F.);
#396 = FACE_BOUND('',#397,.F.);
#397 = EDGE_LOOP('',(#398,#399,#400,#401));
#398 = ORIENTED_EDGE('',*,*,#359,.F.);
#399 = ORIENTED_EDGE('',*,*,#384,.T.);
#400 = ORIENTED_EDGE('',*,*,#101,.T.);
#401 = ORIENTED_EDGE('',*,*,#402,.F.);
#402 = EDGE_CURVE('',#351,#102,#403,.T.);
#403 = LINE('',#404,#405);
#404 = CARTESIAN_POINT('',(35.,-33.,0.));
#405 = VECTOR('',#406,1.);
#406 = DIRECTION('',(0.,0.,1.));
#407 = PLANE('',#408);
#408 = AXIS2_PLACEMENT_3D('',#409,#410,#411);
#409 = CARTESIAN_POINT('',(-41.,-33.,0.));
#410 = DIRECTION('',(-0.,1.,0.));
#411 = DIRECTION('',(0.,0.,1.));
#412 = ADVANCED_FACE('',(#413),#424,.T.);
#413 = FACE_BOUND('',#414,.T.);
#414 = EDGE_LOOP('',(#415,#416,#417,#418));
#415 = ORIENTED_EDGE('',*,*,#325,.F.);
#416 = ORIENTED_EDGE('',*,*,#238,.T.);
#417 = ORIENTED_EDGE('',*,*,#135,.T.);
#418 = ORIENTED_EDGE('',*,*,#419,.F.);
#419 = EDGE_CURVE('',#326,#127,#420,.T.);
#420 = LINE('',#421,#422);
#421 = CARTESIAN_POINT('',(35.,33.,0.));
#422 = VECTOR('',#423,1.);
#423 = DIRECTION('',(0.,0.,1.));
#424 = PLANE('',#425);
#425 = AXIS2_PLACEMENT_3D('',#426,#427,#428);
#426 = CARTESIAN_POINT('',(-41.,33.,0.));
#427 = DIRECTION('',(-0.,1.,0.));
#428 = DIRECTION('',(0.,0.,1.));
#429 = ADVANCED_FACE('',(#430),#441,.T.);
#430 = FACE_BOUND('',#431,.F.);
#431 = EDGE_LOOP('',(#432,#438,#439,#440));
#432 = ORIENTED_EDGE('',*,*,#433,.F.);
#433 = EDGE_CURVE('',#343,#110,#434,.T.);
#434 = LINE('',#435,#436);
#435 = CARTESIAN_POINT('',(41.,-27.,0.));
#436 = VECTOR('',#437,1.);
#437 = DIRECTION('',(0.,0.,1.));
#438 = ORIENTED_EDGE('',*,*,#350,.F.);
#439 = ORIENTED_EDGE('',*,*,#402,.T.);
#440 = ORIENTED_EDGE('',*,*,#109,.F.);
#441 = CYLINDRICAL_SURFACE('',#442,6.);
#442 = AXIS2_PLACEMENT_3D('',#443,#444,#445);
#443 = CARTESIAN_POINT('',(35.,-27.,0.));
#444 = DIRECTION('',(0.,0.,1.));
#445 = DIRECTION('',(1.,0.,-0.));
#446 = ADVANCED_FACE('',(#447),#458,.T.);
#447 = FACE_BOUND('',#448,.T.);
#448 = EDGE_LOOP('',(#449,#455,#456,#457));
#449 = ORIENTED_EDGE('',*,*,#450,.F.);
#450 = EDGE_CURVE('',#334,#119,#451,.T.);
#451 = LINE('',#452,#453);
#452 = CARTESIAN_POINT('',(41.,27.,0.));
#453 = VECTOR('',#454,1.);
#454 = DIRECTION('',(0.,0.,1.));
#455 = ORIENTED_EDGE('',*,*,#333,.T.);
#456 = ORIENTED_EDGE('',*,*,#419,.T.);
#457 = ORIENTED_EDGE('',*,*,#126,.F.);
#458 = CYLINDRICAL_SURFACE('',#459,6.);
#459 = AXIS2_PLACEMENT_3D('',#460,#461,#462);
#460 = CARTESIAN_POINT('',(35.,27.,0.));
#461 = DIRECTION('',(0.,0.,1.));
#462 = DIRECTION('',(1.,0.,-0.));
#463 = ADVANCED_FACE('',(#464),#470,.T.);
#464 = FACE_BOUND('',#465,.T.);
#465 = EDGE_LOOP('',(#466,#467,#468,#469));
#466 = ORIENTED_EDGE('',*,*,#118,.F.);
#467 = ORIENTED_EDGE('',*,*,#433,.F.);
#468 = ORIENTED_EDGE('',*,*,#342,.F.);
#469 = ORIENTED_EDGE('',*,*,#450,.T.);
#470 = PLANE('',#471);
#471 = AXIS2_PLACEMENT_3D('',#472,#473,#474);
#472 = CARTESIAN_POINT('',(41.,-33.,0.));
#473 = DIRECTION('',(1.,0.,-0.));
#474 = DIRECTION('',(0.,0.,1.));
#475 = ADVANCED_FACE('',(#476),#502,.F.);
#476 = FACE_BOUND('',#477,.F.);
#477 = EDGE_LOOP('',(#478,#486,#495,#501));
#478 = ORIENTED_EDGE('',*,*,#479,.F.);
#479 = EDGE_CURVE('',#480,#153,#482,.T.);
#480 = VERTEX_POINT('',#481);
#481 = CARTESIAN_POINT('',(-38.2,-27.,3.2));
#482 = LINE('',#483,#484);
#483 = CARTESIAN_POINT('',(-38.2,-27.,3.2));
#484 = VECTOR('',#485,1.);
#485 = DIRECTION('',(0.,0.,1.));
#486 = ORIENTED_EDGE('',*,*,#487,.T.);
#487 = EDGE_CURVE('',#480,#488,#490,.T.);
#488 = VERTEX_POINT('',#489);
#489 = CARTESIAN_POINT('',(-35.,-30.2,3.2));
#490 = CIRCLE('',#491,3.2);
#491 = AXIS2_PLACEMENT_3D('',#492,#493,#494);
#492 = CARTESIAN_POINT('',(-35.,-27.,3.2));
#493 = DIRECTION('',(0.,0.,1.));
#494 = DIRECTION('',(0.,-1.,0.));
#495 = ORIENTED_EDGE('',*,*,#496,.T.);
#496 = EDGE_CURVE('',#488,#155,#497,.T.);
#497 = LINE('',#498,#499);
#498 = CARTESIAN_POINT('',(-35.,-30.2,3.2));
#499 = VECTOR('',#500,1.);
#500 = DIRECTION('',(0.,0.,1.));
#501 = ORIENTED_EDGE('',*,*,#152,.F.);
#502 = CYLINDRICAL_SURFACE('',#503,3.2);
#503 = AXIS2_PLACEMENT_3D('',#504,#505,#506);
#504 = CARTESIAN_POINT('',(-35.,-27.,3.2));
#505 = DIRECTION('',(0.,0.,1.));
#506 = DIRECTION('',(-1.,-0.,0.));
#507 = ADVANCED_FACE('',(#508,#526,#570),#614,.T.);
#508 = FACE_BOUND('',#509,.T.);
#509 = EDGE_LOOP('',(#510,#518,#519,#520));
#510 = ORIENTED_EDGE('',*,*,#511,.F.);
#511 = EDGE_CURVE('',#488,#512,#514,.T.);
#512 = VERTEX_POINT('',#513);
#513 = CARTESIAN_POINT('',(35.,-30.2,3.2));
#514 = LINE('',#515,#516);
#515 = CARTESIAN_POINT('',(-38.2,-30.2,3.2));
#516 = VECTOR('',#517,1.);
#517 = DIRECTION('',(1.,0.,-0.));
#518 = ORIENTED_EDGE('',*,*,#496,.T.);
#519 = ORIENTED_EDGE('',*,*,#214,.F.);
#520 = ORIENTED_EDGE('',*,*,#521,.F.);
#521 = EDGE_CURVE('',#512,#206,#522,.T.);
#522 = LINE('',#523,#524);
#523 = CARTESIAN_POINT('',(35.,-30.2,3.2));
#524 = VECTOR('',#525,1.);
#525 = DIRECTION('',(0.,0.,1.));
#526 = FACE_BOUND('',#527,.T.);
#527 = EDGE_LOOP('',(#528,#539,#547,#555,#563));
#528 = ORIENTED_EDGE('',*,*,#529,.F.);
#529 = EDGE_CURVE('',#530,#532,#534,.T.);
#530 = VERTEX_POINT('',#531);
#531 = CARTESIAN_POINT('',(-32.,-30.2,22.));
#532 = VERTEX_POINT('',#533);
#533 = CARTESIAN_POINT('',(-24.,-30.2,30.));
#534 = CIRCLE('',#535,8.);
#535 = AXIS2_PLACEMENT_3D('',#536,#537,#538);
#536 = CARTESIAN_POINT('',(-24.,-30.2,22.));
#537 = DIRECTION('',(0.,1.,0.));
#538 = DIRECTION('',(0.,-0.,1.));
#539 = ORIENTED_EDGE('',*,*,#540,.T.);
#540 = EDGE_CURVE('',#530,#541,#543,.T.);
#541 = VERTEX_POINT('',#542);
#542 = CARTESIAN_POINT('',(-32.,-30.2,7.));
#543 = LINE('',#544,#545);
#544 = CARTESIAN_POINT('',(-32.,-30.2,5.1));
#545 = VECTOR('',#546,1.);
#546 = DIRECTION('',(-0.,0.,-1.));
#547 = ORIENTED_EDGE('',*,*,#548,.T.);
#548 = EDGE_CURVE('',#541,#549,#551,.T.);
#549 = VERTEX_POINT('',#550);
#550 = CARTESIAN_POINT('',(-16.,-30.2,7.));
#551 = LINE('',#552,#553);
#552 = CARTESIAN_POINT('',(-35.1,-30.2,7.));
#553 = VECTOR('',#554,1.);
#554 = DIRECTION('',(1.,0.,-0.));
#555 = ORIENTED_EDGE('',*,*,#556,.F.);
#556 = EDGE_CURVE('',#557,#549,#559,.T.);
#557 = VERTEX_POINT('',#558);
#558 = CARTESIAN_POINT('',(-16.,-30.2,22.));
#559 = LINE('',#560,#561);
#560 = CARTESIAN_POINT('',(-16.,-30.2,5.1));
#561 = VECTOR('',#562,1.);
#562 = DIRECTION('',(-0.,0.,-1.));
#563 = ORIENTED_EDGE('',*,*,#564,.F.);
#564 = EDGE_CURVE('',#532,#557,#565,.T.);
#565 = CIRCLE('',#566,8.);
#566 = AXIS2_PLACEMENT_3D('',#567,#568,#569);
#567 = CARTESIAN_POINT('',(-24.,-30.2,22.));
#568 = DIRECTION('',(0.,1.,0.));
#569 = DIRECTION('',(0.,-0.,1.));
#570 = FACE_BOUND('',#571,.T.);
#571 = EDGE_LOOP('',(#572,#583,#591,#599,#607));
#572 = ORIENTED_EDGE('',*,*,#573,.F.);
#573 = EDGE_CURVE('',#574,#576,#578,.T.);
#574 = VERTEX_POINT('',#575);
#575 = CARTESIAN_POINT('',(16.,-30.2,22.));
#576 = VERTEX_POINT('',#577);
#577 = CARTESIAN_POINT('',(24.,-30.2,30.));
#578 = CIRCLE('',#579,8.);
#579 = AXIS2_PLACEMENT_3D('',#580,#581,#582);
#580 = CARTESIAN_POINT('',(24.,-30.2,22.));
#581 = DIRECTION('',(0.,1.,0.));
#582 = DIRECTION('',(0.,-0.,1.));
#583 = ORIENTED_EDGE('',*,*,#584,.T.);
#584 = EDGE_CURVE('',#574,#585,#587,.T.);
#585 = VERTEX_POINT('',#586);
#586 = CARTESIAN_POINT('',(16.,-30.2,7.));
#587 = LINE('',#588,#589);
#588 = CARTESIAN_POINT('',(16.,-30.2,5.1));
#589 = VECTOR('',#590,1.);
#590 = DIRECTION('',(-0.,0.,-1.));
#591 = ORIENTED_EDGE('',*,*,#592,.T.);
#592 = EDGE_CURVE('',#585,#593,#595,.T.);
#593 = VERTEX_POINT('',#594);
#594 = CARTESIAN_POINT('',(32.,-30.2,7.));
#595 = LINE('',#596,#597);
#596 = CARTESIAN_POINT('',(-11.1,-30.2,7.));
#597 = VECTOR('',#598,1.);
#598 = DIRECTION('',(1.,0.,-0.));
#599 = ORIENTED_EDGE('',*,*,#600,.F.);
#600 = EDGE_CURVE('',#601,#593,#603,.T.);
#601 = VERTEX_POINT('',#602);
#602 = CARTESIAN_POINT('',(32.,-30.2,22.));
#603 = LINE('',#604,#605);
#604 = CARTESIAN_POINT('',(32.,-30.2,5.1));
#605 = VECTOR('',#606,1.);
#606 = DIRECTION('',(-0.,0.,-1.));
#607 = ORIENTED_EDGE('',*,*,#608,.F.);
#608 = EDGE_CURVE('',#576,#601,#609,.T.);
#609 = CIRCLE('',#610,8.);
#610 = AXIS2_PLACEMENT_3D('',#611,#612,#613);
#611 = CARTESIAN_POINT('',(24.,-30.2,22.));
#612 = DIRECTION('',(0.,1.,0.));
#613 = DIRECTION('',(0.,-0.,1.));
#614 = PLANE('',#615);
#615 = AXIS2_PLACEMENT_3D('',#616,#617,#618);
#616 = CARTESIAN_POINT('',(-38.2,-30.2,3.2));
#617 = DIRECTION('',(-0.,1.,0.));
#618 = DIRECTION('',(0.,0.,1.));
#619 = ADVANCED_FACE('',(#620),#639,.F.);
#620 = FACE_BOUND('',#621,.T.);
#621 = EDGE_LOOP('',(#622,#630,#637,#638));
#622 = ORIENTED_EDGE('',*,*,#623,.F.);
#623 = EDGE_CURVE('',#624,#198,#626,.T.);
#624 = VERTEX_POINT('',#625);
#625 = CARTESIAN_POINT('',(38.2,-27.,3.2));
#626 = LINE('',#627,#628);
#627 = CARTESIAN_POINT('',(38.2,-27.,3.2));
#628 = VECTOR('',#629,1.);
#629 = DIRECTION('',(0.,0.,1.));
#630 = ORIENTED_EDGE('',*,*,#631,.T.);
#631 = EDGE_CURVE('',#624,#512,#632,.T.);
#632 = CIRCLE('',#633,3.2);
#633 = AXIS2_PLACEMENT_3D('',#634,#635,#636);
#634 = CARTESIAN_POINT('',(35.,-27.,3.2));
#635 = DIRECTION('',(-0.,-0.,-1.));
#636 = DIRECTION('',(0.,-1.,0.));
#637 = ORIENTED_EDGE('',*,*,#521,.T.);
#638 = ORIENTED_EDGE('',*,*,#205,.T.);
#639 = CYLINDRICAL_SURFACE('',#640,3.2);
#640 = AXIS2_PLACEMENT_3D('',#641,#642,#643);
#641 = CARTESIAN_POINT('',(35.,-27.,3.2));
#642 = DIRECTION('',(0.,0.,1.));
#643 = DIRECTION('',(1.,0.,-0.));
#644 = ADVANCED_FACE('',(#645),#663,.F.);
#645 = FACE_BOUND('',#646,.F.);
#646 = EDGE_LOOP('',(#647,#648,#649,#657));
#647 = ORIENTED_EDGE('',*,*,#197,.F.);
#648 = ORIENTED_EDGE('',*,*,#623,.F.);
#649 = ORIENTED_EDGE('',*,*,#650,.T.);
#650 = EDGE_CURVE('',#624,#651,#653,.T.);
#651 = VERTEX_POINT('',#652);
#652 = CARTESIAN_POINT('',(38.2,27.,3.2));
#653 = LINE('',#654,#655);
#654 = CARTESIAN_POINT('',(38.2,-30.2,3.2));
#655 = VECTOR('',#656,1.);
#656 = DIRECTION('',(-0.,1.,0.));
#657 = ORIENTED_EDGE('',*,*,#658,.T.);
#658 = EDGE_CURVE('',#651,#189,#659,.T.);
#659 = LINE('',#660,#661);
#660 = CARTESIAN_POINT('',(38.2,27.,3.2));
#661 = VECTOR('',#662,1.);
#662 = DIRECTION('',(0.,0.,1.));
#663 = PLANE('',#664);
#664 = AXIS2_PLACEMENT_3D('',#665,#666,#667);
#665 = CARTESIAN_POINT('',(38.2,-30.2,3.2));
#666 = DIRECTION('',(1.,0.,-0.));
#667 = DIRECTION('',(0.,0.,1.));
#668 = ADVANCED_FACE('',(#669),#688,.F.);
#669 = FACE_BOUND('',#670,.F.);
#670 = EDGE_LOOP('',(#671,#672,#681,#687));
#671 = ORIENTED_EDGE('',*,*,#658,.F.);
#672 = ORIENTED_EDGE('',*,*,#673,.T.);
#673 = EDGE_CURVE('',#651,#674,#676,.T.);
#674 = VERTEX_POINT('',#675);
#675 = CARTESIAN_POINT('',(35.,30.2,3.2));
#676 = CIRCLE('',#677,3.2);
#677 = AXIS2_PLACEMENT_3D('',#678,#679,#680);
#678 = CARTESIAN_POINT('',(35.,27.,3.2));
#679 = DIRECTION('',(0.,0.,1.));
#680 = DIRECTION('',(0.,-1.,0.));
#681 = ORIENTED_EDGE('',*,*,#682,.T.);
#682 = EDGE_CURVE('',#674,#181,#683,.T.);
#683 = LINE('',#684,#685);
#684 = CARTESIAN_POINT('',(35.,30.2,3.2));
#685 = VECTOR('',#686,1.);
#686 = DIRECTION('',(0.,0.,1.));
#687 = ORIENTED_EDGE('',*,*,#188,.F.);
#688 = CYLINDRICAL_SURFACE('',#689,3.2);
#689 = AXIS2_PLACEMENT_3D('',#690,#691,#692);
#690 = CARTESIAN_POINT('',(35.,27.,3.2));
#691 = DIRECTION('',(0.,0.,1.));
#692 = DIRECTION('',(1.,0.,-0.));
#693 = ADVANCED_FACE('',(#694,#712,#756),#800,.F.);
#694 = FACE_BOUND('',#695,.F.);
#695 = EDGE_LOOP('',(#696,#704,#710,#711));
#696 = ORIENTED_EDGE('',*,*,#697,.F.);
#697 = EDGE_CURVE('',#698,#674,#700,.T.);
#698 = VERTEX_POINT('',#699);
#699 = CARTESIAN_POINT('',(-35.,30.2,3.2));
#700 = LINE('',#701,#702);
#701 = CARTESIAN_POINT('',(-38.2,30.2,3.2));
#702 = VECTOR('',#703,1.);
#703 = DIRECTION('',(1.,0.,-0.));
#704 = ORIENTED_EDGE('',*,*,#705,.T.);
#705 = EDGE_CURVE('',#698,#172,#706,.T.);
#706 = LINE('',#707,#708);
#707 = CARTESIAN_POINT('',(-35.,30.2,3.2));
#708 = VECTOR('',#709,1.);
#709 = DIRECTION('',(0.,0.,1.));
#710 = ORIENTED_EDGE('',*,*,#180,.F.);
#711 = ORIENTED_EDGE('',*,*,#682,.F.);
#712 = FACE_BOUND('',#713,.F.);
#713 = EDGE_LOOP('',(#714,#725,#733,#741,#749));
#714 = ORIENTED_EDGE('',*,*,#715,.F.);
#715 = EDGE_CURVE('',#716,#718,#720,.T.);
#716 = VERTEX_POINT('',#717);
#717 = CARTESIAN_POINT('',(-32.,30.2,22.));
#718 = VERTEX_POINT('',#719);
#719 = CARTESIAN_POINT('',(-24.,30.2,30.));
#720 = CIRCLE('',#721,8.);
#721 = AXIS2_PLACEMENT_3D('',#722,#723,#724);
#722 = CARTESIAN_POINT('',(-24.,30.2,22.));
#723 = DIRECTION('',(0.,1.,0.));
#724 = DIRECTION('',(0.,-0.,1.));
#725 = ORIENTED_EDGE('',*,*,#726,.T.);
#726 = EDGE_CURVE('',#716,#727,#729,.T.);
#727 = VERTEX_POINT('',#728);
#728 = CARTESIAN_POINT('',(-32.,30.2,7.));
#729 = LINE('',#730,#731);
#730 = CARTESIAN_POINT('',(-32.,30.2,5.1));
#731 = VECTOR('',#732,1.);
#732 = DIRECTION('',(-0.,0.,-1.));
#733 = ORIENTED_EDGE('',*,*,#734,.T.);
#734 = EDGE_CURVE('',#727,#735,#737,.T.);
#735 = VERTEX_POINT('',#736);
#736 = CARTESIAN_POINT('',(-16.,30.2,7.));
#737 = LINE('',#738,#739);
#738 = CARTESIAN_POINT('',(-35.1,30.2,7.));
#739 = VECTOR('',#740,1.);
#740 = DIRECTION('',(1.,0.,-0.));
#741 = ORIENTED_EDGE('',*,*,#742,.F.);
#742 = EDGE_CURVE('',#743,#735,#745,.T.);
#743 = VERTEX_POINT('',#744);
#744 = CARTESIAN_POINT('',(-16.,30.2,22.));
#745 = LINE('',#746,#747);
#746 = CARTESIAN_POINT('',(-16.,30.2,5.1));
#747 = VECTOR('',#748,1.);
#748 = DIRECTION('',(-0.,0.,-1.));
#749 = ORIENTED_EDGE('',*,*,#750,.F.);
#750 = EDGE_CURVE('',#718,#743,#751,.T.);
#751 = CIRCLE('',#752,8.);
#752 = AXIS2_PLACEMENT_3D('',#753,#754,#755);
#753 = CARTESIAN_POINT('',(-24.,30.2,22.));
#754 = DIRECTION('',(0.,1.,0.));
#755 = DIRECTION('',(0.,-0.,1.));
#756 = FACE_BOUND('',#757,.F.);
#757 = EDGE_LOOP('',(#758,#769,#777,#785,#793));
#758 = ORIENTED_EDGE('',*,*,#759,.F.);
#759 = EDGE_CURVE('',#760,#762,#764,.T.);
#760 = VERTEX_POINT('',#761);
#761 = CARTESIAN_POINT('',(16.,30.2,22.));
#762 = VERTEX_POINT('',#763);
#763 = CARTESIAN_POINT('',(24.,30.2,30.));
#764 = CIRCLE('',#765,8.);
#765 = AXIS2_PLACEMENT_3D('',#766,#767,#768);
#766 = CARTESIAN_POINT('',(24.,30.2,22.));
#767 = DIRECTION('',(0.,1.,0.));
#768 = DIRECTION('',(0.,-0.,1.));
#769 = ORIENTED_EDGE('',*,*,#770,.T.);
#770 = EDGE_CURVE('',#760,#771,#773,.T.);
#771 = VERTEX_POINT('',#772);
#772 = CARTESIAN_POINT('',(16.,30.2,7.));
#773 = LINE('',#774,#775);
#774 = CARTESIAN_POINT('',(16.,30.2,5.1));
#775 = VECTOR('',#776,1.);
#776 = DIRECTION('',(-0.,0.,-1.));
#777 = ORIENTED_EDGE('',*,*,#778,.T.);
#778 = EDGE_CURVE('',#771,#779,#781,.T.);
#779 = VERTEX_POINT('',#780);
#780 = CARTESIAN_POINT('',(32.,30.2,7.));
#781 = LINE('',#782,#783);
#782 = CARTESIAN_POINT('',(-11.1,30.2,7.));
#783 = VECTOR('',#784,1.);
#784 = DIRECTION('',(1.,0.,-0.));
#785 = ORIENTED_EDGE('',*,*,#786,.F.);
#786 = EDGE_CURVE('',#787,#779,#789,.T.);
#787 = VERTEX_POINT('',#788);
#788 = CARTESIAN_POINT('',(32.,30.2,22.));
#789 = LINE('',#790,#791);
#790 = CARTESIAN_POINT('',(32.,30.2,5.1));
#791 = VECTOR('',#792,1.);
#792 = DIRECTION('',(-0.,0.,-1.));
#793 = ORIENTED_EDGE('',*,*,#794,.F.);
#794 = EDGE_CURVE('',#762,#787,#795,.T.);
#795 = CIRCLE('',#796,8.);
#796 = AXIS2_PLACEMENT_3D('',#797,#798,#799);
#797 = CARTESIAN_POINT('',(24.,30.2,22.));
#798 = DIRECTION('',(0.,1.,0.));
#799 = DIRECTION('',(0.,-0.,1.));
#800 = PLANE('',#801);
#801 = AXIS2_PLACEMENT_3D('',#802,#803,#804);
#802 = CARTESIAN_POINT('',(-38.2,30.2,3.2));
#803 = DIRECTION('',(-0.,1.,0.));
#804 = DIRECTION('',(0.,0.,1.));
#805 = ADVANCED_FACE('',(#806),#825,.F.);
#806 = FACE_BOUND('',#807,.T.);
#807 = EDGE_LOOP('',(#808,#816,#823,#824));
#808 = ORIENTED_EDGE('',*,*,#809,.F.);
#809 = EDGE_CURVE('',#810,#164,#812,.T.);
#810 = VERTEX_POINT('',#811);
#811 = CARTESIAN_POINT('',(-38.2,27.,3.2));
#812 = LINE('',#813,#814);
#813 = CARTESIAN_POINT('',(-38.2,27.,3.2));
#814 = VECTOR('',#815,1.);
#815 = DIRECTION('',(0.,0.,1.));
#816 = ORIENTED_EDGE('',*,*,#817,.T.);
#817 = EDGE_CURVE('',#810,#698,#818,.T.);
#818 = CIRCLE('',#819,3.2);
#819 = AXIS2_PLACEMENT_3D('',#820,#821,#822);
#820 = CARTESIAN_POINT('',(-35.,27.,3.2));
#821 = DIRECTION('',(-0.,-0.,-1.));
#822 = DIRECTION('',(0.,-1.,0.));
#823 = ORIENTED_EDGE('',*,*,#705,.T.);
#824 = ORIENTED_EDGE('',*,*,#171,.T.);
#825 = CYLINDRICAL_SURFACE('',#826,3.2);
#826 = AXIS2_PLACEMENT_3D('',#827,#828,#829);
#827 = CARTESIAN_POINT('',(-35.,27.,3.2));
#828 = DIRECTION('',(0.,0.,1.));
#829 = DIRECTION('',(-1.,-0.,0.));
#830 = ADVANCED_FACE('',(#831),#842,.T.);
#831 = FACE_BOUND('',#832,.T.);
#832 = EDGE_LOOP('',(#833,#834,#835,#841));
#833 = ORIENTED_EDGE('',*,*,#163,.F.);
#834 = ORIENTED_EDGE('',*,*,#479,.F.);
#835 = ORIENTED_EDGE('',*,*,#836,.T.);
#836 = EDGE_CURVE('',#480,#810,#837,.T.);
#837 = LINE('',#838,#839);
#838 = CARTESIAN_POINT('',(-38.2,-30.2,3.2));
#839 = VECTOR('',#840,1.);
#840 = DIRECTION('',(-0.,1.,0.));
#841 = ORIENTED_EDGE('',*,*,#809,.T.);
#842 = PLANE('',#843);
#843 = AXIS2_PLACEMENT_3D('',#844,#845,#846);
#844 = CARTESIAN_POINT('',(-38.2,-30.2,3.2));
#845 = DIRECTION('',(1.,0.,-0.));
#846 = DIRECTION('',(0.,0.,1.));
#847 = ADVANCED_FACE('',(#848),#873,.F.);
#848 = FACE_BOUND('',#849,.F.);
#849 = EDGE_LOOP('',(#850,#851,#859,#867));
#850 = ORIENTED_EDGE('',*,*,#253,.F.);
#851 = ORIENTED_EDGE('',*,*,#852,.F.);
#852 = EDGE_CURVE('',#853,#254,#855,.T.);
#853 = VERTEX_POINT('',#854);
#854 = CARTESIAN_POINT('',(-42.6,-27.6,50.6));
#855 = LINE('',#856,#857);
#856 = CARTESIAN_POINT('',(-42.6,-27.6,50.6));
#857 = VECTOR('',#858,1.);
#858 = DIRECTION('',(0.,0.,1.));
#859 = ORIENTED_EDGE('',*,*,#860,.T.);
#860 = EDGE_CURVE('',#853,#861,#863,.T.);
#861 = VERTEX_POINT('',#862);
#862 = CARTESIAN_POINT('',(-42.6,27.6,50.6));
#863 = LINE('',#864,#865);
#864 = CARTESIAN_POINT('',(-42.6,-34.6,50.6));
#865 = VECTOR('',#866,1.);
#866 = DIRECTION('',(-0.,1.,0.));
#867 = ORIENTED_EDGE('',*,*,#868,.T.);
#868 = EDGE_CURVE('',#861,#256,#869,.T.);
#869 = LINE('',#870,#871);
#870 = CARTESIAN_POINT('',(-42.6,27.6,50.6));
#871 = VECTOR('',#872,1.);
#872 = DIRECTION('',(0.,0.,1.));
#873 = PLANE('',#874);
#874 = AXIS2_PLACEMENT_3D('',#875,#876,#877);
#875 = CARTESIAN_POINT('',(-42.6,-34.6,50.6));
#876 = DIRECTION('',(1.,0.,-0.));
#877 = DIRECTION('',(0.,0.,1.));
#878 = ADVANCED_FACE('',(#879),#898,.T.);
#879 = FACE_BOUND('',#880,.T.);
#880 = EDGE_LOOP('',(#881,#890,#896,#897));
#881 = ORIENTED_EDGE('',*,*,#882,.T.);
#882 = EDGE_CURVE('',#853,#883,#885,.T.);
#883 = VERTEX_POINT('',#884);
#884 = CARTESIAN_POINT('',(-35.6,-34.6,50.6));
#885 = CIRCLE('',#886,7.);
#886 = AXIS2_PLACEMENT_3D('',#887,#888,#889);
#887 = CARTESIAN_POINT('',(-35.6,-27.6,50.6));
#888 = DIRECTION('',(0.,0.,1.));
#889 = DIRECTION('',(0.,-1.,0.));
#890 = ORIENTED_EDGE('',*,*,#891,.T.);
#891 = EDGE_CURVE('',#883,#264,#892,.T.);
#892 = LINE('',#893,#894);
#893 = CARTESIAN_POINT('',(-35.6,-34.6,50.6));
#894 = VECTOR('',#895,1.);
#895 = DIRECTION('',(0.,0.,1.));
#896 = ORIENTED_EDGE('',*,*,#263,.F.);
#897 = ORIENTED_EDGE('',*,*,#852,.F.);
#898 = CYLINDRICAL_SURFACE('',#899,7.);
#899 = AXIS2_PLACEMENT_3D('',#900,#901,#902);
#900 = CARTESIAN_POINT('',(-35.6,-27.6,50.6));
#901 = DIRECTION('',(0.,0.,1.));
#902 = DIRECTION('',(-1.,-0.,0.));
#903 = ADVANCED_FACE('',(#904),#923,.T.);
#904 = FACE_BOUND('',#905,.F.);
#905 = EDGE_LOOP('',(#906,#915,#921,#922));
#906 = ORIENTED_EDGE('',*,*,#907,.T.);
#907 = EDGE_CURVE('',#861,#908,#910,.T.);
#908 = VERTEX_POINT('',#909);
#909 = CARTESIAN_POINT('',(-35.6,34.6,50.6));
#910 = CIRCLE('',#911,7.);
#911 = AXIS2_PLACEMENT_3D('',#912,#913,#914);
#912 = CARTESIAN_POINT('',(-35.6,27.6,50.6));
#913 = DIRECTION('',(-0.,-0.,-1.));
#914 = DIRECTION('',(0.,-1.,0.));
#915 = ORIENTED_EDGE('',*,*,#916,.T.);
#916 = EDGE_CURVE('',#908,#307,#917,.T.);
#917 = LINE('',#918,#919);
#918 = CARTESIAN_POINT('',(-35.6,34.6,50.6));
#919 = VECTOR('',#920,1.);
#920 = DIRECTION('',(0.,0.,1.));
#921 = ORIENTED_EDGE('',*,*,#314,.F.);
#922 = ORIENTED_EDGE('',*,*,#868,.F.);
#923 = CYLINDRICAL_SURFACE('',#924,7.);
#924 = AXIS2_PLACEMENT_3D('',#925,#926,#927);
#925 = CARTESIAN_POINT('',(-35.6,27.6,50.6));
#926 = DIRECTION('',(0.,0.,1.));
#927 = DIRECTION('',(-1.,-0.,0.));
#928 = ADVANCED_FACE('',(#929),#947,.F.);
#929 = FACE_BOUND('',#930,.F.);
#930 = EDGE_LOOP('',(#931,#939,#940,#941));
#931 = ORIENTED_EDGE('',*,*,#932,.F.);
#932 = EDGE_CURVE('',#883,#933,#935,.T.);
#933 = VERTEX_POINT('',#934);
#934 = CARTESIAN_POINT('',(35.6,-34.6,50.6));
#935 = LINE('',#936,#937);
#936 = CARTESIAN_POINT('',(-42.6,-34.6,50.6));
#937 = VECTOR('',#938,1.);
#938 = DIRECTION('',(1.,0.,-0.));
#939 = ORIENTED_EDGE('',*,*,#891,.T.);
#940 = ORIENTED_EDGE('',*,*,#272,.T.);
#941 = ORIENTED_EDGE('',*,*,#942,.F.);
#942 = EDGE_CURVE('',#933,#273,#943,.T.);
#943 = LINE('',#944,#945);
#944 = CARTESIAN_POINT('',(35.6,-34.6,50.6));
#945 = VECTOR('',#946,1.);
#946 = DIRECTION('',(0.,0.,1.));
#947 = PLANE('',#948);
#948 = AXIS2_PLACEMENT_3D('',#949,#950,#951);
#949 = CARTESIAN_POINT('',(-42.6,-34.6,50.6));
#950 = DIRECTION('',(-0.,1.,0.));
#951 = DIRECTION('',(0.,0.,1.));
#952 = ADVANCED_FACE('',(#953),#971,.T.);
#953 = FACE_BOUND('',#954,.T.);
#954 = EDGE_LOOP('',(#955,#963,#964,#965));
#955 = ORIENTED_EDGE('',*,*,#956,.F.);
#956 = EDGE_CURVE('',#908,#957,#959,.T.);
#957 = VERTEX_POINT('',#958);
#958 = CARTESIAN_POINT('',(35.6,34.6,50.6));
#959 = LINE('',#960,#961);
#960 = CARTESIAN_POINT('',(-42.6,34.6,50.6));
#961 = VECTOR('',#962,1.);
#962 = DIRECTION('',(1.,0.,-0.));
#963 = ORIENTED_EDGE('',*,*,#916,.T.);
#964 = ORIENTED_EDGE('',*,*,#306,.T.);
#965 = ORIENTED_EDGE('',*,*,#966,.F.);
#966 = EDGE_CURVE('',#957,#298,#967,.T.);
#967 = LINE('',#968,#969);
#968 = CARTESIAN_POINT('',(35.6,34.6,50.6));
#969 = VECTOR('',#970,1.);
#970 = DIRECTION('',(0.,0.,1.));
#971 = PLANE('',#972);
#972 = AXIS2_PLACEMENT_3D('',#973,#974,#975);
#973 = CARTESIAN_POINT('',(-42.6,34.6,50.6));
#974 = DIRECTION('',(-0.,1.,0.));
#975 = DIRECTION('',(0.,0.,1.));
#976 = ADVANCED_FACE('',(#977),#996,.T.);
#977 = FACE_BOUND('',#978,.F.);
#978 = EDGE_LOOP('',(#979,#988,#989,#990));
#979 = ORIENTED_EDGE('',*,*,#980,.T.);
#980 = EDGE_CURVE('',#981,#933,#983,.T.);
#981 = VERTEX_POINT('',#982);
#982 = CARTESIAN_POINT('',(42.6,-27.6,50.6));
#983 = CIRCLE('',#984,7.);
#984 = AXIS2_PLACEMENT_3D('',#985,#986,#987);
#985 = CARTESIAN_POINT('',(35.6,-27.6,50.6));
#986 = DIRECTION('',(-0.,-0.,-1.));
#987 = DIRECTION('',(0.,-1.,0.));
#988 = ORIENTED_EDGE('',*,*,#942,.T.);
#989 = ORIENTED_EDGE('',*,*,#280,.F.);
#990 = ORIENTED_EDGE('',*,*,#991,.F.);
#991 = EDGE_CURVE('',#981,#281,#992,.T.);
#992 = LINE('',#993,#994);
#993 = CARTESIAN_POINT('',(42.6,-27.6,50.6));
#994 = VECTOR('',#995,1.);
#995 = DIRECTION('',(0.,0.,1.));
#996 = CYLINDRICAL_SURFACE('',#997,7.);
#997 = AXIS2_PLACEMENT_3D('',#998,#999,#1000);
#998 = CARTESIAN_POINT('',(35.6,-27.6,50.6));
#999 = DIRECTION('',(0.,0.,1.));
#1000 = DIRECTION('',(1.,0.,-0.));
#1001 = ADVANCED_FACE('',(#1002),#1021,.T.);
#1002 = FACE_BOUND('',#1003,.T.);
#1003 = EDGE_LOOP('',(#1004,#1013,#1014,#1015));
#1004 = ORIENTED_EDGE('',*,*,#1005,.T.);
#1005 = EDGE_CURVE('',#1006,#957,#1008,.T.);
#1006 = VERTEX_POINT('',#1007);
#1007 = CARTESIAN_POINT('',(42.6,27.6,50.6));
#1008 = CIRCLE('',#1009,7.);
#1009 = AXIS2_PLACEMENT_3D('',#1010,#1011,#1012);
#1010 = CARTESIAN_POINT('',(35.6,27.6,50.6));
#1011 = DIRECTION('',(0.,0.,1.));
#1012 = DIRECTION('',(0.,-1.,0.));
#1013 = ORIENTED_EDGE('',*,*,#966,.T.);
#1014 = ORIENTED_EDGE('',*,*,#297,.F.);
#1015 = ORIENTED_EDGE('',*,*,#1016,.F.);
#1016 = EDGE_CURVE('',#1006,#290,#1017,.T.);
#1017 = LINE('',#1018,#1019);
#1018 = CARTESIAN_POINT('',(42.6,27.6,50.6));
#1019 = VECTOR('',#1020,1.);
#1020 = DIRECTION('',(0.,0.,1.));
#1021 = CYLINDRICAL_SURFACE('',#1022,7.);
#1022 = AXIS2_PLACEMENT_3D('',#1023,#1024,#1025);
#1023 = CARTESIAN_POINT('',(35.6,27.6,50.6));
#1024 = DIRECTION('',(0.,0.,1.));
#1025 = DIRECTION('',(1.,0.,-0.));
#1026 = ADVANCED_FACE('',(#1027),#1038,.T.);
#1027 = FACE_BOUND('',#1028,.T.);
#1028 = EDGE_LOOP('',(#1029,#1030,#1031,#1037));
#1029 = ORIENTED_EDGE('',*,*,#289,.F.);
#1030 = ORIENTED_EDGE('',*,*,#991,.F.);
#1031 = ORIENTED_EDGE('',*,*,#1032,.T.);
#1032 = EDGE_CURVE('',#981,#1006,#1033,.T.);
#1033 = LINE('',#1034,#1035);
#1034 = CARTESIAN_POINT('',(42.6,-34.6,50.6));
#1035 = VECTOR('',#1036,1.);
#1036 = DIRECTION('',(-0.,1.,0.));
#1037 = ORIENTED_EDGE('',*,*,#1016,.T.);
#1038 = PLANE('',#1039);
#1039 = AXIS2_PLACEMENT_3D('',#1040,#1041,#1042);
#1040 = CARTESIAN_POINT('',(42.6,-34.6,50.6));
#1041 = DIRECTION('',(1.,0.,-0.));
#1042 = DIRECTION('',(0.,0.,1.));
#1043 = ADVANCED_FACE('',(#1044),#1054,.T.);
#1044 = FACE_BOUND('',#1045,.T.);
#1045 = EDGE_LOOP('',(#1046,#1047,#1048,#1049,#1050,#1051,#1052,#1053));
#1046 = ORIENTED_EDGE('',*,*,#836,.F.);
#1047 = ORIENTED_EDGE('',*,*,#487,.T.);
#1048 = ORIENTED_EDGE('',*,*,#511,.T.);
#1049 = ORIENTED_EDGE('',*,*,#631,.F.);
#1050 = ORIENTED_EDGE('',*,*,#650,.T.);
#1051 = ORIENTED_EDGE('',*,*,#673,.T.);
#1052 = ORIENTED_EDGE('',*,*,#697,.F.);
#1053 = ORIENTED_EDGE('',*,*,#817,.F.);
#1054 = PLANE('',#1055);
#1055 = AXIS2_PLACEMENT_3D('',#1056,#1057,#1058);
#1056 = CARTESIAN_POINT('',(-38.2,-30.2,3.2));
#1057 = DIRECTION('',(0.,0.,1.));
#1058 = DIRECTION('',(1.,0.,-0.));
#1059 = ADVANCED_FACE('',(#1060),#1181,.T.);
#1060 = FACE_BOUND('',#1061,.T.);
#1061 = EDGE_LOOP('',(#1062,#1072,#1078,#1079,#1087,#1095,#1103,#1111,
    #1119,#1127,#1135,#1143,#1151,#1159,#1167,#1175));
#1062 = ORIENTED_EDGE('',*,*,#1063,.T.);
#1063 = EDGE_CURVE('',#1064,#1066,#1068,.T.);
#1064 = VERTEX_POINT('',#1065);
#1065 = CARTESIAN_POINT('',(-32.,-33.,11.));
#1066 = VERTEX_POINT('',#1067);
#1067 = CARTESIAN_POINT('',(-32.,-33.,7.));
#1068 = LINE('',#1069,#1070);
#1069 = CARTESIAN_POINT('',(-32.,-33.,3.5));
#1070 = VECTOR('',#1071,1.);
#1071 = DIRECTION('',(-0.,0.,-1.));
#1072 = ORIENTED_EDGE('',*,*,#1073,.T.);
#1073 = EDGE_CURVE('',#1066,#541,#1074,.T.);
#1074 = LINE('',#1075,#1076);
#1075 = CARTESIAN_POINT('',(-32.,-40.,7.));
#1076 = VECTOR('',#1077,1.);
#1077 = DIRECTION('',(-0.,1.,0.));
#1078 = ORIENTED_EDGE('',*,*,#540,.F.);
#1079 = ORIENTED_EDGE('',*,*,#1080,.F.);
#1080 = EDGE_CURVE('',#1081,#530,#1083,.T.);
#1081 = VERTEX_POINT('',#1082);
#1082 = CARTESIAN_POINT('',(-32.,-33.,22.));
#1083 = LINE('',#1084,#1085);
#1084 = CARTESIAN_POINT('',(-32.,-40.,22.));
#1085 = VECTOR('',#1086,1.);
#1086 = DIRECTION('',(-0.,1.,0.));
#1087 = ORIENTED_EDGE('',*,*,#1088,.T.);
#1088 = EDGE_CURVE('',#1081,#1089,#1091,.T.);
#1089 = VERTEX_POINT('',#1090);
#1090 = CARTESIAN_POINT('',(-32.,-33.,20.95));
#1091 = LINE('',#1092,#1093);
#1092 = CARTESIAN_POINT('',(-32.,-33.,3.5));
#1093 = VECTOR('',#1094,1.);
#1094 = DIRECTION('',(-0.,0.,-1.));
#1095 = ORIENTED_EDGE('',*,*,#1096,.F.);
#1096 = EDGE_CURVE('',#1097,#1089,#1099,.T.);
#1097 = VERTEX_POINT('',#1098);
#1098 = CARTESIAN_POINT('',(-32.,-34.6,20.95));
#1099 = LINE('',#1100,#1101);
#1100 = CARTESIAN_POINT('',(-32.,-37.3,20.95));
#1101 = VECTOR('',#1102,1.);
#1102 = DIRECTION('',(-0.,1.,0.));
#1103 = ORIENTED_EDGE('',*,*,#1104,.T.);
#1104 = EDGE_CURVE('',#1097,#1105,#1107,.T.);
#1105 = VERTEX_POINT('',#1106);
#1106 = CARTESIAN_POINT('',(-32.,-34.6,19.8));
#1107 = LINE('',#1108,#1109);
#1108 = CARTESIAN_POINT('',(-32.,-34.6,13.4));
#1109 = VECTOR('',#1110,1.);
#1110 = DIRECTION('',(-0.,0.,-1.));
#1111 = ORIENTED_EDGE('',*,*,#1112,.T.);
#1112 = EDGE_CURVE('',#1105,#1113,#1115,.T.);
#1113 = VERTEX_POINT('',#1114);
#1114 = CARTESIAN_POINT('',(-32.,-33.,19.8));
#1115 = LINE('',#1116,#1117);
#1116 = CARTESIAN_POINT('',(-32.,-37.3,19.8));
#1117 = VECTOR('',#1118,1.);
#1118 = DIRECTION('',(-0.,1.,0.));
#1119 = ORIENTED_EDGE('',*,*,#1120,.T.);
#1120 = EDGE_CURVE('',#1113,#1121,#1123,.T.);
#1121 = VERTEX_POINT('',#1122);
#1122 = CARTESIAN_POINT('',(-32.,-33.,16.55));
#1123 = LINE('',#1124,#1125);
#1124 = CARTESIAN_POINT('',(-32.,-33.,3.5));
#1125 = VECTOR('',#1126,1.);
#1126 = DIRECTION('',(-0.,0.,-1.));
#1127 = ORIENTED_EDGE('',*,*,#1128,.F.);
#1128 = EDGE_CURVE('',#1129,#1121,#1131,.T.);
#1129 = VERTEX_POINT('',#1130);
#1130 = CARTESIAN_POINT('',(-32.,-34.6,16.55));
#1131 = LINE('',#1132,#1133);
#1132 = CARTESIAN_POINT('',(-32.,-37.3,16.55));
#1133 = VECTOR('',#1134,1.);
#1134 = DIRECTION('',(-0.,1.,0.));
#1135 = ORIENTED_EDGE('',*,*,#1136,.T.);
#1136 = EDGE_CURVE('',#1129,#1137,#1139,.T.);
#1137 = VERTEX_POINT('',#1138);
#1138 = CARTESIAN_POINT('',(-32.,-34.6,15.4));
#1139 = LINE('',#1140,#1141);
#1140 = CARTESIAN_POINT('',(-32.,-34.6,11.2));
#1141 = VECTOR('',#1142,1.);
#1142 = DIRECTION('',(-0.,0.,-1.));
#1143 = ORIENTED_EDGE('',*,*,#1144,.T.);
#1144 = EDGE_CURVE('',#1137,#1145,#1147,.T.);
#1145 = VERTEX_POINT('',#1146);
#1146 = CARTESIAN_POINT('',(-32.,-33.,15.4));
#1147 = LINE('',#1148,#1149);
#1148 = CARTESIAN_POINT('',(-32.,-37.3,15.4));
#1149 = VECTOR('',#1150,1.);
#1150 = DIRECTION('',(-0.,1.,0.));
#1151 = ORIENTED_EDGE('',*,*,#1152,.T.);
#1152 = EDGE_CURVE('',#1145,#1153,#1155,.T.);
#1153 = VERTEX_POINT('',#1154);
#1154 = CARTESIAN_POINT('',(-32.,-33.,12.15));
#1155 = LINE('',#1156,#1157);
#1156 = CARTESIAN_POINT('',(-32.,-33.,3.5));
#1157 = VECTOR('',#1158,1.);
#1158 = DIRECTION('',(-0.,0.,-1.));
#1159 = ORIENTED_EDGE('',*,*,#1160,.F.);
#1160 = EDGE_CURVE('',#1161,#1153,#1163,.T.);
#1161 = VERTEX_POINT('',#1162);
#1162 = CARTESIAN_POINT('',(-32.,-34.6,12.15));
#1163 = LINE('',#1164,#1165);
#1164 = CARTESIAN_POINT('',(-32.,-37.3,12.15));
#1165 = VECTOR('',#1166,1.);
#1166 = DIRECTION('',(-0.,1.,0.));
#1167 = ORIENTED_EDGE('',*,*,#1168,.T.);
#1168 = EDGE_CURVE('',#1161,#1169,#1171,.T.);
#1169 = VERTEX_POINT('',#1170);
#1170 = CARTESIAN_POINT('',(-32.,-34.6,11.));
#1171 = LINE('',#1172,#1173);
#1172 = CARTESIAN_POINT('',(-32.,-34.6,9.));
#1173 = VECTOR('',#1174,1.);
#1174 = DIRECTION('',(-0.,0.,-1.));
#1175 = ORIENTED_EDGE('',*,*,#1176,.T.);
#1176 = EDGE_CURVE('',#1169,#1064,#1177,.T.);
#1177 = LINE('',#1178,#1179);
#1178 = CARTESIAN_POINT('',(-32.,-37.3,11.));
#1179 = VECTOR('',#1180,1.);
#1180 = DIRECTION('',(-0.,1.,0.));
#1181 = PLANE('',#1182);
#1182 = AXIS2_PLACEMENT_3D('',#1183,#1184,#1185);
#1183 = CARTESIAN_POINT('',(-32.,-40.,7.));
#1184 = DIRECTION('',(1.,0.,-0.));
#1185 = DIRECTION('',(0.,0.,1.));
#1186 = ADVANCED_FACE('',(#1187),#1205,.T.);
#1187 = FACE_BOUND('',#1188,.T.);
#1188 = EDGE_LOOP('',(#1189,#1190,#1198,#1204));
#1189 = ORIENTED_EDGE('',*,*,#1073,.F.);
#1190 = ORIENTED_EDGE('',*,*,#1191,.T.);
#1191 = EDGE_CURVE('',#1066,#1192,#1194,.T.);
#1192 = VERTEX_POINT('',#1193);
#1193 = CARTESIAN_POINT('',(-16.,-33.,7.));
#1194 = LINE('',#1195,#1196);
#1195 = CARTESIAN_POINT('',(-36.5,-33.,7.));
#1196 = VECTOR('',#1197,1.);
#1197 = DIRECTION('',(1.,0.,-0.));
#1198 = ORIENTED_EDGE('',*,*,#1199,.T.);
#1199 = EDGE_CURVE('',#1192,#549,#1200,.T.);
#1200 = LINE('',#1201,#1202);
#1201 = CARTESIAN_POINT('',(-16.,-40.,7.));
#1202 = VECTOR('',#1203,1.);
#1203 = DIRECTION('',(-0.,1.,0.));
#1204 = ORIENTED_EDGE('',*,*,#548,.F.);
#1205 = PLANE('',#1206);
#1206 = AXIS2_PLACEMENT_3D('',#1207,#1208,#1209);
#1207 = CARTESIAN_POINT('',(-32.,-40.,7.));
#1208 = DIRECTION('',(0.,0.,1.));
#1209 = DIRECTION('',(1.,0.,-0.));
#1210 = ADVANCED_FACE('',(#1211),#1325,.F.);
#1211 = FACE_BOUND('',#1212,.F.);
#1212 = EDGE_LOOP('',(#1213,#1221,#1222,#1223,#1231,#1239,#1247,#1255,
    #1263,#1271,#1279,#1287,#1295,#1303,#1311,#1319));
#1213 = ORIENTED_EDGE('',*,*,#1214,.T.);
#1214 = EDGE_CURVE('',#1215,#1192,#1217,.T.);
#1215 = VERTEX_POINT('',#1216);
#1216 = CARTESIAN_POINT('',(-16.,-33.,11.));
#1217 = LINE('',#1218,#1219);
#1218 = CARTESIAN_POINT('',(-16.,-33.,3.5));
#1219 = VECTOR('',#1220,1.);
#1220 = DIRECTION('',(-0.,0.,-1.));
#1221 = ORIENTED_EDGE('',*,*,#1199,.T.);
#1222 = ORIENTED_EDGE('',*,*,#556,.F.);
#1223 = ORIENTED_EDGE('',*,*,#1224,.F.);
#1224 = EDGE_CURVE('',#1225,#557,#1227,.T.);
#1225 = VERTEX_POINT('',#1226);
#1226 = CARTESIAN_POINT('',(-16.,-33.,22.));
#1227 = LINE('',#1228,#1229);
#1228 = CARTESIAN_POINT('',(-16.,-40.,22.));
#1229 = VECTOR('',#1230,1.);
#1230 = DIRECTION('',(-0.,1.,0.));
#1231 = ORIENTED_EDGE('',*,*,#1232,.T.);
#1232 = EDGE_CURVE('',#1225,#1233,#1235,.T.);
#1233 = VERTEX_POINT('',#1234);
#1234 = CARTESIAN_POINT('',(-16.,-33.,20.95));
#1235 = LINE('',#1236,#1237);
#1236 = CARTESIAN_POINT('',(-16.,-33.,3.5));
#1237 = VECTOR('',#1238,1.);
#1238 = DIRECTION('',(-0.,0.,-1.));
#1239 = ORIENTED_EDGE('',*,*,#1240,.F.);
#1240 = EDGE_CURVE('',#1241,#1233,#1243,.T.);
#1241 = VERTEX_POINT('',#1242);
#1242 = CARTESIAN_POINT('',(-16.,-34.6,20.95));
#1243 = LINE('',#1244,#1245);
#1244 = CARTESIAN_POINT('',(-16.,-37.3,20.95));
#1245 = VECTOR('',#1246,1.);
#1246 = DIRECTION('',(-0.,1.,0.));
#1247 = ORIENTED_EDGE('',*,*,#1248,.T.);
#1248 = EDGE_CURVE('',#1241,#1249,#1251,.T.);
#1249 = VERTEX_POINT('',#1250);
#1250 = CARTESIAN_POINT('',(-16.,-34.6,19.8));
#1251 = LINE('',#1252,#1253);
#1252 = CARTESIAN_POINT('',(-16.,-34.6,13.4));
#1253 = VECTOR('',#1254,1.);
#1254 = DIRECTION('',(-0.,0.,-1.));
#1255 = ORIENTED_EDGE('',*,*,#1256,.T.);
#1256 = EDGE_CURVE('',#1249,#1257,#1259,.T.);
#1257 = VERTEX_POINT('',#1258);
#1258 = CARTESIAN_POINT('',(-16.,-33.,19.8));
#1259 = LINE('',#1260,#1261);
#1260 = CARTESIAN_POINT('',(-16.,-37.3,19.8));
#1261 = VECTOR('',#1262,1.);
#1262 = DIRECTION('',(-0.,1.,0.));
#1263 = ORIENTED_EDGE('',*,*,#1264,.T.);
#1264 = EDGE_CURVE('',#1257,#1265,#1267,.T.);
#1265 = VERTEX_POINT('',#1266);
#1266 = CARTESIAN_POINT('',(-16.,-33.,16.55));
#1267 = LINE('',#1268,#1269);
#1268 = CARTESIAN_POINT('',(-16.,-33.,3.5));
#1269 = VECTOR('',#1270,1.);
#1270 = DIRECTION('',(-0.,0.,-1.));
#1271 = ORIENTED_EDGE('',*,*,#1272,.F.);
#1272 = EDGE_CURVE('',#1273,#1265,#1275,.T.);
#1273 = VERTEX_POINT('',#1274);
#1274 = CARTESIAN_POINT('',(-16.,-34.6,16.55));
#1275 = LINE('',#1276,#1277);
#1276 = CARTESIAN_POINT('',(-16.,-37.3,16.55));
#1277 = VECTOR('',#1278,1.);
#1278 = DIRECTION('',(-0.,1.,0.));
#1279 = ORIENTED_EDGE('',*,*,#1280,.T.);
#1280 = EDGE_CURVE('',#1273,#1281,#1283,.T.);
#1281 = VERTEX_POINT('',#1282);
#1282 = CARTESIAN_POINT('',(-16.,-34.6,15.4));
#1283 = LINE('',#1284,#1285);
#1284 = CARTESIAN_POINT('',(-16.,-34.6,11.2));
#1285 = VECTOR('',#1286,1.);
#1286 = DIRECTION('',(-0.,0.,-1.));
#1287 = ORIENTED_EDGE('',*,*,#1288,.T.);
#1288 = EDGE_CURVE('',#1281,#1289,#1291,.T.);
#1289 = VERTEX_POINT('',#1290);
#1290 = CARTESIAN_POINT('',(-16.,-33.,15.4));
#1291 = LINE('',#1292,#1293);
#1292 = CARTESIAN_POINT('',(-16.,-37.3,15.4));
#1293 = VECTOR('',#1294,1.);
#1294 = DIRECTION('',(-0.,1.,0.));
#1295 = ORIENTED_EDGE('',*,*,#1296,.T.);
#1296 = EDGE_CURVE('',#1289,#1297,#1299,.T.);
#1297 = VERTEX_POINT('',#1298);
#1298 = CARTESIAN_POINT('',(-16.,-33.,12.15));
#1299 = LINE('',#1300,#1301);
#1300 = CARTESIAN_POINT('',(-16.,-33.,3.5));
#1301 = VECTOR('',#1302,1.);
#1302 = DIRECTION('',(-0.,0.,-1.));
#1303 = ORIENTED_EDGE('',*,*,#1304,.F.);
#1304 = EDGE_CURVE('',#1305,#1297,#1307,.T.);
#1305 = VERTEX_POINT('',#1306);
#1306 = CARTESIAN_POINT('',(-16.,-34.6,12.15));
#1307 = LINE('',#1308,#1309);
#1308 = CARTESIAN_POINT('',(-16.,-37.3,12.15));
#1309 = VECTOR('',#1310,1.);
#1310 = DIRECTION('',(-0.,1.,0.));
#1311 = ORIENTED_EDGE('',*,*,#1312,.T.);
#1312 = EDGE_CURVE('',#1305,#1313,#1315,.T.);
#1313 = VERTEX_POINT('',#1314);
#1314 = CARTESIAN_POINT('',(-16.,-34.6,11.));
#1315 = LINE('',#1316,#1317);
#1316 = CARTESIAN_POINT('',(-16.,-34.6,9.));
#1317 = VECTOR('',#1318,1.);
#1318 = DIRECTION('',(-0.,0.,-1.));
#1319 = ORIENTED_EDGE('',*,*,#1320,.T.);
#1320 = EDGE_CURVE('',#1313,#1215,#1321,.T.);
#1321 = LINE('',#1322,#1323);
#1322 = CARTESIAN_POINT('',(-16.,-37.3,11.));
#1323 = VECTOR('',#1324,1.);
#1324 = DIRECTION('',(-0.,1.,0.));
#1325 = PLANE('',#1326);
#1326 = AXIS2_PLACEMENT_3D('',#1327,#1328,#1329);
#1327 = CARTESIAN_POINT('',(-16.,-40.,7.));
#1328 = DIRECTION('',(1.,0.,-0.));
#1329 = DIRECTION('',(0.,0.,1.));
#1330 = ADVANCED_FACE('',(#1331),#1452,.F.);
#1331 = FACE_BOUND('',#1332,.F.);
#1332 = EDGE_LOOP('',(#1333,#1343,#1349,#1350,#1358,#1366,#1374,#1382,
    #1390,#1398,#1406,#1414,#1422,#1430,#1438,#1446));
#1333 = ORIENTED_EDGE('',*,*,#1334,.T.);
#1334 = EDGE_CURVE('',#1335,#1337,#1339,.T.);
#1335 = VERTEX_POINT('',#1336);
#1336 = CARTESIAN_POINT('',(32.,-33.,11.));
#1337 = VERTEX_POINT('',#1338);
#1338 = CARTESIAN_POINT('',(32.,-33.,7.));
#1339 = LINE('',#1340,#1341);
#1340 = CARTESIAN_POINT('',(32.,-33.,3.5));
#1341 = VECTOR('',#1342,1.);
#1342 = DIRECTION('',(-0.,0.,-1.));
#1343 = ORIENTED_EDGE('',*,*,#1344,.T.);
#1344 = EDGE_CURVE('',#1337,#593,#1345,.T.);
#1345 = LINE('',#1346,#1347);
#1346 = CARTESIAN_POINT('',(32.,-40.,7.));
#1347 = VECTOR('',#1348,1.);
#1348 = DIRECTION('',(-0.,1.,0.));
#1349 = ORIENTED_EDGE('',*,*,#600,.F.);
#1350 = ORIENTED_EDGE('',*,*,#1351,.F.);
#1351 = EDGE_CURVE('',#1352,#601,#1354,.T.);
#1352 = VERTEX_POINT('',#1353);
#1353 = CARTESIAN_POINT('',(32.,-33.,22.));
#1354 = LINE('',#1355,#1356);
#1355 = CARTESIAN_POINT('',(32.,-40.,22.));
#1356 = VECTOR('',#1357,1.);
#1357 = DIRECTION('',(-0.,1.,0.));
#1358 = ORIENTED_EDGE('',*,*,#1359,.T.);
#1359 = EDGE_CURVE('',#1352,#1360,#1362,.T.);
#1360 = VERTEX_POINT('',#1361);
#1361 = CARTESIAN_POINT('',(32.,-33.,20.95));
#1362 = LINE('',#1363,#1364);
#1363 = CARTESIAN_POINT('',(32.,-33.,3.5));
#1364 = VECTOR('',#1365,1.);
#1365 = DIRECTION('',(-0.,0.,-1.));
#1366 = ORIENTED_EDGE('',*,*,#1367,.F.);
#1367 = EDGE_CURVE('',#1368,#1360,#1370,.T.);
#1368 = VERTEX_POINT('',#1369);
#1369 = CARTESIAN_POINT('',(32.,-34.6,20.95));
#1370 = LINE('',#1371,#1372);
#1371 = CARTESIAN_POINT('',(32.,-37.3,20.95));
#1372 = VECTOR('',#1373,1.);
#1373 = DIRECTION('',(-0.,1.,0.));
#1374 = ORIENTED_EDGE('',*,*,#1375,.T.);
#1375 = EDGE_CURVE('',#1368,#1376,#1378,.T.);
#1376 = VERTEX_POINT('',#1377);
#1377 = CARTESIAN_POINT('',(32.,-34.6,19.8));
#1378 = LINE('',#1379,#1380);
#1379 = CARTESIAN_POINT('',(32.,-34.6,13.4));
#1380 = VECTOR('',#1381,1.);
#1381 = DIRECTION('',(-0.,0.,-1.));
#1382 = ORIENTED_EDGE('',*,*,#1383,.T.);
#1383 = EDGE_CURVE('',#1376,#1384,#1386,.T.);
#1384 = VERTEX_POINT('',#1385);
#1385 = CARTESIAN_POINT('',(32.,-33.,19.8));
#1386 = LINE('',#1387,#1388);
#1387 = CARTESIAN_POINT('',(32.,-37.3,19.8));
#1388 = VECTOR('',#1389,1.);
#1389 = DIRECTION('',(-0.,1.,0.));
#1390 = ORIENTED_EDGE('',*,*,#1391,.T.);
#1391 = EDGE_CURVE('',#1384,#1392,#1394,.T.);
#1392 = VERTEX_POINT('',#1393);
#1393 = CARTESIAN_POINT('',(32.,-33.,16.55));
#1394 = LINE('',#1395,#1396);
#1395 = CARTESIAN_POINT('',(32.,-33.,3.5));
#1396 = VECTOR('',#1397,1.);
#1397 = DIRECTION('',(-0.,0.,-1.));
#1398 = ORIENTED_EDGE('',*,*,#1399,.F.);
#1399 = EDGE_CURVE('',#1400,#1392,#1402,.T.);
#1400 = VERTEX_POINT('',#1401);
#1401 = CARTESIAN_POINT('',(32.,-34.6,16.55));
#1402 = LINE('',#1403,#1404);
#1403 = CARTESIAN_POINT('',(32.,-37.3,16.55));
#1404 = VECTOR('',#1405,1.);
#1405 = DIRECTION('',(-0.,1.,0.));
#1406 = ORIENTED_EDGE('',*,*,#1407,.T.);
#1407 = EDGE_CURVE('',#1400,#1408,#1410,.T.);
#1408 = VERTEX_POINT('',#1409);
#1409 = CARTESIAN_POINT('',(32.,-34.6,15.4));
#1410 = LINE('',#1411,#1412);
#1411 = CARTESIAN_POINT('',(32.,-34.6,11.2));
#1412 = VECTOR('',#1413,1.);
#1413 = DIRECTION('',(-0.,0.,-1.));
#1414 = ORIENTED_EDGE('',*,*,#1415,.T.);
#1415 = EDGE_CURVE('',#1408,#1416,#1418,.T.);
#1416 = VERTEX_POINT('',#1417);
#1417 = CARTESIAN_POINT('',(32.,-33.,15.4));
#1418 = LINE('',#1419,#1420);
#1419 = CARTESIAN_POINT('',(32.,-37.3,15.4));
#1420 = VECTOR('',#1421,1.);
#1421 = DIRECTION('',(-0.,1.,0.));
#1422 = ORIENTED_EDGE('',*,*,#1423,.T.);
#1423 = EDGE_CURVE('',#1416,#1424,#1426,.T.);
#1424 = VERTEX_POINT('',#1425);
#1425 = CARTESIAN_POINT('',(32.,-33.,12.15));
#1426 = LINE('',#1427,#1428);
#1427 = CARTESIAN_POINT('',(32.,-33.,3.5));
#1428 = VECTOR('',#1429,1.);
#1429 = DIRECTION('',(-0.,0.,-1.));
#1430 = ORIENTED_EDGE('',*,*,#1431,.F.);
#1431 = EDGE_CURVE('',#1432,#1424,#1434,.T.);
#1432 = VERTEX_POINT('',#1433);
#1433 = CARTESIAN_POINT('',(32.,-34.6,12.15));
#1434 = LINE('',#1435,#1436);
#1435 = CARTESIAN_POINT('',(32.,-37.3,12.15));
#1436 = VECTOR('',#1437,1.);
#1437 = DIRECTION('',(-0.,1.,0.));
#1438 = ORIENTED_EDGE('',*,*,#1439,.T.);
#1439 = EDGE_CURVE('',#1432,#1440,#1442,.T.);
#1440 = VERTEX_POINT('',#1441);
#1441 = CARTESIAN_POINT('',(32.,-34.6,11.));
#1442 = LINE('',#1443,#1444);
#1443 = CARTESIAN_POINT('',(32.,-34.6,9.));
#1444 = VECTOR('',#1445,1.);
#1445 = DIRECTION('',(-0.,0.,-1.));
#1446 = ORIENTED_EDGE('',*,*,#1447,.T.);
#1447 = EDGE_CURVE('',#1440,#1335,#1448,.T.);
#1448 = LINE('',#1449,#1450);
#1449 = CARTESIAN_POINT('',(32.,-37.3,11.));
#1450 = VECTOR('',#1451,1.);
#1451 = DIRECTION('',(-0.,1.,0.));
#1452 = PLANE('',#1453);
#1453 = AXIS2_PLACEMENT_3D('',#1454,#1455,#1456);
#1454 = CARTESIAN_POINT('',(32.,-40.,7.));
#1455 = DIRECTION('',(1.,0.,-0.));
#1456 = DIRECTION('',(0.,0.,1.));
#1457 = ADVANCED_FACE('',(#1458),#1476,.T.);
#1458 = FACE_BOUND('',#1459,.T.);
#1459 = EDGE_LOOP('',(#1460,#1468,#1474,#1475));
#1460 = ORIENTED_EDGE('',*,*,#1461,.F.);
#1461 = EDGE_CURVE('',#1462,#585,#1464,.T.);
#1462 = VERTEX_POINT('',#1463);
#1463 = CARTESIAN_POINT('',(16.,-33.,7.));
#1464 = LINE('',#1465,#1466);
#1465 = CARTESIAN_POINT('',(16.,-40.,7.));
#1466 = VECTOR('',#1467,1.);
#1467 = DIRECTION('',(-0.,1.,0.));
#1468 = ORIENTED_EDGE('',*,*,#1469,.T.);
#1469 = EDGE_CURVE('',#1462,#1337,#1470,.T.);
#1470 = LINE('',#1471,#1472);
#1471 = CARTESIAN_POINT('',(-12.5,-33.,7.));
#1472 = VECTOR('',#1473,1.);
#1473 = DIRECTION('',(1.,0.,-0.));
#1474 = ORIENTED_EDGE('',*,*,#1344,.T.);
#1475 = ORIENTED_EDGE('',*,*,#592,.F.);
#1476 = PLANE('',#1477);
#1477 = AXIS2_PLACEMENT_3D('',#1478,#1479,#1480);
#1478 = CARTESIAN_POINT('',(16.,-40.,7.));
#1479 = DIRECTION('',(0.,0.,1.));
#1480 = DIRECTION('',(1.,0.,-0.));
#1481 = ADVANCED_FACE('',(#1482),#1596,.T.);
#1482 = FACE_BOUND('',#1483,.T.);
#1483 = EDGE_LOOP('',(#1484,#1492,#1493,#1494,#1502,#1510,#1518,#1526,
    #1534,#1542,#1550,#1558,#1566,#1574,#1582,#1590));
#1484 = ORIENTED_EDGE('',*,*,#1485,.T.);
#1485 = EDGE_CURVE('',#1486,#1462,#1488,.T.);
#1486 = VERTEX_POINT('',#1487);
#1487 = CARTESIAN_POINT('',(16.,-33.,11.));
#1488 = LINE('',#1489,#1490);
#1489 = CARTESIAN_POINT('',(16.,-33.,3.5));
#1490 = VECTOR('',#1491,1.);
#1491 = DIRECTION('',(-0.,0.,-1.));
#1492 = ORIENTED_EDGE('',*,*,#1461,.T.);
#1493 = ORIENTED_EDGE('',*,*,#584,.F.);
#1494 = ORIENTED_EDGE('',*,*,#1495,.F.);
#1495 = EDGE_CURVE('',#1496,#574,#1498,.T.);
#1496 = VERTEX_POINT('',#1497);
#1497 = CARTESIAN_POINT('',(16.,-33.,22.));
#1498 = LINE('',#1499,#1500);
#1499 = CARTESIAN_POINT('',(16.,-40.,22.));
#1500 = VECTOR('',#1501,1.);
#1501 = DIRECTION('',(-0.,1.,0.));
#1502 = ORIENTED_EDGE('',*,*,#1503,.T.);
#1503 = EDGE_CURVE('',#1496,#1504,#1506,.T.);
#1504 = VERTEX_POINT('',#1505);
#1505 = CARTESIAN_POINT('',(16.,-33.,20.95));
#1506 = LINE('',#1507,#1508);
#1507 = CARTESIAN_POINT('',(16.,-33.,3.5));
#1508 = VECTOR('',#1509,1.);
#1509 = DIRECTION('',(-0.,0.,-1.));
#1510 = ORIENTED_EDGE('',*,*,#1511,.F.);
#1511 = EDGE_CURVE('',#1512,#1504,#1514,.T.);
#1512 = VERTEX_POINT('',#1513);
#1513 = CARTESIAN_POINT('',(16.,-34.6,20.95));
#1514 = LINE('',#1515,#1516);
#1515 = CARTESIAN_POINT('',(16.,-37.3,20.95));
#1516 = VECTOR('',#1517,1.);
#1517 = DIRECTION('',(-0.,1.,0.));
#1518 = ORIENTED_EDGE('',*,*,#1519,.T.);
#1519 = EDGE_CURVE('',#1512,#1520,#1522,.T.);
#1520 = VERTEX_POINT('',#1521);
#1521 = CARTESIAN_POINT('',(16.,-34.6,19.8));
#1522 = LINE('',#1523,#1524);
#1523 = CARTESIAN_POINT('',(16.,-34.6,13.4));
#1524 = VECTOR('',#1525,1.);
#1525 = DIRECTION('',(-0.,0.,-1.));
#1526 = ORIENTED_EDGE('',*,*,#1527,.T.);
#1527 = EDGE_CURVE('',#1520,#1528,#1530,.T.);
#1528 = VERTEX_POINT('',#1529);
#1529 = CARTESIAN_POINT('',(16.,-33.,19.8));
#1530 = LINE('',#1531,#1532);
#1531 = CARTESIAN_POINT('',(16.,-37.3,19.8));
#1532 = VECTOR('',#1533,1.);
#1533 = DIRECTION('',(-0.,1.,0.));
#1534 = ORIENTED_EDGE('',*,*,#1535,.T.);
#1535 = EDGE_CURVE('',#1528,#1536,#1538,.T.);
#1536 = VERTEX_POINT('',#1537);
#1537 = CARTESIAN_POINT('',(16.,-33.,16.55));
#1538 = LINE('',#1539,#1540);
#1539 = CARTESIAN_POINT('',(16.,-33.,3.5));
#1540 = VECTOR('',#1541,1.);
#1541 = DIRECTION('',(-0.,0.,-1.));
#1542 = ORIENTED_EDGE('',*,*,#1543,.F.);
#1543 = EDGE_CURVE('',#1544,#1536,#1546,.T.);
#1544 = VERTEX_POINT('',#1545);
#1545 = CARTESIAN_POINT('',(16.,-34.6,16.55));
#1546 = LINE('',#1547,#1548);
#1547 = CARTESIAN_POINT('',(16.,-37.3,16.55));
#1548 = VECTOR('',#1549,1.);
#1549 = DIRECTION('',(-0.,1.,0.));
#1550 = ORIENTED_EDGE('',*,*,#1551,.T.);
#1551 = EDGE_CURVE('',#1544,#1552,#1554,.T.);
#1552 = VERTEX_POINT('',#1553);
#1553 = CARTESIAN_POINT('',(16.,-34.6,15.4));
#1554 = LINE('',#1555,#1556);
#1555 = CARTESIAN_POINT('',(16.,-34.6,11.2));
#1556 = VECTOR('',#1557,1.);
#1557 = DIRECTION('',(-0.,0.,-1.));
#1558 = ORIENTED_EDGE('',*,*,#1559,.T.);
#1559 = EDGE_CURVE('',#1552,#1560,#1562,.T.);
#1560 = VERTEX_POINT('',#1561);
#1561 = CARTESIAN_POINT('',(16.,-33.,15.4));
#1562 = LINE('',#1563,#1564);
#1563 = CARTESIAN_POINT('',(16.,-37.3,15.4));
#1564 = VECTOR('',#1565,1.);
#1565 = DIRECTION('',(-0.,1.,0.));
#1566 = ORIENTED_EDGE('',*,*,#1567,.T.);
#1567 = EDGE_CURVE('',#1560,#1568,#1570,.T.);
#1568 = VERTEX_POINT('',#1569);
#1569 = CARTESIAN_POINT('',(16.,-33.,12.15));
#1570 = LINE('',#1571,#1572);
#1571 = CARTESIAN_POINT('',(16.,-33.,3.5));
#1572 = VECTOR('',#1573,1.);
#1573 = DIRECTION('',(-0.,0.,-1.));
#1574 = ORIENTED_EDGE('',*,*,#1575,.F.);
#1575 = EDGE_CURVE('',#1576,#1568,#1578,.T.);
#1576 = VERTEX_POINT('',#1577);
#1577 = CARTESIAN_POINT('',(16.,-34.6,12.15));
#1578 = LINE('',#1579,#1580);
#1579 = CARTESIAN_POINT('',(16.,-37.3,12.15));
#1580 = VECTOR('',#1581,1.);
#1581 = DIRECTION('',(-0.,1.,0.));
#1582 = ORIENTED_EDGE('',*,*,#1583,.T.);
#1583 = EDGE_CURVE('',#1576,#1584,#1586,.T.);
#1584 = VERTEX_POINT('',#1585);
#1585 = CARTESIAN_POINT('',(16.,-34.6,11.));
#1586 = LINE('',#1587,#1588);
#1587 = CARTESIAN_POINT('',(16.,-34.6,9.));
#1588 = VECTOR('',#1589,1.);
#1589 = DIRECTION('',(-0.,0.,-1.));
#1590 = ORIENTED_EDGE('',*,*,#1591,.T.);
#1591 = EDGE_CURVE('',#1584,#1486,#1592,.T.);
#1592 = LINE('',#1593,#1594);
#1593 = CARTESIAN_POINT('',(16.,-37.3,11.));
#1594 = VECTOR('',#1595,1.);
#1595 = DIRECTION('',(-0.,1.,0.));
#1596 = PLANE('',#1597);
#1597 = AXIS2_PLACEMENT_3D('',#1598,#1599,#1600);
#1598 = CARTESIAN_POINT('',(16.,-40.,7.));
#1599 = DIRECTION('',(1.,0.,-0.));
#1600 = DIRECTION('',(0.,0.,1.));
#1601 = ADVANCED_FACE('',(#1602),#1723,.T.);
#1602 = FACE_BOUND('',#1603,.T.);
#1603 = EDGE_LOOP('',(#1604,#1605,#1613,#1621,#1629,#1637,#1645,#1653,
    #1661,#1669,#1677,#1685,#1693,#1701,#1709,#1717));
#1604 = ORIENTED_EDGE('',*,*,#726,.T.);
#1605 = ORIENTED_EDGE('',*,*,#1606,.T.);
#1606 = EDGE_CURVE('',#727,#1607,#1609,.T.);
#1607 = VERTEX_POINT('',#1608);
#1608 = CARTESIAN_POINT('',(-32.,33.,7.));
#1609 = LINE('',#1610,#1611);
#1610 = CARTESIAN_POINT('',(-32.,-40.,7.));
#1611 = VECTOR('',#1612,1.);
#1612 = DIRECTION('',(-0.,1.,0.));
#1613 = ORIENTED_EDGE('',*,*,#1614,.F.);
#1614 = EDGE_CURVE('',#1615,#1607,#1617,.T.);
#1615 = VERTEX_POINT('',#1616);
#1616 = CARTESIAN_POINT('',(-32.,33.,11.));
#1617 = LINE('',#1618,#1619);
#1618 = CARTESIAN_POINT('',(-32.,33.,3.5));
#1619 = VECTOR('',#1620,1.);
#1620 = DIRECTION('',(-0.,0.,-1.));
#1621 = ORIENTED_EDGE('',*,*,#1622,.T.);
#1622 = EDGE_CURVE('',#1615,#1623,#1625,.T.);
#1623 = VERTEX_POINT('',#1624);
#1624 = CARTESIAN_POINT('',(-32.,34.6,11.));
#1625 = LINE('',#1626,#1627);
#1626 = CARTESIAN_POINT('',(-32.,-37.3,11.));
#1627 = VECTOR('',#1628,1.);
#1628 = DIRECTION('',(-0.,1.,0.));
#1629 = ORIENTED_EDGE('',*,*,#1630,.F.);
#1630 = EDGE_CURVE('',#1631,#1623,#1633,.T.);
#1631 = VERTEX_POINT('',#1632);
#1632 = CARTESIAN_POINT('',(-32.,34.6,12.15));
#1633 = LINE('',#1634,#1635);
#1634 = CARTESIAN_POINT('',(-32.,34.6,9.));
#1635 = VECTOR('',#1636,1.);
#1636 = DIRECTION('',(-0.,0.,-1.));
#1637 = ORIENTED_EDGE('',*,*,#1638,.F.);
#1638 = EDGE_CURVE('',#1639,#1631,#1641,.T.);
#1639 = VERTEX_POINT('',#1640);
#1640 = CARTESIAN_POINT('',(-32.,33.,12.15));
#1641 = LINE('',#1642,#1643);
#1642 = CARTESIAN_POINT('',(-32.,-37.3,12.15));
#1643 = VECTOR('',#1644,1.);
#1644 = DIRECTION('',(-0.,1.,0.));
#1645 = ORIENTED_EDGE('',*,*,#1646,.F.);
#1646 = EDGE_CURVE('',#1647,#1639,#1649,.T.);
#1647 = VERTEX_POINT('',#1648);
#1648 = CARTESIAN_POINT('',(-32.,33.,15.4));
#1649 = LINE('',#1650,#1651);
#1650 = CARTESIAN_POINT('',(-32.,33.,3.5));
#1651 = VECTOR('',#1652,1.);
#1652 = DIRECTION('',(-0.,0.,-1.));
#1653 = ORIENTED_EDGE('',*,*,#1654,.T.);
#1654 = EDGE_CURVE('',#1647,#1655,#1657,.T.);
#1655 = VERTEX_POINT('',#1656);
#1656 = CARTESIAN_POINT('',(-32.,34.6,15.4));
#1657 = LINE('',#1658,#1659);
#1658 = CARTESIAN_POINT('',(-32.,-37.3,15.4));
#1659 = VECTOR('',#1660,1.);
#1660 = DIRECTION('',(-0.,1.,0.));
#1661 = ORIENTED_EDGE('',*,*,#1662,.F.);
#1662 = EDGE_CURVE('',#1663,#1655,#1665,.T.);
#1663 = VERTEX_POINT('',#1664);
#1664 = CARTESIAN_POINT('',(-32.,34.6,16.55));
#1665 = LINE('',#1666,#1667);
#1666 = CARTESIAN_POINT('',(-32.,34.6,11.2));
#1667 = VECTOR('',#1668,1.);
#1668 = DIRECTION('',(-0.,0.,-1.));
#1669 = ORIENTED_EDGE('',*,*,#1670,.F.);
#1670 = EDGE_CURVE('',#1671,#1663,#1673,.T.);
#1671 = VERTEX_POINT('',#1672);
#1672 = CARTESIAN_POINT('',(-32.,33.,16.55));
#1673 = LINE('',#1674,#1675);
#1674 = CARTESIAN_POINT('',(-32.,-37.3,16.55));
#1675 = VECTOR('',#1676,1.);
#1676 = DIRECTION('',(-0.,1.,0.));
#1677 = ORIENTED_EDGE('',*,*,#1678,.F.);
#1678 = EDGE_CURVE('',#1679,#1671,#1681,.T.);
#1679 = VERTEX_POINT('',#1680);
#1680 = CARTESIAN_POINT('',(-32.,33.,19.8));
#1681 = LINE('',#1682,#1683);
#1682 = CARTESIAN_POINT('',(-32.,33.,3.5));
#1683 = VECTOR('',#1684,1.);
#1684 = DIRECTION('',(-0.,0.,-1.));
#1685 = ORIENTED_EDGE('',*,*,#1686,.T.);
#1686 = EDGE_CURVE('',#1679,#1687,#1689,.T.);
#1687 = VERTEX_POINT('',#1688);
#1688 = CARTESIAN_POINT('',(-32.,34.6,19.8));
#1689 = LINE('',#1690,#1691);
#1690 = CARTESIAN_POINT('',(-32.,-37.3,19.8));
#1691 = VECTOR('',#1692,1.);
#1692 = DIRECTION('',(-0.,1.,0.));
#1693 = ORIENTED_EDGE('',*,*,#1694,.F.);
#1694 = EDGE_CURVE('',#1695,#1687,#1697,.T.);
#1695 = VERTEX_POINT('',#1696);
#1696 = CARTESIAN_POINT('',(-32.,34.6,20.95));
#1697 = LINE('',#1698,#1699);
#1698 = CARTESIAN_POINT('',(-32.,34.6,13.4));
#1699 = VECTOR('',#1700,1.);
#1700 = DIRECTION('',(-0.,0.,-1.));
#1701 = ORIENTED_EDGE('',*,*,#1702,.F.);
#1702 = EDGE_CURVE('',#1703,#1695,#1705,.T.);
#1703 = VERTEX_POINT('',#1704);
#1704 = CARTESIAN_POINT('',(-32.,33.,20.95));
#1705 = LINE('',#1706,#1707);
#1706 = CARTESIAN_POINT('',(-32.,-37.3,20.95));
#1707 = VECTOR('',#1708,1.);
#1708 = DIRECTION('',(-0.,1.,0.));
#1709 = ORIENTED_EDGE('',*,*,#1710,.F.);
#1710 = EDGE_CURVE('',#1711,#1703,#1713,.T.);
#1711 = VERTEX_POINT('',#1712);
#1712 = CARTESIAN_POINT('',(-32.,33.,22.));
#1713 = LINE('',#1714,#1715);
#1714 = CARTESIAN_POINT('',(-32.,33.,3.5));
#1715 = VECTOR('',#1716,1.);
#1716 = DIRECTION('',(-0.,0.,-1.));
#1717 = ORIENTED_EDGE('',*,*,#1718,.F.);
#1718 = EDGE_CURVE('',#716,#1711,#1719,.T.);
#1719 = LINE('',#1720,#1721);
#1720 = CARTESIAN_POINT('',(-32.,-40.,22.));
#1721 = VECTOR('',#1722,1.);
#1722 = DIRECTION('',(-0.,1.,0.));
#1723 = PLANE('',#1724);
#1724 = AXIS2_PLACEMENT_3D('',#1725,#1726,#1727);
#1725 = CARTESIAN_POINT('',(-32.,-40.,7.));
#1726 = DIRECTION('',(1.,0.,-0.));
#1727 = DIRECTION('',(0.,0.,1.));
#1728 = ADVANCED_FACE('',(#1729),#1747,.T.);
#1729 = FACE_BOUND('',#1730,.T.);
#1730 = EDGE_LOOP('',(#1731,#1732,#1733,#1741));
#1731 = ORIENTED_EDGE('',*,*,#1606,.F.);
#1732 = ORIENTED_EDGE('',*,*,#734,.T.);
#1733 = ORIENTED_EDGE('',*,*,#1734,.T.);
#1734 = EDGE_CURVE('',#735,#1735,#1737,.T.);
#1735 = VERTEX_POINT('',#1736);
#1736 = CARTESIAN_POINT('',(-16.,33.,7.));
#1737 = LINE('',#1738,#1739);
#1738 = CARTESIAN_POINT('',(-16.,-40.,7.));
#1739 = VECTOR('',#1740,1.);
#1740 = DIRECTION('',(-0.,1.,0.));
#1741 = ORIENTED_EDGE('',*,*,#1742,.F.);
#1742 = EDGE_CURVE('',#1607,#1735,#1743,.T.);
#1743 = LINE('',#1744,#1745);
#1744 = CARTESIAN_POINT('',(-36.5,33.,7.));
#1745 = VECTOR('',#1746,1.);
#1746 = DIRECTION('',(1.,0.,-0.));
#1747 = PLANE('',#1748);
#1748 = AXIS2_PLACEMENT_3D('',#1749,#1750,#1751);
#1749 = CARTESIAN_POINT('',(-32.,-40.,7.));
#1750 = DIRECTION('',(0.,0.,1.));
#1751 = DIRECTION('',(1.,0.,-0.));
#1752 = ADVANCED_FACE('',(#1753),#1867,.F.);
#1753 = FACE_BOUND('',#1754,.F.);
#1754 = EDGE_LOOP('',(#1755,#1756,#1757,#1765,#1773,#1781,#1789,#1797,
    #1805,#1813,#1821,#1829,#1837,#1845,#1853,#1861));
#1755 = ORIENTED_EDGE('',*,*,#742,.T.);
#1756 = ORIENTED_EDGE('',*,*,#1734,.T.);
#1757 = ORIENTED_EDGE('',*,*,#1758,.F.);
#1758 = EDGE_CURVE('',#1759,#1735,#1761,.T.);
#1759 = VERTEX_POINT('',#1760);
#1760 = CARTESIAN_POINT('',(-16.,33.,11.));
#1761 = LINE('',#1762,#1763);
#1762 = CARTESIAN_POINT('',(-16.,33.,3.5));
#1763 = VECTOR('',#1764,1.);
#1764 = DIRECTION('',(-0.,0.,-1.));
#1765 = ORIENTED_EDGE('',*,*,#1766,.T.);
#1766 = EDGE_CURVE('',#1759,#1767,#1769,.T.);
#1767 = VERTEX_POINT('',#1768);
#1768 = CARTESIAN_POINT('',(-16.,34.6,11.));
#1769 = LINE('',#1770,#1771);
#1770 = CARTESIAN_POINT('',(-16.,-37.3,11.));
#1771 = VECTOR('',#1772,1.);
#1772 = DIRECTION('',(-0.,1.,0.));
#1773 = ORIENTED_EDGE('',*,*,#1774,.F.);
#1774 = EDGE_CURVE('',#1775,#1767,#1777,.T.);
#1775 = VERTEX_POINT('',#1776);
#1776 = CARTESIAN_POINT('',(-16.,34.6,12.15));
#1777 = LINE('',#1778,#1779);
#1778 = CARTESIAN_POINT('',(-16.,34.6,9.));
#1779 = VECTOR('',#1780,1.);
#1780 = DIRECTION('',(-0.,0.,-1.));
#1781 = ORIENTED_EDGE('',*,*,#1782,.F.);
#1782 = EDGE_CURVE('',#1783,#1775,#1785,.T.);
#1783 = VERTEX_POINT('',#1784);
#1784 = CARTESIAN_POINT('',(-16.,33.,12.15));
#1785 = LINE('',#1786,#1787);
#1786 = CARTESIAN_POINT('',(-16.,-37.3,12.15));
#1787 = VECTOR('',#1788,1.);
#1788 = DIRECTION('',(-0.,1.,0.));
#1789 = ORIENTED_EDGE('',*,*,#1790,.F.);
#1790 = EDGE_CURVE('',#1791,#1783,#1793,.T.);
#1791 = VERTEX_POINT('',#1792);
#1792 = CARTESIAN_POINT('',(-16.,33.,15.4));
#1793 = LINE('',#1794,#1795);
#1794 = CARTESIAN_POINT('',(-16.,33.,3.5));
#1795 = VECTOR('',#1796,1.);
#1796 = DIRECTION('',(-0.,0.,-1.));
#1797 = ORIENTED_EDGE('',*,*,#1798,.T.);
#1798 = EDGE_CURVE('',#1791,#1799,#1801,.T.);
#1799 = VERTEX_POINT('',#1800);
#1800 = CARTESIAN_POINT('',(-16.,34.6,15.4));
#1801 = LINE('',#1802,#1803);
#1802 = CARTESIAN_POINT('',(-16.,-37.3,15.4));
#1803 = VECTOR('',#1804,1.);
#1804 = DIRECTION('',(-0.,1.,0.));
#1805 = ORIENTED_EDGE('',*,*,#1806,.F.);
#1806 = EDGE_CURVE('',#1807,#1799,#1809,.T.);
#1807 = VERTEX_POINT('',#1808);
#1808 = CARTESIAN_POINT('',(-16.,34.6,16.55));
#1809 = LINE('',#1810,#1811);
#1810 = CARTESIAN_POINT('',(-16.,34.6,11.2));
#1811 = VECTOR('',#1812,1.);
#1812 = DIRECTION('',(-0.,0.,-1.));
#1813 = ORIENTED_EDGE('',*,*,#1814,.F.);
#1814 = EDGE_CURVE('',#1815,#1807,#1817,.T.);
#1815 = VERTEX_POINT('',#1816);
#1816 = CARTESIAN_POINT('',(-16.,33.,16.55));
#1817 = LINE('',#1818,#1819);
#1818 = CARTESIAN_POINT('',(-16.,-37.3,16.55));
#1819 = VECTOR('',#1820,1.);
#1820 = DIRECTION('',(-0.,1.,0.));
#1821 = ORIENTED_EDGE('',*,*,#1822,.F.);
#1822 = EDGE_CURVE('',#1823,#1815,#1825,.T.);
#1823 = VERTEX_POINT('',#1824);
#1824 = CARTESIAN_POINT('',(-16.,33.,19.8));
#1825 = LINE('',#1826,#1827);
#1826 = CARTESIAN_POINT('',(-16.,33.,3.5));
#1827 = VECTOR('',#1828,1.);
#1828 = DIRECTION('',(-0.,0.,-1.));
#1829 = ORIENTED_EDGE('',*,*,#1830,.T.);
#1830 = EDGE_CURVE('',#1823,#1831,#1833,.T.);
#1831 = VERTEX_POINT('',#1832);
#1832 = CARTESIAN_POINT('',(-16.,34.6,19.8));
#1833 = LINE('',#1834,#1835);
#1834 = CARTESIAN_POINT('',(-16.,-37.3,19.8));
#1835 = VECTOR('',#1836,1.);
#1836 = DIRECTION('',(-0.,1.,0.));
#1837 = ORIENTED_EDGE('',*,*,#1838,.F.);
#1838 = EDGE_CURVE('',#1839,#1831,#1841,.T.);
#1839 = VERTEX_POINT('',#1840);
#1840 = CARTESIAN_POINT('',(-16.,34.6,20.95));
#1841 = LINE('',#1842,#1843);
#1842 = CARTESIAN_POINT('',(-16.,34.6,13.4));
#1843 = VECTOR('',#1844,1.);
#1844 = DIRECTION('',(-0.,0.,-1.));
#1845 = ORIENTED_EDGE('',*,*,#1846,.F.);
#1846 = EDGE_CURVE('',#1847,#1839,#1849,.T.);
#1847 = VERTEX_POINT('',#1848);
#1848 = CARTESIAN_POINT('',(-16.,33.,20.95));
#1849 = LINE('',#1850,#1851);
#1850 = CARTESIAN_POINT('',(-16.,-37.3,20.95));
#1851 = VECTOR('',#1852,1.);
#1852 = DIRECTION('',(-0.,1.,0.));
#1853 = ORIENTED_EDGE('',*,*,#1854,.F.);
#1854 = EDGE_CURVE('',#1855,#1847,#1857,.T.);
#1855 = VERTEX_POINT('',#1856);
#1856 = CARTESIAN_POINT('',(-16.,33.,22.));
#1857 = LINE('',#1858,#1859);
#1858 = CARTESIAN_POINT('',(-16.,33.,3.5));
#1859 = VECTOR('',#1860,1.);
#1860 = DIRECTION('',(-0.,0.,-1.));
#1861 = ORIENTED_EDGE('',*,*,#1862,.F.);
#1862 = EDGE_CURVE('',#743,#1855,#1863,.T.);
#1863 = LINE('',#1864,#1865);
#1864 = CARTESIAN_POINT('',(-16.,-40.,22.));
#1865 = VECTOR('',#1866,1.);
#1866 = DIRECTION('',(-0.,1.,0.));
#1867 = PLANE('',#1868);
#1868 = AXIS2_PLACEMENT_3D('',#1869,#1870,#1871);
#1869 = CARTESIAN_POINT('',(-16.,-40.,7.));
#1870 = DIRECTION('',(1.,0.,-0.));
#1871 = DIRECTION('',(0.,0.,1.));
#1872 = ADVANCED_FACE('',(#1873),#1994,.F.);
#1873 = FACE_BOUND('',#1874,.F.);
#1874 = EDGE_LOOP('',(#1875,#1876,#1884,#1892,#1900,#1908,#1916,#1924,
    #1932,#1940,#1948,#1956,#1964,#1972,#1980,#1988));
#1875 = ORIENTED_EDGE('',*,*,#786,.T.);
#1876 = ORIENTED_EDGE('',*,*,#1877,.T.);
#1877 = EDGE_CURVE('',#779,#1878,#1880,.T.);
#1878 = VERTEX_POINT('',#1879);
#1879 = CARTESIAN_POINT('',(32.,33.,7.));
#1880 = LINE('',#1881,#1882);
#1881 = CARTESIAN_POINT('',(32.,-40.,7.));
#1882 = VECTOR('',#1883,1.);
#1883 = DIRECTION('',(-0.,1.,0.));
#1884 = ORIENTED_EDGE('',*,*,#1885,.F.);
#1885 = EDGE_CURVE('',#1886,#1878,#1888,.T.);
#1886 = VERTEX_POINT('',#1887);
#1887 = CARTESIAN_POINT('',(32.,33.,11.));
#1888 = LINE('',#1889,#1890);
#1889 = CARTESIAN_POINT('',(32.,33.,3.5));
#1890 = VECTOR('',#1891,1.);
#1891 = DIRECTION('',(-0.,0.,-1.));
#1892 = ORIENTED_EDGE('',*,*,#1893,.T.);
#1893 = EDGE_CURVE('',#1886,#1894,#1896,.T.);
#1894 = VERTEX_POINT('',#1895);
#1895 = CARTESIAN_POINT('',(32.,34.6,11.));
#1896 = LINE('',#1897,#1898);
#1897 = CARTESIAN_POINT('',(32.,-37.3,11.));
#1898 = VECTOR('',#1899,1.);
#1899 = DIRECTION('',(-0.,1.,0.));
#1900 = ORIENTED_EDGE('',*,*,#1901,.F.);
#1901 = EDGE_CURVE('',#1902,#1894,#1904,.T.);
#1902 = VERTEX_POINT('',#1903);
#1903 = CARTESIAN_POINT('',(32.,34.6,12.15));
#1904 = LINE('',#1905,#1906);
#1905 = CARTESIAN_POINT('',(32.,34.6,9.));
#1906 = VECTOR('',#1907,1.);
#1907 = DIRECTION('',(-0.,0.,-1.));
#1908 = ORIENTED_EDGE('',*,*,#1909,.F.);
#1909 = EDGE_CURVE('',#1910,#1902,#1912,.T.);
#1910 = VERTEX_POINT('',#1911);
#1911 = CARTESIAN_POINT('',(32.,33.,12.15));
#1912 = LINE('',#1913,#1914);
#1913 = CARTESIAN_POINT('',(32.,-37.3,12.15));
#1914 = VECTOR('',#1915,1.);
#1915 = DIRECTION('',(-0.,1.,0.));
#1916 = ORIENTED_EDGE('',*,*,#1917,.F.);
#1917 = EDGE_CURVE('',#1918,#1910,#1920,.T.);
#1918 = VERTEX_POINT('',#1919);
#1919 = CARTESIAN_POINT('',(32.,33.,15.4));
#1920 = LINE('',#1921,#1922);
#1921 = CARTESIAN_POINT('',(32.,33.,3.5));
#1922 = VECTOR('',#1923,1.);
#1923 = DIRECTION('',(-0.,0.,-1.));
#1924 = ORIENTED_EDGE('',*,*,#1925,.T.);
#1925 = EDGE_CURVE('',#1918,#1926,#1928,.T.);
#1926 = VERTEX_POINT('',#1927);
#1927 = CARTESIAN_POINT('',(32.,34.6,15.4));
#1928 = LINE('',#1929,#1930);
#1929 = CARTESIAN_POINT('',(32.,-37.3,15.4));
#1930 = VECTOR('',#1931,1.);
#1931 = DIRECTION('',(-0.,1.,0.));
#1932 = ORIENTED_EDGE('',*,*,#1933,.F.);
#1933 = EDGE_CURVE('',#1934,#1926,#1936,.T.);
#1934 = VERTEX_POINT('',#1935);
#1935 = CARTESIAN_POINT('',(32.,34.6,16.55));
#1936 = LINE('',#1937,#1938);
#1937 = CARTESIAN_POINT('',(32.,34.6,11.2));
#1938 = VECTOR('',#1939,1.);
#1939 = DIRECTION('',(-0.,0.,-1.));
#1940 = ORIENTED_EDGE('',*,*,#1941,.F.);
#1941 = EDGE_CURVE('',#1942,#1934,#1944,.T.);
#1942 = VERTEX_POINT('',#1943);
#1943 = CARTESIAN_POINT('',(32.,33.,16.55));
#1944 = LINE('',#1945,#1946);
#1945 = CARTESIAN_POINT('',(32.,-37.3,16.55));
#1946 = VECTOR('',#1947,1.);
#1947 = DIRECTION('',(-0.,1.,0.));
#1948 = ORIENTED_EDGE('',*,*,#1949,.F.);
#1949 = EDGE_CURVE('',#1950,#1942,#1952,.T.);
#1950 = VERTEX_POINT('',#1951);
#1951 = CARTESIAN_POINT('',(32.,33.,19.8));
#1952 = LINE('',#1953,#1954);
#1953 = CARTESIAN_POINT('',(32.,33.,3.5));
#1954 = VECTOR('',#1955,1.);
#1955 = DIRECTION('',(-0.,0.,-1.));
#1956 = ORIENTED_EDGE('',*,*,#1957,.T.);
#1957 = EDGE_CURVE('',#1950,#1958,#1960,.T.);
#1958 = VERTEX_POINT('',#1959);
#1959 = CARTESIAN_POINT('',(32.,34.6,19.8));
#1960 = LINE('',#1961,#1962);
#1961 = CARTESIAN_POINT('',(32.,-37.3,19.8));
#1962 = VECTOR('',#1963,1.);
#1963 = DIRECTION('',(-0.,1.,0.));
#1964 = ORIENTED_EDGE('',*,*,#1965,.F.);
#1965 = EDGE_CURVE('',#1966,#1958,#1968,.T.);
#1966 = VERTEX_POINT('',#1967);
#1967 = CARTESIAN_POINT('',(32.,34.6,20.95));
#1968 = LINE('',#1969,#1970);
#1969 = CARTESIAN_POINT('',(32.,34.6,13.4));
#1970 = VECTOR('',#1971,1.);
#1971 = DIRECTION('',(-0.,0.,-1.));
#1972 = ORIENTED_EDGE('',*,*,#1973,.F.);
#1973 = EDGE_CURVE('',#1974,#1966,#1976,.T.);
#1974 = VERTEX_POINT('',#1975);
#1975 = CARTESIAN_POINT('',(32.,33.,20.95));
#1976 = LINE('',#1977,#1978);
#1977 = CARTESIAN_POINT('',(32.,-37.3,20.95));
#1978 = VECTOR('',#1979,1.);
#1979 = DIRECTION('',(-0.,1.,0.));
#1980 = ORIENTED_EDGE('',*,*,#1981,.F.);
#1981 = EDGE_CURVE('',#1982,#1974,#1984,.T.);
#1982 = VERTEX_POINT('',#1983);
#1983 = CARTESIAN_POINT('',(32.,33.,22.));
#1984 = LINE('',#1985,#1986);
#1985 = CARTESIAN_POINT('',(32.,33.,3.5));
#1986 = VECTOR('',#1987,1.);
#1987 = DIRECTION('',(-0.,0.,-1.));
#1988 = ORIENTED_EDGE('',*,*,#1989,.F.);
#1989 = EDGE_CURVE('',#787,#1982,#1990,.T.);
#1990 = LINE('',#1991,#1992);
#1991 = CARTESIAN_POINT('',(32.,-40.,22.));
#1992 = VECTOR('',#1993,1.);
#1993 = DIRECTION('',(-0.,1.,0.));
#1994 = PLANE('',#1995);
#1995 = AXIS2_PLACEMENT_3D('',#1996,#1997,#1998);
#1996 = CARTESIAN_POINT('',(32.,-40.,7.));
#1997 = DIRECTION('',(1.,0.,-0.));
#1998 = DIRECTION('',(0.,0.,1.));
#1999 = ADVANCED_FACE('',(#2000),#2018,.T.);
#2000 = FACE_BOUND('',#2001,.T.);
#2001 = EDGE_LOOP('',(#2002,#2010,#2011,#2012));
#2002 = ORIENTED_EDGE('',*,*,#2003,.F.);
#2003 = EDGE_CURVE('',#771,#2004,#2006,.T.);
#2004 = VERTEX_POINT('',#2005);
#2005 = CARTESIAN_POINT('',(16.,33.,7.));
#2006 = LINE('',#2007,#2008);
#2007 = CARTESIAN_POINT('',(16.,-40.,7.));
#2008 = VECTOR('',#2009,1.);
#2009 = DIRECTION('',(-0.,1.,0.));
#2010 = ORIENTED_EDGE('',*,*,#778,.T.);
#2011 = ORIENTED_EDGE('',*,*,#1877,.T.);
#2012 = ORIENTED_EDGE('',*,*,#2013,.F.);
#2013 = EDGE_CURVE('',#2004,#1878,#2014,.T.);
#2014 = LINE('',#2015,#2016);
#2015 = CARTESIAN_POINT('',(-12.5,33.,7.));
#2016 = VECTOR('',#2017,1.);
#2017 = DIRECTION('',(1.,0.,-0.));
#2018 = PLANE('',#2019);
#2019 = AXIS2_PLACEMENT_3D('',#2020,#2021,#2022);
#2020 = CARTESIAN_POINT('',(16.,-40.,7.));
#2021 = DIRECTION('',(0.,0.,1.));
#2022 = DIRECTION('',(1.,0.,-0.));
#2023 = ADVANCED_FACE('',(#2024),#2138,.T.);
#2024 = FACE_BOUND('',#2025,.T.);
#2025 = EDGE_LOOP('',(#2026,#2027,#2028,#2036,#2044,#2052,#2060,#2068,
    #2076,#2084,#2092,#2100,#2108,#2116,#2124,#2132));
#2026 = ORIENTED_EDGE('',*,*,#770,.T.);
#2027 = ORIENTED_EDGE('',*,*,#2003,.T.);
#2028 = ORIENTED_EDGE('',*,*,#2029,.F.);
#2029 = EDGE_CURVE('',#2030,#2004,#2032,.T.);
#2030 = VERTEX_POINT('',#2031);
#2031 = CARTESIAN_POINT('',(16.,33.,11.));
#2032 = LINE('',#2033,#2034);
#2033 = CARTESIAN_POINT('',(16.,33.,3.5));
#2034 = VECTOR('',#2035,1.);
#2035 = DIRECTION('',(-0.,0.,-1.));
#2036 = ORIENTED_EDGE('',*,*,#2037,.T.);
#2037 = EDGE_CURVE('',#2030,#2038,#2040,.T.);
#2038 = VERTEX_POINT('',#2039);
#2039 = CARTESIAN_POINT('',(16.,34.6,11.));
#2040 = LINE('',#2041,#2042);
#2041 = CARTESIAN_POINT('',(16.,-37.3,11.));
#2042 = VECTOR('',#2043,1.);
#2043 = DIRECTION('',(-0.,1.,0.));
#2044 = ORIENTED_EDGE('',*,*,#2045,.F.);
#2045 = EDGE_CURVE('',#2046,#2038,#2048,.T.);
#2046 = VERTEX_POINT('',#2047);
#2047 = CARTESIAN_POINT('',(16.,34.6,12.15));
#2048 = LINE('',#2049,#2050);
#2049 = CARTESIAN_POINT('',(16.,34.6,9.));
#2050 = VECTOR('',#2051,1.);
#2051 = DIRECTION('',(-0.,0.,-1.));
#2052 = ORIENTED_EDGE('',*,*,#2053,.F.);
#2053 = EDGE_CURVE('',#2054,#2046,#2056,.T.);
#2054 = VERTEX_POINT('',#2055);
#2055 = CARTESIAN_POINT('',(16.,33.,12.15));
#2056 = LINE('',#2057,#2058);
#2057 = CARTESIAN_POINT('',(16.,-37.3,12.15));
#2058 = VECTOR('',#2059,1.);
#2059 = DIRECTION('',(-0.,1.,0.));
#2060 = ORIENTED_EDGE('',*,*,#2061,.F.);
#2061 = EDGE_CURVE('',#2062,#2054,#2064,.T.);
#2062 = VERTEX_POINT('',#2063);
#2063 = CARTESIAN_POINT('',(16.,33.,15.4));
#2064 = LINE('',#2065,#2066);
#2065 = CARTESIAN_POINT('',(16.,33.,3.5));
#2066 = VECTOR('',#2067,1.);
#2067 = DIRECTION('',(-0.,0.,-1.));
#2068 = ORIENTED_EDGE('',*,*,#2069,.T.);
#2069 = EDGE_CURVE('',#2062,#2070,#2072,.T.);
#2070 = VERTEX_POINT('',#2071);
#2071 = CARTESIAN_POINT('',(16.,34.6,15.4));
#2072 = LINE('',#2073,#2074);
#2073 = CARTESIAN_POINT('',(16.,-37.3,15.4));
#2074 = VECTOR('',#2075,1.);
#2075 = DIRECTION('',(-0.,1.,0.));
#2076 = ORIENTED_EDGE('',*,*,#2077,.F.);
#2077 = EDGE_CURVE('',#2078,#2070,#2080,.T.);
#2078 = VERTEX_POINT('',#2079);
#2079 = CARTESIAN_POINT('',(16.,34.6,16.55));
#2080 = LINE('',#2081,#2082);
#2081 = CARTESIAN_POINT('',(16.,34.6,11.2));
#2082 = VECTOR('',#2083,1.);
#2083 = DIRECTION('',(-0.,0.,-1.));
#2084 = ORIENTED_EDGE('',*,*,#2085,.F.);
#2085 = EDGE_CURVE('',#2086,#2078,#2088,.T.);
#2086 = VERTEX_POINT('',#2087);
#2087 = CARTESIAN_POINT('',(16.,33.,16.55));
#2088 = LINE('',#2089,#2090);
#2089 = CARTESIAN_POINT('',(16.,-37.3,16.55));
#2090 = VECTOR('',#2091,1.);
#2091 = DIRECTION('',(-0.,1.,0.));
#2092 = ORIENTED_EDGE('',*,*,#2093,.F.);
#2093 = EDGE_CURVE('',#2094,#2086,#2096,.T.);
#2094 = VERTEX_POINT('',#2095);
#2095 = CARTESIAN_POINT('',(16.,33.,19.8));
#2096 = LINE('',#2097,#2098);
#2097 = CARTESIAN_POINT('',(16.,33.,3.5));
#2098 = VECTOR('',#2099,1.);
#2099 = DIRECTION('',(-0.,0.,-1.));
#2100 = ORIENTED_EDGE('',*,*,#2101,.T.);
#2101 = EDGE_CURVE('',#2094,#2102,#2104,.T.);
#2102 = VERTEX_POINT('',#2103);
#2103 = CARTESIAN_POINT('',(16.,34.6,19.8));
#2104 = LINE('',#2105,#2106);
#2105 = CARTESIAN_POINT('',(16.,-37.3,19.8));
#2106 = VECTOR('',#2107,1.);
#2107 = DIRECTION('',(-0.,1.,0.));
#2108 = ORIENTED_EDGE('',*,*,#2109,.F.);
#2109 = EDGE_CURVE('',#2110,#2102,#2112,.T.);
#2110 = VERTEX_POINT('',#2111);
#2111 = CARTESIAN_POINT('',(16.,34.6,20.95));
#2112 = LINE('',#2113,#2114);
#2113 = CARTESIAN_POINT('',(16.,34.6,13.4));
#2114 = VECTOR('',#2115,1.);
#2115 = DIRECTION('',(-0.,0.,-1.));
#2116 = ORIENTED_EDGE('',*,*,#2117,.F.);
#2117 = EDGE_CURVE('',#2118,#2110,#2120,.T.);
#2118 = VERTEX_POINT('',#2119);
#2119 = CARTESIAN_POINT('',(16.,33.,20.95));
#2120 = LINE('',#2121,#2122);
#2121 = CARTESIAN_POINT('',(16.,-37.3,20.95));
#2122 = VECTOR('',#2123,1.);
#2123 = DIRECTION('',(-0.,1.,0.));
#2124 = ORIENTED_EDGE('',*,*,#2125,.F.);
#2125 = EDGE_CURVE('',#2126,#2118,#2128,.T.);
#2126 = VERTEX_POINT('',#2127);
#2127 = CARTESIAN_POINT('',(16.,33.,22.));
#2128 = LINE('',#2129,#2130);
#2129 = CARTESIAN_POINT('',(16.,33.,3.5));
#2130 = VECTOR('',#2131,1.);
#2131 = DIRECTION('',(-0.,0.,-1.));
#2132 = ORIENTED_EDGE('',*,*,#2133,.F.);
#2133 = EDGE_CURVE('',#760,#2126,#2134,.T.);
#2134 = LINE('',#2135,#2136);
#2135 = CARTESIAN_POINT('',(16.,-40.,22.));
#2136 = VECTOR('',#2137,1.);
#2137 = DIRECTION('',(-0.,1.,0.));
#2138 = PLANE('',#2139);
#2139 = AXIS2_PLACEMENT_3D('',#2140,#2141,#2142);
#2140 = CARTESIAN_POINT('',(16.,-40.,7.));
#2141 = DIRECTION('',(1.,0.,-0.));
#2142 = DIRECTION('',(0.,0.,1.));
#2143 = ADVANCED_FACE('',(#2144,#2154),#2224,.F.);
#2144 = FACE_BOUND('',#2145,.F.);
#2145 = EDGE_LOOP('',(#2146,#2147,#2148,#2149,#2150,#2151,#2152,#2153));
#2146 = ORIENTED_EDGE('',*,*,#860,.F.);
#2147 = ORIENTED_EDGE('',*,*,#882,.T.);
#2148 = ORIENTED_EDGE('',*,*,#932,.T.);
#2149 = ORIENTED_EDGE('',*,*,#980,.F.);
#2150 = ORIENTED_EDGE('',*,*,#1032,.T.);
#2151 = ORIENTED_EDGE('',*,*,#1005,.T.);
#2152 = ORIENTED_EDGE('',*,*,#956,.F.);
#2153 = ORIENTED_EDGE('',*,*,#907,.F.);
#2154 = FACE_BOUND('',#2155,.F.);
#2155 = EDGE_LOOP('',(#2156,#2166,#2175,#2183,#2192,#2200,#2209,#2217));
#2156 = ORIENTED_EDGE('',*,*,#2157,.F.);
#2157 = EDGE_CURVE('',#2158,#2160,#2162,.T.);
#2158 = VERTEX_POINT('',#2159);
#2159 = CARTESIAN_POINT('',(-41.,27.,50.6));
#2160 = VERTEX_POINT('',#2161);
#2161 = CARTESIAN_POINT('',(-41.,-27.,50.6));
#2162 = LINE('',#2163,#2164);
#2163 = CARTESIAN_POINT('',(-41.,-33.8,50.6));
#2164 = VECTOR('',#2165,1.);
#2165 = DIRECTION('',(0.,-1.,0.));
#2166 = ORIENTED_EDGE('',*,*,#2167,.F.);
#2167 = EDGE_CURVE('',#2168,#2158,#2170,.T.);
#2168 = VERTEX_POINT('',#2169);
#2169 = CARTESIAN_POINT('',(-35.,33.,50.6));
#2170 = CIRCLE('',#2171,6.);
#2171 = AXIS2_PLACEMENT_3D('',#2172,#2173,#2174);
#2172 = CARTESIAN_POINT('',(-35.,27.,50.6));
#2173 = DIRECTION('',(0.,0.,1.));
#2174 = DIRECTION('',(-1.,-0.,0.));
#2175 = ORIENTED_EDGE('',*,*,#2176,.T.);
#2176 = EDGE_CURVE('',#2168,#2177,#2179,.T.);
#2177 = VERTEX_POINT('',#2178);
#2178 = CARTESIAN_POINT('',(35.,33.,50.6));
#2179 = LINE('',#2180,#2181);
#2180 = CARTESIAN_POINT('',(-41.8,33.,50.6));
#2181 = VECTOR('',#2182,1.);
#2182 = DIRECTION('',(1.,0.,-0.));
#2183 = ORIENTED_EDGE('',*,*,#2184,.F.);
#2184 = EDGE_CURVE('',#2185,#2177,#2187,.T.);
#2185 = VERTEX_POINT('',#2186);
#2186 = CARTESIAN_POINT('',(41.,27.,50.6));
#2187 = CIRCLE('',#2188,6.);
#2188 = AXIS2_PLACEMENT_3D('',#2189,#2190,#2191);
#2189 = CARTESIAN_POINT('',(35.,27.,50.6));
#2190 = DIRECTION('',(0.,0.,1.));
#2191 = DIRECTION('',(1.,0.,-0.));
#2192 = ORIENTED_EDGE('',*,*,#2193,.T.);
#2193 = EDGE_CURVE('',#2185,#2194,#2196,.T.);
#2194 = VERTEX_POINT('',#2195);
#2195 = CARTESIAN_POINT('',(41.,-27.,50.6));
#2196 = LINE('',#2197,#2198);
#2197 = CARTESIAN_POINT('',(41.,-33.8,50.6));
#2198 = VECTOR('',#2199,1.);
#2199 = DIRECTION('',(0.,-1.,0.));
#2200 = ORIENTED_EDGE('',*,*,#2201,.F.);
#2201 = EDGE_CURVE('',#2202,#2194,#2204,.T.);
#2202 = VERTEX_POINT('',#2203);
#2203 = CARTESIAN_POINT('',(35.,-33.,50.6));
#2204 = CIRCLE('',#2205,6.);
#2205 = AXIS2_PLACEMENT_3D('',#2206,#2207,#2208);
#2206 = CARTESIAN_POINT('',(35.,-27.,50.6));
#2207 = DIRECTION('',(0.,0.,1.));
#2208 = DIRECTION('',(1.,0.,-0.));
#2209 = ORIENTED_EDGE('',*,*,#2210,.F.);
#2210 = EDGE_CURVE('',#2211,#2202,#2213,.T.);
#2211 = VERTEX_POINT('',#2212);
#2212 = CARTESIAN_POINT('',(-35.,-33.,50.6));
#2213 = LINE('',#2214,#2215);
#2214 = CARTESIAN_POINT('',(-41.8,-33.,50.6));
#2215 = VECTOR('',#2216,1.);
#2216 = DIRECTION('',(1.,0.,-0.));
#2217 = ORIENTED_EDGE('',*,*,#2218,.F.);
#2218 = EDGE_CURVE('',#2160,#2211,#2219,.T.);
#2219 = CIRCLE('',#2220,6.);
#2220 = AXIS2_PLACEMENT_3D('',#2221,#2222,#2223);
#2221 = CARTESIAN_POINT('',(-35.,-27.,50.6));
#2222 = DIRECTION('',(0.,0.,1.));
#2223 = DIRECTION('',(-1.,-0.,0.));
#2224 = PLANE('',#2225);
#2225 = AXIS2_PLACEMENT_3D('',#2226,#2227,#2228);
#2226 = CARTESIAN_POINT('',(-42.6,-34.6,50.6));
#2227 = DIRECTION('',(0.,0.,1.));
#2228 = DIRECTION('',(1.,0.,-0.));
#2229 = ADVANCED_FACE('',(#2230),#2264,.F.);
#2230 = FACE_BOUND('',#2231,.F.);
#2231 = EDGE_LOOP('',(#2232,#2240,#2248,#2256,#2263));
#2232 = ORIENTED_EDGE('',*,*,#2233,.F.);
#2233 = EDGE_CURVE('',#2234,#1089,#2236,.T.);
#2234 = VERTEX_POINT('',#2235);
#2235 = CARTESIAN_POINT('',(-35.,-33.,20.95));
#2236 = LINE('',#2237,#2238);
#2237 = CARTESIAN_POINT('',(-41.8,-33.,20.95));
#2238 = VECTOR('',#2239,1.);
#2239 = DIRECTION('',(1.,0.,-0.));
#2240 = ORIENTED_EDGE('',*,*,#2241,.T.);
#2241 = EDGE_CURVE('',#2234,#2242,#2244,.T.);
#2242 = VERTEX_POINT('',#2243);
#2243 = CARTESIAN_POINT('',(-35.,-33.,24.2));
#2244 = LINE('',#2245,#2246);
#2245 = CARTESIAN_POINT('',(-35.,-33.,0.));
#2246 = VECTOR('',#2247,1.);
#2247 = DIRECTION('',(0.,0.,1.));
#2248 = ORIENTED_EDGE('',*,*,#2249,.T.);
#2249 = EDGE_CURVE('',#2242,#2250,#2252,.T.);
#2250 = VERTEX_POINT('',#2251);
#2251 = CARTESIAN_POINT('',(-31.69155380921,-33.,24.2));
#2252 = LINE('',#2253,#2254);
#2253 = CARTESIAN_POINT('',(-41.8,-33.,24.2));
#2254 = VECTOR('',#2255,1.);
#2255 = DIRECTION('',(1.,0.,-0.));
#2256 = ORIENTED_EDGE('',*,*,#2257,.F.);
#2257 = EDGE_CURVE('',#1081,#2250,#2258,.T.);
#2258 = CIRCLE('',#2259,8.);
#2259 = AXIS2_PLACEMENT_3D('',#2260,#2261,#2262);
#2260 = CARTESIAN_POINT('',(-24.,-33.,22.));
#2261 = DIRECTION('',(0.,1.,0.));
#2262 = DIRECTION('',(0.,-0.,1.));
#2263 = ORIENTED_EDGE('',*,*,#1088,.T.);
#2264 = PLANE('',#2265);
#2265 = AXIS2_PLACEMENT_3D('',#2266,#2267,#2268);
#2266 = CARTESIAN_POINT('',(-41.,-33.,0.));
#2267 = DIRECTION('',(-0.,1.,0.));
#2268 = DIRECTION('',(0.,0.,1.));
#2269 = ADVANCED_FACE('',(#2270),#2356,.F.);
#2270 = FACE_BOUND('',#2271,.F.);
#2271 = EDGE_LOOP('',(#2272,#2282,#2290,#2298,#2306,#2314,#2323,#2332,
    #2340,#2349));
#2272 = ORIENTED_EDGE('',*,*,#2273,.F.);
#2273 = EDGE_CURVE('',#2274,#2276,#2278,.T.);
#2274 = VERTEX_POINT('',#2275);
#2275 = CARTESIAN_POINT('',(-35.,-33.,29.75));
#2276 = VERTEX_POINT('',#2277);
#2277 = CARTESIAN_POINT('',(-25.98431348329,-33.,29.75));
#2278 = LINE('',#2279,#2280);
#2279 = CARTESIAN_POINT('',(-41.8,-33.,29.75));
#2280 = VECTOR('',#2281,1.);
#2281 = DIRECTION('',(1.,0.,-0.));
#2282 = ORIENTED_EDGE('',*,*,#2283,.T.);
#2283 = EDGE_CURVE('',#2274,#2284,#2286,.T.);
#2284 = VERTEX_POINT('',#2285);
#2285 = CARTESIAN_POINT('',(-35.,-33.,33.));
#2286 = LINE('',#2287,#2288);
#2287 = CARTESIAN_POINT('',(-35.,-33.,0.));
#2288 = VECTOR('',#2289,1.);
#2289 = DIRECTION('',(0.,0.,1.));
#2290 = ORIENTED_EDGE('',*,*,#2291,.T.);
#2291 = EDGE_CURVE('',#2284,#2292,#2294,.T.);
#2292 = VERTEX_POINT('',#2293);
#2293 = CARTESIAN_POINT('',(35.,-33.,33.));
#2294 = LINE('',#2295,#2296);
#2295 = CARTESIAN_POINT('',(-41.8,-33.,33.));
#2296 = VECTOR('',#2297,1.);
#2297 = DIRECTION('',(1.,0.,-0.));
#2298 = ORIENTED_EDGE('',*,*,#2299,.F.);
#2299 = EDGE_CURVE('',#2300,#2292,#2302,.T.);
#2300 = VERTEX_POINT('',#2301);
#2301 = CARTESIAN_POINT('',(35.,-33.,29.75));
#2302 = LINE('',#2303,#2304);
#2303 = CARTESIAN_POINT('',(35.,-33.,0.));
#2304 = VECTOR('',#2305,1.);
#2305 = DIRECTION('',(0.,0.,1.));
#2306 = ORIENTED_EDGE('',*,*,#2307,.F.);
#2307 = EDGE_CURVE('',#2308,#2300,#2310,.T.);
#2308 = VERTEX_POINT('',#2309);
#2309 = CARTESIAN_POINT('',(25.984313483298,-33.,29.75));
#2310 = LINE('',#2311,#2312);
#2311 = CARTESIAN_POINT('',(-41.8,-33.,29.75));
#2312 = VECTOR('',#2313,1.);
#2313 = DIRECTION('',(1.,0.,-0.));
#2314 = ORIENTED_EDGE('',*,*,#2315,.F.);
#2315 = EDGE_CURVE('',#2316,#2308,#2318,.T.);
#2316 = VERTEX_POINT('',#2317);
#2317 = CARTESIAN_POINT('',(24.,-33.,30.));
#2318 = CIRCLE('',#2319,8.);
#2319 = AXIS2_PLACEMENT_3D('',#2320,#2321,#2322);
#2320 = CARTESIAN_POINT('',(24.,-33.,22.));
#2321 = DIRECTION('',(0.,1.,0.));
#2322 = DIRECTION('',(0.,-0.,1.));
#2323 = ORIENTED_EDGE('',*,*,#2324,.F.);
#2324 = EDGE_CURVE('',#2325,#2316,#2327,.T.);
#2325 = VERTEX_POINT('',#2326);
#2326 = CARTESIAN_POINT('',(22.015686516702,-33.,29.75));
#2327 = CIRCLE('',#2328,8.);
#2328 = AXIS2_PLACEMENT_3D('',#2329,#2330,#2331);
#2329 = CARTESIAN_POINT('',(24.,-33.,22.));
#2330 = DIRECTION('',(0.,1.,0.));
#2331 = DIRECTION('',(0.,-0.,1.));
#2332 = ORIENTED_EDGE('',*,*,#2333,.F.);
#2333 = EDGE_CURVE('',#2334,#2325,#2336,.T.);
#2334 = VERTEX_POINT('',#2335);
#2335 = CARTESIAN_POINT('',(-22.0156865167,-33.,29.75));
#2336 = LINE('',#2337,#2338);
#2337 = CARTESIAN_POINT('',(-41.8,-33.,29.75));
#2338 = VECTOR('',#2339,1.);
#2339 = DIRECTION('',(1.,0.,-0.));
#2340 = ORIENTED_EDGE('',*,*,#2341,.F.);
#2341 = EDGE_CURVE('',#2342,#2334,#2344,.T.);
#2342 = VERTEX_POINT('',#2343);
#2343 = CARTESIAN_POINT('',(-24.,-33.,30.));
#2344 = CIRCLE('',#2345,8.);
#2345 = AXIS2_PLACEMENT_3D('',#2346,#2347,#2348);
#2346 = CARTESIAN_POINT('',(-24.,-33.,22.));
#2347 = DIRECTION('',(0.,1.,0.));
#2348 = DIRECTION('',(0.,-0.,1.));
#2349 = ORIENTED_EDGE('',*,*,#2350,.F.);
#2350 = EDGE_CURVE('',#2276,#2342,#2351,.T.);
#2351 = CIRCLE('',#2352,8.);
#2352 = AXIS2_PLACEMENT_3D('',#2353,#2354,#2355);
#2353 = CARTESIAN_POINT('',(-24.,-33.,22.));
#2354 = DIRECTION('',(0.,1.,0.));
#2355 = DIRECTION('',(0.,-0.,1.));
#2356 = PLANE('',#2357);
#2357 = AXIS2_PLACEMENT_3D('',#2358,#2359,#2360);
#2358 = CARTESIAN_POINT('',(-41.,-33.,0.));
#2359 = DIRECTION('',(-0.,1.,0.));
#2360 = DIRECTION('',(0.,0.,1.));
#2361 = ADVANCED_FACE('',(#2362),#2455,.T.);
#2362 = FACE_BOUND('',#2363,.T.);
#2363 = EDGE_LOOP('',(#2364,#2374,#2383,#2391,#2397,#2398,#2407,#2415,
    #2424,#2432,#2440,#2448));
#2364 = ORIENTED_EDGE('',*,*,#2365,.F.);
#2365 = EDGE_CURVE('',#2366,#2368,#2370,.T.);
#2366 = VERTEX_POINT('',#2367);
#2367 = CARTESIAN_POINT('',(-42.6,-27.6,29.75));
#2368 = VERTEX_POINT('',#2369);
#2369 = CARTESIAN_POINT('',(-42.6,27.6,29.75));
#2370 = LINE('',#2371,#2372);
#2371 = CARTESIAN_POINT('',(-42.6,-34.6,29.75));
#2372 = VECTOR('',#2373,1.);
#2373 = DIRECTION('',(-0.,1.,0.));
#2374 = ORIENTED_EDGE('',*,*,#2375,.T.);
#2375 = EDGE_CURVE('',#2366,#2376,#2378,.T.);
#2376 = VERTEX_POINT('',#2377);
#2377 = CARTESIAN_POINT('',(-35.6,-34.6,29.75));
#2378 = CIRCLE('',#2379,7.);
#2379 = AXIS2_PLACEMENT_3D('',#2380,#2381,#2382);
#2380 = CARTESIAN_POINT('',(-35.6,-27.6,29.75));
#2381 = DIRECTION('',(0.,0.,1.));
#2382 = DIRECTION('',(0.,-1.,0.));
#2383 = ORIENTED_EDGE('',*,*,#2384,.T.);
#2384 = EDGE_CURVE('',#2376,#2385,#2387,.T.);
#2385 = VERTEX_POINT('',#2386);
#2386 = CARTESIAN_POINT('',(-25.98431348329,-34.6,29.75));
#2387 = LINE('',#2388,#2389);
#2388 = CARTESIAN_POINT('',(-42.6,-34.6,29.75));
#2389 = VECTOR('',#2390,1.);
#2390 = DIRECTION('',(1.,0.,-0.));
#2391 = ORIENTED_EDGE('',*,*,#2392,.T.);
#2392 = EDGE_CURVE('',#2385,#2276,#2393,.T.);
#2393 = LINE('',#2394,#2395);
#2394 = CARTESIAN_POINT('',(-25.98431348329,-40.,29.75));
#2395 = VECTOR('',#2396,1.);
#2396 = DIRECTION('',(0.,1.,0.));
#2397 = ORIENTED_EDGE('',*,*,#2273,.F.);
#2398 = ORIENTED_EDGE('',*,*,#2399,.F.);
#2399 = EDGE_CURVE('',#2400,#2274,#2402,.T.);
#2400 = VERTEX_POINT('',#2401);
#2401 = CARTESIAN_POINT('',(-41.,-27.,29.75));
#2402 = CIRCLE('',#2403,6.);
#2403 = AXIS2_PLACEMENT_3D('',#2404,#2405,#2406);
#2404 = CARTESIAN_POINT('',(-35.,-27.,29.75));
#2405 = DIRECTION('',(0.,0.,1.));
#2406 = DIRECTION('',(-1.,-0.,0.));
#2407 = ORIENTED_EDGE('',*,*,#2408,.F.);
#2408 = EDGE_CURVE('',#2409,#2400,#2411,.T.);
#2409 = VERTEX_POINT('',#2410);
#2410 = CARTESIAN_POINT('',(-41.,27.,29.75));
#2411 = LINE('',#2412,#2413);
#2412 = CARTESIAN_POINT('',(-41.,-33.8,29.75));
#2413 = VECTOR('',#2414,1.);
#2414 = DIRECTION('',(0.,-1.,0.));
#2415 = ORIENTED_EDGE('',*,*,#2416,.F.);
#2416 = EDGE_CURVE('',#2417,#2409,#2419,.T.);
#2417 = VERTEX_POINT('',#2418);
#2418 = CARTESIAN_POINT('',(-35.,33.,29.75));
#2419 = CIRCLE('',#2420,6.);
#2420 = AXIS2_PLACEMENT_3D('',#2421,#2422,#2423);
#2421 = CARTESIAN_POINT('',(-35.,27.,29.75));
#2422 = DIRECTION('',(0.,0.,1.));
#2423 = DIRECTION('',(-1.,-0.,0.));
#2424 = ORIENTED_EDGE('',*,*,#2425,.T.);
#2425 = EDGE_CURVE('',#2417,#2426,#2428,.T.);
#2426 = VERTEX_POINT('',#2427);
#2427 = CARTESIAN_POINT('',(-25.98431348329,33.,29.75));
#2428 = LINE('',#2429,#2430);
#2429 = CARTESIAN_POINT('',(-41.8,33.,29.75));
#2430 = VECTOR('',#2431,1.);
#2431 = DIRECTION('',(1.,0.,-0.));
#2432 = ORIENTED_EDGE('',*,*,#2433,.T.);
#2433 = EDGE_CURVE('',#2426,#2434,#2436,.T.);
#2434 = VERTEX_POINT('',#2435);
#2435 = CARTESIAN_POINT('',(-25.98431348329,34.6,29.75));
#2436 = LINE('',#2437,#2438);
#2437 = CARTESIAN_POINT('',(-25.98431348329,-40.,29.75));
#2438 = VECTOR('',#2439,1.);
#2439 = DIRECTION('',(0.,1.,0.));
#2440 = ORIENTED_EDGE('',*,*,#2441,.F.);
#2441 = EDGE_CURVE('',#2442,#2434,#2444,.T.);
#2442 = VERTEX_POINT('',#2443);
#2443 = CARTESIAN_POINT('',(-35.6,34.6,29.75));
#2444 = LINE('',#2445,#2446);
#2445 = CARTESIAN_POINT('',(-42.6,34.6,29.75));
#2446 = VECTOR('',#2447,1.);
#2447 = DIRECTION('',(1.,0.,-0.));
#2448 = ORIENTED_EDGE('',*,*,#2449,.F.);
#2449 = EDGE_CURVE('',#2368,#2442,#2450,.T.);
#2450 = CIRCLE('',#2451,7.);
#2451 = AXIS2_PLACEMENT_3D('',#2452,#2453,#2454);
#2452 = CARTESIAN_POINT('',(-35.6,27.6,29.75));
#2453 = DIRECTION('',(-0.,-0.,-1.));
#2454 = DIRECTION('',(0.,-1.,0.));
#2455 = PLANE('',#2456);
#2456 = AXIS2_PLACEMENT_3D('',#2457,#2458,#2459);
#2457 = CARTESIAN_POINT('',(-42.6,-34.6,29.75));
#2458 = DIRECTION('',(0.,0.,1.));
#2459 = DIRECTION('',(1.,0.,-0.));
#2460 = ADVANCED_FACE('',(#2461),#2487,.F.);
#2461 = FACE_BOUND('',#2462,.F.);
#2462 = EDGE_LOOP('',(#2463,#2473,#2479,#2480));
#2463 = ORIENTED_EDGE('',*,*,#2464,.F.);
#2464 = EDGE_CURVE('',#2465,#2467,#2469,.T.);
#2465 = VERTEX_POINT('',#2466);
#2466 = CARTESIAN_POINT('',(-35.6,-34.6,28.6));
#2467 = VERTEX_POINT('',#2468);
#2468 = CARTESIAN_POINT('',(-28.52106182218,-34.6,28.6));
#2469 = LINE('',#2470,#2471);
#2470 = CARTESIAN_POINT('',(-42.6,-34.6,28.6));
#2471 = VECTOR('',#2472,1.);
#2472 = DIRECTION('',(1.,0.,-0.));
#2473 = ORIENTED_EDGE('',*,*,#2474,.T.);
#2474 = EDGE_CURVE('',#2465,#2376,#2475,.T.);
#2475 = LINE('',#2476,#2477);
#2476 = CARTESIAN_POINT('',(-35.6,-34.6,28.6));
#2477 = VECTOR('',#2478,1.);
#2478 = DIRECTION('',(0.,0.,1.));
#2479 = ORIENTED_EDGE('',*,*,#2384,.T.);
#2480 = ORIENTED_EDGE('',*,*,#2481,.F.);
#2481 = EDGE_CURVE('',#2467,#2385,#2482,.T.);
#2482 = CIRCLE('',#2483,8.);
#2483 = AXIS2_PLACEMENT_3D('',#2484,#2485,#2486);
#2484 = CARTESIAN_POINT('',(-24.,-34.6,22.));
#2485 = DIRECTION('',(0.,1.,0.));
#2486 = DIRECTION('',(0.,-0.,1.));
#2487 = PLANE('',#2488);
#2488 = AXIS2_PLACEMENT_3D('',#2489,#2490,#2491);
#2489 = CARTESIAN_POINT('',(-42.6,-34.6,28.6));
#2490 = DIRECTION('',(-0.,1.,0.));
#2491 = DIRECTION('',(0.,0.,1.));
#2492 = ADVANCED_FACE('',(#2493),#2586,.F.);
#2493 = FACE_BOUND('',#2494,.F.);
#2494 = EDGE_LOOP('',(#2495,#2505,#2512,#2513,#2521,#2529,#2538,#2546,
    #2555,#2563,#2571,#2579));
#2495 = ORIENTED_EDGE('',*,*,#2496,.F.);
#2496 = EDGE_CURVE('',#2497,#2499,#2501,.T.);
#2497 = VERTEX_POINT('',#2498);
#2498 = CARTESIAN_POINT('',(-42.6,-27.6,28.6));
#2499 = VERTEX_POINT('',#2500);
#2500 = CARTESIAN_POINT('',(-42.6,27.6,28.6));
#2501 = LINE('',#2502,#2503);
#2502 = CARTESIAN_POINT('',(-42.6,-34.6,28.6));
#2503 = VECTOR('',#2504,1.);
#2504 = DIRECTION('',(-0.,1.,0.));
#2505 = ORIENTED_EDGE('',*,*,#2506,.T.);
#2506 = EDGE_CURVE('',#2497,#2465,#2507,.T.);
#2507 = CIRCLE('',#2508,7.);
#2508 = AXIS2_PLACEMENT_3D('',#2509,#2510,#2511);
#2509 = CARTESIAN_POINT('',(-35.6,-27.6,28.6));
#2510 = DIRECTION('',(0.,0.,1.));
#2511 = DIRECTION('',(0.,-1.,0.));
#2512 = ORIENTED_EDGE('',*,*,#2464,.T.);
#2513 = ORIENTED_EDGE('',*,*,#2514,.T.);
#2514 = EDGE_CURVE('',#2467,#2515,#2517,.T.);
#2515 = VERTEX_POINT('',#2516);
#2516 = CARTESIAN_POINT('',(-28.52106182218,-33.,28.6));
#2517 = LINE('',#2518,#2519);
#2518 = CARTESIAN_POINT('',(-28.52106182218,-40.,28.6));
#2519 = VECTOR('',#2520,1.);
#2520 = DIRECTION('',(0.,1.,0.));
#2521 = ORIENTED_EDGE('',*,*,#2522,.F.);
#2522 = EDGE_CURVE('',#2523,#2515,#2525,.T.);
#2523 = VERTEX_POINT('',#2524);
#2524 = CARTESIAN_POINT('',(-35.,-33.,28.6));
#2525 = LINE('',#2526,#2527);
#2526 = CARTESIAN_POINT('',(-41.8,-33.,28.6));
#2527 = VECTOR('',#2528,1.);
#2528 = DIRECTION('',(1.,0.,-0.));
#2529 = ORIENTED_EDGE('',*,*,#2530,.F.);
#2530 = EDGE_CURVE('',#2531,#2523,#2533,.T.);
#2531 = VERTEX_POINT('',#2532);
#2532 = CARTESIAN_POINT('',(-41.,-27.,28.6));
#2533 = CIRCLE('',#2534,6.);
#2534 = AXIS2_PLACEMENT_3D('',#2535,#2536,#2537);
#2535 = CARTESIAN_POINT('',(-35.,-27.,28.6));
#2536 = DIRECTION('',(0.,0.,1.));
#2537 = DIRECTION('',(-1.,-0.,0.));
#2538 = ORIENTED_EDGE('',*,*,#2539,.F.);
#2539 = EDGE_CURVE('',#2540,#2531,#2542,.T.);
#2540 = VERTEX_POINT('',#2541);
#2541 = CARTESIAN_POINT('',(-41.,27.,28.6));
#2542 = LINE('',#2543,#2544);
#2543 = CARTESIAN_POINT('',(-41.,-33.8,28.6));
#2544 = VECTOR('',#2545,1.);
#2545 = DIRECTION('',(0.,-1.,0.));
#2546 = ORIENTED_EDGE('',*,*,#2547,.F.);
#2547 = EDGE_CURVE('',#2548,#2540,#2550,.T.);
#2548 = VERTEX_POINT('',#2549);
#2549 = CARTESIAN_POINT('',(-35.,33.,28.6));
#2550 = CIRCLE('',#2551,6.);
#2551 = AXIS2_PLACEMENT_3D('',#2552,#2553,#2554);
#2552 = CARTESIAN_POINT('',(-35.,27.,28.6));
#2553 = DIRECTION('',(0.,0.,1.));
#2554 = DIRECTION('',(-1.,-0.,0.));
#2555 = ORIENTED_EDGE('',*,*,#2556,.T.);
#2556 = EDGE_CURVE('',#2548,#2557,#2559,.T.);
#2557 = VERTEX_POINT('',#2558);
#2558 = CARTESIAN_POINT('',(-28.52106182218,33.,28.6));
#2559 = LINE('',#2560,#2561);
#2560 = CARTESIAN_POINT('',(-41.8,33.,28.6));
#2561 = VECTOR('',#2562,1.);
#2562 = DIRECTION('',(1.,0.,-0.));
#2563 = ORIENTED_EDGE('',*,*,#2564,.T.);
#2564 = EDGE_CURVE('',#2557,#2565,#2567,.T.);
#2565 = VERTEX_POINT('',#2566);
#2566 = CARTESIAN_POINT('',(-28.52106182218,34.6,28.6));
#2567 = LINE('',#2568,#2569);
#2568 = CARTESIAN_POINT('',(-28.52106182218,-40.,28.6));
#2569 = VECTOR('',#2570,1.);
#2570 = DIRECTION('',(0.,1.,0.));
#2571 = ORIENTED_EDGE('',*,*,#2572,.F.);
#2572 = EDGE_CURVE('',#2573,#2565,#2575,.T.);
#2573 = VERTEX_POINT('',#2574);
#2574 = CARTESIAN_POINT('',(-35.6,34.6,28.6));
#2575 = LINE('',#2576,#2577);
#2576 = CARTESIAN_POINT('',(-42.6,34.6,28.6));
#2577 = VECTOR('',#2578,1.);
#2578 = DIRECTION('',(1.,0.,-0.));
#2579 = ORIENTED_EDGE('',*,*,#2580,.F.);
#2580 = EDGE_CURVE('',#2499,#2573,#2581,.T.);
#2581 = CIRCLE('',#2582,7.);
#2582 = AXIS2_PLACEMENT_3D('',#2583,#2584,#2585);
#2583 = CARTESIAN_POINT('',(-35.6,27.6,28.6));
#2584 = DIRECTION('',(-0.,-0.,-1.));
#2585 = DIRECTION('',(0.,-1.,0.));
#2586 = PLANE('',#2587);
#2587 = AXIS2_PLACEMENT_3D('',#2588,#2589,#2590);
#2588 = CARTESIAN_POINT('',(-42.6,-34.6,28.6));
#2589 = DIRECTION('',(0.,0.,1.));
#2590 = DIRECTION('',(1.,0.,-0.));
#2591 = ADVANCED_FACE('',(#2592),#2618,.F.);
#2592 = FACE_BOUND('',#2593,.F.);
#2593 = EDGE_LOOP('',(#2594,#2604,#2610,#2611));
#2594 = ORIENTED_EDGE('',*,*,#2595,.F.);
#2595 = EDGE_CURVE('',#2596,#2598,#2600,.T.);
#2596 = VERTEX_POINT('',#2597);
#2597 = CARTESIAN_POINT('',(-35.,-33.,25.35));
#2598 = VERTEX_POINT('',#2599);
#2599 = CARTESIAN_POINT('',(-31.26481245456,-33.,25.35));
#2600 = LINE('',#2601,#2602);
#2601 = CARTESIAN_POINT('',(-41.8,-33.,25.35));
#2602 = VECTOR('',#2603,1.);
#2603 = DIRECTION('',(1.,0.,-0.));
#2604 = ORIENTED_EDGE('',*,*,#2605,.T.);
#2605 = EDGE_CURVE('',#2596,#2523,#2606,.T.);
#2606 = LINE('',#2607,#2608);
#2607 = CARTESIAN_POINT('',(-35.,-33.,0.));
#2608 = VECTOR('',#2609,1.);
#2609 = DIRECTION('',(0.,0.,1.));
#2610 = ORIENTED_EDGE('',*,*,#2522,.T.);
#2611 = ORIENTED_EDGE('',*,*,#2612,.F.);
#2612 = EDGE_CURVE('',#2598,#2515,#2613,.T.);
#2613 = CIRCLE('',#2614,8.);
#2614 = AXIS2_PLACEMENT_3D('',#2615,#2616,#2617);
#2615 = CARTESIAN_POINT('',(-24.,-33.,22.));
#2616 = DIRECTION('',(0.,1.,0.));
#2617 = DIRECTION('',(0.,-0.,1.));
#2618 = PLANE('',#2619);
#2619 = AXIS2_PLACEMENT_3D('',#2620,#2621,#2622);
#2620 = CARTESIAN_POINT('',(-41.,-33.,0.));
#2621 = DIRECTION('',(-0.,1.,0.));
#2622 = DIRECTION('',(0.,0.,1.));
#2623 = ADVANCED_FACE('',(#2624),#2717,.T.);
#2624 = FACE_BOUND('',#2625,.T.);
#2625 = EDGE_LOOP('',(#2626,#2636,#2645,#2653,#2659,#2660,#2669,#2677,
    #2686,#2694,#2702,#2710));
#2626 = ORIENTED_EDGE('',*,*,#2627,.F.);
#2627 = EDGE_CURVE('',#2628,#2630,#2632,.T.);
#2628 = VERTEX_POINT('',#2629);
#2629 = CARTESIAN_POINT('',(-42.6,-27.6,25.35));
#2630 = VERTEX_POINT('',#2631);
#2631 = CARTESIAN_POINT('',(-42.6,27.6,25.35));
#2632 = LINE('',#2633,#2634);
#2633 = CARTESIAN_POINT('',(-42.6,-34.6,25.35));
#2634 = VECTOR('',#2635,1.);
#2635 = DIRECTION('',(-0.,1.,0.));
#2636 = ORIENTED_EDGE('',*,*,#2637,.T.);
#2637 = EDGE_CURVE('',#2628,#2638,#2640,.T.);
#2638 = VERTEX_POINT('',#2639);
#2639 = CARTESIAN_POINT('',(-35.6,-34.6,25.35));
#2640 = CIRCLE('',#2641,7.);
#2641 = AXIS2_PLACEMENT_3D('',#2642,#2643,#2644);
#2642 = CARTESIAN_POINT('',(-35.6,-27.6,25.35));
#2643 = DIRECTION('',(0.,0.,1.));
#2644 = DIRECTION('',(0.,-1.,0.));
#2645 = ORIENTED_EDGE('',*,*,#2646,.T.);
#2646 = EDGE_CURVE('',#2638,#2647,#2649,.T.);
#2647 = VERTEX_POINT('',#2648);
#2648 = CARTESIAN_POINT('',(-31.26481245456,-34.6,25.35));
#2649 = LINE('',#2650,#2651);
#2650 = CARTESIAN_POINT('',(-42.6,-34.6,25.35));
#2651 = VECTOR('',#2652,1.);
#2652 = DIRECTION('',(1.,0.,-0.));
#2653 = ORIENTED_EDGE('',*,*,#2654,.T.);
#2654 = EDGE_CURVE('',#2647,#2598,#2655,.T.);
#2655 = LINE('',#2656,#2657);
#2656 = CARTESIAN_POINT('',(-31.26481245456,-40.,25.35));
#2657 = VECTOR('',#2658,1.);
#2658 = DIRECTION('',(0.,1.,0.));
#2659 = ORIENTED_EDGE('',*,*,#2595,.F.);
#2660 = ORIENTED_EDGE('',*,*,#2661,.F.);
#2661 = EDGE_CURVE('',#2662,#2596,#2664,.T.);
#2662 = VERTEX_POINT('',#2663);
#2663 = CARTESIAN_POINT('',(-41.,-27.,25.35));
#2664 = CIRCLE('',#2665,6.);
#2665 = AXIS2_PLACEMENT_3D('',#2666,#2667,#2668);
#2666 = CARTESIAN_POINT('',(-35.,-27.,25.35));
#2667 = DIRECTION('',(0.,0.,1.));
#2668 = DIRECTION('',(-1.,-0.,0.));
#2669 = ORIENTED_EDGE('',*,*,#2670,.F.);
#2670 = EDGE_CURVE('',#2671,#2662,#2673,.T.);
#2671 = VERTEX_POINT('',#2672);
#2672 = CARTESIAN_POINT('',(-41.,27.,25.35));
#2673 = LINE('',#2674,#2675);
#2674 = CARTESIAN_POINT('',(-41.,-33.8,25.35));
#2675 = VECTOR('',#2676,1.);
#2676 = DIRECTION('',(0.,-1.,0.));
#2677 = ORIENTED_EDGE('',*,*,#2678,.F.);
#2678 = EDGE_CURVE('',#2679,#2671,#2681,.T.);
#2679 = VERTEX_POINT('',#2680);
#2680 = CARTESIAN_POINT('',(-35.,33.,25.35));
#2681 = CIRCLE('',#2682,6.);
#2682 = AXIS2_PLACEMENT_3D('',#2683,#2684,#2685);
#2683 = CARTESIAN_POINT('',(-35.,27.,25.35));
#2684 = DIRECTION('',(0.,0.,1.));
#2685 = DIRECTION('',(-1.,-0.,0.));
#2686 = ORIENTED_EDGE('',*,*,#2687,.T.);
#2687 = EDGE_CURVE('',#2679,#2688,#2690,.T.);
#2688 = VERTEX_POINT('',#2689);
#2689 = CARTESIAN_POINT('',(-31.26481245456,33.,25.35));
#2690 = LINE('',#2691,#2692);
#2691 = CARTESIAN_POINT('',(-41.8,33.,25.35));
#2692 = VECTOR('',#2693,1.);
#2693 = DIRECTION('',(1.,0.,-0.));
#2694 = ORIENTED_EDGE('',*,*,#2695,.T.);
#2695 = EDGE_CURVE('',#2688,#2696,#2698,.T.);
#2696 = VERTEX_POINT('',#2697);
#2697 = CARTESIAN_POINT('',(-31.26481245456,34.6,25.35));
#2698 = LINE('',#2699,#2700);
#2699 = CARTESIAN_POINT('',(-31.26481245456,-40.,25.35));
#2700 = VECTOR('',#2701,1.);
#2701 = DIRECTION('',(0.,1.,0.));
#2702 = ORIENTED_EDGE('',*,*,#2703,.F.);
#2703 = EDGE_CURVE('',#2704,#2696,#2706,.T.);
#2704 = VERTEX_POINT('',#2705);
#2705 = CARTESIAN_POINT('',(-35.6,34.6,25.35));
#2706 = LINE('',#2707,#2708);
#2707 = CARTESIAN_POINT('',(-42.6,34.6,25.35));
#2708 = VECTOR('',#2709,1.);
#2709 = DIRECTION('',(1.,0.,-0.));
#2710 = ORIENTED_EDGE('',*,*,#2711,.F.);
#2711 = EDGE_CURVE('',#2630,#2704,#2712,.T.);
#2712 = CIRCLE('',#2713,7.);
#2713 = AXIS2_PLACEMENT_3D('',#2714,#2715,#2716);
#2714 = CARTESIAN_POINT('',(-35.6,27.6,25.35));
#2715 = DIRECTION('',(-0.,-0.,-1.));
#2716 = DIRECTION('',(0.,-1.,0.));
#2717 = PLANE('',#2718);
#2718 = AXIS2_PLACEMENT_3D('',#2719,#2720,#2721);
#2719 = CARTESIAN_POINT('',(-42.6,-34.6,25.35));
#2720 = DIRECTION('',(0.,0.,1.));
#2721 = DIRECTION('',(1.,0.,-0.));
#2722 = ADVANCED_FACE('',(#2723),#2749,.F.);
#2723 = FACE_BOUND('',#2724,.F.);
#2724 = EDGE_LOOP('',(#2725,#2735,#2741,#2742));
#2725 = ORIENTED_EDGE('',*,*,#2726,.F.);
#2726 = EDGE_CURVE('',#2727,#2729,#2731,.T.);
#2727 = VERTEX_POINT('',#2728);
#2728 = CARTESIAN_POINT('',(-35.6,-34.6,24.2));
#2729 = VERTEX_POINT('',#2730);
#2730 = CARTESIAN_POINT('',(-31.69155380921,-34.6,24.2));
#2731 = LINE('',#2732,#2733);
#2732 = CARTESIAN_POINT('',(-42.6,-34.6,24.2));
#2733 = VECTOR('',#2734,1.);
#2734 = DIRECTION('',(1.,0.,-0.));
#2735 = ORIENTED_EDGE('',*,*,#2736,.T.);
#2736 = EDGE_CURVE('',#2727,#2638,#2737,.T.);
#2737 = LINE('',#2738,#2739);
#2738 = CARTESIAN_POINT('',(-35.6,-34.6,24.2));
#2739 = VECTOR('',#2740,1.);
#2740 = DIRECTION('',(0.,0.,1.));
#2741 = ORIENTED_EDGE('',*,*,#2646,.T.);
#2742 = ORIENTED_EDGE('',*,*,#2743,.F.);
#2743 = EDGE_CURVE('',#2729,#2647,#2744,.T.);
#2744 = CIRCLE('',#2745,8.);
#2745 = AXIS2_PLACEMENT_3D('',#2746,#2747,#2748);
#2746 = CARTESIAN_POINT('',(-24.,-34.6,22.));
#2747 = DIRECTION('',(0.,1.,0.));
#2748 = DIRECTION('',(0.,-0.,1.));
#2749 = PLANE('',#2750);
#2750 = AXIS2_PLACEMENT_3D('',#2751,#2752,#2753);
#2751 = CARTESIAN_POINT('',(-42.6,-34.6,24.2));
#2752 = DIRECTION('',(-0.,1.,0.));
#2753 = DIRECTION('',(0.,0.,1.));
#2754 = ADVANCED_FACE('',(#2755),#2839,.F.);
#2755 = FACE_BOUND('',#2756,.F.);
#2756 = EDGE_LOOP('',(#2757,#2767,#2774,#2775,#2781,#2782,#2791,#2799,
    #2808,#2816,#2824,#2832));
#2757 = ORIENTED_EDGE('',*,*,#2758,.F.);
#2758 = EDGE_CURVE('',#2759,#2761,#2763,.T.);
#2759 = VERTEX_POINT('',#2760);
#2760 = CARTESIAN_POINT('',(-42.6,-27.6,24.2));
#2761 = VERTEX_POINT('',#2762);
#2762 = CARTESIAN_POINT('',(-42.6,27.6,24.2));
#2763 = LINE('',#2764,#2765);
#2764 = CARTESIAN_POINT('',(-42.6,-34.6,24.2));
#2765 = VECTOR('',#2766,1.);
#2766 = DIRECTION('',(-0.,1.,0.));
#2767 = ORIENTED_EDGE('',*,*,#2768,.T.);
#2768 = EDGE_CURVE('',#2759,#2727,#2769,.T.);
#2769 = CIRCLE('',#2770,7.);
#2770 = AXIS2_PLACEMENT_3D('',#2771,#2772,#2773);
#2771 = CARTESIAN_POINT('',(-35.6,-27.6,24.2));
#2772 = DIRECTION('',(0.,0.,1.));
#2773 = DIRECTION('',(0.,-1.,0.));
#2774 = ORIENTED_EDGE('',*,*,#2726,.T.);
#2775 = ORIENTED_EDGE('',*,*,#2776,.T.);
#2776 = EDGE_CURVE('',#2729,#2250,#2777,.T.);
#2777 = LINE('',#2778,#2779);
#2778 = CARTESIAN_POINT('',(-31.69155380921,-40.,24.2));
#2779 = VECTOR('',#2780,1.);
#2780 = DIRECTION('',(0.,1.,0.));
#2781 = ORIENTED_EDGE('',*,*,#2249,.F.);
#2782 = ORIENTED_EDGE('',*,*,#2783,.F.);
#2783 = EDGE_CURVE('',#2784,#2242,#2786,.T.);
#2784 = VERTEX_POINT('',#2785);
#2785 = CARTESIAN_POINT('',(-41.,-27.,24.2));
#2786 = CIRCLE('',#2787,6.);
#2787 = AXIS2_PLACEMENT_3D('',#2788,#2789,#2790);
#2788 = CARTESIAN_POINT('',(-35.,-27.,24.2));
#2789 = DIRECTION('',(0.,0.,1.));
#2790 = DIRECTION('',(-1.,-0.,0.));
#2791 = ORIENTED_EDGE('',*,*,#2792,.F.);
#2792 = EDGE_CURVE('',#2793,#2784,#2795,.T.);
#2793 = VERTEX_POINT('',#2794);
#2794 = CARTESIAN_POINT('',(-41.,27.,24.2));
#2795 = LINE('',#2796,#2797);
#2796 = CARTESIAN_POINT('',(-41.,-33.8,24.2));
#2797 = VECTOR('',#2798,1.);
#2798 = DIRECTION('',(0.,-1.,0.));
#2799 = ORIENTED_EDGE('',*,*,#2800,.F.);
#2800 = EDGE_CURVE('',#2801,#2793,#2803,.T.);
#2801 = VERTEX_POINT('',#2802);
#2802 = CARTESIAN_POINT('',(-35.,33.,24.2));
#2803 = CIRCLE('',#2804,6.);
#2804 = AXIS2_PLACEMENT_3D('',#2805,#2806,#2807);
#2805 = CARTESIAN_POINT('',(-35.,27.,24.2));
#2806 = DIRECTION('',(0.,0.,1.));
#2807 = DIRECTION('',(-1.,-0.,0.));
#2808 = ORIENTED_EDGE('',*,*,#2809,.T.);
#2809 = EDGE_CURVE('',#2801,#2810,#2812,.T.);
#2810 = VERTEX_POINT('',#2811);
#2811 = CARTESIAN_POINT('',(-31.69155380921,33.,24.2));
#2812 = LINE('',#2813,#2814);
#2813 = CARTESIAN_POINT('',(-41.8,33.,24.2));
#2814 = VECTOR('',#2815,1.);
#2815 = DIRECTION('',(1.,0.,-0.));
#2816 = ORIENTED_EDGE('',*,*,#2817,.T.);
#2817 = EDGE_CURVE('',#2810,#2818,#2820,.T.);
#2818 = VERTEX_POINT('',#2819);
#2819 = CARTESIAN_POINT('',(-31.69155380921,34.6,24.2));
#2820 = LINE('',#2821,#2822);
#2821 = CARTESIAN_POINT('',(-31.69155380921,-40.,24.2));
#2822 = VECTOR('',#2823,1.);
#2823 = DIRECTION('',(0.,1.,0.));
#2824 = ORIENTED_EDGE('',*,*,#2825,.F.);
#2825 = EDGE_CURVE('',#2826,#2818,#2828,.T.);
#2826 = VERTEX_POINT('',#2827);
#2827 = CARTESIAN_POINT('',(-35.6,34.6,24.2));
#2828 = LINE('',#2829,#2830);
#2829 = CARTESIAN_POINT('',(-42.6,34.6,24.2));
#2830 = VECTOR('',#2831,1.);
#2831 = DIRECTION('',(1.,0.,-0.));
#2832 = ORIENTED_EDGE('',*,*,#2833,.F.);
#2833 = EDGE_CURVE('',#2761,#2826,#2834,.T.);
#2834 = CIRCLE('',#2835,7.);
#2835 = AXIS2_PLACEMENT_3D('',#2836,#2837,#2838);
#2836 = CARTESIAN_POINT('',(-35.6,27.6,24.2));
#2837 = DIRECTION('',(-0.,-0.,-1.));
#2838 = DIRECTION('',(0.,-1.,0.));
#2839 = PLANE('',#2840);
#2840 = AXIS2_PLACEMENT_3D('',#2841,#2842,#2843);
#2841 = CARTESIAN_POINT('',(-42.6,-34.6,24.2));
#2842 = DIRECTION('',(0.,0.,1.));
#2843 = DIRECTION('',(1.,0.,-0.));
#2844 = ADVANCED_FACE('',(#2845),#2897,.F.);
#2845 = FACE_BOUND('',#2846,.F.);
#2846 = EDGE_LOOP('',(#2847,#2857,#2865,#2871,#2872,#2873,#2874,#2880,
    #2881,#2882,#2883,#2891));
#2847 = ORIENTED_EDGE('',*,*,#2848,.F.);
#2848 = EDGE_CURVE('',#2849,#2851,#2853,.T.);
#2849 = VERTEX_POINT('',#2850);
#2850 = CARTESIAN_POINT('',(-35.,-33.,0.));
#2851 = VERTEX_POINT('',#2852);
#2852 = CARTESIAN_POINT('',(35.,-33.,0.));
#2853 = LINE('',#2854,#2855);
#2854 = CARTESIAN_POINT('',(-41.,-33.,0.));
#2855 = VECTOR('',#2856,1.);
#2856 = DIRECTION('',(1.,0.,-0.));
#2857 = ORIENTED_EDGE('',*,*,#2858,.T.);
#2858 = EDGE_CURVE('',#2849,#2859,#2861,.T.);
#2859 = VERTEX_POINT('',#2860);
#2860 = CARTESIAN_POINT('',(-35.,-33.,11.));
#2861 = LINE('',#2862,#2863);
#2862 = CARTESIAN_POINT('',(-35.,-33.,0.));
#2863 = VECTOR('',#2864,1.);
#2864 = DIRECTION('',(0.,0.,1.));
#2865 = ORIENTED_EDGE('',*,*,#2866,.T.);
#2866 = EDGE_CURVE('',#2859,#1064,#2867,.T.);
#2867 = LINE('',#2868,#2869);
#2868 = CARTESIAN_POINT('',(-41.8,-33.,11.));
#2869 = VECTOR('',#2870,1.);
#2870 = DIRECTION('',(1.,0.,-0.));
#2871 = ORIENTED_EDGE('',*,*,#1063,.T.);
#2872 = ORIENTED_EDGE('',*,*,#1191,.T.);
#2873 = ORIENTED_EDGE('',*,*,#1214,.F.);
#2874 = ORIENTED_EDGE('',*,*,#2875,.T.);
#2875 = EDGE_CURVE('',#1215,#1486,#2876,.T.);
#2876 = LINE('',#2877,#2878);
#2877 = CARTESIAN_POINT('',(-41.8,-33.,11.));
#2878 = VECTOR('',#2879,1.);
#2879 = DIRECTION('',(1.,0.,-0.));
#2880 = ORIENTED_EDGE('',*,*,#1485,.T.);
#2881 = ORIENTED_EDGE('',*,*,#1469,.T.);
#2882 = ORIENTED_EDGE('',*,*,#1334,.F.);
#2883 = ORIENTED_EDGE('',*,*,#2884,.T.);
#2884 = EDGE_CURVE('',#1335,#2885,#2887,.T.);
#2885 = VERTEX_POINT('',#2886);
#2886 = CARTESIAN_POINT('',(35.,-33.,11.));
#2887 = LINE('',#2888,#2889);
#2888 = CARTESIAN_POINT('',(-41.8,-33.,11.));
#2889 = VECTOR('',#2890,1.);
#2890 = DIRECTION('',(1.,0.,-0.));
#2891 = ORIENTED_EDGE('',*,*,#2892,.F.);
#2892 = EDGE_CURVE('',#2851,#2885,#2893,.T.);
#2893 = LINE('',#2894,#2895);
#2894 = CARTESIAN_POINT('',(35.,-33.,0.));
#2895 = VECTOR('',#2896,1.);
#2896 = DIRECTION('',(0.,0.,1.));
#2897 = PLANE('',#2898);
#2898 = AXIS2_PLACEMENT_3D('',#2899,#2900,#2901);
#2899 = CARTESIAN_POINT('',(-41.,-33.,0.));
#2900 = DIRECTION('',(-0.,1.,0.));
#2901 = DIRECTION('',(0.,0.,1.));
#2902 = ADVANCED_FACE('',(#2903),#2980,.F.);
#2903 = FACE_BOUND('',#2904,.F.);
#2904 = EDGE_LOOP('',(#2905,#2915,#2924,#2930,#2931,#2932,#2941,#2949,
    #2958,#2964,#2965,#2973));
#2905 = ORIENTED_EDGE('',*,*,#2906,.F.);
#2906 = EDGE_CURVE('',#2907,#2909,#2911,.T.);
#2907 = VERTEX_POINT('',#2908);
#2908 = CARTESIAN_POINT('',(-42.6,-27.6,11.));
#2909 = VERTEX_POINT('',#2910);
#2910 = CARTESIAN_POINT('',(-42.6,27.6,11.));
#2911 = LINE('',#2912,#2913);
#2912 = CARTESIAN_POINT('',(-42.6,-34.6,11.));
#2913 = VECTOR('',#2914,1.);
#2914 = DIRECTION('',(-0.,1.,0.));
#2915 = ORIENTED_EDGE('',*,*,#2916,.T.);
#2916 = EDGE_CURVE('',#2907,#2917,#2919,.T.);
#2917 = VERTEX_POINT('',#2918);
#2918 = CARTESIAN_POINT('',(-35.6,-34.6,11.));
#2919 = CIRCLE('',#2920,7.);
#2920 = AXIS2_PLACEMENT_3D('',#2921,#2922,#2923);
#2921 = CARTESIAN_POINT('',(-35.6,-27.6,11.));
#2922 = DIRECTION('',(0.,0.,1.));
#2923 = DIRECTION('',(0.,-1.,0.));
#2924 = ORIENTED_EDGE('',*,*,#2925,.T.);
#2925 = EDGE_CURVE('',#2917,#1169,#2926,.T.);
#2926 = LINE('',#2927,#2928);
#2927 = CARTESIAN_POINT('',(-42.6,-34.6,11.));
#2928 = VECTOR('',#2929,1.);
#2929 = DIRECTION('',(1.,0.,-0.));
#2930 = ORIENTED_EDGE('',*,*,#1176,.T.);
#2931 = ORIENTED_EDGE('',*,*,#2866,.F.);
#2932 = ORIENTED_EDGE('',*,*,#2933,.F.);
#2933 = EDGE_CURVE('',#2934,#2859,#2936,.T.);
#2934 = VERTEX_POINT('',#2935);
#2935 = CARTESIAN_POINT('',(-41.,-27.,11.));
#2936 = CIRCLE('',#2937,6.);
#2937 = AXIS2_PLACEMENT_3D('',#2938,#2939,#2940);
#2938 = CARTESIAN_POINT('',(-35.,-27.,11.));
#2939 = DIRECTION('',(0.,0.,1.));
#2940 = DIRECTION('',(-1.,-0.,0.));
#2941 = ORIENTED_EDGE('',*,*,#2942,.F.);
#2942 = EDGE_CURVE('',#2943,#2934,#2945,.T.);
#2943 = VERTEX_POINT('',#2944);
#2944 = CARTESIAN_POINT('',(-41.,27.,11.));
#2945 = LINE('',#2946,#2947);
#2946 = CARTESIAN_POINT('',(-41.,-33.8,11.));
#2947 = VECTOR('',#2948,1.);
#2948 = DIRECTION('',(0.,-1.,0.));
#2949 = ORIENTED_EDGE('',*,*,#2950,.F.);
#2950 = EDGE_CURVE('',#2951,#2943,#2953,.T.);
#2951 = VERTEX_POINT('',#2952);
#2952 = CARTESIAN_POINT('',(-35.,33.,11.));
#2953 = CIRCLE('',#2954,6.);
#2954 = AXIS2_PLACEMENT_3D('',#2955,#2956,#2957);
#2955 = CARTESIAN_POINT('',(-35.,27.,11.));
#2956 = DIRECTION('',(0.,0.,1.));
#2957 = DIRECTION('',(-1.,-0.,0.));
#2958 = ORIENTED_EDGE('',*,*,#2959,.T.);
#2959 = EDGE_CURVE('',#2951,#1615,#2960,.T.);
#2960 = LINE('',#2961,#2962);
#2961 = CARTESIAN_POINT('',(-41.8,33.,11.));
#2962 = VECTOR('',#2963,1.);
#2963 = DIRECTION('',(1.,0.,-0.));
#2964 = ORIENTED_EDGE('',*,*,#1622,.T.);
#2965 = ORIENTED_EDGE('',*,*,#2966,.F.);
#2966 = EDGE_CURVE('',#2967,#1623,#2969,.T.);
#2967 = VERTEX_POINT('',#2968);
#2968 = CARTESIAN_POINT('',(-35.6,34.6,11.));
#2969 = LINE('',#2970,#2971);
#2970 = CARTESIAN_POINT('',(-42.6,34.6,11.));
#2971 = VECTOR('',#2972,1.);
#2972 = DIRECTION('',(1.,0.,-0.));
#2973 = ORIENTED_EDGE('',*,*,#2974,.F.);
#2974 = EDGE_CURVE('',#2909,#2967,#2975,.T.);
#2975 = CIRCLE('',#2976,7.);
#2976 = AXIS2_PLACEMENT_3D('',#2977,#2978,#2979);
#2977 = CARTESIAN_POINT('',(-35.6,27.6,11.));
#2978 = DIRECTION('',(-0.,-0.,-1.));
#2979 = DIRECTION('',(0.,-1.,0.));
#2980 = PLANE('',#2981);
#2981 = AXIS2_PLACEMENT_3D('',#2982,#2983,#2984);
#2982 = CARTESIAN_POINT('',(-42.6,-34.6,11.));
#2983 = DIRECTION('',(0.,0.,1.));
#2984 = DIRECTION('',(1.,0.,-0.));
#2985 = ADVANCED_FACE('',(#2986),#3004,.F.);
#2986 = FACE_BOUND('',#2987,.F.);
#2987 = EDGE_LOOP('',(#2988,#2989,#2997,#3003));
#2988 = ORIENTED_EDGE('',*,*,#2925,.F.);
#2989 = ORIENTED_EDGE('',*,*,#2990,.T.);
#2990 = EDGE_CURVE('',#2917,#2991,#2993,.T.);
#2991 = VERTEX_POINT('',#2992);
#2992 = CARTESIAN_POINT('',(-35.6,-34.6,12.15));
#2993 = LINE('',#2994,#2995);
#2994 = CARTESIAN_POINT('',(-35.6,-34.6,11.));
#2995 = VECTOR('',#2996,1.);
#2996 = DIRECTION('',(0.,0.,1.));
#2997 = ORIENTED_EDGE('',*,*,#2998,.T.);
#2998 = EDGE_CURVE('',#2991,#1161,#2999,.T.);
#2999 = LINE('',#3000,#3001);
#3000 = CARTESIAN_POINT('',(-42.6,-34.6,12.15));
#3001 = VECTOR('',#3002,1.);
#3002 = DIRECTION('',(1.,0.,-0.));
#3003 = ORIENTED_EDGE('',*,*,#1168,.T.);
#3004 = PLANE('',#3005);
#3005 = AXIS2_PLACEMENT_3D('',#3006,#3007,#3008);
#3006 = CARTESIAN_POINT('',(-42.6,-34.6,11.));
#3007 = DIRECTION('',(-0.,1.,0.));
#3008 = DIRECTION('',(0.,0.,1.));
#3009 = ADVANCED_FACE('',(#3010),#3087,.T.);
#3010 = FACE_BOUND('',#3011,.T.);
#3011 = EDGE_LOOP('',(#3012,#3022,#3029,#3030,#3031,#3039,#3048,#3056,
    #3065,#3071,#3072,#3080));
#3012 = ORIENTED_EDGE('',*,*,#3013,.F.);
#3013 = EDGE_CURVE('',#3014,#3016,#3018,.T.);
#3014 = VERTEX_POINT('',#3015);
#3015 = CARTESIAN_POINT('',(-42.6,-27.6,12.15));
#3016 = VERTEX_POINT('',#3017);
#3017 = CARTESIAN_POINT('',(-42.6,27.6,12.15));
#3018 = LINE('',#3019,#3020);
#3019 = CARTESIAN_POINT('',(-42.6,-34.6,12.15));
#3020 = VECTOR('',#3021,1.);
#3021 = DIRECTION('',(-0.,1.,0.));
#3022 = ORIENTED_EDGE('',*,*,#3023,.T.);
#3023 = EDGE_CURVE('',#3014,#2991,#3024,.T.);
#3024 = CIRCLE('',#3025,7.);
#3025 = AXIS2_PLACEMENT_3D('',#3026,#3027,#3028);
#3026 = CARTESIAN_POINT('',(-35.6,-27.6,12.15));
#3027 = DIRECTION('',(0.,0.,1.));
#3028 = DIRECTION('',(0.,-1.,0.));
#3029 = ORIENTED_EDGE('',*,*,#2998,.T.);
#3030 = ORIENTED_EDGE('',*,*,#1160,.T.);
#3031 = ORIENTED_EDGE('',*,*,#3032,.F.);
#3032 = EDGE_CURVE('',#3033,#1153,#3035,.T.);
#3033 = VERTEX_POINT('',#3034);
#3034 = CARTESIAN_POINT('',(-35.,-33.,12.15));
#3035 = LINE('',#3036,#3037);
#3036 = CARTESIAN_POINT('',(-41.8,-33.,12.15));
#3037 = VECTOR('',#3038,1.);
#3038 = DIRECTION('',(1.,0.,-0.));
#3039 = ORIENTED_EDGE('',*,*,#3040,.F.);
#3040 = EDGE_CURVE('',#3041,#3033,#3043,.T.);
#3041 = VERTEX_POINT('',#3042);
#3042 = CARTESIAN_POINT('',(-41.,-27.,12.15));
#3043 = CIRCLE('',#3044,6.);
#3044 = AXIS2_PLACEMENT_3D('',#3045,#3046,#3047);
#3045 = CARTESIAN_POINT('',(-35.,-27.,12.15));
#3046 = DIRECTION('',(0.,0.,1.));
#3047 = DIRECTION('',(-1.,-0.,0.));
#3048 = ORIENTED_EDGE('',*,*,#3049,.F.);
#3049 = EDGE_CURVE('',#3050,#3041,#3052,.T.);
#3050 = VERTEX_POINT('',#3051);
#3051 = CARTESIAN_POINT('',(-41.,27.,12.15));
#3052 = LINE('',#3053,#3054);
#3053 = CARTESIAN_POINT('',(-41.,-33.8,12.15));
#3054 = VECTOR('',#3055,1.);
#3055 = DIRECTION('',(0.,-1.,0.));
#3056 = ORIENTED_EDGE('',*,*,#3057,.F.);
#3057 = EDGE_CURVE('',#3058,#3050,#3060,.T.);
#3058 = VERTEX_POINT('',#3059);
#3059 = CARTESIAN_POINT('',(-35.,33.,12.15));
#3060 = CIRCLE('',#3061,6.);
#3061 = AXIS2_PLACEMENT_3D('',#3062,#3063,#3064);
#3062 = CARTESIAN_POINT('',(-35.,27.,12.15));
#3063 = DIRECTION('',(0.,0.,1.));
#3064 = DIRECTION('',(-1.,-0.,0.));
#3065 = ORIENTED_EDGE('',*,*,#3066,.T.);
#3066 = EDGE_CURVE('',#3058,#1639,#3067,.T.);
#3067 = LINE('',#3068,#3069);
#3068 = CARTESIAN_POINT('',(-41.8,33.,12.15));
#3069 = VECTOR('',#3070,1.);
#3070 = DIRECTION('',(1.,0.,-0.));
#3071 = ORIENTED_EDGE('',*,*,#1638,.T.);
#3072 = ORIENTED_EDGE('',*,*,#3073,.F.);
#3073 = EDGE_CURVE('',#3074,#1631,#3076,.T.);
#3074 = VERTEX_POINT('',#3075);
#3075 = CARTESIAN_POINT('',(-35.6,34.6,12.15));
#3076 = LINE('',#3077,#3078);
#3077 = CARTESIAN_POINT('',(-42.6,34.6,12.15));
#3078 = VECTOR('',#3079,1.);
#3079 = DIRECTION('',(1.,0.,-0.));
#3080 = ORIENTED_EDGE('',*,*,#3081,.F.);
#3081 = EDGE_CURVE('',#3016,#3074,#3082,.T.);
#3082 = CIRCLE('',#3083,7.);
#3083 = AXIS2_PLACEMENT_3D('',#3084,#3085,#3086);
#3084 = CARTESIAN_POINT('',(-35.6,27.6,12.15));
#3085 = DIRECTION('',(-0.,-0.,-1.));
#3086 = DIRECTION('',(0.,-1.,0.));
#3087 = PLANE('',#3088);
#3088 = AXIS2_PLACEMENT_3D('',#3089,#3090,#3091);
#3089 = CARTESIAN_POINT('',(-42.6,-34.6,12.15));
#3090 = DIRECTION('',(0.,0.,1.));
#3091 = DIRECTION('',(1.,0.,-0.));
#3092 = ADVANCED_FACE('',(#3093),#3111,.F.);
#3093 = FACE_BOUND('',#3094,.F.);
#3094 = EDGE_LOOP('',(#3095,#3096,#3104,#3110));
#3095 = ORIENTED_EDGE('',*,*,#3032,.F.);
#3096 = ORIENTED_EDGE('',*,*,#3097,.T.);
#3097 = EDGE_CURVE('',#3033,#3098,#3100,.T.);
#3098 = VERTEX_POINT('',#3099);
#3099 = CARTESIAN_POINT('',(-35.,-33.,15.4));
#3100 = LINE('',#3101,#3102);
#3101 = CARTESIAN_POINT('',(-35.,-33.,0.));
#3102 = VECTOR('',#3103,1.);
#3103 = DIRECTION('',(0.,0.,1.));
#3104 = ORIENTED_EDGE('',*,*,#3105,.T.);
#3105 = EDGE_CURVE('',#3098,#1145,#3106,.T.);
#3106 = LINE('',#3107,#3108);
#3107 = CARTESIAN_POINT('',(-41.8,-33.,15.4));
#3108 = VECTOR('',#3109,1.);
#3109 = DIRECTION('',(1.,0.,-0.));
#3110 = ORIENTED_EDGE('',*,*,#1152,.T.);
#3111 = PLANE('',#3112);
#3112 = AXIS2_PLACEMENT_3D('',#3113,#3114,#3115);
#3113 = CARTESIAN_POINT('',(-41.,-33.,0.));
#3114 = DIRECTION('',(-0.,1.,0.));
#3115 = DIRECTION('',(0.,0.,1.));
#3116 = ADVANCED_FACE('',(#3117),#3194,.F.);
#3117 = FACE_BOUND('',#3118,.F.);
#3118 = EDGE_LOOP('',(#3119,#3129,#3138,#3144,#3145,#3146,#3155,#3163,
    #3172,#3178,#3179,#3187));
#3119 = ORIENTED_EDGE('',*,*,#3120,.F.);
#3120 = EDGE_CURVE('',#3121,#3123,#3125,.T.);
#3121 = VERTEX_POINT('',#3122);
#3122 = CARTESIAN_POINT('',(-42.6,-27.6,15.4));
#3123 = VERTEX_POINT('',#3124);
#3124 = CARTESIAN_POINT('',(-42.6,27.6,15.4));
#3125 = LINE('',#3126,#3127);
#3126 = CARTESIAN_POINT('',(-42.6,-34.6,15.4));
#3127 = VECTOR('',#3128,1.);
#3128 = DIRECTION('',(-0.,1.,0.));
#3129 = ORIENTED_EDGE('',*,*,#3130,.T.);
#3130 = EDGE_CURVE('',#3121,#3131,#3133,.T.);
#3131 = VERTEX_POINT('',#3132);
#3132 = CARTESIAN_POINT('',(-35.6,-34.6,15.4));
#3133 = CIRCLE('',#3134,7.);
#3134 = AXIS2_PLACEMENT_3D('',#3135,#3136,#3137);
#3135 = CARTESIAN_POINT('',(-35.6,-27.6,15.4));
#3136 = DIRECTION('',(0.,0.,1.));
#3137 = DIRECTION('',(0.,-1.,0.));
#3138 = ORIENTED_EDGE('',*,*,#3139,.T.);
#3139 = EDGE_CURVE('',#3131,#1137,#3140,.T.);
#3140 = LINE('',#3141,#3142);
#3141 = CARTESIAN_POINT('',(-42.6,-34.6,15.4));
#3142 = VECTOR('',#3143,1.);
#3143 = DIRECTION('',(1.,0.,-0.));
#3144 = ORIENTED_EDGE('',*,*,#1144,.T.);
#3145 = ORIENTED_EDGE('',*,*,#3105,.F.);
#3146 = ORIENTED_EDGE('',*,*,#3147,.F.);
#3147 = EDGE_CURVE('',#3148,#3098,#3150,.T.);
#3148 = VERTEX_POINT('',#3149);
#3149 = CARTESIAN_POINT('',(-41.,-27.,15.4));
#3150 = CIRCLE('',#3151,6.);
#3151 = AXIS2_PLACEMENT_3D('',#3152,#3153,#3154);
#3152 = CARTESIAN_POINT('',(-35.,-27.,15.4));
#3153 = DIRECTION('',(0.,0.,1.));
#3154 = DIRECTION('',(-1.,-0.,0.));
#3155 = ORIENTED_EDGE('',*,*,#3156,.F.);
#3156 = EDGE_CURVE('',#3157,#3148,#3159,.T.);
#3157 = VERTEX_POINT('',#3158);
#3158 = CARTESIAN_POINT('',(-41.,27.,15.4));
#3159 = LINE('',#3160,#3161);
#3160 = CARTESIAN_POINT('',(-41.,-33.8,15.4));
#3161 = VECTOR('',#3162,1.);
#3162 = DIRECTION('',(0.,-1.,0.));
#3163 = ORIENTED_EDGE('',*,*,#3164,.F.);
#3164 = EDGE_CURVE('',#3165,#3157,#3167,.T.);
#3165 = VERTEX_POINT('',#3166);
#3166 = CARTESIAN_POINT('',(-35.,33.,15.4));
#3167 = CIRCLE('',#3168,6.);
#3168 = AXIS2_PLACEMENT_3D('',#3169,#3170,#3171);
#3169 = CARTESIAN_POINT('',(-35.,27.,15.4));
#3170 = DIRECTION('',(0.,0.,1.));
#3171 = DIRECTION('',(-1.,-0.,0.));
#3172 = ORIENTED_EDGE('',*,*,#3173,.T.);
#3173 = EDGE_CURVE('',#3165,#1647,#3174,.T.);
#3174 = LINE('',#3175,#3176);
#3175 = CARTESIAN_POINT('',(-41.8,33.,15.4));
#3176 = VECTOR('',#3177,1.);
#3177 = DIRECTION('',(1.,0.,-0.));
#3178 = ORIENTED_EDGE('',*,*,#1654,.T.);
#3179 = ORIENTED_EDGE('',*,*,#3180,.F.);
#3180 = EDGE_CURVE('',#3181,#1655,#3183,.T.);
#3181 = VERTEX_POINT('',#3182);
#3182 = CARTESIAN_POINT('',(-35.6,34.6,15.4));
#3183 = LINE('',#3184,#3185);
#3184 = CARTESIAN_POINT('',(-42.6,34.6,15.4));
#3185 = VECTOR('',#3186,1.);
#3186 = DIRECTION('',(1.,0.,-0.));
#3187 = ORIENTED_EDGE('',*,*,#3188,.F.);
#3188 = EDGE_CURVE('',#3123,#3181,#3189,.T.);
#3189 = CIRCLE('',#3190,7.);
#3190 = AXIS2_PLACEMENT_3D('',#3191,#3192,#3193);
#3191 = CARTESIAN_POINT('',(-35.6,27.6,15.4));
#3192 = DIRECTION('',(-0.,-0.,-1.));
#3193 = DIRECTION('',(0.,-1.,0.));
#3194 = PLANE('',#3195);
#3195 = AXIS2_PLACEMENT_3D('',#3196,#3197,#3198);
#3196 = CARTESIAN_POINT('',(-42.6,-34.6,15.4));
#3197 = DIRECTION('',(0.,0.,1.));
#3198 = DIRECTION('',(1.,0.,-0.));
#3199 = ADVANCED_FACE('',(#3200),#3218,.F.);
#3200 = FACE_BOUND('',#3201,.F.);
#3201 = EDGE_LOOP('',(#3202,#3203,#3211,#3217));
#3202 = ORIENTED_EDGE('',*,*,#3139,.F.);
#3203 = ORIENTED_EDGE('',*,*,#3204,.T.);
#3204 = EDGE_CURVE('',#3131,#3205,#3207,.T.);
#3205 = VERTEX_POINT('',#3206);
#3206 = CARTESIAN_POINT('',(-35.6,-34.6,16.55));
#3207 = LINE('',#3208,#3209);
#3208 = CARTESIAN_POINT('',(-35.6,-34.6,15.4));
#3209 = VECTOR('',#3210,1.);
#3210 = DIRECTION('',(0.,0.,1.));
#3211 = ORIENTED_EDGE('',*,*,#3212,.T.);
#3212 = EDGE_CURVE('',#3205,#1129,#3213,.T.);
#3213 = LINE('',#3214,#3215);
#3214 = CARTESIAN_POINT('',(-42.6,-34.6,16.55));
#3215 = VECTOR('',#3216,1.);
#3216 = DIRECTION('',(1.,0.,-0.));
#3217 = ORIENTED_EDGE('',*,*,#1136,.T.);
#3218 = PLANE('',#3219);
#3219 = AXIS2_PLACEMENT_3D('',#3220,#3221,#3222);
#3220 = CARTESIAN_POINT('',(-42.6,-34.6,15.4));
#3221 = DIRECTION('',(-0.,1.,0.));
#3222 = DIRECTION('',(0.,0.,1.));
#3223 = ADVANCED_FACE('',(#3224),#3301,.T.);
#3224 = FACE_BOUND('',#3225,.T.);
#3225 = EDGE_LOOP('',(#3226,#3236,#3243,#3244,#3245,#3253,#3262,#3270,
    #3279,#3285,#3286,#3294));
#3226 = ORIENTED_EDGE('',*,*,#3227,.F.);
#3227 = EDGE_CURVE('',#3228,#3230,#3232,.T.);
#3228 = VERTEX_POINT('',#3229);
#3229 = CARTESIAN_POINT('',(-42.6,-27.6,16.55));
#3230 = VERTEX_POINT('',#3231);
#3231 = CARTESIAN_POINT('',(-42.6,27.6,16.55));
#3232 = LINE('',#3233,#3234);
#3233 = CARTESIAN_POINT('',(-42.6,-34.6,16.55));
#3234 = VECTOR('',#3235,1.);
#3235 = DIRECTION('',(-0.,1.,0.));
#3236 = ORIENTED_EDGE('',*,*,#3237,.T.);
#3237 = EDGE_CURVE('',#3228,#3205,#3238,.T.);
#3238 = CIRCLE('',#3239,7.);
#3239 = AXIS2_PLACEMENT_3D('',#3240,#3241,#3242);
#3240 = CARTESIAN_POINT('',(-35.6,-27.6,16.55));
#3241 = DIRECTION('',(0.,0.,1.));
#3242 = DIRECTION('',(0.,-1.,0.));
#3243 = ORIENTED_EDGE('',*,*,#3212,.T.);
#3244 = ORIENTED_EDGE('',*,*,#1128,.T.);
#3245 = ORIENTED_EDGE('',*,*,#3246,.F.);
#3246 = EDGE_CURVE('',#3247,#1121,#3249,.T.);
#3247 = VERTEX_POINT('',#3248);
#3248 = CARTESIAN_POINT('',(-35.,-33.,16.55));
#3249 = LINE('',#3250,#3251);
#3250 = CARTESIAN_POINT('',(-41.8,-33.,16.55));
#3251 = VECTOR('',#3252,1.);
#3252 = DIRECTION('',(1.,0.,-0.));
#3253 = ORIENTED_EDGE('',*,*,#3254,.F.);
#3254 = EDGE_CURVE('',#3255,#3247,#3257,.T.);
#3255 = VERTEX_POINT('',#3256);
#3256 = CARTESIAN_POINT('',(-41.,-27.,16.55));
#3257 = CIRCLE('',#3258,6.);
#3258 = AXIS2_PLACEMENT_3D('',#3259,#3260,#3261);
#3259 = CARTESIAN_POINT('',(-35.,-27.,16.55));
#3260 = DIRECTION('',(0.,0.,1.));
#3261 = DIRECTION('',(-1.,-0.,0.));
#3262 = ORIENTED_EDGE('',*,*,#3263,.F.);
#3263 = EDGE_CURVE('',#3264,#3255,#3266,.T.);
#3264 = VERTEX_POINT('',#3265);
#3265 = CARTESIAN_POINT('',(-41.,27.,16.55));
#3266 = LINE('',#3267,#3268);
#3267 = CARTESIAN_POINT('',(-41.,-33.8,16.55));
#3268 = VECTOR('',#3269,1.);
#3269 = DIRECTION('',(0.,-1.,0.));
#3270 = ORIENTED_EDGE('',*,*,#3271,.F.);
#3271 = EDGE_CURVE('',#3272,#3264,#3274,.T.);
#3272 = VERTEX_POINT('',#3273);
#3273 = CARTESIAN_POINT('',(-35.,33.,16.55));
#3274 = CIRCLE('',#3275,6.);
#3275 = AXIS2_PLACEMENT_3D('',#3276,#3277,#3278);
#3276 = CARTESIAN_POINT('',(-35.,27.,16.55));
#3277 = DIRECTION('',(0.,0.,1.));
#3278 = DIRECTION('',(-1.,-0.,0.));
#3279 = ORIENTED_EDGE('',*,*,#3280,.T.);
#3280 = EDGE_CURVE('',#3272,#1671,#3281,.T.);
#3281 = LINE('',#3282,#3283);
#3282 = CARTESIAN_POINT('',(-41.8,33.,16.55));
#3283 = VECTOR('',#3284,1.);
#3284 = DIRECTION('',(1.,0.,-0.));
#3285 = ORIENTED_EDGE('',*,*,#1670,.T.);
#3286 = ORIENTED_EDGE('',*,*,#3287,.F.);
#3287 = EDGE_CURVE('',#3288,#1663,#3290,.T.);
#3288 = VERTEX_POINT('',#3289);
#3289 = CARTESIAN_POINT('',(-35.6,34.6,16.55));
#3290 = LINE('',#3291,#3292);
#3291 = CARTESIAN_POINT('',(-42.6,34.6,16.55));
#3292 = VECTOR('',#3293,1.);
#3293 = DIRECTION('',(1.,0.,-0.));
#3294 = ORIENTED_EDGE('',*,*,#3295,.F.);
#3295 = EDGE_CURVE('',#3230,#3288,#3296,.T.);
#3296 = CIRCLE('',#3297,7.);
#3297 = AXIS2_PLACEMENT_3D('',#3298,#3299,#3300);
#3298 = CARTESIAN_POINT('',(-35.6,27.6,16.55));
#3299 = DIRECTION('',(-0.,-0.,-1.));
#3300 = DIRECTION('',(0.,-1.,0.));
#3301 = PLANE('',#3302);
#3302 = AXIS2_PLACEMENT_3D('',#3303,#3304,#3305);
#3303 = CARTESIAN_POINT('',(-42.6,-34.6,16.55));
#3304 = DIRECTION('',(0.,0.,1.));
#3305 = DIRECTION('',(1.,0.,-0.));
#3306 = ADVANCED_FACE('',(#3307),#3325,.F.);
#3307 = FACE_BOUND('',#3308,.F.);
#3308 = EDGE_LOOP('',(#3309,#3310,#3318,#3324));
#3309 = ORIENTED_EDGE('',*,*,#3246,.F.);
#3310 = ORIENTED_EDGE('',*,*,#3311,.T.);
#3311 = EDGE_CURVE('',#3247,#3312,#3314,.T.);
#3312 = VERTEX_POINT('',#3313);
#3313 = CARTESIAN_POINT('',(-35.,-33.,19.8));
#3314 = LINE('',#3315,#3316);
#3315 = CARTESIAN_POINT('',(-35.,-33.,0.));
#3316 = VECTOR('',#3317,1.);
#3317 = DIRECTION('',(0.,0.,1.));
#3318 = ORIENTED_EDGE('',*,*,#3319,.T.);
#3319 = EDGE_CURVE('',#3312,#1113,#3320,.T.);
#3320 = LINE('',#3321,#3322);
#3321 = CARTESIAN_POINT('',(-41.8,-33.,19.8));
#3322 = VECTOR('',#3323,1.);
#3323 = DIRECTION('',(1.,0.,-0.));
#3324 = ORIENTED_EDGE('',*,*,#1120,.T.);
#3325 = PLANE('',#3326);
#3326 = AXIS2_PLACEMENT_3D('',#3327,#3328,#3329);
#3327 = CARTESIAN_POINT('',(-41.,-33.,0.));
#3328 = DIRECTION('',(-0.,1.,0.));
#3329 = DIRECTION('',(0.,0.,1.));
#3330 = ADVANCED_FACE('',(#3331),#3408,.F.);
#3331 = FACE_BOUND('',#3332,.F.);
#3332 = EDGE_LOOP('',(#3333,#3343,#3352,#3358,#3359,#3360,#3369,#3377,
    #3386,#3392,#3393,#3401));
#3333 = ORIENTED_EDGE('',*,*,#3334,.F.);
#3334 = EDGE_CURVE('',#3335,#3337,#3339,.T.);
#3335 = VERTEX_POINT('',#3336);
#3336 = CARTESIAN_POINT('',(-42.6,-27.6,19.8));
#3337 = VERTEX_POINT('',#3338);
#3338 = CARTESIAN_POINT('',(-42.6,27.6,19.8));
#3339 = LINE('',#3340,#3341);
#3340 = CARTESIAN_POINT('',(-42.6,-34.6,19.8));
#3341 = VECTOR('',#3342,1.);
#3342 = DIRECTION('',(-0.,1.,0.));
#3343 = ORIENTED_EDGE('',*,*,#3344,.T.);
#3344 = EDGE_CURVE('',#3335,#3345,#3347,.T.);
#3345 = VERTEX_POINT('',#3346);
#3346 = CARTESIAN_POINT('',(-35.6,-34.6,19.8));
#3347 = CIRCLE('',#3348,7.);
#3348 = AXIS2_PLACEMENT_3D('',#3349,#3350,#3351);
#3349 = CARTESIAN_POINT('',(-35.6,-27.6,19.8));
#3350 = DIRECTION('',(0.,0.,1.));
#3351 = DIRECTION('',(0.,-1.,0.));
#3352 = ORIENTED_EDGE('',*,*,#3353,.T.);
#3353 = EDGE_CURVE('',#3345,#1105,#3354,.T.);
#3354 = LINE('',#3355,#3356);
#3355 = CARTESIAN_POINT('',(-42.6,-34.6,19.8));
#3356 = VECTOR('',#3357,1.);
#3357 = DIRECTION('',(1.,0.,-0.));
#3358 = ORIENTED_EDGE('',*,*,#1112,.T.);
#3359 = ORIENTED_EDGE('',*,*,#3319,.F.);
#3360 = ORIENTED_EDGE('',*,*,#3361,.F.);
#3361 = EDGE_CURVE('',#3362,#3312,#3364,.T.);
#3362 = VERTEX_POINT('',#3363);
#3363 = CARTESIAN_POINT('',(-41.,-27.,19.8));
#3364 = CIRCLE('',#3365,6.);
#3365 = AXIS2_PLACEMENT_3D('',#3366,#3367,#3368);
#3366 = CARTESIAN_POINT('',(-35.,-27.,19.8));
#3367 = DIRECTION('',(0.,0.,1.));
#3368 = DIRECTION('',(-1.,-0.,0.));
#3369 = ORIENTED_EDGE('',*,*,#3370,.F.);
#3370 = EDGE_CURVE('',#3371,#3362,#3373,.T.);
#3371 = VERTEX_POINT('',#3372);
#3372 = CARTESIAN_POINT('',(-41.,27.,19.8));
#3373 = LINE('',#3374,#3375);
#3374 = CARTESIAN_POINT('',(-41.,-33.8,19.8));
#3375 = VECTOR('',#3376,1.);
#3376 = DIRECTION('',(0.,-1.,0.));
#3377 = ORIENTED_EDGE('',*,*,#3378,.F.);
#3378 = EDGE_CURVE('',#3379,#3371,#3381,.T.);
#3379 = VERTEX_POINT('',#3380);
#3380 = CARTESIAN_POINT('',(-35.,33.,19.8));
#3381 = CIRCLE('',#3382,6.);
#3382 = AXIS2_PLACEMENT_3D('',#3383,#3384,#3385);
#3383 = CARTESIAN_POINT('',(-35.,27.,19.8));
#3384 = DIRECTION('',(0.,0.,1.));
#3385 = DIRECTION('',(-1.,-0.,0.));
#3386 = ORIENTED_EDGE('',*,*,#3387,.T.);
#3387 = EDGE_CURVE('',#3379,#1679,#3388,.T.);
#3388 = LINE('',#3389,#3390);
#3389 = CARTESIAN_POINT('',(-41.8,33.,19.8));
#3390 = VECTOR('',#3391,1.);
#3391 = DIRECTION('',(1.,0.,-0.));
#3392 = ORIENTED_EDGE('',*,*,#1686,.T.);
#3393 = ORIENTED_EDGE('',*,*,#3394,.F.);
#3394 = EDGE_CURVE('',#3395,#1687,#3397,.T.);
#3395 = VERTEX_POINT('',#3396);
#3396 = CARTESIAN_POINT('',(-35.6,34.6,19.8));
#3397 = LINE('',#3398,#3399);
#3398 = CARTESIAN_POINT('',(-42.6,34.6,19.8));
#3399 = VECTOR('',#3400,1.);
#3400 = DIRECTION('',(1.,0.,-0.));
#3401 = ORIENTED_EDGE('',*,*,#3402,.F.);
#3402 = EDGE_CURVE('',#3337,#3395,#3403,.T.);
#3403 = CIRCLE('',#3404,7.);
#3404 = AXIS2_PLACEMENT_3D('',#3405,#3406,#3407);
#3405 = CARTESIAN_POINT('',(-35.6,27.6,19.8));
#3406 = DIRECTION('',(-0.,-0.,-1.));
#3407 = DIRECTION('',(0.,-1.,0.));
#3408 = PLANE('',#3409);
#3409 = AXIS2_PLACEMENT_3D('',#3410,#3411,#3412);
#3410 = CARTESIAN_POINT('',(-42.6,-34.6,19.8));
#3411 = DIRECTION('',(0.,0.,1.));
#3412 = DIRECTION('',(1.,0.,-0.));
#3413 = ADVANCED_FACE('',(#3414),#3432,.F.);
#3414 = FACE_BOUND('',#3415,.F.);
#3415 = EDGE_LOOP('',(#3416,#3417,#3425,#3431));
#3416 = ORIENTED_EDGE('',*,*,#3353,.F.);
#3417 = ORIENTED_EDGE('',*,*,#3418,.T.);
#3418 = EDGE_CURVE('',#3345,#3419,#3421,.T.);
#3419 = VERTEX_POINT('',#3420);
#3420 = CARTESIAN_POINT('',(-35.6,-34.6,20.95));
#3421 = LINE('',#3422,#3423);
#3422 = CARTESIAN_POINT('',(-35.6,-34.6,19.8));
#3423 = VECTOR('',#3424,1.);
#3424 = DIRECTION('',(0.,0.,1.));
#3425 = ORIENTED_EDGE('',*,*,#3426,.T.);
#3426 = EDGE_CURVE('',#3419,#1097,#3427,.T.);
#3427 = LINE('',#3428,#3429);
#3428 = CARTESIAN_POINT('',(-42.6,-34.6,20.95));
#3429 = VECTOR('',#3430,1.);
#3430 = DIRECTION('',(1.,0.,-0.));
#3431 = ORIENTED_EDGE('',*,*,#1104,.T.);
#3432 = PLANE('',#3433);
#3433 = AXIS2_PLACEMENT_3D('',#3434,#3435,#3436);
#3434 = CARTESIAN_POINT('',(-42.6,-34.6,19.8));
#3435 = DIRECTION('',(-0.,1.,0.));
#3436 = DIRECTION('',(0.,0.,1.));
#3437 = ADVANCED_FACE('',(#3438),#3508,.T.);
#3438 = FACE_BOUND('',#3439,.T.);
#3439 = EDGE_LOOP('',(#3440,#3450,#3457,#3458,#3459,#3460,#3469,#3477,
    #3486,#3492,#3493,#3501));
#3440 = ORIENTED_EDGE('',*,*,#3441,.F.);
#3441 = EDGE_CURVE('',#3442,#3444,#3446,.T.);
#3442 = VERTEX_POINT('',#3443);
#3443 = CARTESIAN_POINT('',(-42.6,-27.6,20.95));
#3444 = VERTEX_POINT('',#3445);
#3445 = CARTESIAN_POINT('',(-42.6,27.6,20.95));
#3446 = LINE('',#3447,#3448);
#3447 = CARTESIAN_POINT('',(-42.6,-34.6,20.95));
#3448 = VECTOR('',#3449,1.);
#3449 = DIRECTION('',(-0.,1.,0.));
#3450 = ORIENTED_EDGE('',*,*,#3451,.T.);
#3451 = EDGE_CURVE('',#3442,#3419,#3452,.T.);
#3452 = CIRCLE('',#3453,7.);
#3453 = AXIS2_PLACEMENT_3D('',#3454,#3455,#3456);
#3454 = CARTESIAN_POINT('',(-35.6,-27.6,20.95));
#3455 = DIRECTION('',(0.,0.,1.));
#3456 = DIRECTION('',(0.,-1.,0.));
#3457 = ORIENTED_EDGE('',*,*,#3426,.T.);
#3458 = ORIENTED_EDGE('',*,*,#1096,.T.);
#3459 = ORIENTED_EDGE('',*,*,#2233,.F.);
#3460 = ORIENTED_EDGE('',*,*,#3461,.F.);
#3461 = EDGE_CURVE('',#3462,#2234,#3464,.T.);
#3462 = VERTEX_POINT('',#3463);
#3463 = CARTESIAN_POINT('',(-41.,-27.,20.95));
#3464 = CIRCLE('',#3465,6.);
#3465 = AXIS2_PLACEMENT_3D('',#3466,#3467,#3468);
#3466 = CARTESIAN_POINT('',(-35.,-27.,20.95));
#3467 = DIRECTION('',(0.,0.,1.));
#3468 = DIRECTION('',(-1.,-0.,0.));
#3469 = ORIENTED_EDGE('',*,*,#3470,.F.);
#3470 = EDGE_CURVE('',#3471,#3462,#3473,.T.);
#3471 = VERTEX_POINT('',#3472);
#3472 = CARTESIAN_POINT('',(-41.,27.,20.95));
#3473 = LINE('',#3474,#3475);
#3474 = CARTESIAN_POINT('',(-41.,-33.8,20.95));
#3475 = VECTOR('',#3476,1.);
#3476 = DIRECTION('',(0.,-1.,0.));
#3477 = ORIENTED_EDGE('',*,*,#3478,.F.);
#3478 = EDGE_CURVE('',#3479,#3471,#3481,.T.);
#3479 = VERTEX_POINT('',#3480);
#3480 = CARTESIAN_POINT('',(-35.,33.,20.95));
#3481 = CIRCLE('',#3482,6.);
#3482 = AXIS2_PLACEMENT_3D('',#3483,#3484,#3485);
#3483 = CARTESIAN_POINT('',(-35.,27.,20.95));
#3484 = DIRECTION('',(0.,0.,1.));
#3485 = DIRECTION('',(-1.,-0.,0.));
#3486 = ORIENTED_EDGE('',*,*,#3487,.T.);
#3487 = EDGE_CURVE('',#3479,#1703,#3488,.T.);
#3488 = LINE('',#3489,#3490);
#3489 = CARTESIAN_POINT('',(-41.8,33.,20.95));
#3490 = VECTOR('',#3491,1.);
#3491 = DIRECTION('',(1.,0.,-0.));
#3492 = ORIENTED_EDGE('',*,*,#1702,.T.);
#3493 = ORIENTED_EDGE('',*,*,#3494,.F.);
#3494 = EDGE_CURVE('',#3495,#1695,#3497,.T.);
#3495 = VERTEX_POINT('',#3496);
#3496 = CARTESIAN_POINT('',(-35.6,34.6,20.95));
#3497 = LINE('',#3498,#3499);
#3498 = CARTESIAN_POINT('',(-42.6,34.6,20.95));
#3499 = VECTOR('',#3500,1.);
#3500 = DIRECTION('',(1.,0.,-0.));
#3501 = ORIENTED_EDGE('',*,*,#3502,.F.);
#3502 = EDGE_CURVE('',#3444,#3495,#3503,.T.);
#3503 = CIRCLE('',#3504,7.);
#3504 = AXIS2_PLACEMENT_3D('',#3505,#3506,#3507);
#3505 = CARTESIAN_POINT('',(-35.6,27.6,20.95));
#3506 = DIRECTION('',(-0.,-0.,-1.));
#3507 = DIRECTION('',(0.,-1.,0.));
#3508 = PLANE('',#3509);
#3509 = AXIS2_PLACEMENT_3D('',#3510,#3511,#3512);
#3510 = CARTESIAN_POINT('',(-42.6,-34.6,20.95));
#3511 = DIRECTION('',(0.,0.,1.));
#3512 = DIRECTION('',(1.,0.,-0.));
#3513 = ADVANCED_FACE('',(#3514),#3548,.F.);
#3514 = FACE_BOUND('',#3515,.F.);
#3515 = EDGE_LOOP('',(#3516,#3522,#3523,#3532,#3540,#3547));
#3516 = ORIENTED_EDGE('',*,*,#3517,.F.);
#3517 = EDGE_CURVE('',#1233,#1504,#3518,.T.);
#3518 = LINE('',#3519,#3520);
#3519 = CARTESIAN_POINT('',(-41.8,-33.,20.95));
#3520 = VECTOR('',#3521,1.);
#3521 = DIRECTION('',(1.,0.,-0.));
#3522 = ORIENTED_EDGE('',*,*,#1232,.F.);
#3523 = ORIENTED_EDGE('',*,*,#3524,.F.);
#3524 = EDGE_CURVE('',#3525,#1225,#3527,.T.);
#3525 = VERTEX_POINT('',#3526);
#3526 = CARTESIAN_POINT('',(-16.30844619078,-33.,24.2));
#3527 = CIRCLE('',#3528,8.);
#3528 = AXIS2_PLACEMENT_3D('',#3529,#3530,#3531);
#3529 = CARTESIAN_POINT('',(-24.,-33.,22.));
#3530 = DIRECTION('',(0.,1.,0.));
#3531 = DIRECTION('',(0.,-0.,1.));
#3532 = ORIENTED_EDGE('',*,*,#3533,.T.);
#3533 = EDGE_CURVE('',#3525,#3534,#3536,.T.);
#3534 = VERTEX_POINT('',#3535);
#3535 = CARTESIAN_POINT('',(16.308446190788,-33.,24.2));
#3536 = LINE('',#3537,#3538);
#3537 = CARTESIAN_POINT('',(-41.8,-33.,24.2));
#3538 = VECTOR('',#3539,1.);
#3539 = DIRECTION('',(1.,0.,-0.));
#3540 = ORIENTED_EDGE('',*,*,#3541,.F.);
#3541 = EDGE_CURVE('',#1496,#3534,#3542,.T.);
#3542 = CIRCLE('',#3543,8.);
#3543 = AXIS2_PLACEMENT_3D('',#3544,#3545,#3546);
#3544 = CARTESIAN_POINT('',(24.,-33.,22.));
#3545 = DIRECTION('',(0.,1.,0.));
#3546 = DIRECTION('',(0.,-0.,1.));
#3547 = ORIENTED_EDGE('',*,*,#1503,.T.);
#3548 = PLANE('',#3549);
#3549 = AXIS2_PLACEMENT_3D('',#3550,#3551,#3552);
#3550 = CARTESIAN_POINT('',(-41.,-33.,0.));
#3551 = DIRECTION('',(-0.,1.,0.));
#3552 = DIRECTION('',(0.,0.,1.));
#3553 = ADVANCED_FACE('',(#3554),#3579,.F.);
#3554 = FACE_BOUND('',#3555,.F.);
#3555 = EDGE_LOOP('',(#3556,#3564,#3572,#3578));
#3556 = ORIENTED_EDGE('',*,*,#3557,.F.);
#3557 = EDGE_CURVE('',#3558,#3525,#3560,.T.);
#3558 = VERTEX_POINT('',#3559);
#3559 = CARTESIAN_POINT('',(-16.30844619078,-34.6,24.2));
#3560 = LINE('',#3561,#3562);
#3561 = CARTESIAN_POINT('',(-16.30844619078,-40.,24.2));
#3562 = VECTOR('',#3563,1.);
#3563 = DIRECTION('',(0.,1.,0.));
#3564 = ORIENTED_EDGE('',*,*,#3565,.T.);
#3565 = EDGE_CURVE('',#3558,#3566,#3568,.T.);
#3566 = VERTEX_POINT('',#3567);
#3567 = CARTESIAN_POINT('',(16.308446190788,-34.6,24.2));
#3568 = LINE('',#3569,#3570);
#3569 = CARTESIAN_POINT('',(-42.6,-34.6,24.2));
#3570 = VECTOR('',#3571,1.);
#3571 = DIRECTION('',(1.,0.,-0.));
#3572 = ORIENTED_EDGE('',*,*,#3573,.T.);
#3573 = EDGE_CURVE('',#3566,#3534,#3574,.T.);
#3574 = LINE('',#3575,#3576);
#3575 = CARTESIAN_POINT('',(16.308446190788,-40.,24.2));
#3576 = VECTOR('',#3577,1.);
#3577 = DIRECTION('',(0.,1.,0.));
#3578 = ORIENTED_EDGE('',*,*,#3533,.F.);
#3579 = PLANE('',#3580);
#3580 = AXIS2_PLACEMENT_3D('',#3581,#3582,#3583);
#3581 = CARTESIAN_POINT('',(-42.6,-34.6,24.2));
#3582 = DIRECTION('',(0.,0.,1.));
#3583 = DIRECTION('',(1.,0.,-0.));
#3584 = ADVANCED_FACE('',(#3585),#3612,.F.);
#3585 = FACE_BOUND('',#3586,.F.);
#3586 = EDGE_LOOP('',(#3587,#3588,#3597,#3605));
#3587 = ORIENTED_EDGE('',*,*,#3565,.F.);
#3588 = ORIENTED_EDGE('',*,*,#3589,.F.);
#3589 = EDGE_CURVE('',#3590,#3558,#3592,.T.);
#3590 = VERTEX_POINT('',#3591);
#3591 = CARTESIAN_POINT('',(-16.73518754543,-34.6,25.35));
#3592 = CIRCLE('',#3593,8.);
#3593 = AXIS2_PLACEMENT_3D('',#3594,#3595,#3596);
#3594 = CARTESIAN_POINT('',(-24.,-34.6,22.));
#3595 = DIRECTION('',(0.,1.,0.));
#3596 = DIRECTION('',(0.,-0.,1.));
#3597 = ORIENTED_EDGE('',*,*,#3598,.T.);
#3598 = EDGE_CURVE('',#3590,#3599,#3601,.T.);
#3599 = VERTEX_POINT('',#3600);
#3600 = CARTESIAN_POINT('',(16.735187545435,-34.6,25.35));
#3601 = LINE('',#3602,#3603);
#3602 = CARTESIAN_POINT('',(-42.6,-34.6,25.35));
#3603 = VECTOR('',#3604,1.);
#3604 = DIRECTION('',(1.,0.,-0.));
#3605 = ORIENTED_EDGE('',*,*,#3606,.F.);
#3606 = EDGE_CURVE('',#3566,#3599,#3607,.T.);
#3607 = CIRCLE('',#3608,8.);
#3608 = AXIS2_PLACEMENT_3D('',#3609,#3610,#3611);
#3609 = CARTESIAN_POINT('',(24.,-34.6,22.));
#3610 = DIRECTION('',(0.,1.,0.));
#3611 = DIRECTION('',(0.,-0.,1.));
#3612 = PLANE('',#3613);
#3613 = AXIS2_PLACEMENT_3D('',#3614,#3615,#3616);
#3614 = CARTESIAN_POINT('',(-42.6,-34.6,24.2));
#3615 = DIRECTION('',(-0.,1.,0.));
#3616 = DIRECTION('',(0.,0.,1.));
#3617 = ADVANCED_FACE('',(#3618),#3643,.T.);
#3618 = FACE_BOUND('',#3619,.T.);
#3619 = EDGE_LOOP('',(#3620,#3628,#3629,#3637));
#3620 = ORIENTED_EDGE('',*,*,#3621,.F.);
#3621 = EDGE_CURVE('',#3590,#3622,#3624,.T.);
#3622 = VERTEX_POINT('',#3623);
#3623 = CARTESIAN_POINT('',(-16.73518754543,-33.,25.35));
#3624 = LINE('',#3625,#3626);
#3625 = CARTESIAN_POINT('',(-16.73518754543,-40.,25.35));
#3626 = VECTOR('',#3627,1.);
#3627 = DIRECTION('',(0.,1.,0.));
#3628 = ORIENTED_EDGE('',*,*,#3598,.T.);
#3629 = ORIENTED_EDGE('',*,*,#3630,.T.);
#3630 = EDGE_CURVE('',#3599,#3631,#3633,.T.);
#3631 = VERTEX_POINT('',#3632);
#3632 = CARTESIAN_POINT('',(16.735187545435,-33.,25.35));
#3633 = LINE('',#3634,#3635);
#3634 = CARTESIAN_POINT('',(16.735187545435,-40.,25.35));
#3635 = VECTOR('',#3636,1.);
#3636 = DIRECTION('',(0.,1.,0.));
#3637 = ORIENTED_EDGE('',*,*,#3638,.F.);
#3638 = EDGE_CURVE('',#3622,#3631,#3639,.T.);
#3639 = LINE('',#3640,#3641);
#3640 = CARTESIAN_POINT('',(-41.8,-33.,25.35));
#3641 = VECTOR('',#3642,1.);
#3642 = DIRECTION('',(1.,0.,-0.));
#3643 = PLANE('',#3644);
#3644 = AXIS2_PLACEMENT_3D('',#3645,#3646,#3647);
#3645 = CARTESIAN_POINT('',(-42.6,-34.6,25.35));
#3646 = DIRECTION('',(0.,0.,1.));
#3647 = DIRECTION('',(1.,0.,-0.));
#3648 = ADVANCED_FACE('',(#3649),#3676,.F.);
#3649 = FACE_BOUND('',#3650,.F.);
#3650 = EDGE_LOOP('',(#3651,#3652,#3661,#3669));
#3651 = ORIENTED_EDGE('',*,*,#3638,.F.);
#3652 = ORIENTED_EDGE('',*,*,#3653,.F.);
#3653 = EDGE_CURVE('',#3654,#3622,#3656,.T.);
#3654 = VERTEX_POINT('',#3655);
#3655 = CARTESIAN_POINT('',(-19.47893817781,-33.,28.6));
#3656 = CIRCLE('',#3657,8.);
#3657 = AXIS2_PLACEMENT_3D('',#3658,#3659,#3660);
#3658 = CARTESIAN_POINT('',(-24.,-33.,22.));
#3659 = DIRECTION('',(0.,1.,0.));
#3660 = DIRECTION('',(0.,-0.,1.));
#3661 = ORIENTED_EDGE('',*,*,#3662,.T.);
#3662 = EDGE_CURVE('',#3654,#3663,#3665,.T.);
#3663 = VERTEX_POINT('',#3664);
#3664 = CARTESIAN_POINT('',(19.478938177817,-33.,28.6));
#3665 = LINE('',#3666,#3667);
#3666 = CARTESIAN_POINT('',(-41.8,-33.,28.6));
#3667 = VECTOR('',#3668,1.);
#3668 = DIRECTION('',(1.,0.,-0.));
#3669 = ORIENTED_EDGE('',*,*,#3670,.F.);
#3670 = EDGE_CURVE('',#3631,#3663,#3671,.T.);
#3671 = CIRCLE('',#3672,8.);
#3672 = AXIS2_PLACEMENT_3D('',#3673,#3674,#3675);
#3673 = CARTESIAN_POINT('',(24.,-33.,22.));
#3674 = DIRECTION('',(0.,1.,0.));
#3675 = DIRECTION('',(0.,-0.,1.));
#3676 = PLANE('',#3677);
#3677 = AXIS2_PLACEMENT_3D('',#3678,#3679,#3680);
#3678 = CARTESIAN_POINT('',(-41.,-33.,0.));
#3679 = DIRECTION('',(-0.,1.,0.));
#3680 = DIRECTION('',(0.,0.,1.));
#3681 = ADVANCED_FACE('',(#3682),#3707,.F.);
#3682 = FACE_BOUND('',#3683,.F.);
#3683 = EDGE_LOOP('',(#3684,#3692,#3700,#3706));
#3684 = ORIENTED_EDGE('',*,*,#3685,.F.);
#3685 = EDGE_CURVE('',#3686,#3654,#3688,.T.);
#3686 = VERTEX_POINT('',#3687);
#3687 = CARTESIAN_POINT('',(-19.47893817781,-34.6,28.6));
#3688 = LINE('',#3689,#3690);
#3689 = CARTESIAN_POINT('',(-19.47893817781,-40.,28.6));
#3690 = VECTOR('',#3691,1.);
#3691 = DIRECTION('',(0.,1.,0.));
#3692 = ORIENTED_EDGE('',*,*,#3693,.T.);
#3693 = EDGE_CURVE('',#3686,#3694,#3696,.T.);
#3694 = VERTEX_POINT('',#3695);
#3695 = CARTESIAN_POINT('',(19.478938177817,-34.6,28.6));
#3696 = LINE('',#3697,#3698);
#3697 = CARTESIAN_POINT('',(-42.6,-34.6,28.6));
#3698 = VECTOR('',#3699,1.);
#3699 = DIRECTION('',(1.,0.,-0.));
#3700 = ORIENTED_EDGE('',*,*,#3701,.T.);
#3701 = EDGE_CURVE('',#3694,#3663,#3702,.T.);
#3702 = LINE('',#3703,#3704);
#3703 = CARTESIAN_POINT('',(19.478938177817,-40.,28.6));
#3704 = VECTOR('',#3705,1.);
#3705 = DIRECTION('',(0.,1.,0.));
#3706 = ORIENTED_EDGE('',*,*,#3662,.F.);
#3707 = PLANE('',#3708);
#3708 = AXIS2_PLACEMENT_3D('',#3709,#3710,#3711);
#3709 = CARTESIAN_POINT('',(-42.6,-34.6,28.6));
#3710 = DIRECTION('',(0.,0.,1.));
#3711 = DIRECTION('',(1.,0.,-0.));
#3712 = ADVANCED_FACE('',(#3713),#3740,.F.);
#3713 = FACE_BOUND('',#3714,.F.);
#3714 = EDGE_LOOP('',(#3715,#3716,#3725,#3733));
#3715 = ORIENTED_EDGE('',*,*,#3693,.F.);
#3716 = ORIENTED_EDGE('',*,*,#3717,.F.);
#3717 = EDGE_CURVE('',#3718,#3686,#3720,.T.);
#3718 = VERTEX_POINT('',#3719);
#3719 = CARTESIAN_POINT('',(-22.0156865167,-34.6,29.75));
#3720 = CIRCLE('',#3721,8.);
#3721 = AXIS2_PLACEMENT_3D('',#3722,#3723,#3724);
#3722 = CARTESIAN_POINT('',(-24.,-34.6,22.));
#3723 = DIRECTION('',(0.,1.,0.));
#3724 = DIRECTION('',(0.,-0.,1.));
#3725 = ORIENTED_EDGE('',*,*,#3726,.T.);
#3726 = EDGE_CURVE('',#3718,#3727,#3729,.T.);
#3727 = VERTEX_POINT('',#3728);
#3728 = CARTESIAN_POINT('',(22.015686516702,-34.6,29.75));
#3729 = LINE('',#3730,#3731);
#3730 = CARTESIAN_POINT('',(-42.6,-34.6,29.75));
#3731 = VECTOR('',#3732,1.);
#3732 = DIRECTION('',(1.,0.,-0.));
#3733 = ORIENTED_EDGE('',*,*,#3734,.F.);
#3734 = EDGE_CURVE('',#3694,#3727,#3735,.T.);
#3735 = CIRCLE('',#3736,8.);
#3736 = AXIS2_PLACEMENT_3D('',#3737,#3738,#3739);
#3737 = CARTESIAN_POINT('',(24.,-34.6,22.));
#3738 = DIRECTION('',(0.,1.,0.));
#3739 = DIRECTION('',(0.,-0.,1.));
#3740 = PLANE('',#3741);
#3741 = AXIS2_PLACEMENT_3D('',#3742,#3743,#3744);
#3742 = CARTESIAN_POINT('',(-42.6,-34.6,28.6));
#3743 = DIRECTION('',(-0.,1.,0.));
#3744 = DIRECTION('',(0.,0.,1.));
#3745 = ADVANCED_FACE('',(#3746),#3762,.T.);
#3746 = FACE_BOUND('',#3747,.T.);
#3747 = EDGE_LOOP('',(#3748,#3754,#3755,#3761));
#3748 = ORIENTED_EDGE('',*,*,#3749,.F.);
#3749 = EDGE_CURVE('',#3718,#2334,#3750,.T.);
#3750 = LINE('',#3751,#3752);
#3751 = CARTESIAN_POINT('',(-22.0156865167,-40.,29.75));
#3752 = VECTOR('',#3753,1.);
#3753 = DIRECTION('',(0.,1.,0.));
#3754 = ORIENTED_EDGE('',*,*,#3726,.T.);
#3755 = ORIENTED_EDGE('',*,*,#3756,.T.);
#3756 = EDGE_CURVE('',#3727,#2325,#3757,.T.);
#3757 = LINE('',#3758,#3759);
#3758 = CARTESIAN_POINT('',(22.015686516702,-40.,29.75));
#3759 = VECTOR('',#3760,1.);
#3760 = DIRECTION('',(0.,1.,0.));
#3761 = ORIENTED_EDGE('',*,*,#2333,.F.);
#3762 = PLANE('',#3763);
#3763 = AXIS2_PLACEMENT_3D('',#3764,#3765,#3766);
#3764 = CARTESIAN_POINT('',(-42.6,-34.6,29.75));
#3765 = DIRECTION('',(0.,0.,1.));
#3766 = DIRECTION('',(1.,0.,-0.));
#3767 = ADVANCED_FACE('',(#3768),#3779,.F.);
#3768 = FACE_BOUND('',#3769,.F.);
#3769 = EDGE_LOOP('',(#3770,#3771,#3777,#3778));
#3770 = ORIENTED_EDGE('',*,*,#1320,.F.);
#3771 = ORIENTED_EDGE('',*,*,#3772,.T.);
#3772 = EDGE_CURVE('',#1313,#1584,#3773,.T.);
#3773 = LINE('',#3774,#3775);
#3774 = CARTESIAN_POINT('',(-42.6,-34.6,11.));
#3775 = VECTOR('',#3776,1.);
#3776 = DIRECTION('',(1.,0.,-0.));
#3777 = ORIENTED_EDGE('',*,*,#1591,.T.);
#3778 = ORIENTED_EDGE('',*,*,#2875,.F.);
#3779 = PLANE('',#3780);
#3780 = AXIS2_PLACEMENT_3D('',#3781,#3782,#3783);
#3781 = CARTESIAN_POINT('',(-42.6,-34.6,11.));
#3782 = DIRECTION('',(0.,0.,1.));
#3783 = DIRECTION('',(1.,0.,-0.));
#3784 = ADVANCED_FACE('',(#3785),#3796,.F.);
#3785 = FACE_BOUND('',#3786,.F.);
#3786 = EDGE_LOOP('',(#3787,#3788,#3789,#3795));
#3787 = ORIENTED_EDGE('',*,*,#3772,.F.);
#3788 = ORIENTED_EDGE('',*,*,#1312,.F.);
#3789 = ORIENTED_EDGE('',*,*,#3790,.T.);
#3790 = EDGE_CURVE('',#1305,#1576,#3791,.T.);
#3791 = LINE('',#3792,#3793);
#3792 = CARTESIAN_POINT('',(-42.6,-34.6,12.15));
#3793 = VECTOR('',#3794,1.);
#3794 = DIRECTION('',(1.,0.,-0.));
#3795 = ORIENTED_EDGE('',*,*,#1583,.T.);
#3796 = PLANE('',#3797);
#3797 = AXIS2_PLACEMENT_3D('',#3798,#3799,#3800);
#3798 = CARTESIAN_POINT('',(-42.6,-34.6,11.));
#3799 = DIRECTION('',(-0.,1.,0.));
#3800 = DIRECTION('',(0.,0.,1.));
#3801 = ADVANCED_FACE('',(#3802),#3813,.T.);
#3802 = FACE_BOUND('',#3803,.T.);
#3803 = EDGE_LOOP('',(#3804,#3805,#3806,#3807));
#3804 = ORIENTED_EDGE('',*,*,#1304,.F.);
#3805 = ORIENTED_EDGE('',*,*,#3790,.T.);
#3806 = ORIENTED_EDGE('',*,*,#1575,.T.);
#3807 = ORIENTED_EDGE('',*,*,#3808,.F.);
#3808 = EDGE_CURVE('',#1297,#1568,#3809,.T.);
#3809 = LINE('',#3810,#3811);
#3810 = CARTESIAN_POINT('',(-41.8,-33.,12.15));
#3811 = VECTOR('',#3812,1.);
#3812 = DIRECTION('',(1.,0.,-0.));
#3813 = PLANE('',#3814);
#3814 = AXIS2_PLACEMENT_3D('',#3815,#3816,#3817);
#3815 = CARTESIAN_POINT('',(-42.6,-34.6,12.15));
#3816 = DIRECTION('',(0.,0.,1.));
#3817 = DIRECTION('',(1.,0.,-0.));
#3818 = ADVANCED_FACE('',(#3819),#3830,.F.);
#3819 = FACE_BOUND('',#3820,.F.);
#3820 = EDGE_LOOP('',(#3821,#3822,#3823,#3829));
#3821 = ORIENTED_EDGE('',*,*,#3808,.F.);
#3822 = ORIENTED_EDGE('',*,*,#1296,.F.);
#3823 = ORIENTED_EDGE('',*,*,#3824,.T.);
#3824 = EDGE_CURVE('',#1289,#1560,#3825,.T.);
#3825 = LINE('',#3826,#3827);
#3826 = CARTESIAN_POINT('',(-41.8,-33.,15.4));
#3827 = VECTOR('',#3828,1.);
#3828 = DIRECTION('',(1.,0.,-0.));
#3829 = ORIENTED_EDGE('',*,*,#1567,.T.);
#3830 = PLANE('',#3831);
#3831 = AXIS2_PLACEMENT_3D('',#3832,#3833,#3834);
#3832 = CARTESIAN_POINT('',(-41.,-33.,0.));
#3833 = DIRECTION('',(-0.,1.,0.));
#3834 = DIRECTION('',(0.,0.,1.));
#3835 = ADVANCED_FACE('',(#3836),#3847,.F.);
#3836 = FACE_BOUND('',#3837,.F.);
#3837 = EDGE_LOOP('',(#3838,#3839,#3845,#3846));
#3838 = ORIENTED_EDGE('',*,*,#1288,.F.);
#3839 = ORIENTED_EDGE('',*,*,#3840,.T.);
#3840 = EDGE_CURVE('',#1281,#1552,#3841,.T.);
#3841 = LINE('',#3842,#3843);
#3842 = CARTESIAN_POINT('',(-42.6,-34.6,15.4));
#3843 = VECTOR('',#3844,1.);
#3844 = DIRECTION('',(1.,0.,-0.));
#3845 = ORIENTED_EDGE('',*,*,#1559,.T.);
#3846 = ORIENTED_EDGE('',*,*,#3824,.F.);
#3847 = PLANE('',#3848);
#3848 = AXIS2_PLACEMENT_3D('',#3849,#3850,#3851);
#3849 = CARTESIAN_POINT('',(-42.6,-34.6,15.4));
#3850 = DIRECTION('',(0.,0.,1.));
#3851 = DIRECTION('',(1.,0.,-0.));
#3852 = ADVANCED_FACE('',(#3853),#3864,.F.);
#3853 = FACE_BOUND('',#3854,.F.);
#3854 = EDGE_LOOP('',(#3855,#3856,#3857,#3863));
#3855 = ORIENTED_EDGE('',*,*,#3840,.F.);
#3856 = ORIENTED_EDGE('',*,*,#1280,.F.);
#3857 = ORIENTED_EDGE('',*,*,#3858,.T.);
#3858 = EDGE_CURVE('',#1273,#1544,#3859,.T.);
#3859 = LINE('',#3860,#3861);
#3860 = CARTESIAN_POINT('',(-42.6,-34.6,16.55));
#3861 = VECTOR('',#3862,1.);
#3862 = DIRECTION('',(1.,0.,-0.));
#3863 = ORIENTED_EDGE('',*,*,#1551,.T.);
#3864 = PLANE('',#3865);
#3865 = AXIS2_PLACEMENT_3D('',#3866,#3867,#3868);
#3866 = CARTESIAN_POINT('',(-42.6,-34.6,15.4));
#3867 = DIRECTION('',(-0.,1.,0.));
#3868 = DIRECTION('',(0.,0.,1.));
#3869 = ADVANCED_FACE('',(#3870),#3881,.T.);
#3870 = FACE_BOUND('',#3871,.T.);
#3871 = EDGE_LOOP('',(#3872,#3873,#3874,#3875));
#3872 = ORIENTED_EDGE('',*,*,#1272,.F.);
#3873 = ORIENTED_EDGE('',*,*,#3858,.T.);
#3874 = ORIENTED_EDGE('',*,*,#1543,.T.);
#3875 = ORIENTED_EDGE('',*,*,#3876,.F.);
#3876 = EDGE_CURVE('',#1265,#1536,#3877,.T.);
#3877 = LINE('',#3878,#3879);
#3878 = CARTESIAN_POINT('',(-41.8,-33.,16.55));
#3879 = VECTOR('',#3880,1.);
#3880 = DIRECTION('',(1.,0.,-0.));
#3881 = PLANE('',#3882);
#3882 = AXIS2_PLACEMENT_3D('',#3883,#3884,#3885);
#3883 = CARTESIAN_POINT('',(-42.6,-34.6,16.55));
#3884 = DIRECTION('',(0.,0.,1.));
#3885 = DIRECTION('',(1.,0.,-0.));
#3886 = ADVANCED_FACE('',(#3887),#3898,.F.);
#3887 = FACE_BOUND('',#3888,.F.);
#3888 = EDGE_LOOP('',(#3889,#3890,#3891,#3897));
#3889 = ORIENTED_EDGE('',*,*,#3876,.F.);
#3890 = ORIENTED_EDGE('',*,*,#1264,.F.);
#3891 = ORIENTED_EDGE('',*,*,#3892,.T.);
#3892 = EDGE_CURVE('',#1257,#1528,#3893,.T.);
#3893 = LINE('',#3894,#3895);
#3894 = CARTESIAN_POINT('',(-41.8,-33.,19.8));
#3895 = VECTOR('',#3896,1.);
#3896 = DIRECTION('',(1.,0.,-0.));
#3897 = ORIENTED_EDGE('',*,*,#1535,.T.);
#3898 = PLANE('',#3899);
#3899 = AXIS2_PLACEMENT_3D('',#3900,#3901,#3902);
#3900 = CARTESIAN_POINT('',(-41.,-33.,0.));
#3901 = DIRECTION('',(-0.,1.,0.));
#3902 = DIRECTION('',(0.,0.,1.));
#3903 = ADVANCED_FACE('',(#3904),#3915,.F.);
#3904 = FACE_BOUND('',#3905,.F.);
#3905 = EDGE_LOOP('',(#3906,#3907,#3913,#3914));
#3906 = ORIENTED_EDGE('',*,*,#1256,.F.);
#3907 = ORIENTED_EDGE('',*,*,#3908,.T.);
#3908 = EDGE_CURVE('',#1249,#1520,#3909,.T.);
#3909 = LINE('',#3910,#3911);
#3910 = CARTESIAN_POINT('',(-42.6,-34.6,19.8));
#3911 = VECTOR('',#3912,1.);
#3912 = DIRECTION('',(1.,0.,-0.));
#3913 = ORIENTED_EDGE('',*,*,#1527,.T.);
#3914 = ORIENTED_EDGE('',*,*,#3892,.F.);
#3915 = PLANE('',#3916);
#3916 = AXIS2_PLACEMENT_3D('',#3917,#3918,#3919);
#3917 = CARTESIAN_POINT('',(-42.6,-34.6,19.8));
#3918 = DIRECTION('',(0.,0.,1.));
#3919 = DIRECTION('',(1.,0.,-0.));
#3920 = ADVANCED_FACE('',(#3921),#3932,.F.);
#3921 = FACE_BOUND('',#3922,.F.);
#3922 = EDGE_LOOP('',(#3923,#3924,#3925,#3931));
#3923 = ORIENTED_EDGE('',*,*,#3908,.F.);
#3924 = ORIENTED_EDGE('',*,*,#1248,.F.);
#3925 = ORIENTED_EDGE('',*,*,#3926,.T.);
#3926 = EDGE_CURVE('',#1241,#1512,#3927,.T.);
#3927 = LINE('',#3928,#3929);
#3928 = CARTESIAN_POINT('',(-42.6,-34.6,20.95));
#3929 = VECTOR('',#3930,1.);
#3930 = DIRECTION('',(1.,0.,-0.));
#3931 = ORIENTED_EDGE('',*,*,#1519,.T.);
#3932 = PLANE('',#3933);
#3933 = AXIS2_PLACEMENT_3D('',#3934,#3935,#3936);
#3934 = CARTESIAN_POINT('',(-42.6,-34.6,19.8));
#3935 = DIRECTION('',(-0.,1.,0.));
#3936 = DIRECTION('',(0.,0.,1.));
#3937 = ADVANCED_FACE('',(#3938),#3944,.T.);
#3938 = FACE_BOUND('',#3939,.T.);
#3939 = EDGE_LOOP('',(#3940,#3941,#3942,#3943));
#3940 = ORIENTED_EDGE('',*,*,#1240,.F.);
#3941 = ORIENTED_EDGE('',*,*,#3926,.T.);
#3942 = ORIENTED_EDGE('',*,*,#1511,.T.);
#3943 = ORIENTED_EDGE('',*,*,#3517,.F.);
#3944 = PLANE('',#3945);
#3945 = AXIS2_PLACEMENT_3D('',#3946,#3947,#3948);
#3946 = CARTESIAN_POINT('',(-42.6,-34.6,20.95));
#3947 = DIRECTION('',(0.,0.,1.));
#3948 = DIRECTION('',(1.,0.,-0.));
#3949 = ADVANCED_FACE('',(#3950),#3984,.F.);
#3950 = FACE_BOUND('',#3951,.F.);
#3951 = EDGE_LOOP('',(#3952,#3960,#3961,#3970,#3978));
#3952 = ORIENTED_EDGE('',*,*,#3953,.F.);
#3953 = EDGE_CURVE('',#1360,#3954,#3956,.T.);
#3954 = VERTEX_POINT('',#3955);
#3955 = CARTESIAN_POINT('',(35.,-33.,20.95));
#3956 = LINE('',#3957,#3958);
#3957 = CARTESIAN_POINT('',(-41.8,-33.,20.95));
#3958 = VECTOR('',#3959,1.);
#3959 = DIRECTION('',(1.,0.,-0.));
#3960 = ORIENTED_EDGE('',*,*,#1359,.F.);
#3961 = ORIENTED_EDGE('',*,*,#3962,.F.);
#3962 = EDGE_CURVE('',#3963,#1352,#3965,.T.);
#3963 = VERTEX_POINT('',#3964);
#3964 = CARTESIAN_POINT('',(31.691553809212,-33.,24.2));
#3965 = CIRCLE('',#3966,8.);
#3966 = AXIS2_PLACEMENT_3D('',#3967,#3968,#3969);
#3967 = CARTESIAN_POINT('',(24.,-33.,22.));
#3968 = DIRECTION('',(0.,1.,0.));
#3969 = DIRECTION('',(0.,-0.,1.));
#3970 = ORIENTED_EDGE('',*,*,#3971,.T.);
#3971 = EDGE_CURVE('',#3963,#3972,#3974,.T.);
#3972 = VERTEX_POINT('',#3973);
#3973 = CARTESIAN_POINT('',(35.,-33.,24.2));
#3974 = LINE('',#3975,#3976);
#3975 = CARTESIAN_POINT('',(-41.8,-33.,24.2));
#3976 = VECTOR('',#3977,1.);
#3977 = DIRECTION('',(1.,0.,-0.));
#3978 = ORIENTED_EDGE('',*,*,#3979,.F.);
#3979 = EDGE_CURVE('',#3954,#3972,#3980,.T.);
#3980 = LINE('',#3981,#3982);
#3981 = CARTESIAN_POINT('',(35.,-33.,0.));
#3982 = VECTOR('',#3983,1.);
#3983 = DIRECTION('',(0.,0.,1.));
#3984 = PLANE('',#3985);
#3985 = AXIS2_PLACEMENT_3D('',#3986,#3987,#3988);
#3986 = CARTESIAN_POINT('',(-41.,-33.,0.));
#3987 = DIRECTION('',(-0.,1.,0.));
#3988 = DIRECTION('',(0.,0.,1.));
#3989 = ADVANCED_FACE('',(#3990),#4083,.F.);
#3990 = FACE_BOUND('',#3991,.F.);
#3991 = EDGE_LOOP('',(#3992,#4000,#4008,#4017,#4025,#4034,#4042,#4050,
    #4058,#4067,#4075,#4082));
#3992 = ORIENTED_EDGE('',*,*,#3993,.F.);
#3993 = EDGE_CURVE('',#3994,#3963,#3996,.T.);
#3994 = VERTEX_POINT('',#3995);
#3995 = CARTESIAN_POINT('',(31.691553809212,-34.6,24.2));
#3996 = LINE('',#3997,#3998);
#3997 = CARTESIAN_POINT('',(31.691553809212,-40.,24.2));
#3998 = VECTOR('',#3999,1.);
#3999 = DIRECTION('',(0.,1.,0.));
#4000 = ORIENTED_EDGE('',*,*,#4001,.T.);
#4001 = EDGE_CURVE('',#3994,#4002,#4004,.T.);
#4002 = VERTEX_POINT('',#4003);
#4003 = CARTESIAN_POINT('',(35.6,-34.6,24.2));
#4004 = LINE('',#4005,#4006);
#4005 = CARTESIAN_POINT('',(-42.6,-34.6,24.2));
#4006 = VECTOR('',#4007,1.);
#4007 = DIRECTION('',(1.,0.,-0.));
#4008 = ORIENTED_EDGE('',*,*,#4009,.F.);
#4009 = EDGE_CURVE('',#4010,#4002,#4012,.T.);
#4010 = VERTEX_POINT('',#4011);
#4011 = CARTESIAN_POINT('',(42.6,-27.6,24.2));
#4012 = CIRCLE('',#4013,7.);
#4013 = AXIS2_PLACEMENT_3D('',#4014,#4015,#4016);
#4014 = CARTESIAN_POINT('',(35.6,-27.6,24.2));
#4015 = DIRECTION('',(-0.,-0.,-1.));
#4016 = DIRECTION('',(0.,-1.,0.));
#4017 = ORIENTED_EDGE('',*,*,#4018,.T.);
#4018 = EDGE_CURVE('',#4010,#4019,#4021,.T.);
#4019 = VERTEX_POINT('',#4020);
#4020 = CARTESIAN_POINT('',(42.6,27.6,24.2));
#4021 = LINE('',#4022,#4023);
#4022 = CARTESIAN_POINT('',(42.6,-34.6,24.2));
#4023 = VECTOR('',#4024,1.);
#4024 = DIRECTION('',(-0.,1.,0.));
#4025 = ORIENTED_EDGE('',*,*,#4026,.T.);
#4026 = EDGE_CURVE('',#4019,#4027,#4029,.T.);
#4027 = VERTEX_POINT('',#4028);
#4028 = CARTESIAN_POINT('',(35.6,34.6,24.2));
#4029 = CIRCLE('',#4030,7.);
#4030 = AXIS2_PLACEMENT_3D('',#4031,#4032,#4033);
#4031 = CARTESIAN_POINT('',(35.6,27.6,24.2));
#4032 = DIRECTION('',(0.,0.,1.));
#4033 = DIRECTION('',(0.,-1.,0.));
#4034 = ORIENTED_EDGE('',*,*,#4035,.F.);
#4035 = EDGE_CURVE('',#4036,#4027,#4038,.T.);
#4036 = VERTEX_POINT('',#4037);
#4037 = CARTESIAN_POINT('',(31.691553809212,34.6,24.2));
#4038 = LINE('',#4039,#4040);
#4039 = CARTESIAN_POINT('',(-42.6,34.6,24.2));
#4040 = VECTOR('',#4041,1.);
#4041 = DIRECTION('',(1.,0.,-0.));
#4042 = ORIENTED_EDGE('',*,*,#4043,.F.);
#4043 = EDGE_CURVE('',#4044,#4036,#4046,.T.);
#4044 = VERTEX_POINT('',#4045);
#4045 = CARTESIAN_POINT('',(31.691553809212,33.,24.2));
#4046 = LINE('',#4047,#4048);
#4047 = CARTESIAN_POINT('',(31.691553809212,-40.,24.2));
#4048 = VECTOR('',#4049,1.);
#4049 = DIRECTION('',(0.,1.,0.));
#4050 = ORIENTED_EDGE('',*,*,#4051,.T.);
#4051 = EDGE_CURVE('',#4044,#4052,#4054,.T.);
#4052 = VERTEX_POINT('',#4053);
#4053 = CARTESIAN_POINT('',(35.,33.,24.2));
#4054 = LINE('',#4055,#4056);
#4055 = CARTESIAN_POINT('',(-41.8,33.,24.2));
#4056 = VECTOR('',#4057,1.);
#4057 = DIRECTION('',(1.,0.,-0.));
#4058 = ORIENTED_EDGE('',*,*,#4059,.F.);
#4059 = EDGE_CURVE('',#4060,#4052,#4062,.T.);
#4060 = VERTEX_POINT('',#4061);
#4061 = CARTESIAN_POINT('',(41.,27.,24.2));
#4062 = CIRCLE('',#4063,6.);
#4063 = AXIS2_PLACEMENT_3D('',#4064,#4065,#4066);
#4064 = CARTESIAN_POINT('',(35.,27.,24.2));
#4065 = DIRECTION('',(0.,0.,1.));
#4066 = DIRECTION('',(1.,0.,-0.));
#4067 = ORIENTED_EDGE('',*,*,#4068,.T.);
#4068 = EDGE_CURVE('',#4060,#4069,#4071,.T.);
#4069 = VERTEX_POINT('',#4070);
#4070 = CARTESIAN_POINT('',(41.,-27.,24.2));
#4071 = LINE('',#4072,#4073);
#4072 = CARTESIAN_POINT('',(41.,-33.8,24.2));
#4073 = VECTOR('',#4074,1.);
#4074 = DIRECTION('',(0.,-1.,0.));
#4075 = ORIENTED_EDGE('',*,*,#4076,.F.);
#4076 = EDGE_CURVE('',#3972,#4069,#4077,.T.);
#4077 = CIRCLE('',#4078,6.);
#4078 = AXIS2_PLACEMENT_3D('',#4079,#4080,#4081);
#4079 = CARTESIAN_POINT('',(35.,-27.,24.2));
#4080 = DIRECTION('',(0.,0.,1.));
#4081 = DIRECTION('',(1.,0.,-0.));
#4082 = ORIENTED_EDGE('',*,*,#3971,.F.);
#4083 = PLANE('',#4084);
#4084 = AXIS2_PLACEMENT_3D('',#4085,#4086,#4087);
#4085 = CARTESIAN_POINT('',(-42.6,-34.6,24.2));
#4086 = DIRECTION('',(0.,0.,1.));
#4087 = DIRECTION('',(1.,0.,-0.));
#4088 = ADVANCED_FACE('',(#4089),#4115,.F.);
#4089 = FACE_BOUND('',#4090,.F.);
#4090 = EDGE_LOOP('',(#4091,#4092,#4101,#4109));
#4091 = ORIENTED_EDGE('',*,*,#4001,.F.);
#4092 = ORIENTED_EDGE('',*,*,#4093,.F.);
#4093 = EDGE_CURVE('',#4094,#3994,#4096,.T.);
#4094 = VERTEX_POINT('',#4095);
#4095 = CARTESIAN_POINT('',(31.264812454565,-34.6,25.35));
#4096 = CIRCLE('',#4097,8.);
#4097 = AXIS2_PLACEMENT_3D('',#4098,#4099,#4100);
#4098 = CARTESIAN_POINT('',(24.,-34.6,22.));
#4099 = DIRECTION('',(0.,1.,0.));
#4100 = DIRECTION('',(0.,-0.,1.));
#4101 = ORIENTED_EDGE('',*,*,#4102,.T.);
#4102 = EDGE_CURVE('',#4094,#4103,#4105,.T.);
#4103 = VERTEX_POINT('',#4104);
#4104 = CARTESIAN_POINT('',(35.6,-34.6,25.35));
#4105 = LINE('',#4106,#4107);
#4106 = CARTESIAN_POINT('',(-42.6,-34.6,25.35));
#4107 = VECTOR('',#4108,1.);
#4108 = DIRECTION('',(1.,0.,-0.));
#4109 = ORIENTED_EDGE('',*,*,#4110,.F.);
#4110 = EDGE_CURVE('',#4002,#4103,#4111,.T.);
#4111 = LINE('',#4112,#4113);
#4112 = CARTESIAN_POINT('',(35.6,-34.6,24.2));
#4113 = VECTOR('',#4114,1.);
#4114 = DIRECTION('',(0.,0.,1.));
#4115 = PLANE('',#4116);
#4116 = AXIS2_PLACEMENT_3D('',#4117,#4118,#4119);
#4117 = CARTESIAN_POINT('',(-42.6,-34.6,24.2));
#4118 = DIRECTION('',(-0.,1.,0.));
#4119 = DIRECTION('',(0.,0.,1.));
#4120 = ADVANCED_FACE('',(#4121),#4214,.T.);
#4121 = FACE_BOUND('',#4122,.T.);
#4122 = EDGE_LOOP('',(#4123,#4131,#4132,#4141,#4149,#4158,#4166,#4174,
    #4182,#4191,#4199,#4208));
#4123 = ORIENTED_EDGE('',*,*,#4124,.F.);
#4124 = EDGE_CURVE('',#4094,#4125,#4127,.T.);
#4125 = VERTEX_POINT('',#4126);
#4126 = CARTESIAN_POINT('',(31.264812454565,-33.,25.35));
#4127 = LINE('',#4128,#4129);
#4128 = CARTESIAN_POINT('',(31.264812454565,-40.,25.35));
#4129 = VECTOR('',#4130,1.);
#4130 = DIRECTION('',(0.,1.,0.));
#4131 = ORIENTED_EDGE('',*,*,#4102,.T.);
#4132 = ORIENTED_EDGE('',*,*,#4133,.F.);
#4133 = EDGE_CURVE('',#4134,#4103,#4136,.T.);
#4134 = VERTEX_POINT('',#4135);
#4135 = CARTESIAN_POINT('',(42.6,-27.6,25.35));
#4136 = CIRCLE('',#4137,7.);
#4137 = AXIS2_PLACEMENT_3D('',#4138,#4139,#4140);
#4138 = CARTESIAN_POINT('',(35.6,-27.6,25.35));
#4139 = DIRECTION('',(-0.,-0.,-1.));
#4140 = DIRECTION('',(0.,-1.,0.));
#4141 = ORIENTED_EDGE('',*,*,#4142,.T.);
#4142 = EDGE_CURVE('',#4134,#4143,#4145,.T.);
#4143 = VERTEX_POINT('',#4144);
#4144 = CARTESIAN_POINT('',(42.6,27.6,25.35));
#4145 = LINE('',#4146,#4147);
#4146 = CARTESIAN_POINT('',(42.6,-34.6,25.35));
#4147 = VECTOR('',#4148,1.);
#4148 = DIRECTION('',(-0.,1.,0.));
#4149 = ORIENTED_EDGE('',*,*,#4150,.T.);
#4150 = EDGE_CURVE('',#4143,#4151,#4153,.T.);
#4151 = VERTEX_POINT('',#4152);
#4152 = CARTESIAN_POINT('',(35.6,34.6,25.35));
#4153 = CIRCLE('',#4154,7.);
#4154 = AXIS2_PLACEMENT_3D('',#4155,#4156,#4157);
#4155 = CARTESIAN_POINT('',(35.6,27.6,25.35));
#4156 = DIRECTION('',(0.,0.,1.));
#4157 = DIRECTION('',(0.,-1.,0.));
#4158 = ORIENTED_EDGE('',*,*,#4159,.F.);
#4159 = EDGE_CURVE('',#4160,#4151,#4162,.T.);
#4160 = VERTEX_POINT('',#4161);
#4161 = CARTESIAN_POINT('',(31.264812454565,34.6,25.35));
#4162 = LINE('',#4163,#4164);
#4163 = CARTESIAN_POINT('',(-42.6,34.6,25.35));
#4164 = VECTOR('',#4165,1.);
#4165 = DIRECTION('',(1.,0.,-0.));
#4166 = ORIENTED_EDGE('',*,*,#4167,.F.);
#4167 = EDGE_CURVE('',#4168,#4160,#4170,.T.);
#4168 = VERTEX_POINT('',#4169);
#4169 = CARTESIAN_POINT('',(31.264812454565,33.,25.35));
#4170 = LINE('',#4171,#4172);
#4171 = CARTESIAN_POINT('',(31.264812454565,-40.,25.35));
#4172 = VECTOR('',#4173,1.);
#4173 = DIRECTION('',(0.,1.,0.));
#4174 = ORIENTED_EDGE('',*,*,#4175,.T.);
#4175 = EDGE_CURVE('',#4168,#4176,#4178,.T.);
#4176 = VERTEX_POINT('',#4177);
#4177 = CARTESIAN_POINT('',(35.,33.,25.35));
#4178 = LINE('',#4179,#4180);
#4179 = CARTESIAN_POINT('',(-41.8,33.,25.35));
#4180 = VECTOR('',#4181,1.);
#4181 = DIRECTION('',(1.,0.,-0.));
#4182 = ORIENTED_EDGE('',*,*,#4183,.F.);
#4183 = EDGE_CURVE('',#4184,#4176,#4186,.T.);
#4184 = VERTEX_POINT('',#4185);
#4185 = CARTESIAN_POINT('',(41.,27.,25.35));
#4186 = CIRCLE('',#4187,6.);
#4187 = AXIS2_PLACEMENT_3D('',#4188,#4189,#4190);
#4188 = CARTESIAN_POINT('',(35.,27.,25.35));
#4189 = DIRECTION('',(0.,0.,1.));
#4190 = DIRECTION('',(1.,0.,-0.));
#4191 = ORIENTED_EDGE('',*,*,#4192,.T.);
#4192 = EDGE_CURVE('',#4184,#4193,#4195,.T.);
#4193 = VERTEX_POINT('',#4194);
#4194 = CARTESIAN_POINT('',(41.,-27.,25.35));
#4195 = LINE('',#4196,#4197);
#4196 = CARTESIAN_POINT('',(41.,-33.8,25.35));
#4197 = VECTOR('',#4198,1.);
#4198 = DIRECTION('',(0.,-1.,0.));
#4199 = ORIENTED_EDGE('',*,*,#4200,.F.);
#4200 = EDGE_CURVE('',#4201,#4193,#4203,.T.);
#4201 = VERTEX_POINT('',#4202);
#4202 = CARTESIAN_POINT('',(35.,-33.,25.35));
#4203 = CIRCLE('',#4204,6.);
#4204 = AXIS2_PLACEMENT_3D('',#4205,#4206,#4207);
#4205 = CARTESIAN_POINT('',(35.,-27.,25.35));
#4206 = DIRECTION('',(0.,0.,1.));
#4207 = DIRECTION('',(1.,0.,-0.));
#4208 = ORIENTED_EDGE('',*,*,#4209,.F.);
#4209 = EDGE_CURVE('',#4125,#4201,#4210,.T.);
#4210 = LINE('',#4211,#4212);
#4211 = CARTESIAN_POINT('',(-41.8,-33.,25.35));
#4212 = VECTOR('',#4213,1.);
#4213 = DIRECTION('',(1.,0.,-0.));
#4214 = PLANE('',#4215);
#4215 = AXIS2_PLACEMENT_3D('',#4216,#4217,#4218);
#4216 = CARTESIAN_POINT('',(-42.6,-34.6,25.35));
#4217 = DIRECTION('',(0.,0.,1.));
#4218 = DIRECTION('',(1.,0.,-0.));
#4219 = ADVANCED_FACE('',(#4220),#4246,.F.);
#4220 = FACE_BOUND('',#4221,.F.);
#4221 = EDGE_LOOP('',(#4222,#4223,#4232,#4240));
#4222 = ORIENTED_EDGE('',*,*,#4209,.F.);
#4223 = ORIENTED_EDGE('',*,*,#4224,.F.);
#4224 = EDGE_CURVE('',#4225,#4125,#4227,.T.);
#4225 = VERTEX_POINT('',#4226);
#4226 = CARTESIAN_POINT('',(28.521061822183,-33.,28.6));
#4227 = CIRCLE('',#4228,8.);
#4228 = AXIS2_PLACEMENT_3D('',#4229,#4230,#4231);
#4229 = CARTESIAN_POINT('',(24.,-33.,22.));
#4230 = DIRECTION('',(0.,1.,0.));
#4231 = DIRECTION('',(0.,-0.,1.));
#4232 = ORIENTED_EDGE('',*,*,#4233,.T.);
#4233 = EDGE_CURVE('',#4225,#4234,#4236,.T.);
#4234 = VERTEX_POINT('',#4235);
#4235 = CARTESIAN_POINT('',(35.,-33.,28.6));
#4236 = LINE('',#4237,#4238);
#4237 = CARTESIAN_POINT('',(-41.8,-33.,28.6));
#4238 = VECTOR('',#4239,1.);
#4239 = DIRECTION('',(1.,0.,-0.));
#4240 = ORIENTED_EDGE('',*,*,#4241,.F.);
#4241 = EDGE_CURVE('',#4201,#4234,#4242,.T.);
#4242 = LINE('',#4243,#4244);
#4243 = CARTESIAN_POINT('',(35.,-33.,0.));
#4244 = VECTOR('',#4245,1.);
#4245 = DIRECTION('',(0.,0.,1.));
#4246 = PLANE('',#4247);
#4247 = AXIS2_PLACEMENT_3D('',#4248,#4249,#4250);
#4248 = CARTESIAN_POINT('',(-41.,-33.,0.));
#4249 = DIRECTION('',(-0.,1.,0.));
#4250 = DIRECTION('',(0.,0.,1.));
#4251 = ADVANCED_FACE('',(#4252),#4345,.F.);
#4252 = FACE_BOUND('',#4253,.F.);
#4253 = EDGE_LOOP('',(#4254,#4262,#4270,#4279,#4287,#4296,#4304,#4312,
    #4320,#4329,#4337,#4344));
#4254 = ORIENTED_EDGE('',*,*,#4255,.F.);
#4255 = EDGE_CURVE('',#4256,#4225,#4258,.T.);
#4256 = VERTEX_POINT('',#4257);
#4257 = CARTESIAN_POINT('',(28.521061822183,-34.6,28.6));
#4258 = LINE('',#4259,#4260);
#4259 = CARTESIAN_POINT('',(28.521061822183,-40.,28.6));
#4260 = VECTOR('',#4261,1.);
#4261 = DIRECTION('',(0.,1.,0.));
#4262 = ORIENTED_EDGE('',*,*,#4263,.T.);
#4263 = EDGE_CURVE('',#4256,#4264,#4266,.T.);
#4264 = VERTEX_POINT('',#4265);
#4265 = CARTESIAN_POINT('',(35.6,-34.6,28.6));
#4266 = LINE('',#4267,#4268);
#4267 = CARTESIAN_POINT('',(-42.6,-34.6,28.6));
#4268 = VECTOR('',#4269,1.);
#4269 = DIRECTION('',(1.,0.,-0.));
#4270 = ORIENTED_EDGE('',*,*,#4271,.F.);
#4271 = EDGE_CURVE('',#4272,#4264,#4274,.T.);
#4272 = VERTEX_POINT('',#4273);
#4273 = CARTESIAN_POINT('',(42.6,-27.6,28.6));
#4274 = CIRCLE('',#4275,7.);
#4275 = AXIS2_PLACEMENT_3D('',#4276,#4277,#4278);
#4276 = CARTESIAN_POINT('',(35.6,-27.6,28.6));
#4277 = DIRECTION('',(-0.,-0.,-1.));
#4278 = DIRECTION('',(0.,-1.,0.));
#4279 = ORIENTED_EDGE('',*,*,#4280,.T.);
#4280 = EDGE_CURVE('',#4272,#4281,#4283,.T.);
#4281 = VERTEX_POINT('',#4282);
#4282 = CARTESIAN_POINT('',(42.6,27.6,28.6));
#4283 = LINE('',#4284,#4285);
#4284 = CARTESIAN_POINT('',(42.6,-34.6,28.6));
#4285 = VECTOR('',#4286,1.);
#4286 = DIRECTION('',(-0.,1.,0.));
#4287 = ORIENTED_EDGE('',*,*,#4288,.T.);
#4288 = EDGE_CURVE('',#4281,#4289,#4291,.T.);
#4289 = VERTEX_POINT('',#4290);
#4290 = CARTESIAN_POINT('',(35.6,34.6,28.6));
#4291 = CIRCLE('',#4292,7.);
#4292 = AXIS2_PLACEMENT_3D('',#4293,#4294,#4295);
#4293 = CARTESIAN_POINT('',(35.6,27.6,28.6));
#4294 = DIRECTION('',(0.,0.,1.));
#4295 = DIRECTION('',(0.,-1.,0.));
#4296 = ORIENTED_EDGE('',*,*,#4297,.F.);
#4297 = EDGE_CURVE('',#4298,#4289,#4300,.T.);
#4298 = VERTEX_POINT('',#4299);
#4299 = CARTESIAN_POINT('',(28.521061822183,34.6,28.6));
#4300 = LINE('',#4301,#4302);
#4301 = CARTESIAN_POINT('',(-42.6,34.6,28.6));
#4302 = VECTOR('',#4303,1.);
#4303 = DIRECTION('',(1.,0.,-0.));
#4304 = ORIENTED_EDGE('',*,*,#4305,.F.);
#4305 = EDGE_CURVE('',#4306,#4298,#4308,.T.);
#4306 = VERTEX_POINT('',#4307);
#4307 = CARTESIAN_POINT('',(28.521061822183,33.,28.6));
#4308 = LINE('',#4309,#4310);
#4309 = CARTESIAN_POINT('',(28.521061822183,-40.,28.6));
#4310 = VECTOR('',#4311,1.);
#4311 = DIRECTION('',(0.,1.,0.));
#4312 = ORIENTED_EDGE('',*,*,#4313,.T.);
#4313 = EDGE_CURVE('',#4306,#4314,#4316,.T.);
#4314 = VERTEX_POINT('',#4315);
#4315 = CARTESIAN_POINT('',(35.,33.,28.6));
#4316 = LINE('',#4317,#4318);
#4317 = CARTESIAN_POINT('',(-41.8,33.,28.6));
#4318 = VECTOR('',#4319,1.);
#4319 = DIRECTION('',(1.,0.,-0.));
#4320 = ORIENTED_EDGE('',*,*,#4321,.F.);
#4321 = EDGE_CURVE('',#4322,#4314,#4324,.T.);
#4322 = VERTEX_POINT('',#4323);
#4323 = CARTESIAN_POINT('',(41.,27.,28.6));
#4324 = CIRCLE('',#4325,6.);
#4325 = AXIS2_PLACEMENT_3D('',#4326,#4327,#4328);
#4326 = CARTESIAN_POINT('',(35.,27.,28.6));
#4327 = DIRECTION('',(0.,0.,1.));
#4328 = DIRECTION('',(1.,0.,-0.));
#4329 = ORIENTED_EDGE('',*,*,#4330,.T.);
#4330 = EDGE_CURVE('',#4322,#4331,#4333,.T.);
#4331 = VERTEX_POINT('',#4332);
#4332 = CARTESIAN_POINT('',(41.,-27.,28.6));
#4333 = LINE('',#4334,#4335);
#4334 = CARTESIAN_POINT('',(41.,-33.8,28.6));
#4335 = VECTOR('',#4336,1.);
#4336 = DIRECTION('',(0.,-1.,0.));
#4337 = ORIENTED_EDGE('',*,*,#4338,.F.);
#4338 = EDGE_CURVE('',#4234,#4331,#4339,.T.);
#4339 = CIRCLE('',#4340,6.);
#4340 = AXIS2_PLACEMENT_3D('',#4341,#4342,#4343);
#4341 = CARTESIAN_POINT('',(35.,-27.,28.6));
#4342 = DIRECTION('',(0.,0.,1.));
#4343 = DIRECTION('',(1.,0.,-0.));
#4344 = ORIENTED_EDGE('',*,*,#4233,.F.);
#4345 = PLANE('',#4346);
#4346 = AXIS2_PLACEMENT_3D('',#4347,#4348,#4349);
#4347 = CARTESIAN_POINT('',(-42.6,-34.6,28.6));
#4348 = DIRECTION('',(0.,0.,1.));
#4349 = DIRECTION('',(1.,0.,-0.));
#4350 = ADVANCED_FACE('',(#4351),#4377,.F.);
#4351 = FACE_BOUND('',#4352,.F.);
#4352 = EDGE_LOOP('',(#4353,#4354,#4363,#4371));
#4353 = ORIENTED_EDGE('',*,*,#4263,.F.);
#4354 = ORIENTED_EDGE('',*,*,#4355,.F.);
#4355 = EDGE_CURVE('',#4356,#4256,#4358,.T.);
#4356 = VERTEX_POINT('',#4357);
#4357 = CARTESIAN_POINT('',(25.984313483298,-34.6,29.75));
#4358 = CIRCLE('',#4359,8.);
#4359 = AXIS2_PLACEMENT_3D('',#4360,#4361,#4362);
#4360 = CARTESIAN_POINT('',(24.,-34.6,22.));
#4361 = DIRECTION('',(0.,1.,0.));
#4362 = DIRECTION('',(0.,-0.,1.));
#4363 = ORIENTED_EDGE('',*,*,#4364,.T.);
#4364 = EDGE_CURVE('',#4356,#4365,#4367,.T.);
#4365 = VERTEX_POINT('',#4366);
#4366 = CARTESIAN_POINT('',(35.6,-34.6,29.75));
#4367 = LINE('',#4368,#4369);
#4368 = CARTESIAN_POINT('',(-42.6,-34.6,29.75));
#4369 = VECTOR('',#4370,1.);
#4370 = DIRECTION('',(1.,0.,-0.));
#4371 = ORIENTED_EDGE('',*,*,#4372,.F.);
#4372 = EDGE_CURVE('',#4264,#4365,#4373,.T.);
#4373 = LINE('',#4374,#4375);
#4374 = CARTESIAN_POINT('',(35.6,-34.6,28.6));
#4375 = VECTOR('',#4376,1.);
#4376 = DIRECTION('',(0.,0.,1.));
#4377 = PLANE('',#4378);
#4378 = AXIS2_PLACEMENT_3D('',#4379,#4380,#4381);
#4379 = CARTESIAN_POINT('',(-42.6,-34.6,28.6));
#4380 = DIRECTION('',(-0.,1.,0.));
#4381 = DIRECTION('',(0.,0.,1.));
#4382 = ADVANCED_FACE('',(#4383),#4467,.T.);
#4383 = FACE_BOUND('',#4384,.T.);
#4384 = EDGE_LOOP('',(#4385,#4391,#4392,#4401,#4409,#4418,#4426,#4434,
    #4442,#4451,#4459,#4466));
#4385 = ORIENTED_EDGE('',*,*,#4386,.F.);
#4386 = EDGE_CURVE('',#4356,#2308,#4387,.T.);
#4387 = LINE('',#4388,#4389);
#4388 = CARTESIAN_POINT('',(25.984313483298,-40.,29.75));
#4389 = VECTOR('',#4390,1.);
#4390 = DIRECTION('',(0.,1.,0.));
#4391 = ORIENTED_EDGE('',*,*,#4364,.T.);
#4392 = ORIENTED_EDGE('',*,*,#4393,.F.);
#4393 = EDGE_CURVE('',#4394,#4365,#4396,.T.);
#4394 = VERTEX_POINT('',#4395);
#4395 = CARTESIAN_POINT('',(42.6,-27.6,29.75));
#4396 = CIRCLE('',#4397,7.);
#4397 = AXIS2_PLACEMENT_3D('',#4398,#4399,#4400);
#4398 = CARTESIAN_POINT('',(35.6,-27.6,29.75));
#4399 = DIRECTION('',(-0.,-0.,-1.));
#4400 = DIRECTION('',(0.,-1.,0.));
#4401 = ORIENTED_EDGE('',*,*,#4402,.T.);
#4402 = EDGE_CURVE('',#4394,#4403,#4405,.T.);
#4403 = VERTEX_POINT('',#4404);
#4404 = CARTESIAN_POINT('',(42.6,27.6,29.75));
#4405 = LINE('',#4406,#4407);
#4406 = CARTESIAN_POINT('',(42.6,-34.6,29.75));
#4407 = VECTOR('',#4408,1.);
#4408 = DIRECTION('',(-0.,1.,0.));
#4409 = ORIENTED_EDGE('',*,*,#4410,.T.);
#4410 = EDGE_CURVE('',#4403,#4411,#4413,.T.);
#4411 = VERTEX_POINT('',#4412);
#4412 = CARTESIAN_POINT('',(35.6,34.6,29.75));
#4413 = CIRCLE('',#4414,7.);
#4414 = AXIS2_PLACEMENT_3D('',#4415,#4416,#4417);
#4415 = CARTESIAN_POINT('',(35.6,27.6,29.75));
#4416 = DIRECTION('',(0.,0.,1.));
#4417 = DIRECTION('',(0.,-1.,0.));
#4418 = ORIENTED_EDGE('',*,*,#4419,.F.);
#4419 = EDGE_CURVE('',#4420,#4411,#4422,.T.);
#4420 = VERTEX_POINT('',#4421);
#4421 = CARTESIAN_POINT('',(25.984313483298,34.6,29.75));
#4422 = LINE('',#4423,#4424);
#4423 = CARTESIAN_POINT('',(-42.6,34.6,29.75));
#4424 = VECTOR('',#4425,1.);
#4425 = DIRECTION('',(1.,0.,-0.));
#4426 = ORIENTED_EDGE('',*,*,#4427,.F.);
#4427 = EDGE_CURVE('',#4428,#4420,#4430,.T.);
#4428 = VERTEX_POINT('',#4429);
#4429 = CARTESIAN_POINT('',(25.984313483298,33.,29.75));
#4430 = LINE('',#4431,#4432);
#4431 = CARTESIAN_POINT('',(25.984313483298,-40.,29.75));
#4432 = VECTOR('',#4433,1.);
#4433 = DIRECTION('',(0.,1.,0.));
#4434 = ORIENTED_EDGE('',*,*,#4435,.T.);
#4435 = EDGE_CURVE('',#4428,#4436,#4438,.T.);
#4436 = VERTEX_POINT('',#4437);
#4437 = CARTESIAN_POINT('',(35.,33.,29.75));
#4438 = LINE('',#4439,#4440);
#4439 = CARTESIAN_POINT('',(-41.8,33.,29.75));
#4440 = VECTOR('',#4441,1.);
#4441 = DIRECTION('',(1.,0.,-0.));
#4442 = ORIENTED_EDGE('',*,*,#4443,.F.);
#4443 = EDGE_CURVE('',#4444,#4436,#4446,.T.);
#4444 = VERTEX_POINT('',#4445);
#4445 = CARTESIAN_POINT('',(41.,27.,29.75));
#4446 = CIRCLE('',#4447,6.);
#4447 = AXIS2_PLACEMENT_3D('',#4448,#4449,#4450);
#4448 = CARTESIAN_POINT('',(35.,27.,29.75));
#4449 = DIRECTION('',(0.,0.,1.));
#4450 = DIRECTION('',(1.,0.,-0.));
#4451 = ORIENTED_EDGE('',*,*,#4452,.T.);
#4452 = EDGE_CURVE('',#4444,#4453,#4455,.T.);
#4453 = VERTEX_POINT('',#4454);
#4454 = CARTESIAN_POINT('',(41.,-27.,29.75));
#4455 = LINE('',#4456,#4457);
#4456 = CARTESIAN_POINT('',(41.,-33.8,29.75));
#4457 = VECTOR('',#4458,1.);
#4458 = DIRECTION('',(0.,-1.,0.));
#4459 = ORIENTED_EDGE('',*,*,#4460,.F.);
#4460 = EDGE_CURVE('',#2300,#4453,#4461,.T.);
#4461 = CIRCLE('',#4462,6.);
#4462 = AXIS2_PLACEMENT_3D('',#4463,#4464,#4465);
#4463 = CARTESIAN_POINT('',(35.,-27.,29.75));
#4464 = DIRECTION('',(0.,0.,1.));
#4465 = DIRECTION('',(1.,0.,-0.));
#4466 = ORIENTED_EDGE('',*,*,#2307,.F.);
#4467 = PLANE('',#4468);
#4468 = AXIS2_PLACEMENT_3D('',#4469,#4470,#4471);
#4469 = CARTESIAN_POINT('',(-42.6,-34.6,29.75));
#4470 = DIRECTION('',(0.,0.,1.));
#4471 = DIRECTION('',(1.,0.,-0.));
#4472 = ADVANCED_FACE('',(#4473),#4550,.F.);
#4473 = FACE_BOUND('',#4474,.F.);
#4474 = EDGE_LOOP('',(#4475,#4476,#4484,#4493,#4501,#4510,#4516,#4517,
    #4525,#4534,#4542,#4549));
#4475 = ORIENTED_EDGE('',*,*,#1447,.F.);
#4476 = ORIENTED_EDGE('',*,*,#4477,.T.);
#4477 = EDGE_CURVE('',#1440,#4478,#4480,.T.);
#4478 = VERTEX_POINT('',#4479);
#4479 = CARTESIAN_POINT('',(35.6,-34.6,11.));
#4480 = LINE('',#4481,#4482);
#4481 = CARTESIAN_POINT('',(-42.6,-34.6,11.));
#4482 = VECTOR('',#4483,1.);
#4483 = DIRECTION('',(1.,0.,-0.));
#4484 = ORIENTED_EDGE('',*,*,#4485,.F.);
#4485 = EDGE_CURVE('',#4486,#4478,#4488,.T.);
#4486 = VERTEX_POINT('',#4487);
#4487 = CARTESIAN_POINT('',(42.6,-27.6,11.));
#4488 = CIRCLE('',#4489,7.);
#4489 = AXIS2_PLACEMENT_3D('',#4490,#4491,#4492);
#4490 = CARTESIAN_POINT('',(35.6,-27.6,11.));
#4491 = DIRECTION('',(-0.,-0.,-1.));
#4492 = DIRECTION('',(0.,-1.,0.));
#4493 = ORIENTED_EDGE('',*,*,#4494,.T.);
#4494 = EDGE_CURVE('',#4486,#4495,#4497,.T.);
#4495 = VERTEX_POINT('',#4496);
#4496 = CARTESIAN_POINT('',(42.6,27.6,11.));
#4497 = LINE('',#4498,#4499);
#4498 = CARTESIAN_POINT('',(42.6,-34.6,11.));
#4499 = VECTOR('',#4500,1.);
#4500 = DIRECTION('',(-0.,1.,0.));
#4501 = ORIENTED_EDGE('',*,*,#4502,.T.);
#4502 = EDGE_CURVE('',#4495,#4503,#4505,.T.);
#4503 = VERTEX_POINT('',#4504);
#4504 = CARTESIAN_POINT('',(35.6,34.6,11.));
#4505 = CIRCLE('',#4506,7.);
#4506 = AXIS2_PLACEMENT_3D('',#4507,#4508,#4509);
#4507 = CARTESIAN_POINT('',(35.6,27.6,11.));
#4508 = DIRECTION('',(0.,0.,1.));
#4509 = DIRECTION('',(0.,-1.,0.));
#4510 = ORIENTED_EDGE('',*,*,#4511,.F.);
#4511 = EDGE_CURVE('',#1894,#4503,#4512,.T.);
#4512 = LINE('',#4513,#4514);
#4513 = CARTESIAN_POINT('',(-42.6,34.6,11.));
#4514 = VECTOR('',#4515,1.);
#4515 = DIRECTION('',(1.,0.,-0.));
#4516 = ORIENTED_EDGE('',*,*,#1893,.F.);
#4517 = ORIENTED_EDGE('',*,*,#4518,.T.);
#4518 = EDGE_CURVE('',#1886,#4519,#4521,.T.);
#4519 = VERTEX_POINT('',#4520);
#4520 = CARTESIAN_POINT('',(35.,33.,11.));
#4521 = LINE('',#4522,#4523);
#4522 = CARTESIAN_POINT('',(-41.8,33.,11.));
#4523 = VECTOR('',#4524,1.);
#4524 = DIRECTION('',(1.,0.,-0.));
#4525 = ORIENTED_EDGE('',*,*,#4526,.F.);
#4526 = EDGE_CURVE('',#4527,#4519,#4529,.T.);
#4527 = VERTEX_POINT('',#4528);
#4528 = CARTESIAN_POINT('',(41.,27.,11.));
#4529 = CIRCLE('',#4530,6.);
#4530 = AXIS2_PLACEMENT_3D('',#4531,#4532,#4533);
#4531 = CARTESIAN_POINT('',(35.,27.,11.));
#4532 = DIRECTION('',(0.,0.,1.));
#4533 = DIRECTION('',(1.,0.,-0.));
#4534 = ORIENTED_EDGE('',*,*,#4535,.T.);
#4535 = EDGE_CURVE('',#4527,#4536,#4538,.T.);
#4536 = VERTEX_POINT('',#4537);
#4537 = CARTESIAN_POINT('',(41.,-27.,11.));
#4538 = LINE('',#4539,#4540);
#4539 = CARTESIAN_POINT('',(41.,-33.8,11.));
#4540 = VECTOR('',#4541,1.);
#4541 = DIRECTION('',(0.,-1.,0.));
#4542 = ORIENTED_EDGE('',*,*,#4543,.F.);
#4543 = EDGE_CURVE('',#2885,#4536,#4544,.T.);
#4544 = CIRCLE('',#4545,6.);
#4545 = AXIS2_PLACEMENT_3D('',#4546,#4547,#4548);
#4546 = CARTESIAN_POINT('',(35.,-27.,11.));
#4547 = DIRECTION('',(0.,0.,1.));
#4548 = DIRECTION('',(1.,0.,-0.));
#4549 = ORIENTED_EDGE('',*,*,#2884,.F.);
#4550 = PLANE('',#4551);
#4551 = AXIS2_PLACEMENT_3D('',#4552,#4553,#4554);
#4552 = CARTESIAN_POINT('',(-42.6,-34.6,11.));
#4553 = DIRECTION('',(0.,0.,1.));
#4554 = DIRECTION('',(1.,0.,-0.));
#4555 = ADVANCED_FACE('',(#4556),#4574,.F.);
#4556 = FACE_BOUND('',#4557,.F.);
#4557 = EDGE_LOOP('',(#4558,#4559,#4560,#4568));
#4558 = ORIENTED_EDGE('',*,*,#4477,.F.);
#4559 = ORIENTED_EDGE('',*,*,#1439,.F.);
#4560 = ORIENTED_EDGE('',*,*,#4561,.T.);
#4561 = EDGE_CURVE('',#1432,#4562,#4564,.T.);
#4562 = VERTEX_POINT('',#4563);
#4563 = CARTESIAN_POINT('',(35.6,-34.6,12.15));
#4564 = LINE('',#4565,#4566);
#4565 = CARTESIAN_POINT('',(-42.6,-34.6,12.15));
#4566 = VECTOR('',#4567,1.);
#4567 = DIRECTION('',(1.,0.,-0.));
#4568 = ORIENTED_EDGE('',*,*,#4569,.F.);
#4569 = EDGE_CURVE('',#4478,#4562,#4570,.T.);
#4570 = LINE('',#4571,#4572);
#4571 = CARTESIAN_POINT('',(35.6,-34.6,11.));
#4572 = VECTOR('',#4573,1.);
#4573 = DIRECTION('',(0.,0.,1.));
#4574 = PLANE('',#4575);
#4575 = AXIS2_PLACEMENT_3D('',#4576,#4577,#4578);
#4576 = CARTESIAN_POINT('',(-42.6,-34.6,11.));
#4577 = DIRECTION('',(-0.,1.,0.));
#4578 = DIRECTION('',(0.,0.,1.));
#4579 = ADVANCED_FACE('',(#4580),#4657,.T.);
#4580 = FACE_BOUND('',#4581,.T.);
#4581 = EDGE_LOOP('',(#4582,#4583,#4584,#4593,#4601,#4610,#4616,#4617,
    #4625,#4634,#4642,#4651));
#4582 = ORIENTED_EDGE('',*,*,#1431,.F.);
#4583 = ORIENTED_EDGE('',*,*,#4561,.T.);
#4584 = ORIENTED_EDGE('',*,*,#4585,.F.);
#4585 = EDGE_CURVE('',#4586,#4562,#4588,.T.);
#4586 = VERTEX_POINT('',#4587);
#4587 = CARTESIAN_POINT('',(42.6,-27.6,12.15));
#4588 = CIRCLE('',#4589,7.);
#4589 = AXIS2_PLACEMENT_3D('',#4590,#4591,#4592);
#4590 = CARTESIAN_POINT('',(35.6,-27.6,12.15));
#4591 = DIRECTION('',(-0.,-0.,-1.));
#4592 = DIRECTION('',(0.,-1.,0.));
#4593 = ORIENTED_EDGE('',*,*,#4594,.T.);
#4594 = EDGE_CURVE('',#4586,#4595,#4597,.T.);
#4595 = VERTEX_POINT('',#4596);
#4596 = CARTESIAN_POINT('',(42.6,27.6,12.15));
#4597 = LINE('',#4598,#4599);
#4598 = CARTESIAN_POINT('',(42.6,-34.6,12.15));
#4599 = VECTOR('',#4600,1.);
#4600 = DIRECTION('',(-0.,1.,0.));
#4601 = ORIENTED_EDGE('',*,*,#4602,.T.);
#4602 = EDGE_CURVE('',#4595,#4603,#4605,.T.);
#4603 = VERTEX_POINT('',#4604);
#4604 = CARTESIAN_POINT('',(35.6,34.6,12.15));
#4605 = CIRCLE('',#4606,7.);
#4606 = AXIS2_PLACEMENT_3D('',#4607,#4608,#4609);
#4607 = CARTESIAN_POINT('',(35.6,27.6,12.15));
#4608 = DIRECTION('',(0.,0.,1.));
#4609 = DIRECTION('',(0.,-1.,0.));
#4610 = ORIENTED_EDGE('',*,*,#4611,.F.);
#4611 = EDGE_CURVE('',#1902,#4603,#4612,.T.);
#4612 = LINE('',#4613,#4614);
#4613 = CARTESIAN_POINT('',(-42.6,34.6,12.15));
#4614 = VECTOR('',#4615,1.);
#4615 = DIRECTION('',(1.,0.,-0.));
#4616 = ORIENTED_EDGE('',*,*,#1909,.F.);
#4617 = ORIENTED_EDGE('',*,*,#4618,.T.);
#4618 = EDGE_CURVE('',#1910,#4619,#4621,.T.);
#4619 = VERTEX_POINT('',#4620);
#4620 = CARTESIAN_POINT('',(35.,33.,12.15));
#4621 = LINE('',#4622,#4623);
#4622 = CARTESIAN_POINT('',(-41.8,33.,12.15));
#4623 = VECTOR('',#4624,1.);
#4624 = DIRECTION('',(1.,0.,-0.));
#4625 = ORIENTED_EDGE('',*,*,#4626,.F.);
#4626 = EDGE_CURVE('',#4627,#4619,#4629,.T.);
#4627 = VERTEX_POINT('',#4628);
#4628 = CARTESIAN_POINT('',(41.,27.,12.15));
#4629 = CIRCLE('',#4630,6.);
#4630 = AXIS2_PLACEMENT_3D('',#4631,#4632,#4633);
#4631 = CARTESIAN_POINT('',(35.,27.,12.15));
#4632 = DIRECTION('',(0.,0.,1.));
#4633 = DIRECTION('',(1.,0.,-0.));
#4634 = ORIENTED_EDGE('',*,*,#4635,.T.);
#4635 = EDGE_CURVE('',#4627,#4636,#4638,.T.);
#4636 = VERTEX_POINT('',#4637);
#4637 = CARTESIAN_POINT('',(41.,-27.,12.15));
#4638 = LINE('',#4639,#4640);
#4639 = CARTESIAN_POINT('',(41.,-33.8,12.15));
#4640 = VECTOR('',#4641,1.);
#4641 = DIRECTION('',(0.,-1.,0.));
#4642 = ORIENTED_EDGE('',*,*,#4643,.F.);
#4643 = EDGE_CURVE('',#4644,#4636,#4646,.T.);
#4644 = VERTEX_POINT('',#4645);
#4645 = CARTESIAN_POINT('',(35.,-33.,12.15));
#4646 = CIRCLE('',#4647,6.);
#4647 = AXIS2_PLACEMENT_3D('',#4648,#4649,#4650);
#4648 = CARTESIAN_POINT('',(35.,-27.,12.15));
#4649 = DIRECTION('',(0.,0.,1.));
#4650 = DIRECTION('',(1.,0.,-0.));
#4651 = ORIENTED_EDGE('',*,*,#4652,.F.);
#4652 = EDGE_CURVE('',#1424,#4644,#4653,.T.);
#4653 = LINE('',#4654,#4655);
#4654 = CARTESIAN_POINT('',(-41.8,-33.,12.15));
#4655 = VECTOR('',#4656,1.);
#4656 = DIRECTION('',(1.,0.,-0.));
#4657 = PLANE('',#4658);
#4658 = AXIS2_PLACEMENT_3D('',#4659,#4660,#4661);
#4659 = CARTESIAN_POINT('',(-42.6,-34.6,12.15));
#4660 = DIRECTION('',(0.,0.,1.));
#4661 = DIRECTION('',(1.,0.,-0.));
#4662 = ADVANCED_FACE('',(#4663),#4681,.F.);
#4663 = FACE_BOUND('',#4664,.F.);
#4664 = EDGE_LOOP('',(#4665,#4666,#4667,#4675));
#4665 = ORIENTED_EDGE('',*,*,#4652,.F.);
#4666 = ORIENTED_EDGE('',*,*,#1423,.F.);
#4667 = ORIENTED_EDGE('',*,*,#4668,.T.);
#4668 = EDGE_CURVE('',#1416,#4669,#4671,.T.);
#4669 = VERTEX_POINT('',#4670);
#4670 = CARTESIAN_POINT('',(35.,-33.,15.4));
#4671 = LINE('',#4672,#4673);
#4672 = CARTESIAN_POINT('',(-41.8,-33.,15.4));
#4673 = VECTOR('',#4674,1.);
#4674 = DIRECTION('',(1.,0.,-0.));
#4675 = ORIENTED_EDGE('',*,*,#4676,.F.);
#4676 = EDGE_CURVE('',#4644,#4669,#4677,.T.);
#4677 = LINE('',#4678,#4679);
#4678 = CARTESIAN_POINT('',(35.,-33.,0.));
#4679 = VECTOR('',#4680,1.);
#4680 = DIRECTION('',(0.,0.,1.));
#4681 = PLANE('',#4682);
#4682 = AXIS2_PLACEMENT_3D('',#4683,#4684,#4685);
#4683 = CARTESIAN_POINT('',(-41.,-33.,0.));
#4684 = DIRECTION('',(-0.,1.,0.));
#4685 = DIRECTION('',(0.,0.,1.));
#4686 = ADVANCED_FACE('',(#4687),#4764,.F.);
#4687 = FACE_BOUND('',#4688,.F.);
#4688 = EDGE_LOOP('',(#4689,#4690,#4698,#4707,#4715,#4724,#4730,#4731,
    #4739,#4748,#4756,#4763));
#4689 = ORIENTED_EDGE('',*,*,#1415,.F.);
#4690 = ORIENTED_EDGE('',*,*,#4691,.T.);
#4691 = EDGE_CURVE('',#1408,#4692,#4694,.T.);
#4692 = VERTEX_POINT('',#4693);
#4693 = CARTESIAN_POINT('',(35.6,-34.6,15.4));
#4694 = LINE('',#4695,#4696);
#4695 = CARTESIAN_POINT('',(-42.6,-34.6,15.4));
#4696 = VECTOR('',#4697,1.);
#4697 = DIRECTION('',(1.,0.,-0.));
#4698 = ORIENTED_EDGE('',*,*,#4699,.F.);
#4699 = EDGE_CURVE('',#4700,#4692,#4702,.T.);
#4700 = VERTEX_POINT('',#4701);
#4701 = CARTESIAN_POINT('',(42.6,-27.6,15.4));
#4702 = CIRCLE('',#4703,7.);
#4703 = AXIS2_PLACEMENT_3D('',#4704,#4705,#4706);
#4704 = CARTESIAN_POINT('',(35.6,-27.6,15.4));
#4705 = DIRECTION('',(-0.,-0.,-1.));
#4706 = DIRECTION('',(0.,-1.,0.));
#4707 = ORIENTED_EDGE('',*,*,#4708,.T.);
#4708 = EDGE_CURVE('',#4700,#4709,#4711,.T.);
#4709 = VERTEX_POINT('',#4710);
#4710 = CARTESIAN_POINT('',(42.6,27.6,15.4));
#4711 = LINE('',#4712,#4713);
#4712 = CARTESIAN_POINT('',(42.6,-34.6,15.4));
#4713 = VECTOR('',#4714,1.);
#4714 = DIRECTION('',(-0.,1.,0.));
#4715 = ORIENTED_EDGE('',*,*,#4716,.T.);
#4716 = EDGE_CURVE('',#4709,#4717,#4719,.T.);
#4717 = VERTEX_POINT('',#4718);
#4718 = CARTESIAN_POINT('',(35.6,34.6,15.4));
#4719 = CIRCLE('',#4720,7.);
#4720 = AXIS2_PLACEMENT_3D('',#4721,#4722,#4723);
#4721 = CARTESIAN_POINT('',(35.6,27.6,15.4));
#4722 = DIRECTION('',(0.,0.,1.));
#4723 = DIRECTION('',(0.,-1.,0.));
#4724 = ORIENTED_EDGE('',*,*,#4725,.F.);
#4725 = EDGE_CURVE('',#1926,#4717,#4726,.T.);
#4726 = LINE('',#4727,#4728);
#4727 = CARTESIAN_POINT('',(-42.6,34.6,15.4));
#4728 = VECTOR('',#4729,1.);
#4729 = DIRECTION('',(1.,0.,-0.));
#4730 = ORIENTED_EDGE('',*,*,#1925,.F.);
#4731 = ORIENTED_EDGE('',*,*,#4732,.T.);
#4732 = EDGE_CURVE('',#1918,#4733,#4735,.T.);
#4733 = VERTEX_POINT('',#4734);
#4734 = CARTESIAN_POINT('',(35.,33.,15.4));
#4735 = LINE('',#4736,#4737);
#4736 = CARTESIAN_POINT('',(-41.8,33.,15.4));
#4737 = VECTOR('',#4738,1.);
#4738 = DIRECTION('',(1.,0.,-0.));
#4739 = ORIENTED_EDGE('',*,*,#4740,.F.);
#4740 = EDGE_CURVE('',#4741,#4733,#4743,.T.);
#4741 = VERTEX_POINT('',#4742);
#4742 = CARTESIAN_POINT('',(41.,27.,15.4));
#4743 = CIRCLE('',#4744,6.);
#4744 = AXIS2_PLACEMENT_3D('',#4745,#4746,#4747);
#4745 = CARTESIAN_POINT('',(35.,27.,15.4));
#4746 = DIRECTION('',(0.,0.,1.));
#4747 = DIRECTION('',(1.,0.,-0.));
#4748 = ORIENTED_EDGE('',*,*,#4749,.T.);
#4749 = EDGE_CURVE('',#4741,#4750,#4752,.T.);
#4750 = VERTEX_POINT('',#4751);
#4751 = CARTESIAN_POINT('',(41.,-27.,15.4));
#4752 = LINE('',#4753,#4754);
#4753 = CARTESIAN_POINT('',(41.,-33.8,15.4));
#4754 = VECTOR('',#4755,1.);
#4755 = DIRECTION('',(0.,-1.,0.));
#4756 = ORIENTED_EDGE('',*,*,#4757,.F.);
#4757 = EDGE_CURVE('',#4669,#4750,#4758,.T.);
#4758 = CIRCLE('',#4759,6.);
#4759 = AXIS2_PLACEMENT_3D('',#4760,#4761,#4762);
#4760 = CARTESIAN_POINT('',(35.,-27.,15.4));
#4761 = DIRECTION('',(0.,0.,1.));
#4762 = DIRECTION('',(1.,0.,-0.));
#4763 = ORIENTED_EDGE('',*,*,#4668,.F.);
#4764 = PLANE('',#4765);
#4765 = AXIS2_PLACEMENT_3D('',#4766,#4767,#4768);
#4766 = CARTESIAN_POINT('',(-42.6,-34.6,15.4));
#4767 = DIRECTION('',(0.,0.,1.));
#4768 = DIRECTION('',(1.,0.,-0.));
#4769 = ADVANCED_FACE('',(#4770),#4788,.F.);
#4770 = FACE_BOUND('',#4771,.F.);
#4771 = EDGE_LOOP('',(#4772,#4773,#4774,#4782));
#4772 = ORIENTED_EDGE('',*,*,#4691,.F.);
#4773 = ORIENTED_EDGE('',*,*,#1407,.F.);
#4774 = ORIENTED_EDGE('',*,*,#4775,.T.);
#4775 = EDGE_CURVE('',#1400,#4776,#4778,.T.);
#4776 = VERTEX_POINT('',#4777);
#4777 = CARTESIAN_POINT('',(35.6,-34.6,16.55));
#4778 = LINE('',#4779,#4780);
#4779 = CARTESIAN_POINT('',(-42.6,-34.6,16.55));
#4780 = VECTOR('',#4781,1.);
#4781 = DIRECTION('',(1.,0.,-0.));
#4782 = ORIENTED_EDGE('',*,*,#4783,.F.);
#4783 = EDGE_CURVE('',#4692,#4776,#4784,.T.);
#4784 = LINE('',#4785,#4786);
#4785 = CARTESIAN_POINT('',(35.6,-34.6,15.4));
#4786 = VECTOR('',#4787,1.);
#4787 = DIRECTION('',(0.,0.,1.));
#4788 = PLANE('',#4789);
#4789 = AXIS2_PLACEMENT_3D('',#4790,#4791,#4792);
#4790 = CARTESIAN_POINT('',(-42.6,-34.6,15.4));
#4791 = DIRECTION('',(-0.,1.,0.));
#4792 = DIRECTION('',(0.,0.,1.));
#4793 = ADVANCED_FACE('',(#4794),#4871,.T.);
#4794 = FACE_BOUND('',#4795,.T.);
#4795 = EDGE_LOOP('',(#4796,#4797,#4798,#4807,#4815,#4824,#4830,#4831,
    #4839,#4848,#4856,#4865));
#4796 = ORIENTED_EDGE('',*,*,#1399,.F.);
#4797 = ORIENTED_EDGE('',*,*,#4775,.T.);
#4798 = ORIENTED_EDGE('',*,*,#4799,.F.);
#4799 = EDGE_CURVE('',#4800,#4776,#4802,.T.);
#4800 = VERTEX_POINT('',#4801);
#4801 = CARTESIAN_POINT('',(42.6,-27.6,16.55));
#4802 = CIRCLE('',#4803,7.);
#4803 = AXIS2_PLACEMENT_3D('',#4804,#4805,#4806);
#4804 = CARTESIAN_POINT('',(35.6,-27.6,16.55));
#4805 = DIRECTION('',(-0.,-0.,-1.));
#4806 = DIRECTION('',(0.,-1.,0.));
#4807 = ORIENTED_EDGE('',*,*,#4808,.T.);
#4808 = EDGE_CURVE('',#4800,#4809,#4811,.T.);
#4809 = VERTEX_POINT('',#4810);
#4810 = CARTESIAN_POINT('',(42.6,27.6,16.55));
#4811 = LINE('',#4812,#4813);
#4812 = CARTESIAN_POINT('',(42.6,-34.6,16.55));
#4813 = VECTOR('',#4814,1.);
#4814 = DIRECTION('',(-0.,1.,0.));
#4815 = ORIENTED_EDGE('',*,*,#4816,.T.);
#4816 = EDGE_CURVE('',#4809,#4817,#4819,.T.);
#4817 = VERTEX_POINT('',#4818);
#4818 = CARTESIAN_POINT('',(35.6,34.6,16.55));
#4819 = CIRCLE('',#4820,7.);
#4820 = AXIS2_PLACEMENT_3D('',#4821,#4822,#4823);
#4821 = CARTESIAN_POINT('',(35.6,27.6,16.55));
#4822 = DIRECTION('',(0.,0.,1.));
#4823 = DIRECTION('',(0.,-1.,0.));
#4824 = ORIENTED_EDGE('',*,*,#4825,.F.);
#4825 = EDGE_CURVE('',#1934,#4817,#4826,.T.);
#4826 = LINE('',#4827,#4828);
#4827 = CARTESIAN_POINT('',(-42.6,34.6,16.55));
#4828 = VECTOR('',#4829,1.);
#4829 = DIRECTION('',(1.,0.,-0.));
#4830 = ORIENTED_EDGE('',*,*,#1941,.F.);
#4831 = ORIENTED_EDGE('',*,*,#4832,.T.);
#4832 = EDGE_CURVE('',#1942,#4833,#4835,.T.);
#4833 = VERTEX_POINT('',#4834);
#4834 = CARTESIAN_POINT('',(35.,33.,16.55));
#4835 = LINE('',#4836,#4837);
#4836 = CARTESIAN_POINT('',(-41.8,33.,16.55));
#4837 = VECTOR('',#4838,1.);
#4838 = DIRECTION('',(1.,0.,-0.));
#4839 = ORIENTED_EDGE('',*,*,#4840,.F.);
#4840 = EDGE_CURVE('',#4841,#4833,#4843,.T.);
#4841 = VERTEX_POINT('',#4842);
#4842 = CARTESIAN_POINT('',(41.,27.,16.55));
#4843 = CIRCLE('',#4844,6.);
#4844 = AXIS2_PLACEMENT_3D('',#4845,#4846,#4847);
#4845 = CARTESIAN_POINT('',(35.,27.,16.55));
#4846 = DIRECTION('',(0.,0.,1.));
#4847 = DIRECTION('',(1.,0.,-0.));
#4848 = ORIENTED_EDGE('',*,*,#4849,.T.);
#4849 = EDGE_CURVE('',#4841,#4850,#4852,.T.);
#4850 = VERTEX_POINT('',#4851);
#4851 = CARTESIAN_POINT('',(41.,-27.,16.55));
#4852 = LINE('',#4853,#4854);
#4853 = CARTESIAN_POINT('',(41.,-33.8,16.55));
#4854 = VECTOR('',#4855,1.);
#4855 = DIRECTION('',(0.,-1.,0.));
#4856 = ORIENTED_EDGE('',*,*,#4857,.F.);
#4857 = EDGE_CURVE('',#4858,#4850,#4860,.T.);
#4858 = VERTEX_POINT('',#4859);
#4859 = CARTESIAN_POINT('',(35.,-33.,16.55));
#4860 = CIRCLE('',#4861,6.);
#4861 = AXIS2_PLACEMENT_3D('',#4862,#4863,#4864);
#4862 = CARTESIAN_POINT('',(35.,-27.,16.55));
#4863 = DIRECTION('',(0.,0.,1.));
#4864 = DIRECTION('',(1.,0.,-0.));
#4865 = ORIENTED_EDGE('',*,*,#4866,.F.);
#4866 = EDGE_CURVE('',#1392,#4858,#4867,.T.);
#4867 = LINE('',#4868,#4869);
#4868 = CARTESIAN_POINT('',(-41.8,-33.,16.55));
#4869 = VECTOR('',#4870,1.);
#4870 = DIRECTION('',(1.,0.,-0.));
#4871 = PLANE('',#4872);
#4872 = AXIS2_PLACEMENT_3D('',#4873,#4874,#4875);
#4873 = CARTESIAN_POINT('',(-42.6,-34.6,16.55));
#4874 = DIRECTION('',(0.,0.,1.));
#4875 = DIRECTION('',(1.,0.,-0.));
#4876 = ADVANCED_FACE('',(#4877),#4895,.F.);
#4877 = FACE_BOUND('',#4878,.F.);
#4878 = EDGE_LOOP('',(#4879,#4880,#4881,#4889));
#4879 = ORIENTED_EDGE('',*,*,#4866,.F.);
#4880 = ORIENTED_EDGE('',*,*,#1391,.F.);
#4881 = ORIENTED_EDGE('',*,*,#4882,.T.);
#4882 = EDGE_CURVE('',#1384,#4883,#4885,.T.);
#4883 = VERTEX_POINT('',#4884);
#4884 = CARTESIAN_POINT('',(35.,-33.,19.8));
#4885 = LINE('',#4886,#4887);
#4886 = CARTESIAN_POINT('',(-41.8,-33.,19.8));
#4887 = VECTOR('',#4888,1.);
#4888 = DIRECTION('',(1.,0.,-0.));
#4889 = ORIENTED_EDGE('',*,*,#4890,.F.);
#4890 = EDGE_CURVE('',#4858,#4883,#4891,.T.);
#4891 = LINE('',#4892,#4893);
#4892 = CARTESIAN_POINT('',(35.,-33.,0.));
#4893 = VECTOR('',#4894,1.);
#4894 = DIRECTION('',(0.,0.,1.));
#4895 = PLANE('',#4896);
#4896 = AXIS2_PLACEMENT_3D('',#4897,#4898,#4899);
#4897 = CARTESIAN_POINT('',(-41.,-33.,0.));
#4898 = DIRECTION('',(-0.,1.,0.));
#4899 = DIRECTION('',(0.,0.,1.));
#4900 = ADVANCED_FACE('',(#4901),#4978,.F.);
#4901 = FACE_BOUND('',#4902,.F.);
#4902 = EDGE_LOOP('',(#4903,#4904,#4912,#4921,#4929,#4938,#4944,#4945,
    #4953,#4962,#4970,#4977));
#4903 = ORIENTED_EDGE('',*,*,#1383,.F.);
#4904 = ORIENTED_EDGE('',*,*,#4905,.T.);
#4905 = EDGE_CURVE('',#1376,#4906,#4908,.T.);
#4906 = VERTEX_POINT('',#4907);
#4907 = CARTESIAN_POINT('',(35.6,-34.6,19.8));
#4908 = LINE('',#4909,#4910);
#4909 = CARTESIAN_POINT('',(-42.6,-34.6,19.8));
#4910 = VECTOR('',#4911,1.);
#4911 = DIRECTION('',(1.,0.,-0.));
#4912 = ORIENTED_EDGE('',*,*,#4913,.F.);
#4913 = EDGE_CURVE('',#4914,#4906,#4916,.T.);
#4914 = VERTEX_POINT('',#4915);
#4915 = CARTESIAN_POINT('',(42.6,-27.6,19.8));
#4916 = CIRCLE('',#4917,7.);
#4917 = AXIS2_PLACEMENT_3D('',#4918,#4919,#4920);
#4918 = CARTESIAN_POINT('',(35.6,-27.6,19.8));
#4919 = DIRECTION('',(-0.,-0.,-1.));
#4920 = DIRECTION('',(0.,-1.,0.));
#4921 = ORIENTED_EDGE('',*,*,#4922,.T.);
#4922 = EDGE_CURVE('',#4914,#4923,#4925,.T.);
#4923 = VERTEX_POINT('',#4924);
#4924 = CARTESIAN_POINT('',(42.6,27.6,19.8));
#4925 = LINE('',#4926,#4927);
#4926 = CARTESIAN_POINT('',(42.6,-34.6,19.8));
#4927 = VECTOR('',#4928,1.);
#4928 = DIRECTION('',(-0.,1.,0.));
#4929 = ORIENTED_EDGE('',*,*,#4930,.T.);
#4930 = EDGE_CURVE('',#4923,#4931,#4933,.T.);
#4931 = VERTEX_POINT('',#4932);
#4932 = CARTESIAN_POINT('',(35.6,34.6,19.8));
#4933 = CIRCLE('',#4934,7.);
#4934 = AXIS2_PLACEMENT_3D('',#4935,#4936,#4937);
#4935 = CARTESIAN_POINT('',(35.6,27.6,19.8));
#4936 = DIRECTION('',(0.,0.,1.));
#4937 = DIRECTION('',(0.,-1.,0.));
#4938 = ORIENTED_EDGE('',*,*,#4939,.F.);
#4939 = EDGE_CURVE('',#1958,#4931,#4940,.T.);
#4940 = LINE('',#4941,#4942);
#4941 = CARTESIAN_POINT('',(-42.6,34.6,19.8));
#4942 = VECTOR('',#4943,1.);
#4943 = DIRECTION('',(1.,0.,-0.));
#4944 = ORIENTED_EDGE('',*,*,#1957,.F.);
#4945 = ORIENTED_EDGE('',*,*,#4946,.T.);
#4946 = EDGE_CURVE('',#1950,#4947,#4949,.T.);
#4947 = VERTEX_POINT('',#4948);
#4948 = CARTESIAN_POINT('',(35.,33.,19.8));
#4949 = LINE('',#4950,#4951);
#4950 = CARTESIAN_POINT('',(-41.8,33.,19.8));
#4951 = VECTOR('',#4952,1.);
#4952 = DIRECTION('',(1.,0.,-0.));
#4953 = ORIENTED_EDGE('',*,*,#4954,.F.);
#4954 = EDGE_CURVE('',#4955,#4947,#4957,.T.);
#4955 = VERTEX_POINT('',#4956);
#4956 = CARTESIAN_POINT('',(41.,27.,19.8));
#4957 = CIRCLE('',#4958,6.);
#4958 = AXIS2_PLACEMENT_3D('',#4959,#4960,#4961);
#4959 = CARTESIAN_POINT('',(35.,27.,19.8));
#4960 = DIRECTION('',(0.,0.,1.));
#4961 = DIRECTION('',(1.,0.,-0.));
#4962 = ORIENTED_EDGE('',*,*,#4963,.T.);
#4963 = EDGE_CURVE('',#4955,#4964,#4966,.T.);
#4964 = VERTEX_POINT('',#4965);
#4965 = CARTESIAN_POINT('',(41.,-27.,19.8));
#4966 = LINE('',#4967,#4968);
#4967 = CARTESIAN_POINT('',(41.,-33.8,19.8));
#4968 = VECTOR('',#4969,1.);
#4969 = DIRECTION('',(0.,-1.,0.));
#4970 = ORIENTED_EDGE('',*,*,#4971,.F.);
#4971 = EDGE_CURVE('',#4883,#4964,#4972,.T.);
#4972 = CIRCLE('',#4973,6.);
#4973 = AXIS2_PLACEMENT_3D('',#4974,#4975,#4976);
#4974 = CARTESIAN_POINT('',(35.,-27.,19.8));
#4975 = DIRECTION('',(0.,0.,1.));
#4976 = DIRECTION('',(1.,0.,-0.));
#4977 = ORIENTED_EDGE('',*,*,#4882,.F.);
#4978 = PLANE('',#4979);
#4979 = AXIS2_PLACEMENT_3D('',#4980,#4981,#4982);
#4980 = CARTESIAN_POINT('',(-42.6,-34.6,19.8));
#4981 = DIRECTION('',(0.,0.,1.));
#4982 = DIRECTION('',(1.,0.,-0.));
#4983 = ADVANCED_FACE('',(#4984),#5002,.F.);
#4984 = FACE_BOUND('',#4985,.F.);
#4985 = EDGE_LOOP('',(#4986,#4987,#4988,#4996));
#4986 = ORIENTED_EDGE('',*,*,#4905,.F.);
#4987 = ORIENTED_EDGE('',*,*,#1375,.F.);
#4988 = ORIENTED_EDGE('',*,*,#4989,.T.);
#4989 = EDGE_CURVE('',#1368,#4990,#4992,.T.);
#4990 = VERTEX_POINT('',#4991);
#4991 = CARTESIAN_POINT('',(35.6,-34.6,20.95));
#4992 = LINE('',#4993,#4994);
#4993 = CARTESIAN_POINT('',(-42.6,-34.6,20.95));
#4994 = VECTOR('',#4995,1.);
#4995 = DIRECTION('',(1.,0.,-0.));
#4996 = ORIENTED_EDGE('',*,*,#4997,.F.);
#4997 = EDGE_CURVE('',#4906,#4990,#4998,.T.);
#4998 = LINE('',#4999,#5000);
#4999 = CARTESIAN_POINT('',(35.6,-34.6,19.8));
#5000 = VECTOR('',#5001,1.);
#5001 = DIRECTION('',(0.,0.,1.));
#5002 = PLANE('',#5003);
#5003 = AXIS2_PLACEMENT_3D('',#5004,#5005,#5006);
#5004 = CARTESIAN_POINT('',(-42.6,-34.6,19.8));
#5005 = DIRECTION('',(-0.,1.,0.));
#5006 = DIRECTION('',(0.,0.,1.));
#5007 = ADVANCED_FACE('',(#5008),#5078,.T.);
#5008 = FACE_BOUND('',#5009,.T.);
#5009 = EDGE_LOOP('',(#5010,#5011,#5012,#5021,#5029,#5038,#5044,#5045,
    #5053,#5062,#5070,#5077));
#5010 = ORIENTED_EDGE('',*,*,#1367,.F.);
#5011 = ORIENTED_EDGE('',*,*,#4989,.T.);
#5012 = ORIENTED_EDGE('',*,*,#5013,.F.);
#5013 = EDGE_CURVE('',#5014,#4990,#5016,.T.);
#5014 = VERTEX_POINT('',#5015);
#5015 = CARTESIAN_POINT('',(42.6,-27.6,20.95));
#5016 = CIRCLE('',#5017,7.);
#5017 = AXIS2_PLACEMENT_3D('',#5018,#5019,#5020);
#5018 = CARTESIAN_POINT('',(35.6,-27.6,20.95));
#5019 = DIRECTION('',(-0.,-0.,-1.));
#5020 = DIRECTION('',(0.,-1.,0.));
#5021 = ORIENTED_EDGE('',*,*,#5022,.T.);
#5022 = EDGE_CURVE('',#5014,#5023,#5025,.T.);
#5023 = VERTEX_POINT('',#5024);
#5024 = CARTESIAN_POINT('',(42.6,27.6,20.95));
#5025 = LINE('',#5026,#5027);
#5026 = CARTESIAN_POINT('',(42.6,-34.6,20.95));
#5027 = VECTOR('',#5028,1.);
#5028 = DIRECTION('',(-0.,1.,0.));
#5029 = ORIENTED_EDGE('',*,*,#5030,.T.);
#5030 = EDGE_CURVE('',#5023,#5031,#5033,.T.);
#5031 = VERTEX_POINT('',#5032);
#5032 = CARTESIAN_POINT('',(35.6,34.6,20.95));
#5033 = CIRCLE('',#5034,7.);
#5034 = AXIS2_PLACEMENT_3D('',#5035,#5036,#5037);
#5035 = CARTESIAN_POINT('',(35.6,27.6,20.95));
#5036 = DIRECTION('',(0.,0.,1.));
#5037 = DIRECTION('',(0.,-1.,0.));
#5038 = ORIENTED_EDGE('',*,*,#5039,.F.);
#5039 = EDGE_CURVE('',#1966,#5031,#5040,.T.);
#5040 = LINE('',#5041,#5042);
#5041 = CARTESIAN_POINT('',(-42.6,34.6,20.95));
#5042 = VECTOR('',#5043,1.);
#5043 = DIRECTION('',(1.,0.,-0.));
#5044 = ORIENTED_EDGE('',*,*,#1973,.F.);
#5045 = ORIENTED_EDGE('',*,*,#5046,.T.);
#5046 = EDGE_CURVE('',#1974,#5047,#5049,.T.);
#5047 = VERTEX_POINT('',#5048);
#5048 = CARTESIAN_POINT('',(35.,33.,20.95));
#5049 = LINE('',#5050,#5051);
#5050 = CARTESIAN_POINT('',(-41.8,33.,20.95));
#5051 = VECTOR('',#5052,1.);
#5052 = DIRECTION('',(1.,0.,-0.));
#5053 = ORIENTED_EDGE('',*,*,#5054,.F.);
#5054 = EDGE_CURVE('',#5055,#5047,#5057,.T.);
#5055 = VERTEX_POINT('',#5056);
#5056 = CARTESIAN_POINT('',(41.,27.,20.95));
#5057 = CIRCLE('',#5058,6.);
#5058 = AXIS2_PLACEMENT_3D('',#5059,#5060,#5061);
#5059 = CARTESIAN_POINT('',(35.,27.,20.95));
#5060 = DIRECTION('',(0.,0.,1.));
#5061 = DIRECTION('',(1.,0.,-0.));
#5062 = ORIENTED_EDGE('',*,*,#5063,.T.);
#5063 = EDGE_CURVE('',#5055,#5064,#5066,.T.);
#5064 = VERTEX_POINT('',#5065);
#5065 = CARTESIAN_POINT('',(41.,-27.,20.95));
#5066 = LINE('',#5067,#5068);
#5067 = CARTESIAN_POINT('',(41.,-33.8,20.95));
#5068 = VECTOR('',#5069,1.);
#5069 = DIRECTION('',(0.,-1.,0.));
#5070 = ORIENTED_EDGE('',*,*,#5071,.F.);
#5071 = EDGE_CURVE('',#3954,#5064,#5072,.T.);
#5072 = CIRCLE('',#5073,6.);
#5073 = AXIS2_PLACEMENT_3D('',#5074,#5075,#5076);
#5074 = CARTESIAN_POINT('',(35.,-27.,20.95));
#5075 = DIRECTION('',(0.,0.,1.));
#5076 = DIRECTION('',(1.,0.,-0.));
#5077 = ORIENTED_EDGE('',*,*,#3953,.F.);
#5078 = PLANE('',#5079);
#5079 = AXIS2_PLACEMENT_3D('',#5080,#5081,#5082);
#5080 = CARTESIAN_POINT('',(-42.6,-34.6,20.95));
#5081 = DIRECTION('',(0.,0.,1.));
#5082 = DIRECTION('',(1.,0.,-0.));
#5083 = ADVANCED_FACE('',(#5084),#5102,.T.);
#5084 = FACE_BOUND('',#5085,.T.);
#5085 = EDGE_LOOP('',(#5086,#5087,#5093,#5094,#5101));
#5086 = ORIENTED_EDGE('',*,*,#3487,.F.);
#5087 = ORIENTED_EDGE('',*,*,#5088,.T.);
#5088 = EDGE_CURVE('',#3479,#2801,#5089,.T.);
#5089 = LINE('',#5090,#5091);
#5090 = CARTESIAN_POINT('',(-35.,33.,0.));
#5091 = VECTOR('',#5092,1.);
#5092 = DIRECTION('',(0.,0.,1.));
#5093 = ORIENTED_EDGE('',*,*,#2809,.T.);
#5094 = ORIENTED_EDGE('',*,*,#5095,.F.);
#5095 = EDGE_CURVE('',#1711,#2810,#5096,.T.);
#5096 = CIRCLE('',#5097,8.);
#5097 = AXIS2_PLACEMENT_3D('',#5098,#5099,#5100);
#5098 = CARTESIAN_POINT('',(-24.,33.,22.));
#5099 = DIRECTION('',(0.,1.,0.));
#5100 = DIRECTION('',(0.,-0.,1.));
#5101 = ORIENTED_EDGE('',*,*,#1710,.T.);
#5102 = PLANE('',#5103);
#5103 = AXIS2_PLACEMENT_3D('',#5104,#5105,#5106);
#5104 = CARTESIAN_POINT('',(-41.,33.,0.));
#5105 = DIRECTION('',(-0.,1.,0.));
#5106 = DIRECTION('',(0.,0.,1.));
#5107 = ADVANCED_FACE('',(#5108),#5125,.T.);
#5108 = FACE_BOUND('',#5109,.T.);
#5109 = EDGE_LOOP('',(#5110,#5111,#5117,#5118));
#5110 = ORIENTED_EDGE('',*,*,#2825,.F.);
#5111 = ORIENTED_EDGE('',*,*,#5112,.T.);
#5112 = EDGE_CURVE('',#2826,#2704,#5113,.T.);
#5113 = LINE('',#5114,#5115);
#5114 = CARTESIAN_POINT('',(-35.6,34.6,24.2));
#5115 = VECTOR('',#5116,1.);
#5116 = DIRECTION('',(0.,0.,1.));
#5117 = ORIENTED_EDGE('',*,*,#2703,.T.);
#5118 = ORIENTED_EDGE('',*,*,#5119,.F.);
#5119 = EDGE_CURVE('',#2818,#2696,#5120,.T.);
#5120 = CIRCLE('',#5121,8.);
#5121 = AXIS2_PLACEMENT_3D('',#5122,#5123,#5124);
#5122 = CARTESIAN_POINT('',(-24.,34.6,22.));
#5123 = DIRECTION('',(0.,1.,0.));
#5124 = DIRECTION('',(0.,-0.,1.));
#5125 = PLANE('',#5126);
#5126 = AXIS2_PLACEMENT_3D('',#5127,#5128,#5129);
#5127 = CARTESIAN_POINT('',(-42.6,34.6,24.2));
#5128 = DIRECTION('',(-0.,1.,0.));
#5129 = DIRECTION('',(0.,0.,1.));
#5130 = ADVANCED_FACE('',(#5131),#5148,.T.);
#5131 = FACE_BOUND('',#5132,.T.);
#5132 = EDGE_LOOP('',(#5133,#5134,#5140,#5141));
#5133 = ORIENTED_EDGE('',*,*,#2687,.F.);
#5134 = ORIENTED_EDGE('',*,*,#5135,.T.);
#5135 = EDGE_CURVE('',#2679,#2548,#5136,.T.);
#5136 = LINE('',#5137,#5138);
#5137 = CARTESIAN_POINT('',(-35.,33.,0.));
#5138 = VECTOR('',#5139,1.);
#5139 = DIRECTION('',(0.,0.,1.));
#5140 = ORIENTED_EDGE('',*,*,#2556,.T.);
#5141 = ORIENTED_EDGE('',*,*,#5142,.F.);
#5142 = EDGE_CURVE('',#2688,#2557,#5143,.T.);
#5143 = CIRCLE('',#5144,8.);
#5144 = AXIS2_PLACEMENT_3D('',#5145,#5146,#5147);
#5145 = CARTESIAN_POINT('',(-24.,33.,22.));
#5146 = DIRECTION('',(0.,1.,0.));
#5147 = DIRECTION('',(0.,-0.,1.));
#5148 = PLANE('',#5149);
#5149 = AXIS2_PLACEMENT_3D('',#5150,#5151,#5152);
#5150 = CARTESIAN_POINT('',(-41.,33.,0.));
#5151 = DIRECTION('',(-0.,1.,0.));
#5152 = DIRECTION('',(0.,0.,1.));
#5153 = ADVANCED_FACE('',(#5154),#5171,.T.);
#5154 = FACE_BOUND('',#5155,.T.);
#5155 = EDGE_LOOP('',(#5156,#5157,#5163,#5164));
#5156 = ORIENTED_EDGE('',*,*,#2572,.F.);
#5157 = ORIENTED_EDGE('',*,*,#5158,.T.);
#5158 = EDGE_CURVE('',#2573,#2442,#5159,.T.);
#5159 = LINE('',#5160,#5161);
#5160 = CARTESIAN_POINT('',(-35.6,34.6,28.6));
#5161 = VECTOR('',#5162,1.);
#5162 = DIRECTION('',(0.,0.,1.));
#5163 = ORIENTED_EDGE('',*,*,#2441,.T.);
#5164 = ORIENTED_EDGE('',*,*,#5165,.F.);
#5165 = EDGE_CURVE('',#2565,#2434,#5166,.T.);
#5166 = CIRCLE('',#5167,8.);
#5167 = AXIS2_PLACEMENT_3D('',#5168,#5169,#5170);
#5168 = CARTESIAN_POINT('',(-24.,34.6,22.));
#5169 = DIRECTION('',(0.,1.,0.));
#5170 = DIRECTION('',(0.,-0.,1.));
#5171 = PLANE('',#5172);
#5172 = AXIS2_PLACEMENT_3D('',#5173,#5174,#5175);
#5173 = CARTESIAN_POINT('',(-42.6,34.6,28.6));
#5174 = DIRECTION('',(-0.,1.,0.));
#5175 = DIRECTION('',(0.,0.,1.));
#5176 = ADVANCED_FACE('',(#5177),#5245,.T.);
#5177 = FACE_BOUND('',#5178,.T.);
#5178 = EDGE_LOOP('',(#5179,#5180,#5188,#5196,#5202,#5203,#5212,#5221,
    #5229,#5238));
#5179 = ORIENTED_EDGE('',*,*,#2425,.F.);
#5180 = ORIENTED_EDGE('',*,*,#5181,.T.);
#5181 = EDGE_CURVE('',#2417,#5182,#5184,.T.);
#5182 = VERTEX_POINT('',#5183);
#5183 = CARTESIAN_POINT('',(-35.,33.,33.));
#5184 = LINE('',#5185,#5186);
#5185 = CARTESIAN_POINT('',(-35.,33.,0.));
#5186 = VECTOR('',#5187,1.);
#5187 = DIRECTION('',(0.,0.,1.));
#5188 = ORIENTED_EDGE('',*,*,#5189,.T.);
#5189 = EDGE_CURVE('',#5182,#5190,#5192,.T.);
#5190 = VERTEX_POINT('',#5191);
#5191 = CARTESIAN_POINT('',(35.,33.,33.));
#5192 = LINE('',#5193,#5194);
#5193 = CARTESIAN_POINT('',(-41.8,33.,33.));
#5194 = VECTOR('',#5195,1.);
#5195 = DIRECTION('',(1.,0.,-0.));
#5196 = ORIENTED_EDGE('',*,*,#5197,.F.);
#5197 = EDGE_CURVE('',#4436,#5190,#5198,.T.);
#5198 = LINE('',#5199,#5200);
#5199 = CARTESIAN_POINT('',(35.,33.,0.));
#5200 = VECTOR('',#5201,1.);
#5201 = DIRECTION('',(0.,0.,1.));
#5202 = ORIENTED_EDGE('',*,*,#4435,.F.);
#5203 = ORIENTED_EDGE('',*,*,#5204,.F.);
#5204 = EDGE_CURVE('',#5205,#4428,#5207,.T.);
#5205 = VERTEX_POINT('',#5206);
#5206 = CARTESIAN_POINT('',(24.,33.,30.));
#5207 = CIRCLE('',#5208,8.);
#5208 = AXIS2_PLACEMENT_3D('',#5209,#5210,#5211);
#5209 = CARTESIAN_POINT('',(24.,33.,22.));
#5210 = DIRECTION('',(0.,1.,0.));
#5211 = DIRECTION('',(0.,-0.,1.));
#5212 = ORIENTED_EDGE('',*,*,#5213,.F.);
#5213 = EDGE_CURVE('',#5214,#5205,#5216,.T.);
#5214 = VERTEX_POINT('',#5215);
#5215 = CARTESIAN_POINT('',(22.015686516702,33.,29.75));
#5216 = CIRCLE('',#5217,8.);
#5217 = AXIS2_PLACEMENT_3D('',#5218,#5219,#5220);
#5218 = CARTESIAN_POINT('',(24.,33.,22.));
#5219 = DIRECTION('',(0.,1.,0.));
#5220 = DIRECTION('',(0.,-0.,1.));
#5221 = ORIENTED_EDGE('',*,*,#5222,.F.);
#5222 = EDGE_CURVE('',#5223,#5214,#5225,.T.);
#5223 = VERTEX_POINT('',#5224);
#5224 = CARTESIAN_POINT('',(-22.0156865167,33.,29.75));
#5225 = LINE('',#5226,#5227);
#5226 = CARTESIAN_POINT('',(-41.8,33.,29.75));
#5227 = VECTOR('',#5228,1.);
#5228 = DIRECTION('',(1.,0.,-0.));
#5229 = ORIENTED_EDGE('',*,*,#5230,.F.);
#5230 = EDGE_CURVE('',#5231,#5223,#5233,.T.);
#5231 = VERTEX_POINT('',#5232);
#5232 = CARTESIAN_POINT('',(-24.,33.,30.));
#5233 = CIRCLE('',#5234,8.);
#5234 = AXIS2_PLACEMENT_3D('',#5235,#5236,#5237);
#5235 = CARTESIAN_POINT('',(-24.,33.,22.));
#5236 = DIRECTION('',(0.,1.,0.));
#5237 = DIRECTION('',(0.,-0.,1.));
#5238 = ORIENTED_EDGE('',*,*,#5239,.F.);
#5239 = EDGE_CURVE('',#2426,#5231,#5240,.T.);
#5240 = CIRCLE('',#5241,8.);
#5241 = AXIS2_PLACEMENT_3D('',#5242,#5243,#5244);
#5242 = CARTESIAN_POINT('',(-24.,33.,22.));
#5243 = DIRECTION('',(0.,1.,0.));
#5244 = DIRECTION('',(0.,-0.,1.));
#5245 = PLANE('',#5246);
#5246 = AXIS2_PLACEMENT_3D('',#5247,#5248,#5249);
#5247 = CARTESIAN_POINT('',(-41.,33.,0.));
#5248 = DIRECTION('',(-0.,1.,0.));
#5249 = DIRECTION('',(0.,0.,1.));
#5250 = ADVANCED_FACE('',(#5251),#5262,.T.);
#5251 = FACE_BOUND('',#5252,.T.);
#5252 = EDGE_LOOP('',(#5253,#5254,#5260,#5261));
#5253 = ORIENTED_EDGE('',*,*,#3394,.F.);
#5254 = ORIENTED_EDGE('',*,*,#5255,.T.);
#5255 = EDGE_CURVE('',#3395,#3495,#5256,.T.);
#5256 = LINE('',#5257,#5258);
#5257 = CARTESIAN_POINT('',(-35.6,34.6,19.8));
#5258 = VECTOR('',#5259,1.);
#5259 = DIRECTION('',(0.,0.,1.));
#5260 = ORIENTED_EDGE('',*,*,#3494,.T.);
#5261 = ORIENTED_EDGE('',*,*,#1694,.T.);
#5262 = PLANE('',#5263);
#5263 = AXIS2_PLACEMENT_3D('',#5264,#5265,#5266);
#5264 = CARTESIAN_POINT('',(-42.6,34.6,19.8));
#5265 = DIRECTION('',(-0.,1.,0.));
#5266 = DIRECTION('',(0.,0.,1.));
#5267 = ADVANCED_FACE('',(#5268),#5279,.T.);
#5268 = FACE_BOUND('',#5269,.T.);
#5269 = EDGE_LOOP('',(#5270,#5271,#5277,#5278));
#5270 = ORIENTED_EDGE('',*,*,#3280,.F.);
#5271 = ORIENTED_EDGE('',*,*,#5272,.T.);
#5272 = EDGE_CURVE('',#3272,#3379,#5273,.T.);
#5273 = LINE('',#5274,#5275);
#5274 = CARTESIAN_POINT('',(-35.,33.,0.));
#5275 = VECTOR('',#5276,1.);
#5276 = DIRECTION('',(0.,0.,1.));
#5277 = ORIENTED_EDGE('',*,*,#3387,.T.);
#5278 = ORIENTED_EDGE('',*,*,#1678,.T.);
#5279 = PLANE('',#5280);
#5280 = AXIS2_PLACEMENT_3D('',#5281,#5282,#5283);
#5281 = CARTESIAN_POINT('',(-41.,33.,0.));
#5282 = DIRECTION('',(-0.,1.,0.));
#5283 = DIRECTION('',(0.,0.,1.));
#5284 = ADVANCED_FACE('',(#5285),#5296,.T.);
#5285 = FACE_BOUND('',#5286,.T.);
#5286 = EDGE_LOOP('',(#5287,#5288,#5294,#5295));
#5287 = ORIENTED_EDGE('',*,*,#3180,.F.);
#5288 = ORIENTED_EDGE('',*,*,#5289,.T.);
#5289 = EDGE_CURVE('',#3181,#3288,#5290,.T.);
#5290 = LINE('',#5291,#5292);
#5291 = CARTESIAN_POINT('',(-35.6,34.6,15.4));
#5292 = VECTOR('',#5293,1.);
#5293 = DIRECTION('',(0.,0.,1.));
#5294 = ORIENTED_EDGE('',*,*,#3287,.T.);
#5295 = ORIENTED_EDGE('',*,*,#1662,.T.);
#5296 = PLANE('',#5297);
#5297 = AXIS2_PLACEMENT_3D('',#5298,#5299,#5300);
#5298 = CARTESIAN_POINT('',(-42.6,34.6,15.4));
#5299 = DIRECTION('',(-0.,1.,0.));
#5300 = DIRECTION('',(0.,0.,1.));
#5301 = ADVANCED_FACE('',(#5302),#5313,.T.);
#5302 = FACE_BOUND('',#5303,.T.);
#5303 = EDGE_LOOP('',(#5304,#5305,#5311,#5312));
#5304 = ORIENTED_EDGE('',*,*,#3066,.F.);
#5305 = ORIENTED_EDGE('',*,*,#5306,.T.);
#5306 = EDGE_CURVE('',#3058,#3165,#5307,.T.);
#5307 = LINE('',#5308,#5309);
#5308 = CARTESIAN_POINT('',(-35.,33.,0.));
#5309 = VECTOR('',#5310,1.);
#5310 = DIRECTION('',(0.,0.,1.));
#5311 = ORIENTED_EDGE('',*,*,#3173,.T.);
#5312 = ORIENTED_EDGE('',*,*,#1646,.T.);
#5313 = PLANE('',#5314);
#5314 = AXIS2_PLACEMENT_3D('',#5315,#5316,#5317);
#5315 = CARTESIAN_POINT('',(-41.,33.,0.));
#5316 = DIRECTION('',(-0.,1.,0.));
#5317 = DIRECTION('',(0.,0.,1.));
#5318 = ADVANCED_FACE('',(#5319),#5330,.T.);
#5319 = FACE_BOUND('',#5320,.T.);
#5320 = EDGE_LOOP('',(#5321,#5322,#5328,#5329));
#5321 = ORIENTED_EDGE('',*,*,#2966,.F.);
#5322 = ORIENTED_EDGE('',*,*,#5323,.T.);
#5323 = EDGE_CURVE('',#2967,#3074,#5324,.T.);
#5324 = LINE('',#5325,#5326);
#5325 = CARTESIAN_POINT('',(-35.6,34.6,11.));
#5326 = VECTOR('',#5327,1.);
#5327 = DIRECTION('',(0.,0.,1.));
#5328 = ORIENTED_EDGE('',*,*,#3073,.T.);
#5329 = ORIENTED_EDGE('',*,*,#1630,.T.);
#5330 = PLANE('',#5331);
#5331 = AXIS2_PLACEMENT_3D('',#5332,#5333,#5334);
#5332 = CARTESIAN_POINT('',(-42.6,34.6,11.));
#5333 = DIRECTION('',(-0.,1.,0.));
#5334 = DIRECTION('',(0.,0.,1.));
#5335 = ADVANCED_FACE('',(#5336),#5374,.T.);
#5336 = FACE_BOUND('',#5337,.T.);
#5337 = EDGE_LOOP('',(#5338,#5348,#5354,#5355,#5356,#5357,#5358,#5364,
    #5365,#5366,#5367,#5368));
#5338 = ORIENTED_EDGE('',*,*,#5339,.F.);
#5339 = EDGE_CURVE('',#5340,#5342,#5344,.T.);
#5340 = VERTEX_POINT('',#5341);
#5341 = CARTESIAN_POINT('',(-35.,33.,0.));
#5342 = VERTEX_POINT('',#5343);
#5343 = CARTESIAN_POINT('',(35.,33.,0.));
#5344 = LINE('',#5345,#5346);
#5345 = CARTESIAN_POINT('',(-41.,33.,0.));
#5346 = VECTOR('',#5347,1.);
#5347 = DIRECTION('',(1.,0.,-0.));
#5348 = ORIENTED_EDGE('',*,*,#5349,.T.);
#5349 = EDGE_CURVE('',#5340,#2951,#5350,.T.);
#5350 = LINE('',#5351,#5352);
#5351 = CARTESIAN_POINT('',(-35.,33.,0.));
#5352 = VECTOR('',#5353,1.);
#5353 = DIRECTION('',(0.,0.,1.));
#5354 = ORIENTED_EDGE('',*,*,#2959,.T.);
#5355 = ORIENTED_EDGE('',*,*,#1614,.T.);
#5356 = ORIENTED_EDGE('',*,*,#1742,.T.);
#5357 = ORIENTED_EDGE('',*,*,#1758,.F.);
#5358 = ORIENTED_EDGE('',*,*,#5359,.T.);
#5359 = EDGE_CURVE('',#1759,#2030,#5360,.T.);
#5360 = LINE('',#5361,#5362);
#5361 = CARTESIAN_POINT('',(-41.8,33.,11.));
#5362 = VECTOR('',#5363,1.);
#5363 = DIRECTION('',(1.,0.,-0.));
#5364 = ORIENTED_EDGE('',*,*,#2029,.T.);
#5365 = ORIENTED_EDGE('',*,*,#2013,.T.);
#5366 = ORIENTED_EDGE('',*,*,#1885,.F.);
#5367 = ORIENTED_EDGE('',*,*,#4518,.T.);
#5368 = ORIENTED_EDGE('',*,*,#5369,.F.);
#5369 = EDGE_CURVE('',#5342,#4519,#5370,.T.);
#5370 = LINE('',#5371,#5372);
#5371 = CARTESIAN_POINT('',(35.,33.,0.));
#5372 = VECTOR('',#5373,1.);
#5373 = DIRECTION('',(0.,0.,1.));
#5374 = PLANE('',#5375);
#5375 = AXIS2_PLACEMENT_3D('',#5376,#5377,#5378);
#5376 = CARTESIAN_POINT('',(-41.,33.,0.));
#5377 = DIRECTION('',(-0.,1.,0.));
#5378 = DIRECTION('',(0.,0.,1.));
#5379 = ADVANCED_FACE('',(#5380),#5405,.T.);
#5380 = FACE_BOUND('',#5381,.T.);
#5381 = EDGE_LOOP('',(#5382,#5390,#5398,#5404));
#5382 = ORIENTED_EDGE('',*,*,#5383,.T.);
#5383 = EDGE_CURVE('',#5214,#5384,#5386,.T.);
#5384 = VERTEX_POINT('',#5385);
#5385 = CARTESIAN_POINT('',(22.015686516702,34.6,29.75));
#5386 = LINE('',#5387,#5388);
#5387 = CARTESIAN_POINT('',(22.015686516702,-40.,29.75));
#5388 = VECTOR('',#5389,1.);
#5389 = DIRECTION('',(0.,1.,0.));
#5390 = ORIENTED_EDGE('',*,*,#5391,.F.);
#5391 = EDGE_CURVE('',#5392,#5384,#5394,.T.);
#5392 = VERTEX_POINT('',#5393);
#5393 = CARTESIAN_POINT('',(-22.0156865167,34.6,29.75));
#5394 = LINE('',#5395,#5396);
#5395 = CARTESIAN_POINT('',(-42.6,34.6,29.75));
#5396 = VECTOR('',#5397,1.);
#5397 = DIRECTION('',(1.,0.,-0.));
#5398 = ORIENTED_EDGE('',*,*,#5399,.F.);
#5399 = EDGE_CURVE('',#5223,#5392,#5400,.T.);
#5400 = LINE('',#5401,#5402);
#5401 = CARTESIAN_POINT('',(-22.0156865167,-40.,29.75));
#5402 = VECTOR('',#5403,1.);
#5403 = DIRECTION('',(0.,1.,0.));
#5404 = ORIENTED_EDGE('',*,*,#5222,.T.);
#5405 = PLANE('',#5406);
#5406 = AXIS2_PLACEMENT_3D('',#5407,#5408,#5409);
#5407 = CARTESIAN_POINT('',(-42.6,-34.6,29.75));
#5408 = DIRECTION('',(0.,0.,1.));
#5409 = DIRECTION('',(1.,0.,-0.));
#5410 = ADVANCED_FACE('',(#5411),#5438,.T.);
#5411 = FACE_BOUND('',#5412,.T.);
#5412 = EDGE_LOOP('',(#5413,#5423,#5430,#5431));
#5413 = ORIENTED_EDGE('',*,*,#5414,.F.);
#5414 = EDGE_CURVE('',#5415,#5417,#5419,.T.);
#5415 = VERTEX_POINT('',#5416);
#5416 = CARTESIAN_POINT('',(-19.47893817781,34.6,28.6));
#5417 = VERTEX_POINT('',#5418);
#5418 = CARTESIAN_POINT('',(19.478938177817,34.6,28.6));
#5419 = LINE('',#5420,#5421);
#5420 = CARTESIAN_POINT('',(-42.6,34.6,28.6));
#5421 = VECTOR('',#5422,1.);
#5422 = DIRECTION('',(1.,0.,-0.));
#5423 = ORIENTED_EDGE('',*,*,#5424,.F.);
#5424 = EDGE_CURVE('',#5392,#5415,#5425,.T.);
#5425 = CIRCLE('',#5426,8.);
#5426 = AXIS2_PLACEMENT_3D('',#5427,#5428,#5429);
#5427 = CARTESIAN_POINT('',(-24.,34.6,22.));
#5428 = DIRECTION('',(0.,1.,0.));
#5429 = DIRECTION('',(0.,-0.,1.));
#5430 = ORIENTED_EDGE('',*,*,#5391,.T.);
#5431 = ORIENTED_EDGE('',*,*,#5432,.F.);
#5432 = EDGE_CURVE('',#5417,#5384,#5433,.T.);
#5433 = CIRCLE('',#5434,8.);
#5434 = AXIS2_PLACEMENT_3D('',#5435,#5436,#5437);
#5435 = CARTESIAN_POINT('',(24.,34.6,22.));
#5436 = DIRECTION('',(0.,1.,0.));
#5437 = DIRECTION('',(0.,-0.,1.));
#5438 = PLANE('',#5439);
#5439 = AXIS2_PLACEMENT_3D('',#5440,#5441,#5442);
#5440 = CARTESIAN_POINT('',(-42.6,34.6,28.6));
#5441 = DIRECTION('',(-0.,1.,0.));
#5442 = DIRECTION('',(0.,0.,1.));
#5443 = ADVANCED_FACE('',(#5444),#5469,.F.);
#5444 = FACE_BOUND('',#5445,.F.);
#5445 = EDGE_LOOP('',(#5446,#5454,#5455,#5463));
#5446 = ORIENTED_EDGE('',*,*,#5447,.T.);
#5447 = EDGE_CURVE('',#5448,#5417,#5450,.T.);
#5448 = VERTEX_POINT('',#5449);
#5449 = CARTESIAN_POINT('',(19.478938177817,33.,28.6));
#5450 = LINE('',#5451,#5452);
#5451 = CARTESIAN_POINT('',(19.478938177817,-40.,28.6));
#5452 = VECTOR('',#5453,1.);
#5453 = DIRECTION('',(0.,1.,0.));
#5454 = ORIENTED_EDGE('',*,*,#5414,.F.);
#5455 = ORIENTED_EDGE('',*,*,#5456,.F.);
#5456 = EDGE_CURVE('',#5457,#5415,#5459,.T.);
#5457 = VERTEX_POINT('',#5458);
#5458 = CARTESIAN_POINT('',(-19.47893817781,33.,28.6));
#5459 = LINE('',#5460,#5461);
#5460 = CARTESIAN_POINT('',(-19.47893817781,-40.,28.6));
#5461 = VECTOR('',#5462,1.);
#5462 = DIRECTION('',(0.,1.,0.));
#5463 = ORIENTED_EDGE('',*,*,#5464,.T.);
#5464 = EDGE_CURVE('',#5457,#5448,#5465,.T.);
#5465 = LINE('',#5466,#5467);
#5466 = CARTESIAN_POINT('',(-41.8,33.,28.6));
#5467 = VECTOR('',#5468,1.);
#5468 = DIRECTION('',(1.,0.,-0.));
#5469 = PLANE('',#5470);
#5470 = AXIS2_PLACEMENT_3D('',#5471,#5472,#5473);
#5471 = CARTESIAN_POINT('',(-42.6,-34.6,28.6));
#5472 = DIRECTION('',(0.,0.,1.));
#5473 = DIRECTION('',(1.,0.,-0.));
#5474 = ADVANCED_FACE('',(#5475),#5502,.T.);
#5475 = FACE_BOUND('',#5476,.T.);
#5476 = EDGE_LOOP('',(#5477,#5487,#5494,#5495));
#5477 = ORIENTED_EDGE('',*,*,#5478,.F.);
#5478 = EDGE_CURVE('',#5479,#5481,#5483,.T.);
#5479 = VERTEX_POINT('',#5480);
#5480 = CARTESIAN_POINT('',(-16.73518754543,33.,25.35));
#5481 = VERTEX_POINT('',#5482);
#5482 = CARTESIAN_POINT('',(16.735187545435,33.,25.35));
#5483 = LINE('',#5484,#5485);
#5484 = CARTESIAN_POINT('',(-41.8,33.,25.35));
#5485 = VECTOR('',#5486,1.);
#5486 = DIRECTION('',(1.,0.,-0.));
#5487 = ORIENTED_EDGE('',*,*,#5488,.F.);
#5488 = EDGE_CURVE('',#5457,#5479,#5489,.T.);
#5489 = CIRCLE('',#5490,8.);
#5490 = AXIS2_PLACEMENT_3D('',#5491,#5492,#5493);
#5491 = CARTESIAN_POINT('',(-24.,33.,22.));
#5492 = DIRECTION('',(0.,1.,0.));
#5493 = DIRECTION('',(0.,-0.,1.));
#5494 = ORIENTED_EDGE('',*,*,#5464,.T.);
#5495 = ORIENTED_EDGE('',*,*,#5496,.F.);
#5496 = EDGE_CURVE('',#5481,#5448,#5497,.T.);
#5497 = CIRCLE('',#5498,8.);
#5498 = AXIS2_PLACEMENT_3D('',#5499,#5500,#5501);
#5499 = CARTESIAN_POINT('',(24.,33.,22.));
#5500 = DIRECTION('',(0.,1.,0.));
#5501 = DIRECTION('',(0.,-0.,1.));
#5502 = PLANE('',#5503);
#5503 = AXIS2_PLACEMENT_3D('',#5504,#5505,#5506);
#5504 = CARTESIAN_POINT('',(-41.,33.,0.));
#5505 = DIRECTION('',(-0.,1.,0.));
#5506 = DIRECTION('',(0.,0.,1.));
#5507 = ADVANCED_FACE('',(#5508),#5533,.T.);
#5508 = FACE_BOUND('',#5509,.T.);
#5509 = EDGE_LOOP('',(#5510,#5518,#5526,#5532));
#5510 = ORIENTED_EDGE('',*,*,#5511,.T.);
#5511 = EDGE_CURVE('',#5481,#5512,#5514,.T.);
#5512 = VERTEX_POINT('',#5513);
#5513 = CARTESIAN_POINT('',(16.735187545435,34.6,25.35));
#5514 = LINE('',#5515,#5516);
#5515 = CARTESIAN_POINT('',(16.735187545435,-40.,25.35));
#5516 = VECTOR('',#5517,1.);
#5517 = DIRECTION('',(0.,1.,0.));
#5518 = ORIENTED_EDGE('',*,*,#5519,.F.);
#5519 = EDGE_CURVE('',#5520,#5512,#5522,.T.);
#5520 = VERTEX_POINT('',#5521);
#5521 = CARTESIAN_POINT('',(-16.73518754543,34.6,25.35));
#5522 = LINE('',#5523,#5524);
#5523 = CARTESIAN_POINT('',(-42.6,34.6,25.35));
#5524 = VECTOR('',#5525,1.);
#5525 = DIRECTION('',(1.,0.,-0.));
#5526 = ORIENTED_EDGE('',*,*,#5527,.F.);
#5527 = EDGE_CURVE('',#5479,#5520,#5528,.T.);
#5528 = LINE('',#5529,#5530);
#5529 = CARTESIAN_POINT('',(-16.73518754543,-40.,25.35));
#5530 = VECTOR('',#5531,1.);
#5531 = DIRECTION('',(0.,1.,0.));
#5532 = ORIENTED_EDGE('',*,*,#5478,.T.);
#5533 = PLANE('',#5534);
#5534 = AXIS2_PLACEMENT_3D('',#5535,#5536,#5537);
#5535 = CARTESIAN_POINT('',(-42.6,-34.6,25.35));
#5536 = DIRECTION('',(0.,0.,1.));
#5537 = DIRECTION('',(1.,0.,-0.));
#5538 = ADVANCED_FACE('',(#5539),#5566,.T.);
#5539 = FACE_BOUND('',#5540,.T.);
#5540 = EDGE_LOOP('',(#5541,#5551,#5558,#5559));
#5541 = ORIENTED_EDGE('',*,*,#5542,.F.);
#5542 = EDGE_CURVE('',#5543,#5545,#5547,.T.);
#5543 = VERTEX_POINT('',#5544);
#5544 = CARTESIAN_POINT('',(-16.30844619078,34.6,24.2));
#5545 = VERTEX_POINT('',#5546);
#5546 = CARTESIAN_POINT('',(16.308446190788,34.6,24.2));
#5547 = LINE('',#5548,#5549);
#5548 = CARTESIAN_POINT('',(-42.6,34.6,24.2));
#5549 = VECTOR('',#5550,1.);
#5550 = DIRECTION('',(1.,0.,-0.));
#5551 = ORIENTED_EDGE('',*,*,#5552,.F.);
#5552 = EDGE_CURVE('',#5520,#5543,#5553,.T.);
#5553 = CIRCLE('',#5554,8.);
#5554 = AXIS2_PLACEMENT_3D('',#5555,#5556,#5557);
#5555 = CARTESIAN_POINT('',(-24.,34.6,22.));
#5556 = DIRECTION('',(0.,1.,0.));
#5557 = DIRECTION('',(0.,-0.,1.));
#5558 = ORIENTED_EDGE('',*,*,#5519,.T.);
#5559 = ORIENTED_EDGE('',*,*,#5560,.F.);
#5560 = EDGE_CURVE('',#5545,#5512,#5561,.T.);
#5561 = CIRCLE('',#5562,8.);
#5562 = AXIS2_PLACEMENT_3D('',#5563,#5564,#5565);
#5563 = CARTESIAN_POINT('',(24.,34.6,22.));
#5564 = DIRECTION('',(0.,1.,0.));
#5565 = DIRECTION('',(0.,-0.,1.));
#5566 = PLANE('',#5567);
#5567 = AXIS2_PLACEMENT_3D('',#5568,#5569,#5570);
#5568 = CARTESIAN_POINT('',(-42.6,34.6,24.2));
#5569 = DIRECTION('',(-0.,1.,0.));
#5570 = DIRECTION('',(0.,0.,1.));
#5571 = ADVANCED_FACE('',(#5572),#5597,.F.);
#5572 = FACE_BOUND('',#5573,.F.);
#5573 = EDGE_LOOP('',(#5574,#5582,#5583,#5591));
#5574 = ORIENTED_EDGE('',*,*,#5575,.T.);
#5575 = EDGE_CURVE('',#5576,#5545,#5578,.T.);
#5576 = VERTEX_POINT('',#5577);
#5577 = CARTESIAN_POINT('',(16.308446190788,33.,24.2));
#5578 = LINE('',#5579,#5580);
#5579 = CARTESIAN_POINT('',(16.308446190788,-40.,24.2));
#5580 = VECTOR('',#5581,1.);
#5581 = DIRECTION('',(0.,1.,0.));
#5582 = ORIENTED_EDGE('',*,*,#5542,.F.);
#5583 = ORIENTED_EDGE('',*,*,#5584,.F.);
#5584 = EDGE_CURVE('',#5585,#5543,#5587,.T.);
#5585 = VERTEX_POINT('',#5586);
#5586 = CARTESIAN_POINT('',(-16.30844619078,33.,24.2));
#5587 = LINE('',#5588,#5589);
#5588 = CARTESIAN_POINT('',(-16.30844619078,-40.,24.2));
#5589 = VECTOR('',#5590,1.);
#5590 = DIRECTION('',(0.,1.,0.));
#5591 = ORIENTED_EDGE('',*,*,#5592,.T.);
#5592 = EDGE_CURVE('',#5585,#5576,#5593,.T.);
#5593 = LINE('',#5594,#5595);
#5594 = CARTESIAN_POINT('',(-41.8,33.,24.2));
#5595 = VECTOR('',#5596,1.);
#5596 = DIRECTION('',(1.,0.,-0.));
#5597 = PLANE('',#5598);
#5598 = AXIS2_PLACEMENT_3D('',#5599,#5600,#5601);
#5599 = CARTESIAN_POINT('',(-42.6,-34.6,24.2));
#5600 = DIRECTION('',(0.,0.,1.));
#5601 = DIRECTION('',(1.,0.,-0.));
#5602 = ADVANCED_FACE('',(#5603),#5628,.T.);
#5603 = FACE_BOUND('',#5604,.T.);
#5604 = EDGE_LOOP('',(#5605,#5611,#5612,#5619,#5620,#5627));
#5605 = ORIENTED_EDGE('',*,*,#5606,.F.);
#5606 = EDGE_CURVE('',#1847,#2118,#5607,.T.);
#5607 = LINE('',#5608,#5609);
#5608 = CARTESIAN_POINT('',(-41.8,33.,20.95));
#5609 = VECTOR('',#5610,1.);
#5610 = DIRECTION('',(1.,0.,-0.));
#5611 = ORIENTED_EDGE('',*,*,#1854,.F.);
#5612 = ORIENTED_EDGE('',*,*,#5613,.F.);
#5613 = EDGE_CURVE('',#5585,#1855,#5614,.T.);
#5614 = CIRCLE('',#5615,8.);
#5615 = AXIS2_PLACEMENT_3D('',#5616,#5617,#5618);
#5616 = CARTESIAN_POINT('',(-24.,33.,22.));
#5617 = DIRECTION('',(0.,1.,0.));
#5618 = DIRECTION('',(0.,-0.,1.));
#5619 = ORIENTED_EDGE('',*,*,#5592,.T.);
#5620 = ORIENTED_EDGE('',*,*,#5621,.F.);
#5621 = EDGE_CURVE('',#2126,#5576,#5622,.T.);
#5622 = CIRCLE('',#5623,8.);
#5623 = AXIS2_PLACEMENT_3D('',#5624,#5625,#5626);
#5624 = CARTESIAN_POINT('',(24.,33.,22.));
#5625 = DIRECTION('',(0.,1.,0.));
#5626 = DIRECTION('',(0.,-0.,1.));
#5627 = ORIENTED_EDGE('',*,*,#2125,.T.);
#5628 = PLANE('',#5629);
#5629 = AXIS2_PLACEMENT_3D('',#5630,#5631,#5632);
#5630 = CARTESIAN_POINT('',(-41.,33.,0.));
#5631 = DIRECTION('',(-0.,1.,0.));
#5632 = DIRECTION('',(0.,0.,1.));
#5633 = ADVANCED_FACE('',(#5634),#5645,.T.);
#5634 = FACE_BOUND('',#5635,.T.);
#5635 = EDGE_LOOP('',(#5636,#5637,#5643,#5644));
#5636 = ORIENTED_EDGE('',*,*,#2117,.T.);
#5637 = ORIENTED_EDGE('',*,*,#5638,.F.);
#5638 = EDGE_CURVE('',#1839,#2110,#5639,.T.);
#5639 = LINE('',#5640,#5641);
#5640 = CARTESIAN_POINT('',(-42.6,34.6,20.95));
#5641 = VECTOR('',#5642,1.);
#5642 = DIRECTION('',(1.,0.,-0.));
#5643 = ORIENTED_EDGE('',*,*,#1846,.F.);
#5644 = ORIENTED_EDGE('',*,*,#5606,.T.);
#5645 = PLANE('',#5646);
#5646 = AXIS2_PLACEMENT_3D('',#5647,#5648,#5649);
#5647 = CARTESIAN_POINT('',(-42.6,-34.6,20.95));
#5648 = DIRECTION('',(0.,0.,1.));
#5649 = DIRECTION('',(1.,0.,-0.));
#5650 = ADVANCED_FACE('',(#5651),#5662,.T.);
#5651 = FACE_BOUND('',#5652,.T.);
#5652 = EDGE_LOOP('',(#5653,#5659,#5660,#5661));
#5653 = ORIENTED_EDGE('',*,*,#5654,.F.);
#5654 = EDGE_CURVE('',#1831,#2102,#5655,.T.);
#5655 = LINE('',#5656,#5657);
#5656 = CARTESIAN_POINT('',(-42.6,34.6,19.8));
#5657 = VECTOR('',#5658,1.);
#5658 = DIRECTION('',(1.,0.,-0.));
#5659 = ORIENTED_EDGE('',*,*,#1838,.F.);
#5660 = ORIENTED_EDGE('',*,*,#5638,.T.);
#5661 = ORIENTED_EDGE('',*,*,#2109,.T.);
#5662 = PLANE('',#5663);
#5663 = AXIS2_PLACEMENT_3D('',#5664,#5665,#5666);
#5664 = CARTESIAN_POINT('',(-42.6,34.6,19.8));
#5665 = DIRECTION('',(-0.,1.,0.));
#5666 = DIRECTION('',(0.,0.,1.));
#5667 = ADVANCED_FACE('',(#5668),#5679,.F.);
#5668 = FACE_BOUND('',#5669,.F.);
#5669 = EDGE_LOOP('',(#5670,#5671,#5672,#5673));
#5670 = ORIENTED_EDGE('',*,*,#2101,.T.);
#5671 = ORIENTED_EDGE('',*,*,#5654,.F.);
#5672 = ORIENTED_EDGE('',*,*,#1830,.F.);
#5673 = ORIENTED_EDGE('',*,*,#5674,.T.);
#5674 = EDGE_CURVE('',#1823,#2094,#5675,.T.);
#5675 = LINE('',#5676,#5677);
#5676 = CARTESIAN_POINT('',(-41.8,33.,19.8));
#5677 = VECTOR('',#5678,1.);
#5678 = DIRECTION('',(1.,0.,-0.));
#5679 = PLANE('',#5680);
#5680 = AXIS2_PLACEMENT_3D('',#5681,#5682,#5683);
#5681 = CARTESIAN_POINT('',(-42.6,-34.6,19.8));
#5682 = DIRECTION('',(0.,0.,1.));
#5683 = DIRECTION('',(1.,0.,-0.));
#5684 = ADVANCED_FACE('',(#5685),#5696,.T.);
#5685 = FACE_BOUND('',#5686,.T.);
#5686 = EDGE_LOOP('',(#5687,#5693,#5694,#5695));
#5687 = ORIENTED_EDGE('',*,*,#5688,.F.);
#5688 = EDGE_CURVE('',#1815,#2086,#5689,.T.);
#5689 = LINE('',#5690,#5691);
#5690 = CARTESIAN_POINT('',(-41.8,33.,16.55));
#5691 = VECTOR('',#5692,1.);
#5692 = DIRECTION('',(1.,0.,-0.));
#5693 = ORIENTED_EDGE('',*,*,#1822,.F.);
#5694 = ORIENTED_EDGE('',*,*,#5674,.T.);
#5695 = ORIENTED_EDGE('',*,*,#2093,.T.);
#5696 = PLANE('',#5697);
#5697 = AXIS2_PLACEMENT_3D('',#5698,#5699,#5700);
#5698 = CARTESIAN_POINT('',(-41.,33.,0.));
#5699 = DIRECTION('',(-0.,1.,0.));
#5700 = DIRECTION('',(0.,0.,1.));
#5701 = ADVANCED_FACE('',(#5702),#5713,.T.);
#5702 = FACE_BOUND('',#5703,.T.);
#5703 = EDGE_LOOP('',(#5704,#5705,#5711,#5712));
#5704 = ORIENTED_EDGE('',*,*,#2085,.T.);
#5705 = ORIENTED_EDGE('',*,*,#5706,.F.);
#5706 = EDGE_CURVE('',#1807,#2078,#5707,.T.);
#5707 = LINE('',#5708,#5709);
#5708 = CARTESIAN_POINT('',(-42.6,34.6,16.55));
#5709 = VECTOR('',#5710,1.);
#5710 = DIRECTION('',(1.,0.,-0.));
#5711 = ORIENTED_EDGE('',*,*,#1814,.F.);
#5712 = ORIENTED_EDGE('',*,*,#5688,.T.);
#5713 = PLANE('',#5714);
#5714 = AXIS2_PLACEMENT_3D('',#5715,#5716,#5717);
#5715 = CARTESIAN_POINT('',(-42.6,-34.6,16.55));
#5716 = DIRECTION('',(0.,0.,1.));
#5717 = DIRECTION('',(1.,0.,-0.));
#5718 = ADVANCED_FACE('',(#5719),#5730,.T.);
#5719 = FACE_BOUND('',#5720,.T.);
#5720 = EDGE_LOOP('',(#5721,#5727,#5728,#5729));
#5721 = ORIENTED_EDGE('',*,*,#5722,.F.);
#5722 = EDGE_CURVE('',#1799,#2070,#5723,.T.);
#5723 = LINE('',#5724,#5725);
#5724 = CARTESIAN_POINT('',(-42.6,34.6,15.4));
#5725 = VECTOR('',#5726,1.);
#5726 = DIRECTION('',(1.,0.,-0.));
#5727 = ORIENTED_EDGE('',*,*,#1806,.F.);
#5728 = ORIENTED_EDGE('',*,*,#5706,.T.);
#5729 = ORIENTED_EDGE('',*,*,#2077,.T.);
#5730 = PLANE('',#5731);
#5731 = AXIS2_PLACEMENT_3D('',#5732,#5733,#5734);
#5732 = CARTESIAN_POINT('',(-42.6,34.6,15.4));
#5733 = DIRECTION('',(-0.,1.,0.));
#5734 = DIRECTION('',(0.,0.,1.));
#5735 = ADVANCED_FACE('',(#5736),#5747,.F.);
#5736 = FACE_BOUND('',#5737,.F.);
#5737 = EDGE_LOOP('',(#5738,#5739,#5740,#5741));
#5738 = ORIENTED_EDGE('',*,*,#2069,.T.);
#5739 = ORIENTED_EDGE('',*,*,#5722,.F.);
#5740 = ORIENTED_EDGE('',*,*,#1798,.F.);
#5741 = ORIENTED_EDGE('',*,*,#5742,.T.);
#5742 = EDGE_CURVE('',#1791,#2062,#5743,.T.);
#5743 = LINE('',#5744,#5745);
#5744 = CARTESIAN_POINT('',(-41.8,33.,15.4));
#5745 = VECTOR('',#5746,1.);
#5746 = DIRECTION('',(1.,0.,-0.));
#5747 = PLANE('',#5748);
#5748 = AXIS2_PLACEMENT_3D('',#5749,#5750,#5751);
#5749 = CARTESIAN_POINT('',(-42.6,-34.6,15.4));
#5750 = DIRECTION('',(0.,0.,1.));
#5751 = DIRECTION('',(1.,0.,-0.));
#5752 = ADVANCED_FACE('',(#5753),#5764,.T.);
#5753 = FACE_BOUND('',#5754,.T.);
#5754 = EDGE_LOOP('',(#5755,#5761,#5762,#5763));
#5755 = ORIENTED_EDGE('',*,*,#5756,.F.);
#5756 = EDGE_CURVE('',#1783,#2054,#5757,.T.);
#5757 = LINE('',#5758,#5759);
#5758 = CARTESIAN_POINT('',(-41.8,33.,12.15));
#5759 = VECTOR('',#5760,1.);
#5760 = DIRECTION('',(1.,0.,-0.));
#5761 = ORIENTED_EDGE('',*,*,#1790,.F.);
#5762 = ORIENTED_EDGE('',*,*,#5742,.T.);
#5763 = ORIENTED_EDGE('',*,*,#2061,.T.);
#5764 = PLANE('',#5765);
#5765 = AXIS2_PLACEMENT_3D('',#5766,#5767,#5768);
#5766 = CARTESIAN_POINT('',(-41.,33.,0.));
#5767 = DIRECTION('',(-0.,1.,0.));
#5768 = DIRECTION('',(0.,0.,1.));
#5769 = ADVANCED_FACE('',(#5770),#5781,.T.);
#5770 = FACE_BOUND('',#5771,.T.);
#5771 = EDGE_LOOP('',(#5772,#5773,#5779,#5780));
#5772 = ORIENTED_EDGE('',*,*,#2053,.T.);
#5773 = ORIENTED_EDGE('',*,*,#5774,.F.);
#5774 = EDGE_CURVE('',#1775,#2046,#5775,.T.);
#5775 = LINE('',#5776,#5777);
#5776 = CARTESIAN_POINT('',(-42.6,34.6,12.15));
#5777 = VECTOR('',#5778,1.);
#5778 = DIRECTION('',(1.,0.,-0.));
#5779 = ORIENTED_EDGE('',*,*,#1782,.F.);
#5780 = ORIENTED_EDGE('',*,*,#5756,.T.);
#5781 = PLANE('',#5782);
#5782 = AXIS2_PLACEMENT_3D('',#5783,#5784,#5785);
#5783 = CARTESIAN_POINT('',(-42.6,-34.6,12.15));
#5784 = DIRECTION('',(0.,0.,1.));
#5785 = DIRECTION('',(1.,0.,-0.));
#5786 = ADVANCED_FACE('',(#5787),#5798,.T.);
#5787 = FACE_BOUND('',#5788,.T.);
#5788 = EDGE_LOOP('',(#5789,#5795,#5796,#5797));
#5789 = ORIENTED_EDGE('',*,*,#5790,.F.);
#5790 = EDGE_CURVE('',#1767,#2038,#5791,.T.);
#5791 = LINE('',#5792,#5793);
#5792 = CARTESIAN_POINT('',(-42.6,34.6,11.));
#5793 = VECTOR('',#5794,1.);
#5794 = DIRECTION('',(1.,0.,-0.));
#5795 = ORIENTED_EDGE('',*,*,#1774,.F.);
#5796 = ORIENTED_EDGE('',*,*,#5774,.T.);
#5797 = ORIENTED_EDGE('',*,*,#2045,.T.);
#5798 = PLANE('',#5799);
#5799 = AXIS2_PLACEMENT_3D('',#5800,#5801,#5802);
#5800 = CARTESIAN_POINT('',(-42.6,34.6,11.));
#5801 = DIRECTION('',(-0.,1.,0.));
#5802 = DIRECTION('',(0.,0.,1.));
#5803 = ADVANCED_FACE('',(#5804),#5810,.F.);
#5804 = FACE_BOUND('',#5805,.F.);
#5805 = EDGE_LOOP('',(#5806,#5807,#5808,#5809));
#5806 = ORIENTED_EDGE('',*,*,#2037,.T.);
#5807 = ORIENTED_EDGE('',*,*,#5790,.F.);
#5808 = ORIENTED_EDGE('',*,*,#1766,.F.);
#5809 = ORIENTED_EDGE('',*,*,#5359,.T.);
#5810 = PLANE('',#5811);
#5811 = AXIS2_PLACEMENT_3D('',#5812,#5813,#5814);
#5812 = CARTESIAN_POINT('',(-42.6,-34.6,11.));
#5813 = DIRECTION('',(0.,0.,1.));
#5814 = DIRECTION('',(1.,0.,-0.));
#5815 = ADVANCED_FACE('',(#5816),#5833,.T.);
#5816 = FACE_BOUND('',#5817,.T.);
#5817 = EDGE_LOOP('',(#5818,#5819,#5826,#5827));
#5818 = ORIENTED_EDGE('',*,*,#4297,.F.);
#5819 = ORIENTED_EDGE('',*,*,#5820,.F.);
#5820 = EDGE_CURVE('',#4420,#4298,#5821,.T.);
#5821 = CIRCLE('',#5822,8.);
#5822 = AXIS2_PLACEMENT_3D('',#5823,#5824,#5825);
#5823 = CARTESIAN_POINT('',(24.,34.6,22.));
#5824 = DIRECTION('',(0.,1.,0.));
#5825 = DIRECTION('',(0.,-0.,1.));
#5826 = ORIENTED_EDGE('',*,*,#4419,.T.);
#5827 = ORIENTED_EDGE('',*,*,#5828,.F.);
#5828 = EDGE_CURVE('',#4289,#4411,#5829,.T.);
#5829 = LINE('',#5830,#5831);
#5830 = CARTESIAN_POINT('',(35.6,34.6,28.6));
#5831 = VECTOR('',#5832,1.);
#5832 = DIRECTION('',(0.,0.,1.));
#5833 = PLANE('',#5834);
#5834 = AXIS2_PLACEMENT_3D('',#5835,#5836,#5837);
#5835 = CARTESIAN_POINT('',(-42.6,34.6,28.6));
#5836 = DIRECTION('',(-0.,1.,0.));
#5837 = DIRECTION('',(0.,0.,1.));
#5838 = ADVANCED_FACE('',(#5839),#5856,.T.);
#5839 = FACE_BOUND('',#5840,.T.);
#5840 = EDGE_LOOP('',(#5841,#5842,#5849,#5850));
#5841 = ORIENTED_EDGE('',*,*,#4175,.F.);
#5842 = ORIENTED_EDGE('',*,*,#5843,.F.);
#5843 = EDGE_CURVE('',#4306,#4168,#5844,.T.);
#5844 = CIRCLE('',#5845,8.);
#5845 = AXIS2_PLACEMENT_3D('',#5846,#5847,#5848);
#5846 = CARTESIAN_POINT('',(24.,33.,22.));
#5847 = DIRECTION('',(0.,1.,0.));
#5848 = DIRECTION('',(0.,-0.,1.));
#5849 = ORIENTED_EDGE('',*,*,#4313,.T.);
#5850 = ORIENTED_EDGE('',*,*,#5851,.F.);
#5851 = EDGE_CURVE('',#4176,#4314,#5852,.T.);
#5852 = LINE('',#5853,#5854);
#5853 = CARTESIAN_POINT('',(35.,33.,0.));
#5854 = VECTOR('',#5855,1.);
#5855 = DIRECTION('',(0.,0.,1.));
#5856 = PLANE('',#5857);
#5857 = AXIS2_PLACEMENT_3D('',#5858,#5859,#5860);
#5858 = CARTESIAN_POINT('',(-41.,33.,0.));
#5859 = DIRECTION('',(-0.,1.,0.));
#5860 = DIRECTION('',(0.,0.,1.));
#5861 = ADVANCED_FACE('',(#5862),#5879,.T.);
#5862 = FACE_BOUND('',#5863,.T.);
#5863 = EDGE_LOOP('',(#5864,#5865,#5872,#5873));
#5864 = ORIENTED_EDGE('',*,*,#4035,.F.);
#5865 = ORIENTED_EDGE('',*,*,#5866,.F.);
#5866 = EDGE_CURVE('',#4160,#4036,#5867,.T.);
#5867 = CIRCLE('',#5868,8.);
#5868 = AXIS2_PLACEMENT_3D('',#5869,#5870,#5871);
#5869 = CARTESIAN_POINT('',(24.,34.6,22.));
#5870 = DIRECTION('',(0.,1.,0.));
#5871 = DIRECTION('',(0.,-0.,1.));
#5872 = ORIENTED_EDGE('',*,*,#4159,.T.);
#5873 = ORIENTED_EDGE('',*,*,#5874,.F.);
#5874 = EDGE_CURVE('',#4027,#4151,#5875,.T.);
#5875 = LINE('',#5876,#5877);
#5876 = CARTESIAN_POINT('',(35.6,34.6,24.2));
#5877 = VECTOR('',#5878,1.);
#5878 = DIRECTION('',(0.,0.,1.));
#5879 = PLANE('',#5880);
#5880 = AXIS2_PLACEMENT_3D('',#5881,#5882,#5883);
#5881 = CARTESIAN_POINT('',(-42.6,34.6,24.2));
#5882 = DIRECTION('',(-0.,1.,0.));
#5883 = DIRECTION('',(0.,0.,1.));
#5884 = ADVANCED_FACE('',(#5885),#5903,.T.);
#5885 = FACE_BOUND('',#5886,.T.);
#5886 = EDGE_LOOP('',(#5887,#5888,#5889,#5896,#5897));
#5887 = ORIENTED_EDGE('',*,*,#5046,.F.);
#5888 = ORIENTED_EDGE('',*,*,#1981,.F.);
#5889 = ORIENTED_EDGE('',*,*,#5890,.F.);
#5890 = EDGE_CURVE('',#4044,#1982,#5891,.T.);
#5891 = CIRCLE('',#5892,8.);
#5892 = AXIS2_PLACEMENT_3D('',#5893,#5894,#5895);
#5893 = CARTESIAN_POINT('',(24.,33.,22.));
#5894 = DIRECTION('',(0.,1.,0.));
#5895 = DIRECTION('',(0.,-0.,1.));
#5896 = ORIENTED_EDGE('',*,*,#4051,.T.);
#5897 = ORIENTED_EDGE('',*,*,#5898,.F.);
#5898 = EDGE_CURVE('',#5047,#4052,#5899,.T.);
#5899 = LINE('',#5900,#5901);
#5900 = CARTESIAN_POINT('',(35.,33.,0.));
#5901 = VECTOR('',#5902,1.);
#5902 = DIRECTION('',(0.,0.,1.));
#5903 = PLANE('',#5904);
#5904 = AXIS2_PLACEMENT_3D('',#5905,#5906,#5907);
#5905 = CARTESIAN_POINT('',(-41.,33.,0.));
#5906 = DIRECTION('',(-0.,1.,0.));
#5907 = DIRECTION('',(0.,0.,1.));
#5908 = ADVANCED_FACE('',(#5909),#5920,.T.);
#5909 = FACE_BOUND('',#5910,.T.);
#5910 = EDGE_LOOP('',(#5911,#5912,#5913,#5914));
#5911 = ORIENTED_EDGE('',*,*,#4939,.F.);
#5912 = ORIENTED_EDGE('',*,*,#1965,.F.);
#5913 = ORIENTED_EDGE('',*,*,#5039,.T.);
#5914 = ORIENTED_EDGE('',*,*,#5915,.F.);
#5915 = EDGE_CURVE('',#4931,#5031,#5916,.T.);
#5916 = LINE('',#5917,#5918);
#5917 = CARTESIAN_POINT('',(35.6,34.6,19.8));
#5918 = VECTOR('',#5919,1.);
#5919 = DIRECTION('',(0.,0.,1.));
#5920 = PLANE('',#5921);
#5921 = AXIS2_PLACEMENT_3D('',#5922,#5923,#5924);
#5922 = CARTESIAN_POINT('',(-42.6,34.6,19.8));
#5923 = DIRECTION('',(-0.,1.,0.));
#5924 = DIRECTION('',(0.,0.,1.));
#5925 = ADVANCED_FACE('',(#5926),#5937,.T.);
#5926 = FACE_BOUND('',#5927,.T.);
#5927 = EDGE_LOOP('',(#5928,#5929,#5930,#5931));
#5928 = ORIENTED_EDGE('',*,*,#4832,.F.);
#5929 = ORIENTED_EDGE('',*,*,#1949,.F.);
#5930 = ORIENTED_EDGE('',*,*,#4946,.T.);
#5931 = ORIENTED_EDGE('',*,*,#5932,.F.);
#5932 = EDGE_CURVE('',#4833,#4947,#5933,.T.);
#5933 = LINE('',#5934,#5935);
#5934 = CARTESIAN_POINT('',(35.,33.,0.));
#5935 = VECTOR('',#5936,1.);
#5936 = DIRECTION('',(0.,0.,1.));
#5937 = PLANE('',#5938);
#5938 = AXIS2_PLACEMENT_3D('',#5939,#5940,#5941);
#5939 = CARTESIAN_POINT('',(-41.,33.,0.));
#5940 = DIRECTION('',(-0.,1.,0.));
#5941 = DIRECTION('',(0.,0.,1.));
#5942 = ADVANCED_FACE('',(#5943),#5954,.T.);
#5943 = FACE_BOUND('',#5944,.T.);
#5944 = EDGE_LOOP('',(#5945,#5946,#5947,#5948));
#5945 = ORIENTED_EDGE('',*,*,#4725,.F.);
#5946 = ORIENTED_EDGE('',*,*,#1933,.F.);
#5947 = ORIENTED_EDGE('',*,*,#4825,.T.);
#5948 = ORIENTED_EDGE('',*,*,#5949,.F.);
#5949 = EDGE_CURVE('',#4717,#4817,#5950,.T.);
#5950 = LINE('',#5951,#5952);
#5951 = CARTESIAN_POINT('',(35.6,34.6,15.4));
#5952 = VECTOR('',#5953,1.);
#5953 = DIRECTION('',(0.,0.,1.));
#5954 = PLANE('',#5955);
#5955 = AXIS2_PLACEMENT_3D('',#5956,#5957,#5958);
#5956 = CARTESIAN_POINT('',(-42.6,34.6,15.4));
#5957 = DIRECTION('',(-0.,1.,0.));
#5958 = DIRECTION('',(0.,0.,1.));
#5959 = ADVANCED_FACE('',(#5960),#5971,.T.);
#5960 = FACE_BOUND('',#5961,.T.);
#5961 = EDGE_LOOP('',(#5962,#5963,#5964,#5965));
#5962 = ORIENTED_EDGE('',*,*,#4618,.F.);
#5963 = ORIENTED_EDGE('',*,*,#1917,.F.);
#5964 = ORIENTED_EDGE('',*,*,#4732,.T.);
#5965 = ORIENTED_EDGE('',*,*,#5966,.F.);
#5966 = EDGE_CURVE('',#4619,#4733,#5967,.T.);
#5967 = LINE('',#5968,#5969);
#5968 = CARTESIAN_POINT('',(35.,33.,0.));
#5969 = VECTOR('',#5970,1.);
#5970 = DIRECTION('',(0.,0.,1.));
#5971 = PLANE('',#5972);
#5972 = AXIS2_PLACEMENT_3D('',#5973,#5974,#5975);
#5973 = CARTESIAN_POINT('',(-41.,33.,0.));
#5974 = DIRECTION('',(-0.,1.,0.));
#5975 = DIRECTION('',(0.,0.,1.));
#5976 = ADVANCED_FACE('',(#5977),#5988,.T.);
#5977 = FACE_BOUND('',#5978,.T.);
#5978 = EDGE_LOOP('',(#5979,#5980,#5981,#5982));
#5979 = ORIENTED_EDGE('',*,*,#4511,.F.);
#5980 = ORIENTED_EDGE('',*,*,#1901,.F.);
#5981 = ORIENTED_EDGE('',*,*,#4611,.T.);
#5982 = ORIENTED_EDGE('',*,*,#5983,.F.);
#5983 = EDGE_CURVE('',#4503,#4603,#5984,.T.);
#5984 = LINE('',#5985,#5986);
#5985 = CARTESIAN_POINT('',(35.6,34.6,11.));
#5986 = VECTOR('',#5987,1.);
#5987 = DIRECTION('',(0.,0.,1.));
#5988 = PLANE('',#5989);
#5989 = AXIS2_PLACEMENT_3D('',#5990,#5991,#5992);
#5990 = CARTESIAN_POINT('',(-42.6,34.6,11.));
#5991 = DIRECTION('',(-0.,1.,0.));
#5992 = DIRECTION('',(0.,0.,1.));
#5993 = ADVANCED_FACE('',(#5994),#6019,.F.);
#5994 = FACE_BOUND('',#5995,.F.);
#5995 = EDGE_LOOP('',(#5996,#5997,#6005,#6013));
#5996 = ORIENTED_EDGE('',*,*,#2157,.T.);
#5997 = ORIENTED_EDGE('',*,*,#5998,.F.);
#5998 = EDGE_CURVE('',#5999,#2160,#6001,.T.);
#5999 = VERTEX_POINT('',#6000);
#6000 = CARTESIAN_POINT('',(-41.,-27.,47.35));
#6001 = LINE('',#6002,#6003);
#6002 = CARTESIAN_POINT('',(-41.,-27.,0.));
#6003 = VECTOR('',#6004,1.);
#6004 = DIRECTION('',(0.,0.,1.));
#6005 = ORIENTED_EDGE('',*,*,#6006,.F.);
#6006 = EDGE_CURVE('',#6007,#5999,#6009,.T.);
#6007 = VERTEX_POINT('',#6008);
#6008 = CARTESIAN_POINT('',(-41.,27.,47.35));
#6009 = LINE('',#6010,#6011);
#6010 = CARTESIAN_POINT('',(-41.,-33.8,47.35));
#6011 = VECTOR('',#6012,1.);
#6012 = DIRECTION('',(0.,-1.,0.));
#6013 = ORIENTED_EDGE('',*,*,#6014,.T.);
#6014 = EDGE_CURVE('',#6007,#2158,#6015,.T.);
#6015 = LINE('',#6016,#6017);
#6016 = CARTESIAN_POINT('',(-41.,27.,0.));
#6017 = VECTOR('',#6018,1.);
#6018 = DIRECTION('',(0.,0.,1.));
#6019 = PLANE('',#6020);
#6020 = AXIS2_PLACEMENT_3D('',#6021,#6022,#6023);
#6021 = CARTESIAN_POINT('',(-41.,-33.,0.));
#6022 = DIRECTION('',(1.,0.,-0.));
#6023 = DIRECTION('',(0.,0.,1.));
#6024 = ADVANCED_FACE('',(#6025),#6044,.T.);
#6025 = FACE_BOUND('',#6026,.T.);
#6026 = EDGE_LOOP('',(#6027,#6028,#6037,#6043));
#6027 = ORIENTED_EDGE('',*,*,#5998,.F.);
#6028 = ORIENTED_EDGE('',*,*,#6029,.T.);
#6029 = EDGE_CURVE('',#5999,#6030,#6032,.T.);
#6030 = VERTEX_POINT('',#6031);
#6031 = CARTESIAN_POINT('',(-35.,-33.,47.35));
#6032 = CIRCLE('',#6033,6.);
#6033 = AXIS2_PLACEMENT_3D('',#6034,#6035,#6036);
#6034 = CARTESIAN_POINT('',(-35.,-27.,47.35));
#6035 = DIRECTION('',(0.,0.,1.));
#6036 = DIRECTION('',(-1.,-0.,0.));
#6037 = ORIENTED_EDGE('',*,*,#6038,.T.);
#6038 = EDGE_CURVE('',#6030,#2211,#6039,.T.);
#6039 = LINE('',#6040,#6041);
#6040 = CARTESIAN_POINT('',(-35.,-33.,0.));
#6041 = VECTOR('',#6042,1.);
#6042 = DIRECTION('',(0.,0.,1.));
#6043 = ORIENTED_EDGE('',*,*,#2218,.F.);
#6044 = CYLINDRICAL_SURFACE('',#6045,6.);
#6045 = AXIS2_PLACEMENT_3D('',#6046,#6047,#6048);
#6046 = CARTESIAN_POINT('',(-35.,-27.,0.));
#6047 = DIRECTION('',(0.,0.,1.));
#6048 = DIRECTION('',(-1.,-0.,0.));
#6049 = ADVANCED_FACE('',(#6050),#6068,.F.);
#6050 = FACE_BOUND('',#6051,.F.);
#6051 = EDGE_LOOP('',(#6052,#6060,#6061,#6062));
#6052 = ORIENTED_EDGE('',*,*,#6053,.F.);
#6053 = EDGE_CURVE('',#6030,#6054,#6056,.T.);
#6054 = VERTEX_POINT('',#6055);
#6055 = CARTESIAN_POINT('',(35.,-33.,47.35));
#6056 = LINE('',#6057,#6058);
#6057 = CARTESIAN_POINT('',(-41.8,-33.,47.35));
#6058 = VECTOR('',#6059,1.);
#6059 = DIRECTION('',(1.,0.,-0.));
#6060 = ORIENTED_EDGE('',*,*,#6038,.T.);
#6061 = ORIENTED_EDGE('',*,*,#2210,.T.);
#6062 = ORIENTED_EDGE('',*,*,#6063,.F.);
#6063 = EDGE_CURVE('',#6054,#2202,#6064,.T.);
#6064 = LINE('',#6065,#6066);
#6065 = CARTESIAN_POINT('',(35.,-33.,0.));
#6066 = VECTOR('',#6067,1.);
#6067 = DIRECTION('',(0.,0.,1.));
#6068 = PLANE('',#6069);
#6069 = AXIS2_PLACEMENT_3D('',#6070,#6071,#6072);
#6070 = CARTESIAN_POINT('',(-41.,-33.,0.));
#6071 = DIRECTION('',(-0.,1.,0.));
#6072 = DIRECTION('',(0.,0.,1.));
#6073 = ADVANCED_FACE('',(#6074),#6093,.T.);
#6074 = FACE_BOUND('',#6075,.F.);
#6075 = EDGE_LOOP('',(#6076,#6084,#6091,#6092));
#6076 = ORIENTED_EDGE('',*,*,#6077,.F.);
#6077 = EDGE_CURVE('',#6078,#2194,#6080,.T.);
#6078 = VERTEX_POINT('',#6079);
#6079 = CARTESIAN_POINT('',(41.,-27.,47.35));
#6080 = LINE('',#6081,#6082);
#6081 = CARTESIAN_POINT('',(41.,-27.,0.));
#6082 = VECTOR('',#6083,1.);
#6083 = DIRECTION('',(0.,0.,1.));
#6084 = ORIENTED_EDGE('',*,*,#6085,.F.);
#6085 = EDGE_CURVE('',#6054,#6078,#6086,.T.);
#6086 = CIRCLE('',#6087,6.);
#6087 = AXIS2_PLACEMENT_3D('',#6088,#6089,#6090);
#6088 = CARTESIAN_POINT('',(35.,-27.,47.35));
#6089 = DIRECTION('',(0.,0.,1.));
#6090 = DIRECTION('',(1.,0.,-0.));
#6091 = ORIENTED_EDGE('',*,*,#6063,.T.);
#6092 = ORIENTED_EDGE('',*,*,#2201,.T.);
#6093 = CYLINDRICAL_SURFACE('',#6094,6.);
#6094 = AXIS2_PLACEMENT_3D('',#6095,#6096,#6097);
#6095 = CARTESIAN_POINT('',(35.,-27.,0.));
#6096 = DIRECTION('',(0.,0.,1.));
#6097 = DIRECTION('',(1.,0.,-0.));
#6098 = ADVANCED_FACE('',(#6099),#6117,.T.);
#6099 = FACE_BOUND('',#6100,.T.);
#6100 = EDGE_LOOP('',(#6101,#6102,#6103,#6111));
#6101 = ORIENTED_EDGE('',*,*,#2193,.T.);
#6102 = ORIENTED_EDGE('',*,*,#6077,.F.);
#6103 = ORIENTED_EDGE('',*,*,#6104,.F.);
#6104 = EDGE_CURVE('',#6105,#6078,#6107,.T.);
#6105 = VERTEX_POINT('',#6106);
#6106 = CARTESIAN_POINT('',(41.,27.,47.35));
#6107 = LINE('',#6108,#6109);
#6108 = CARTESIAN_POINT('',(41.,-33.8,47.35));
#6109 = VECTOR('',#6110,1.);
#6110 = DIRECTION('',(0.,-1.,0.));
#6111 = ORIENTED_EDGE('',*,*,#6112,.T.);
#6112 = EDGE_CURVE('',#6105,#2185,#6113,.T.);
#6113 = LINE('',#6114,#6115);
#6114 = CARTESIAN_POINT('',(41.,27.,0.));
#6115 = VECTOR('',#6116,1.);
#6116 = DIRECTION('',(0.,0.,1.));
#6117 = PLANE('',#6118);
#6118 = AXIS2_PLACEMENT_3D('',#6119,#6120,#6121);
#6119 = CARTESIAN_POINT('',(41.,-33.,0.));
#6120 = DIRECTION('',(1.,0.,-0.));
#6121 = DIRECTION('',(0.,0.,1.));
#6122 = ADVANCED_FACE('',(#6123),#6142,.T.);
#6123 = FACE_BOUND('',#6124,.T.);
#6124 = EDGE_LOOP('',(#6125,#6126,#6135,#6141));
#6125 = ORIENTED_EDGE('',*,*,#6112,.F.);
#6126 = ORIENTED_EDGE('',*,*,#6127,.T.);
#6127 = EDGE_CURVE('',#6105,#6128,#6130,.T.);
#6128 = VERTEX_POINT('',#6129);
#6129 = CARTESIAN_POINT('',(35.,33.,47.35));
#6130 = CIRCLE('',#6131,6.);
#6131 = AXIS2_PLACEMENT_3D('',#6132,#6133,#6134);
#6132 = CARTESIAN_POINT('',(35.,27.,47.35));
#6133 = DIRECTION('',(0.,0.,1.));
#6134 = DIRECTION('',(1.,0.,-0.));
#6135 = ORIENTED_EDGE('',*,*,#6136,.T.);
#6136 = EDGE_CURVE('',#6128,#2177,#6137,.T.);
#6137 = LINE('',#6138,#6139);
#6138 = CARTESIAN_POINT('',(35.,33.,0.));
#6139 = VECTOR('',#6140,1.);
#6140 = DIRECTION('',(0.,0.,1.));
#6141 = ORIENTED_EDGE('',*,*,#2184,.F.);
#6142 = CYLINDRICAL_SURFACE('',#6143,6.);
#6143 = AXIS2_PLACEMENT_3D('',#6144,#6145,#6146);
#6144 = CARTESIAN_POINT('',(35.,27.,0.));
#6145 = DIRECTION('',(0.,0.,1.));
#6146 = DIRECTION('',(1.,0.,-0.));
#6147 = ADVANCED_FACE('',(#6148),#6166,.T.);
#6148 = FACE_BOUND('',#6149,.T.);
#6149 = EDGE_LOOP('',(#6150,#6158,#6164,#6165));
#6150 = ORIENTED_EDGE('',*,*,#6151,.F.);
#6151 = EDGE_CURVE('',#6152,#6128,#6154,.T.);
#6152 = VERTEX_POINT('',#6153);
#6153 = CARTESIAN_POINT('',(-35.,33.,47.35));
#6154 = LINE('',#6155,#6156);
#6155 = CARTESIAN_POINT('',(-41.8,33.,47.35));
#6156 = VECTOR('',#6157,1.);
#6157 = DIRECTION('',(1.,0.,-0.));
#6158 = ORIENTED_EDGE('',*,*,#6159,.T.);
#6159 = EDGE_CURVE('',#6152,#2168,#6160,.T.);
#6160 = LINE('',#6161,#6162);
#6161 = CARTESIAN_POINT('',(-35.,33.,0.));
#6162 = VECTOR('',#6163,1.);
#6163 = DIRECTION('',(0.,0.,1.));
#6164 = ORIENTED_EDGE('',*,*,#2176,.T.);
#6165 = ORIENTED_EDGE('',*,*,#6136,.F.);
#6166 = PLANE('',#6167);
#6167 = AXIS2_PLACEMENT_3D('',#6168,#6169,#6170);
#6168 = CARTESIAN_POINT('',(-41.,33.,0.));
#6169 = DIRECTION('',(-0.,1.,0.));
#6170 = DIRECTION('',(0.,0.,1.));
#6171 = ADVANCED_FACE('',(#6172),#6184,.T.);
#6172 = FACE_BOUND('',#6173,.F.);
#6173 = EDGE_LOOP('',(#6174,#6175,#6182,#6183));
#6174 = ORIENTED_EDGE('',*,*,#6014,.F.);
#6175 = ORIENTED_EDGE('',*,*,#6176,.F.);
#6176 = EDGE_CURVE('',#6152,#6007,#6177,.T.);
#6177 = CIRCLE('',#6178,6.);
#6178 = AXIS2_PLACEMENT_3D('',#6179,#6180,#6181);
#6179 = CARTESIAN_POINT('',(-35.,27.,47.35));
#6180 = DIRECTION('',(0.,0.,1.));
#6181 = DIRECTION('',(-1.,-0.,0.));
#6182 = ORIENTED_EDGE('',*,*,#6159,.T.);
#6183 = ORIENTED_EDGE('',*,*,#2167,.T.);
#6184 = CYLINDRICAL_SURFACE('',#6185,6.);
#6185 = AXIS2_PLACEMENT_3D('',#6186,#6187,#6188);
#6186 = CARTESIAN_POINT('',(-35.,27.,0.));
#6187 = DIRECTION('',(0.,0.,1.));
#6188 = DIRECTION('',(-1.,-0.,0.));
#6189 = ADVANCED_FACE('',(#6190),#6209,.T.);
#6190 = FACE_BOUND('',#6191,.F.);
#6191 = EDGE_LOOP('',(#6192,#6200,#6201,#6202));
#6192 = ORIENTED_EDGE('',*,*,#6193,.F.);
#6193 = EDGE_CURVE('',#4453,#6194,#6196,.T.);
#6194 = VERTEX_POINT('',#6195);
#6195 = CARTESIAN_POINT('',(41.,-27.,33.));
#6196 = LINE('',#6197,#6198);
#6197 = CARTESIAN_POINT('',(41.,-27.,0.));
#6198 = VECTOR('',#6199,1.);
#6199 = DIRECTION('',(0.,0.,1.));
#6200 = ORIENTED_EDGE('',*,*,#4460,.F.);
#6201 = ORIENTED_EDGE('',*,*,#2299,.T.);
#6202 = ORIENTED_EDGE('',*,*,#6203,.T.);
#6203 = EDGE_CURVE('',#2292,#6194,#6204,.T.);
#6204 = CIRCLE('',#6205,6.);
#6205 = AXIS2_PLACEMENT_3D('',#6206,#6207,#6208);
#6206 = CARTESIAN_POINT('',(35.,-27.,33.));
#6207 = DIRECTION('',(0.,0.,1.));
#6208 = DIRECTION('',(1.,0.,-0.));
#6209 = CYLINDRICAL_SURFACE('',#6210,6.);
#6210 = AXIS2_PLACEMENT_3D('',#6211,#6212,#6213);
#6211 = CARTESIAN_POINT('',(35.,-27.,0.));
#6212 = DIRECTION('',(0.,0.,1.));
#6213 = DIRECTION('',(1.,0.,-0.));
#6214 = ADVANCED_FACE('',(#6215,#6285),#6329,.F.);
#6215 = FACE_BOUND('',#6216,.F.);
#6216 = EDGE_LOOP('',(#6217,#6227,#6236,#6244,#6253,#6261,#6270,#6278));
#6217 = ORIENTED_EDGE('',*,*,#6218,.F.);
#6218 = EDGE_CURVE('',#6219,#6221,#6223,.T.);
#6219 = VERTEX_POINT('',#6220);
#6220 = CARTESIAN_POINT('',(-42.6,-27.6,33.));
#6221 = VERTEX_POINT('',#6222);
#6222 = CARTESIAN_POINT('',(-42.6,27.6,33.));
#6223 = LINE('',#6224,#6225);
#6224 = CARTESIAN_POINT('',(-42.6,-34.6,33.));
#6225 = VECTOR('',#6226,1.);
#6226 = DIRECTION('',(-0.,1.,0.));
#6227 = ORIENTED_EDGE('',*,*,#6228,.T.);
#6228 = EDGE_CURVE('',#6219,#6229,#6231,.T.);
#6229 = VERTEX_POINT('',#6230);
#6230 = CARTESIAN_POINT('',(-35.6,-34.6,33.));
#6231 = CIRCLE('',#6232,7.);
#6232 = AXIS2_PLACEMENT_3D('',#6233,#6234,#6235);
#6233 = CARTESIAN_POINT('',(-35.6,-27.6,33.));
#6234 = DIRECTION('',(0.,0.,1.));
#6235 = DIRECTION('',(0.,-1.,0.));
#6236 = ORIENTED_EDGE('',*,*,#6237,.T.);
#6237 = EDGE_CURVE('',#6229,#6238,#6240,.T.);
#6238 = VERTEX_POINT('',#6239);
#6239 = CARTESIAN_POINT('',(35.6,-34.6,33.));
#6240 = LINE('',#6241,#6242);
#6241 = CARTESIAN_POINT('',(-42.6,-34.6,33.));
#6242 = VECTOR('',#6243,1.);
#6243 = DIRECTION('',(1.,0.,-0.));
#6244 = ORIENTED_EDGE('',*,*,#6245,.F.);
#6245 = EDGE_CURVE('',#6246,#6238,#6248,.T.);
#6246 = VERTEX_POINT('',#6247);
#6247 = CARTESIAN_POINT('',(42.6,-27.6,33.));
#6248 = CIRCLE('',#6249,7.);
#6249 = AXIS2_PLACEMENT_3D('',#6250,#6251,#6252);
#6250 = CARTESIAN_POINT('',(35.6,-27.6,33.));
#6251 = DIRECTION('',(-0.,-0.,-1.));
#6252 = DIRECTION('',(0.,-1.,0.));
#6253 = ORIENTED_EDGE('',*,*,#6254,.T.);
#6254 = EDGE_CURVE('',#6246,#6255,#6257,.T.);
#6255 = VERTEX_POINT('',#6256);
#6256 = CARTESIAN_POINT('',(42.6,27.6,33.));
#6257 = LINE('',#6258,#6259);
#6258 = CARTESIAN_POINT('',(42.6,-34.6,33.));
#6259 = VECTOR('',#6260,1.);
#6260 = DIRECTION('',(-0.,1.,0.));
#6261 = ORIENTED_EDGE('',*,*,#6262,.T.);
#6262 = EDGE_CURVE('',#6255,#6263,#6265,.T.);
#6263 = VERTEX_POINT('',#6264);
#6264 = CARTESIAN_POINT('',(35.6,34.6,33.));
#6265 = CIRCLE('',#6266,7.);
#6266 = AXIS2_PLACEMENT_3D('',#6267,#6268,#6269);
#6267 = CARTESIAN_POINT('',(35.6,27.6,33.));
#6268 = DIRECTION('',(0.,0.,1.));
#6269 = DIRECTION('',(0.,-1.,0.));
#6270 = ORIENTED_EDGE('',*,*,#6271,.F.);
#6271 = EDGE_CURVE('',#6272,#6263,#6274,.T.);
#6272 = VERTEX_POINT('',#6273);
#6273 = CARTESIAN_POINT('',(-35.6,34.6,33.));
#6274 = LINE('',#6275,#6276);
#6275 = CARTESIAN_POINT('',(-42.6,34.6,33.));
#6276 = VECTOR('',#6277,1.);
#6277 = DIRECTION('',(1.,0.,-0.));
#6278 = ORIENTED_EDGE('',*,*,#6279,.F.);
#6279 = EDGE_CURVE('',#6221,#6272,#6280,.T.);
#6280 = CIRCLE('',#6281,7.);
#6281 = AXIS2_PLACEMENT_3D('',#6282,#6283,#6284);
#6282 = CARTESIAN_POINT('',(-35.6,27.6,33.));
#6283 = DIRECTION('',(-0.,-0.,-1.));
#6284 = DIRECTION('',(0.,-1.,0.));
#6285 = FACE_BOUND('',#6286,.F.);
#6286 = EDGE_LOOP('',(#6287,#6297,#6304,#6305,#6314,#6320,#6321,#6322));
#6287 = ORIENTED_EDGE('',*,*,#6288,.F.);
#6288 = EDGE_CURVE('',#6289,#6291,#6293,.T.);
#6289 = VERTEX_POINT('',#6290);
#6290 = CARTESIAN_POINT('',(-41.,27.,33.));
#6291 = VERTEX_POINT('',#6292);
#6292 = CARTESIAN_POINT('',(-41.,-27.,33.));
#6293 = LINE('',#6294,#6295);
#6294 = CARTESIAN_POINT('',(-41.,-33.8,33.));
#6295 = VECTOR('',#6296,1.);
#6296 = DIRECTION('',(0.,-1.,0.));
#6297 = ORIENTED_EDGE('',*,*,#6298,.F.);
#6298 = EDGE_CURVE('',#5182,#6289,#6299,.T.);
#6299 = CIRCLE('',#6300,6.);
#6300 = AXIS2_PLACEMENT_3D('',#6301,#6302,#6303);
#6301 = CARTESIAN_POINT('',(-35.,27.,33.));
#6302 = DIRECTION('',(0.,0.,1.));
#6303 = DIRECTION('',(-1.,-0.,0.));
#6304 = ORIENTED_EDGE('',*,*,#5189,.T.);
#6305 = ORIENTED_EDGE('',*,*,#6306,.F.);
#6306 = EDGE_CURVE('',#6307,#5190,#6309,.T.);
#6307 = VERTEX_POINT('',#6308);
#6308 = CARTESIAN_POINT('',(41.,27.,33.));
#6309 = CIRCLE('',#6310,6.);
#6310 = AXIS2_PLACEMENT_3D('',#6311,#6312,#6313);
#6311 = CARTESIAN_POINT('',(35.,27.,33.));
#6312 = DIRECTION('',(0.,0.,1.));
#6313 = DIRECTION('',(1.,0.,-0.));
#6314 = ORIENTED_EDGE('',*,*,#6315,.T.);
#6315 = EDGE_CURVE('',#6307,#6194,#6316,.T.);
#6316 = LINE('',#6317,#6318);
#6317 = CARTESIAN_POINT('',(41.,-33.8,33.));
#6318 = VECTOR('',#6319,1.);
#6319 = DIRECTION('',(0.,-1.,0.));
#6320 = ORIENTED_EDGE('',*,*,#6203,.F.);
#6321 = ORIENTED_EDGE('',*,*,#2291,.F.);
#6322 = ORIENTED_EDGE('',*,*,#6323,.F.);
#6323 = EDGE_CURVE('',#6291,#2284,#6324,.T.);
#6324 = CIRCLE('',#6325,6.);
#6325 = AXIS2_PLACEMENT_3D('',#6326,#6327,#6328);
#6326 = CARTESIAN_POINT('',(-35.,-27.,33.));
#6327 = DIRECTION('',(0.,0.,1.));
#6328 = DIRECTION('',(-1.,-0.,0.));
#6329 = PLANE('',#6330);
#6330 = AXIS2_PLACEMENT_3D('',#6331,#6332,#6333);
#6331 = CARTESIAN_POINT('',(-42.6,-34.6,33.));
#6332 = DIRECTION('',(0.,0.,1.));
#6333 = DIRECTION('',(1.,0.,-0.));
#6334 = ADVANCED_FACE('',(#6335),#6346,.T.);
#6335 = FACE_BOUND('',#6336,.T.);
#6336 = EDGE_LOOP('',(#6337,#6343,#6344,#6345));
#6337 = ORIENTED_EDGE('',*,*,#6338,.F.);
#6338 = EDGE_CURVE('',#2400,#6291,#6339,.T.);
#6339 = LINE('',#6340,#6341);
#6340 = CARTESIAN_POINT('',(-41.,-27.,0.));
#6341 = VECTOR('',#6342,1.);
#6342 = DIRECTION('',(0.,0.,1.));
#6343 = ORIENTED_EDGE('',*,*,#2399,.T.);
#6344 = ORIENTED_EDGE('',*,*,#2283,.T.);
#6345 = ORIENTED_EDGE('',*,*,#6323,.F.);
#6346 = CYLINDRICAL_SURFACE('',#6347,6.);
#6347 = AXIS2_PLACEMENT_3D('',#6348,#6349,#6350);
#6348 = CARTESIAN_POINT('',(-35.,-27.,0.));
#6349 = DIRECTION('',(0.,0.,1.));
#6350 = DIRECTION('',(-1.,-0.,0.));
#6351 = ADVANCED_FACE('',(#6352),#6368,.F.);
#6352 = FACE_BOUND('',#6353,.F.);
#6353 = EDGE_LOOP('',(#6354,#6355,#6361,#6362));
#6354 = ORIENTED_EDGE('',*,*,#2365,.F.);
#6355 = ORIENTED_EDGE('',*,*,#6356,.F.);
#6356 = EDGE_CURVE('',#2497,#2366,#6357,.T.);
#6357 = LINE('',#6358,#6359);
#6358 = CARTESIAN_POINT('',(-42.6,-27.6,28.6));
#6359 = VECTOR('',#6360,1.);
#6360 = DIRECTION('',(0.,0.,1.));
#6361 = ORIENTED_EDGE('',*,*,#2496,.T.);
#6362 = ORIENTED_EDGE('',*,*,#6363,.T.);
#6363 = EDGE_CURVE('',#2499,#2368,#6364,.T.);
#6364 = LINE('',#6365,#6366);
#6365 = CARTESIAN_POINT('',(-42.6,27.6,28.6));
#6366 = VECTOR('',#6367,1.);
#6367 = DIRECTION('',(0.,0.,1.));
#6368 = PLANE('',#6369);
#6369 = AXIS2_PLACEMENT_3D('',#6370,#6371,#6372);
#6370 = CARTESIAN_POINT('',(-42.6,-34.6,28.6));
#6371 = DIRECTION('',(1.,0.,-0.));
#6372 = DIRECTION('',(0.,0.,1.));
#6373 = ADVANCED_FACE('',(#6374),#6380,.T.);
#6374 = FACE_BOUND('',#6375,.F.);
#6375 = EDGE_LOOP('',(#6376,#6377,#6378,#6379));
#6376 = ORIENTED_EDGE('',*,*,#2580,.T.);
#6377 = ORIENTED_EDGE('',*,*,#5158,.T.);
#6378 = ORIENTED_EDGE('',*,*,#2449,.F.);
#6379 = ORIENTED_EDGE('',*,*,#6363,.F.);
#6380 = CYLINDRICAL_SURFACE('',#6381,7.);
#6381 = AXIS2_PLACEMENT_3D('',#6382,#6383,#6384);
#6382 = CARTESIAN_POINT('',(-35.6,27.6,28.6));
#6383 = DIRECTION('',(0.,0.,1.));
#6384 = DIRECTION('',(-1.,-0.,0.));
#6385 = ADVANCED_FACE('',(#6386),#6397,.T.);
#6386 = FACE_BOUND('',#6387,.F.);
#6387 = EDGE_LOOP('',(#6388,#6394,#6395,#6396));
#6388 = ORIENTED_EDGE('',*,*,#6389,.F.);
#6389 = EDGE_CURVE('',#2409,#6289,#6390,.T.);
#6390 = LINE('',#6391,#6392);
#6391 = CARTESIAN_POINT('',(-41.,27.,0.));
#6392 = VECTOR('',#6393,1.);
#6393 = DIRECTION('',(0.,0.,1.));
#6394 = ORIENTED_EDGE('',*,*,#2416,.F.);
#6395 = ORIENTED_EDGE('',*,*,#5181,.T.);
#6396 = ORIENTED_EDGE('',*,*,#6298,.T.);
#6397 = CYLINDRICAL_SURFACE('',#6398,6.);
#6398 = AXIS2_PLACEMENT_3D('',#6399,#6400,#6401);
#6399 = CARTESIAN_POINT('',(-35.,27.,0.));
#6400 = DIRECTION('',(0.,0.,1.));
#6401 = DIRECTION('',(-1.,-0.,0.));
#6402 = ADVANCED_FACE('',(#6403),#6409,.F.);
#6403 = FACE_BOUND('',#6404,.F.);
#6404 = EDGE_LOOP('',(#6405,#6406,#6407,#6408));
#6405 = ORIENTED_EDGE('',*,*,#6288,.T.);
#6406 = ORIENTED_EDGE('',*,*,#6338,.F.);
#6407 = ORIENTED_EDGE('',*,*,#2408,.F.);
#6408 = ORIENTED_EDGE('',*,*,#6389,.T.);
#6409 = PLANE('',#6410);
#6410 = AXIS2_PLACEMENT_3D('',#6411,#6412,#6413);
#6411 = CARTESIAN_POINT('',(-41.,-33.,0.));
#6412 = DIRECTION('',(1.,0.,-0.));
#6413 = DIRECTION('',(0.,0.,1.));
#6414 = ADVANCED_FACE('',(#6415),#6421,.T.);
#6415 = FACE_BOUND('',#6416,.T.);
#6416 = EDGE_LOOP('',(#6417,#6418,#6419,#6420));
#6417 = ORIENTED_EDGE('',*,*,#2506,.T.);
#6418 = ORIENTED_EDGE('',*,*,#2474,.T.);
#6419 = ORIENTED_EDGE('',*,*,#2375,.F.);
#6420 = ORIENTED_EDGE('',*,*,#6356,.F.);
#6421 = CYLINDRICAL_SURFACE('',#6422,7.);
#6422 = AXIS2_PLACEMENT_3D('',#6423,#6424,#6425);
#6423 = CARTESIAN_POINT('',(-35.6,-27.6,28.6));
#6424 = DIRECTION('',(0.,0.,1.));
#6425 = DIRECTION('',(-1.,-0.,0.));
#6426 = ADVANCED_FACE('',(#6427),#6438,.T.);
#6427 = FACE_BOUND('',#6428,.F.);
#6428 = EDGE_LOOP('',(#6429,#6435,#6436,#6437));
#6429 = ORIENTED_EDGE('',*,*,#6430,.F.);
#6430 = EDGE_CURVE('',#2671,#2540,#6431,.T.);
#6431 = LINE('',#6432,#6433);
#6432 = CARTESIAN_POINT('',(-41.,27.,0.));
#6433 = VECTOR('',#6434,1.);
#6434 = DIRECTION('',(0.,0.,1.));
#6435 = ORIENTED_EDGE('',*,*,#2678,.F.);
#6436 = ORIENTED_EDGE('',*,*,#5135,.T.);
#6437 = ORIENTED_EDGE('',*,*,#2547,.T.);
#6438 = CYLINDRICAL_SURFACE('',#6439,6.);
#6439 = AXIS2_PLACEMENT_3D('',#6440,#6441,#6442);
#6440 = CARTESIAN_POINT('',(-35.,27.,0.));
#6441 = DIRECTION('',(0.,0.,1.));
#6442 = DIRECTION('',(-1.,-0.,0.));
#6443 = ADVANCED_FACE('',(#6444),#6455,.F.);
#6444 = FACE_BOUND('',#6445,.F.);
#6445 = EDGE_LOOP('',(#6446,#6447,#6453,#6454));
#6446 = ORIENTED_EDGE('',*,*,#2539,.T.);
#6447 = ORIENTED_EDGE('',*,*,#6448,.F.);
#6448 = EDGE_CURVE('',#2662,#2531,#6449,.T.);
#6449 = LINE('',#6450,#6451);
#6450 = CARTESIAN_POINT('',(-41.,-27.,0.));
#6451 = VECTOR('',#6452,1.);
#6452 = DIRECTION('',(0.,0.,1.));
#6453 = ORIENTED_EDGE('',*,*,#2670,.F.);
#6454 = ORIENTED_EDGE('',*,*,#6430,.T.);
#6455 = PLANE('',#6456);
#6456 = AXIS2_PLACEMENT_3D('',#6457,#6458,#6459);
#6457 = CARTESIAN_POINT('',(-41.,-33.,0.));
#6458 = DIRECTION('',(1.,0.,-0.));
#6459 = DIRECTION('',(0.,0.,1.));
#6460 = ADVANCED_FACE('',(#6461),#6467,.T.);
#6461 = FACE_BOUND('',#6462,.T.);
#6462 = EDGE_LOOP('',(#6463,#6464,#6465,#6466));
#6463 = ORIENTED_EDGE('',*,*,#6448,.F.);
#6464 = ORIENTED_EDGE('',*,*,#2661,.T.);
#6465 = ORIENTED_EDGE('',*,*,#2605,.T.);
#6466 = ORIENTED_EDGE('',*,*,#2530,.F.);
#6467 = CYLINDRICAL_SURFACE('',#6468,6.);
#6468 = AXIS2_PLACEMENT_3D('',#6469,#6470,#6471);
#6469 = CARTESIAN_POINT('',(-35.,-27.,0.));
#6470 = DIRECTION('',(0.,0.,1.));
#6471 = DIRECTION('',(-1.,-0.,0.));
#6472 = ADVANCED_FACE('',(#6473),#6489,.F.);
#6473 = FACE_BOUND('',#6474,.F.);
#6474 = EDGE_LOOP('',(#6475,#6476,#6482,#6483));
#6475 = ORIENTED_EDGE('',*,*,#2627,.F.);
#6476 = ORIENTED_EDGE('',*,*,#6477,.F.);
#6477 = EDGE_CURVE('',#2759,#2628,#6478,.T.);
#6478 = LINE('',#6479,#6480);
#6479 = CARTESIAN_POINT('',(-42.6,-27.6,24.2));
#6480 = VECTOR('',#6481,1.);
#6481 = DIRECTION('',(0.,0.,1.));
#6482 = ORIENTED_EDGE('',*,*,#2758,.T.);
#6483 = ORIENTED_EDGE('',*,*,#6484,.T.);
#6484 = EDGE_CURVE('',#2761,#2630,#6485,.T.);
#6485 = LINE('',#6486,#6487);
#6486 = CARTESIAN_POINT('',(-42.6,27.6,24.2));
#6487 = VECTOR('',#6488,1.);
#6488 = DIRECTION('',(0.,0.,1.));
#6489 = PLANE('',#6490);
#6490 = AXIS2_PLACEMENT_3D('',#6491,#6492,#6493);
#6491 = CARTESIAN_POINT('',(-42.6,-34.6,24.2));
#6492 = DIRECTION('',(1.,0.,-0.));
#6493 = DIRECTION('',(0.,0.,1.));
#6494 = ADVANCED_FACE('',(#6495),#6501,.T.);
#6495 = FACE_BOUND('',#6496,.F.);
#6496 = EDGE_LOOP('',(#6497,#6498,#6499,#6500));
#6497 = ORIENTED_EDGE('',*,*,#2833,.T.);
#6498 = ORIENTED_EDGE('',*,*,#5112,.T.);
#6499 = ORIENTED_EDGE('',*,*,#2711,.F.);
#6500 = ORIENTED_EDGE('',*,*,#6484,.F.);
#6501 = CYLINDRICAL_SURFACE('',#6502,7.);
#6502 = AXIS2_PLACEMENT_3D('',#6503,#6504,#6505);
#6503 = CARTESIAN_POINT('',(-35.6,27.6,24.2));
#6504 = DIRECTION('',(0.,0.,1.));
#6505 = DIRECTION('',(-1.,-0.,0.));
#6506 = ADVANCED_FACE('',(#6507),#6513,.T.);
#6507 = FACE_BOUND('',#6508,.T.);
#6508 = EDGE_LOOP('',(#6509,#6510,#6511,#6512));
#6509 = ORIENTED_EDGE('',*,*,#2768,.T.);
#6510 = ORIENTED_EDGE('',*,*,#2736,.T.);
#6511 = ORIENTED_EDGE('',*,*,#2637,.F.);
#6512 = ORIENTED_EDGE('',*,*,#6477,.F.);
#6513 = CYLINDRICAL_SURFACE('',#6514,7.);
#6514 = AXIS2_PLACEMENT_3D('',#6515,#6516,#6517);
#6515 = CARTESIAN_POINT('',(-35.6,-27.6,24.2));
#6516 = DIRECTION('',(0.,0.,1.));
#6517 = DIRECTION('',(-1.,-0.,0.));
#6518 = ADVANCED_FACE('',(#6519),#6530,.T.);
#6519 = FACE_BOUND('',#6520,.F.);
#6520 = EDGE_LOOP('',(#6521,#6527,#6528,#6529));
#6521 = ORIENTED_EDGE('',*,*,#6522,.F.);
#6522 = EDGE_CURVE('',#3471,#2793,#6523,.T.);
#6523 = LINE('',#6524,#6525);
#6524 = CARTESIAN_POINT('',(-41.,27.,0.));
#6525 = VECTOR('',#6526,1.);
#6526 = DIRECTION('',(0.,0.,1.));
#6527 = ORIENTED_EDGE('',*,*,#3478,.F.);
#6528 = ORIENTED_EDGE('',*,*,#5088,.T.);
#6529 = ORIENTED_EDGE('',*,*,#2800,.T.);
#6530 = CYLINDRICAL_SURFACE('',#6531,6.);
#6531 = AXIS2_PLACEMENT_3D('',#6532,#6533,#6534);
#6532 = CARTESIAN_POINT('',(-35.,27.,0.));
#6533 = DIRECTION('',(0.,0.,1.));
#6534 = DIRECTION('',(-1.,-0.,0.));
#6535 = ADVANCED_FACE('',(#6536),#6547,.F.);
#6536 = FACE_BOUND('',#6537,.F.);
#6537 = EDGE_LOOP('',(#6538,#6539,#6545,#6546));
#6538 = ORIENTED_EDGE('',*,*,#2792,.T.);
#6539 = ORIENTED_EDGE('',*,*,#6540,.F.);
#6540 = EDGE_CURVE('',#3462,#2784,#6541,.T.);
#6541 = LINE('',#6542,#6543);
#6542 = CARTESIAN_POINT('',(-41.,-27.,0.));
#6543 = VECTOR('',#6544,1.);
#6544 = DIRECTION('',(0.,0.,1.));
#6545 = ORIENTED_EDGE('',*,*,#3470,.F.);
#6546 = ORIENTED_EDGE('',*,*,#6522,.T.);
#6547 = PLANE('',#6548);
#6548 = AXIS2_PLACEMENT_3D('',#6549,#6550,#6551);
#6549 = CARTESIAN_POINT('',(-41.,-33.,0.));
#6550 = DIRECTION('',(1.,0.,-0.));
#6551 = DIRECTION('',(0.,0.,1.));
#6552 = ADVANCED_FACE('',(#6553),#6559,.T.);
#6553 = FACE_BOUND('',#6554,.T.);
#6554 = EDGE_LOOP('',(#6555,#6556,#6557,#6558));
#6555 = ORIENTED_EDGE('',*,*,#6540,.F.);
#6556 = ORIENTED_EDGE('',*,*,#3461,.T.);
#6557 = ORIENTED_EDGE('',*,*,#2241,.T.);
#6558 = ORIENTED_EDGE('',*,*,#2783,.F.);
#6559 = CYLINDRICAL_SURFACE('',#6560,6.);
#6560 = AXIS2_PLACEMENT_3D('',#6561,#6562,#6563);
#6561 = CARTESIAN_POINT('',(-35.,-27.,0.));
#6562 = DIRECTION('',(0.,0.,1.));
#6563 = DIRECTION('',(-1.,-0.,0.));
#6564 = ADVANCED_FACE('',(#6565),#6617,.F.);
#6565 = FACE_BOUND('',#6566,.F.);
#6566 = EDGE_LOOP('',(#6567,#6577,#6584,#6585,#6594,#6602,#6609,#6610));
#6567 = ORIENTED_EDGE('',*,*,#6568,.F.);
#6568 = EDGE_CURVE('',#6569,#6571,#6573,.T.);
#6569 = VERTEX_POINT('',#6570);
#6570 = CARTESIAN_POINT('',(-41.,-27.,0.));
#6571 = VERTEX_POINT('',#6572);
#6572 = CARTESIAN_POINT('',(-41.,27.,0.));
#6573 = LINE('',#6574,#6575);
#6574 = CARTESIAN_POINT('',(-41.,-33.,0.));
#6575 = VECTOR('',#6576,1.);
#6576 = DIRECTION('',(-0.,1.,0.));
#6577 = ORIENTED_EDGE('',*,*,#6578,.T.);
#6578 = EDGE_CURVE('',#6569,#2849,#6579,.T.);
#6579 = CIRCLE('',#6580,6.);
#6580 = AXIS2_PLACEMENT_3D('',#6581,#6582,#6583);
#6581 = CARTESIAN_POINT('',(-35.,-27.,0.));
#6582 = DIRECTION('',(0.,0.,1.));
#6583 = DIRECTION('',(0.,-1.,0.));
#6584 = ORIENTED_EDGE('',*,*,#2848,.T.);
#6585 = ORIENTED_EDGE('',*,*,#6586,.F.);
#6586 = EDGE_CURVE('',#6587,#2851,#6589,.T.);
#6587 = VERTEX_POINT('',#6588);
#6588 = CARTESIAN_POINT('',(41.,-27.,0.));
#6589 = CIRCLE('',#6590,6.);
#6590 = AXIS2_PLACEMENT_3D('',#6591,#6592,#6593);
#6591 = CARTESIAN_POINT('',(35.,-27.,0.));
#6592 = DIRECTION('',(-0.,-0.,-1.));
#6593 = DIRECTION('',(0.,-1.,0.));
#6594 = ORIENTED_EDGE('',*,*,#6595,.T.);
#6595 = EDGE_CURVE('',#6587,#6596,#6598,.T.);
#6596 = VERTEX_POINT('',#6597);
#6597 = CARTESIAN_POINT('',(41.,27.,0.));
#6598 = LINE('',#6599,#6600);
#6599 = CARTESIAN_POINT('',(41.,-33.,0.));
#6600 = VECTOR('',#6601,1.);
#6601 = DIRECTION('',(-0.,1.,0.));
#6602 = ORIENTED_EDGE('',*,*,#6603,.T.);
#6603 = EDGE_CURVE('',#6596,#5342,#6604,.T.);
#6604 = CIRCLE('',#6605,6.);
#6605 = AXIS2_PLACEMENT_3D('',#6606,#6607,#6608);
#6606 = CARTESIAN_POINT('',(35.,27.,0.));
#6607 = DIRECTION('',(0.,0.,1.));
#6608 = DIRECTION('',(0.,-1.,0.));
#6609 = ORIENTED_EDGE('',*,*,#5339,.F.);
#6610 = ORIENTED_EDGE('',*,*,#6611,.F.);
#6611 = EDGE_CURVE('',#6571,#5340,#6612,.T.);
#6612 = CIRCLE('',#6613,6.);
#6613 = AXIS2_PLACEMENT_3D('',#6614,#6615,#6616);
#6614 = CARTESIAN_POINT('',(-35.,27.,0.));
#6615 = DIRECTION('',(-0.,-0.,-1.));
#6616 = DIRECTION('',(0.,-1.,0.));
#6617 = PLANE('',#6618);
#6618 = AXIS2_PLACEMENT_3D('',#6619,#6620,#6621);
#6619 = CARTESIAN_POINT('',(-41.,-33.,0.));
#6620 = DIRECTION('',(0.,0.,1.));
#6621 = DIRECTION('',(1.,0.,-0.));
#6622 = ADVANCED_FACE('',(#6623),#6634,.T.);
#6623 = FACE_BOUND('',#6624,.F.);
#6624 = EDGE_LOOP('',(#6625,#6631,#6632,#6633));
#6625 = ORIENTED_EDGE('',*,*,#6626,.F.);
#6626 = EDGE_CURVE('',#6587,#4536,#6627,.T.);
#6627 = LINE('',#6628,#6629);
#6628 = CARTESIAN_POINT('',(41.,-27.,0.));
#6629 = VECTOR('',#6630,1.);
#6630 = DIRECTION('',(0.,0.,1.));
#6631 = ORIENTED_EDGE('',*,*,#6586,.T.);
#6632 = ORIENTED_EDGE('',*,*,#2892,.T.);
#6633 = ORIENTED_EDGE('',*,*,#4543,.T.);
#6634 = CYLINDRICAL_SURFACE('',#6635,6.);
#6635 = AXIS2_PLACEMENT_3D('',#6636,#6637,#6638);
#6636 = CARTESIAN_POINT('',(35.,-27.,0.));
#6637 = DIRECTION('',(0.,0.,1.));
#6638 = DIRECTION('',(1.,0.,-0.));
#6639 = ADVANCED_FACE('',(#6640),#6651,.T.);
#6640 = FACE_BOUND('',#6641,.T.);
#6641 = EDGE_LOOP('',(#6642,#6648,#6649,#6650));
#6642 = ORIENTED_EDGE('',*,*,#6643,.F.);
#6643 = EDGE_CURVE('',#6569,#2934,#6644,.T.);
#6644 = LINE('',#6645,#6646);
#6645 = CARTESIAN_POINT('',(-41.,-27.,0.));
#6646 = VECTOR('',#6647,1.);
#6647 = DIRECTION('',(0.,0.,1.));
#6648 = ORIENTED_EDGE('',*,*,#6578,.T.);
#6649 = ORIENTED_EDGE('',*,*,#2858,.T.);
#6650 = ORIENTED_EDGE('',*,*,#2933,.F.);
#6651 = CYLINDRICAL_SURFACE('',#6652,6.);
#6652 = AXIS2_PLACEMENT_3D('',#6653,#6654,#6655);
#6653 = CARTESIAN_POINT('',(-35.,-27.,0.));
#6654 = DIRECTION('',(0.,0.,1.));
#6655 = DIRECTION('',(-1.,-0.,0.));
#6656 = ADVANCED_FACE('',(#6657),#6673,.F.);
#6657 = FACE_BOUND('',#6658,.F.);
#6658 = EDGE_LOOP('',(#6659,#6660,#6666,#6667));
#6659 = ORIENTED_EDGE('',*,*,#3013,.F.);
#6660 = ORIENTED_EDGE('',*,*,#6661,.F.);
#6661 = EDGE_CURVE('',#2907,#3014,#6662,.T.);
#6662 = LINE('',#6663,#6664);
#6663 = CARTESIAN_POINT('',(-42.6,-27.6,11.));
#6664 = VECTOR('',#6665,1.);
#6665 = DIRECTION('',(0.,0.,1.));
#6666 = ORIENTED_EDGE('',*,*,#2906,.T.);
#6667 = ORIENTED_EDGE('',*,*,#6668,.T.);
#6668 = EDGE_CURVE('',#2909,#3016,#6669,.T.);
#6669 = LINE('',#6670,#6671);
#6670 = CARTESIAN_POINT('',(-42.6,27.6,11.));
#6671 = VECTOR('',#6672,1.);
#6672 = DIRECTION('',(0.,0.,1.));
#6673 = PLANE('',#6674);
#6674 = AXIS2_PLACEMENT_3D('',#6675,#6676,#6677);
#6675 = CARTESIAN_POINT('',(-42.6,-34.6,11.));
#6676 = DIRECTION('',(1.,0.,-0.));
#6677 = DIRECTION('',(0.,0.,1.));
#6678 = ADVANCED_FACE('',(#6679),#6685,.T.);
#6679 = FACE_BOUND('',#6680,.F.);
#6680 = EDGE_LOOP('',(#6681,#6682,#6683,#6684));
#6681 = ORIENTED_EDGE('',*,*,#2974,.T.);
#6682 = ORIENTED_EDGE('',*,*,#5323,.T.);
#6683 = ORIENTED_EDGE('',*,*,#3081,.F.);
#6684 = ORIENTED_EDGE('',*,*,#6668,.F.);
#6685 = CYLINDRICAL_SURFACE('',#6686,7.);
#6686 = AXIS2_PLACEMENT_3D('',#6687,#6688,#6689);
#6687 = CARTESIAN_POINT('',(-35.6,27.6,11.));
#6688 = DIRECTION('',(0.,0.,1.));
#6689 = DIRECTION('',(-1.,-0.,0.));
#6690 = ADVANCED_FACE('',(#6691),#6702,.T.);
#6691 = FACE_BOUND('',#6692,.F.);
#6692 = EDGE_LOOP('',(#6693,#6699,#6700,#6701));
#6693 = ORIENTED_EDGE('',*,*,#6694,.F.);
#6694 = EDGE_CURVE('',#6571,#2943,#6695,.T.);
#6695 = LINE('',#6696,#6697);
#6696 = CARTESIAN_POINT('',(-41.,27.,0.));
#6697 = VECTOR('',#6698,1.);
#6698 = DIRECTION('',(0.,0.,1.));
#6699 = ORIENTED_EDGE('',*,*,#6611,.T.);
#6700 = ORIENTED_EDGE('',*,*,#5349,.T.);
#6701 = ORIENTED_EDGE('',*,*,#2950,.T.);
#6702 = CYLINDRICAL_SURFACE('',#6703,6.);
#6703 = AXIS2_PLACEMENT_3D('',#6704,#6705,#6706);
#6704 = CARTESIAN_POINT('',(-35.,27.,0.));
#6705 = DIRECTION('',(0.,0.,1.));
#6706 = DIRECTION('',(-1.,-0.,0.));
#6707 = ADVANCED_FACE('',(#6708),#6714,.F.);
#6708 = FACE_BOUND('',#6709,.F.);
#6709 = EDGE_LOOP('',(#6710,#6711,#6712,#6713));
#6710 = ORIENTED_EDGE('',*,*,#2942,.T.);
#6711 = ORIENTED_EDGE('',*,*,#6643,.F.);
#6712 = ORIENTED_EDGE('',*,*,#6568,.T.);
#6713 = ORIENTED_EDGE('',*,*,#6694,.T.);
#6714 = PLANE('',#6715);
#6715 = AXIS2_PLACEMENT_3D('',#6716,#6717,#6718);
#6716 = CARTESIAN_POINT('',(-41.,-33.,0.));
#6717 = DIRECTION('',(1.,0.,-0.));
#6718 = DIRECTION('',(0.,0.,1.));
#6719 = ADVANCED_FACE('',(#6720),#6726,.T.);
#6720 = FACE_BOUND('',#6721,.T.);
#6721 = EDGE_LOOP('',(#6722,#6723,#6724,#6725));
#6722 = ORIENTED_EDGE('',*,*,#2916,.T.);
#6723 = ORIENTED_EDGE('',*,*,#2990,.T.);
#6724 = ORIENTED_EDGE('',*,*,#3023,.F.);
#6725 = ORIENTED_EDGE('',*,*,#6661,.F.);
#6726 = CYLINDRICAL_SURFACE('',#6727,7.);
#6727 = AXIS2_PLACEMENT_3D('',#6728,#6729,#6730);
#6728 = CARTESIAN_POINT('',(-35.6,-27.6,11.));
#6729 = DIRECTION('',(0.,0.,1.));
#6730 = DIRECTION('',(-1.,-0.,0.));
#6731 = ADVANCED_FACE('',(#6732),#6743,.T.);
#6732 = FACE_BOUND('',#6733,.F.);
#6733 = EDGE_LOOP('',(#6734,#6740,#6741,#6742));
#6734 = ORIENTED_EDGE('',*,*,#6735,.F.);
#6735 = EDGE_CURVE('',#3050,#3157,#6736,.T.);
#6736 = LINE('',#6737,#6738);
#6737 = CARTESIAN_POINT('',(-41.,27.,0.));
#6738 = VECTOR('',#6739,1.);
#6739 = DIRECTION('',(0.,0.,1.));
#6740 = ORIENTED_EDGE('',*,*,#3057,.F.);
#6741 = ORIENTED_EDGE('',*,*,#5306,.T.);
#6742 = ORIENTED_EDGE('',*,*,#3164,.T.);
#6743 = CYLINDRICAL_SURFACE('',#6744,6.);
#6744 = AXIS2_PLACEMENT_3D('',#6745,#6746,#6747);
#6745 = CARTESIAN_POINT('',(-35.,27.,0.));
#6746 = DIRECTION('',(0.,0.,1.));
#6747 = DIRECTION('',(-1.,-0.,0.));
#6748 = ADVANCED_FACE('',(#6749),#6760,.F.);
#6749 = FACE_BOUND('',#6750,.F.);
#6750 = EDGE_LOOP('',(#6751,#6752,#6758,#6759));
#6751 = ORIENTED_EDGE('',*,*,#3156,.T.);
#6752 = ORIENTED_EDGE('',*,*,#6753,.F.);
#6753 = EDGE_CURVE('',#3041,#3148,#6754,.T.);
#6754 = LINE('',#6755,#6756);
#6755 = CARTESIAN_POINT('',(-41.,-27.,0.));
#6756 = VECTOR('',#6757,1.);
#6757 = DIRECTION('',(0.,0.,1.));
#6758 = ORIENTED_EDGE('',*,*,#3049,.F.);
#6759 = ORIENTED_EDGE('',*,*,#6735,.T.);
#6760 = PLANE('',#6761);
#6761 = AXIS2_PLACEMENT_3D('',#6762,#6763,#6764);
#6762 = CARTESIAN_POINT('',(-41.,-33.,0.));
#6763 = DIRECTION('',(1.,0.,-0.));
#6764 = DIRECTION('',(0.,0.,1.));
#6765 = ADVANCED_FACE('',(#6766),#6772,.T.);
#6766 = FACE_BOUND('',#6767,.T.);
#6767 = EDGE_LOOP('',(#6768,#6769,#6770,#6771));
#6768 = ORIENTED_EDGE('',*,*,#6753,.F.);
#6769 = ORIENTED_EDGE('',*,*,#3040,.T.);
#6770 = ORIENTED_EDGE('',*,*,#3097,.T.);
#6771 = ORIENTED_EDGE('',*,*,#3147,.F.);
#6772 = CYLINDRICAL_SURFACE('',#6773,6.);
#6773 = AXIS2_PLACEMENT_3D('',#6774,#6775,#6776);
#6774 = CARTESIAN_POINT('',(-35.,-27.,0.));
#6775 = DIRECTION('',(0.,0.,1.));
#6776 = DIRECTION('',(-1.,-0.,0.));
#6777 = ADVANCED_FACE('',(#6778),#6794,.F.);
#6778 = FACE_BOUND('',#6779,.F.);
#6779 = EDGE_LOOP('',(#6780,#6781,#6787,#6788));
#6780 = ORIENTED_EDGE('',*,*,#3227,.F.);
#6781 = ORIENTED_EDGE('',*,*,#6782,.F.);
#6782 = EDGE_CURVE('',#3121,#3228,#6783,.T.);
#6783 = LINE('',#6784,#6785);
#6784 = CARTESIAN_POINT('',(-42.6,-27.6,15.4));
#6785 = VECTOR('',#6786,1.);
#6786 = DIRECTION('',(0.,0.,1.));
#6787 = ORIENTED_EDGE('',*,*,#3120,.T.);
#6788 = ORIENTED_EDGE('',*,*,#6789,.T.);
#6789 = EDGE_CURVE('',#3123,#3230,#6790,.T.);
#6790 = LINE('',#6791,#6792);
#6791 = CARTESIAN_POINT('',(-42.6,27.6,15.4));
#6792 = VECTOR('',#6793,1.);
#6793 = DIRECTION('',(0.,0.,1.));
#6794 = PLANE('',#6795);
#6795 = AXIS2_PLACEMENT_3D('',#6796,#6797,#6798);
#6796 = CARTESIAN_POINT('',(-42.6,-34.6,15.4));
#6797 = DIRECTION('',(1.,0.,-0.));
#6798 = DIRECTION('',(0.,0.,1.));
#6799 = ADVANCED_FACE('',(#6800),#6806,.T.);
#6800 = FACE_BOUND('',#6801,.F.);
#6801 = EDGE_LOOP('',(#6802,#6803,#6804,#6805));
#6802 = ORIENTED_EDGE('',*,*,#3188,.T.);
#6803 = ORIENTED_EDGE('',*,*,#5289,.T.);
#6804 = ORIENTED_EDGE('',*,*,#3295,.F.);
#6805 = ORIENTED_EDGE('',*,*,#6789,.F.);
#6806 = CYLINDRICAL_SURFACE('',#6807,7.);
#6807 = AXIS2_PLACEMENT_3D('',#6808,#6809,#6810);
#6808 = CARTESIAN_POINT('',(-35.6,27.6,15.4));
#6809 = DIRECTION('',(0.,0.,1.));
#6810 = DIRECTION('',(-1.,-0.,0.));
#6811 = ADVANCED_FACE('',(#6812),#6818,.T.);
#6812 = FACE_BOUND('',#6813,.T.);
#6813 = EDGE_LOOP('',(#6814,#6815,#6816,#6817));
#6814 = ORIENTED_EDGE('',*,*,#3130,.T.);
#6815 = ORIENTED_EDGE('',*,*,#3204,.T.);
#6816 = ORIENTED_EDGE('',*,*,#3237,.F.);
#6817 = ORIENTED_EDGE('',*,*,#6782,.F.);
#6818 = CYLINDRICAL_SURFACE('',#6819,7.);
#6819 = AXIS2_PLACEMENT_3D('',#6820,#6821,#6822);
#6820 = CARTESIAN_POINT('',(-35.6,-27.6,15.4));
#6821 = DIRECTION('',(0.,0.,1.));
#6822 = DIRECTION('',(-1.,-0.,0.));
#6823 = ADVANCED_FACE('',(#6824),#6835,.T.);
#6824 = FACE_BOUND('',#6825,.F.);
#6825 = EDGE_LOOP('',(#6826,#6832,#6833,#6834));
#6826 = ORIENTED_EDGE('',*,*,#6827,.F.);
#6827 = EDGE_CURVE('',#3264,#3371,#6828,.T.);
#6828 = LINE('',#6829,#6830);
#6829 = CARTESIAN_POINT('',(-41.,27.,0.));
#6830 = VECTOR('',#6831,1.);
#6831 = DIRECTION('',(0.,0.,1.));
#6832 = ORIENTED_EDGE('',*,*,#3271,.F.);
#6833 = ORIENTED_EDGE('',*,*,#5272,.T.);
#6834 = ORIENTED_EDGE('',*,*,#3378,.T.);
#6835 = CYLINDRICAL_SURFACE('',#6836,6.);
#6836 = AXIS2_PLACEMENT_3D('',#6837,#6838,#6839);
#6837 = CARTESIAN_POINT('',(-35.,27.,0.));
#6838 = DIRECTION('',(0.,0.,1.));
#6839 = DIRECTION('',(-1.,-0.,0.));
#6840 = ADVANCED_FACE('',(#6841),#6852,.F.);
#6841 = FACE_BOUND('',#6842,.F.);
#6842 = EDGE_LOOP('',(#6843,#6844,#6850,#6851));
#6843 = ORIENTED_EDGE('',*,*,#3370,.T.);
#6844 = ORIENTED_EDGE('',*,*,#6845,.F.);
#6845 = EDGE_CURVE('',#3255,#3362,#6846,.T.);
#6846 = LINE('',#6847,#6848);
#6847 = CARTESIAN_POINT('',(-41.,-27.,0.));
#6848 = VECTOR('',#6849,1.);
#6849 = DIRECTION('',(0.,0.,1.));
#6850 = ORIENTED_EDGE('',*,*,#3263,.F.);
#6851 = ORIENTED_EDGE('',*,*,#6827,.T.);
#6852 = PLANE('',#6853);
#6853 = AXIS2_PLACEMENT_3D('',#6854,#6855,#6856);
#6854 = CARTESIAN_POINT('',(-41.,-33.,0.));
#6855 = DIRECTION('',(1.,0.,-0.));
#6856 = DIRECTION('',(0.,0.,1.));
#6857 = ADVANCED_FACE('',(#6858),#6864,.T.);
#6858 = FACE_BOUND('',#6859,.T.);
#6859 = EDGE_LOOP('',(#6860,#6861,#6862,#6863));
#6860 = ORIENTED_EDGE('',*,*,#6845,.F.);
#6861 = ORIENTED_EDGE('',*,*,#3254,.T.);
#6862 = ORIENTED_EDGE('',*,*,#3311,.T.);
#6863 = ORIENTED_EDGE('',*,*,#3361,.F.);
#6864 = CYLINDRICAL_SURFACE('',#6865,6.);
#6865 = AXIS2_PLACEMENT_3D('',#6866,#6867,#6868);
#6866 = CARTESIAN_POINT('',(-35.,-27.,0.));
#6867 = DIRECTION('',(0.,0.,1.));
#6868 = DIRECTION('',(-1.,-0.,0.));
#6869 = ADVANCED_FACE('',(#6870),#6886,.F.);
#6870 = FACE_BOUND('',#6871,.F.);
#6871 = EDGE_LOOP('',(#6872,#6873,#6879,#6880));
#6872 = ORIENTED_EDGE('',*,*,#3441,.F.);
#6873 = ORIENTED_EDGE('',*,*,#6874,.F.);
#6874 = EDGE_CURVE('',#3335,#3442,#6875,.T.);
#6875 = LINE('',#6876,#6877);
#6876 = CARTESIAN_POINT('',(-42.6,-27.6,19.8));
#6877 = VECTOR('',#6878,1.);
#6878 = DIRECTION('',(0.,0.,1.));
#6879 = ORIENTED_EDGE('',*,*,#3334,.T.);
#6880 = ORIENTED_EDGE('',*,*,#6881,.T.);
#6881 = EDGE_CURVE('',#3337,#3444,#6882,.T.);
#6882 = LINE('',#6883,#6884);
#6883 = CARTESIAN_POINT('',(-42.6,27.6,19.8));
#6884 = VECTOR('',#6885,1.);
#6885 = DIRECTION('',(0.,0.,1.));
#6886 = PLANE('',#6887);
#6887 = AXIS2_PLACEMENT_3D('',#6888,#6889,#6890);
#6888 = CARTESIAN_POINT('',(-42.6,-34.6,19.8));
#6889 = DIRECTION('',(1.,0.,-0.));
#6890 = DIRECTION('',(0.,0.,1.));
#6891 = ADVANCED_FACE('',(#6892),#6898,.T.);
#6892 = FACE_BOUND('',#6893,.F.);
#6893 = EDGE_LOOP('',(#6894,#6895,#6896,#6897));
#6894 = ORIENTED_EDGE('',*,*,#3402,.T.);
#6895 = ORIENTED_EDGE('',*,*,#5255,.T.);
#6896 = ORIENTED_EDGE('',*,*,#3502,.F.);
#6897 = ORIENTED_EDGE('',*,*,#6881,.F.);
#6898 = CYLINDRICAL_SURFACE('',#6899,7.);
#6899 = AXIS2_PLACEMENT_3D('',#6900,#6901,#6902);
#6900 = CARTESIAN_POINT('',(-35.6,27.6,19.8));
#6901 = DIRECTION('',(0.,0.,1.));
#6902 = DIRECTION('',(-1.,-0.,0.));
#6903 = ADVANCED_FACE('',(#6904),#6910,.T.);
#6904 = FACE_BOUND('',#6905,.T.);
#6905 = EDGE_LOOP('',(#6906,#6907,#6908,#6909));
#6906 = ORIENTED_EDGE('',*,*,#3344,.T.);
#6907 = ORIENTED_EDGE('',*,*,#3418,.T.);
#6908 = ORIENTED_EDGE('',*,*,#3451,.F.);
#6909 = ORIENTED_EDGE('',*,*,#6874,.F.);
#6910 = CYLINDRICAL_SURFACE('',#6911,7.);
#6911 = AXIS2_PLACEMENT_3D('',#6912,#6913,#6914);
#6912 = CARTESIAN_POINT('',(-35.6,-27.6,19.8));
#6913 = DIRECTION('',(0.,0.,1.));
#6914 = DIRECTION('',(-1.,-0.,0.));
#6915 = ADVANCED_FACE('',(#6916),#6927,.T.);
#6916 = FACE_BOUND('',#6917,.F.);
#6917 = EDGE_LOOP('',(#6918,#6924,#6925,#6926));
#6918 = ORIENTED_EDGE('',*,*,#6919,.F.);
#6919 = EDGE_CURVE('',#5064,#4069,#6920,.T.);
#6920 = LINE('',#6921,#6922);
#6921 = CARTESIAN_POINT('',(41.,-27.,0.));
#6922 = VECTOR('',#6923,1.);
#6923 = DIRECTION('',(0.,0.,1.));
#6924 = ORIENTED_EDGE('',*,*,#5071,.F.);
#6925 = ORIENTED_EDGE('',*,*,#3979,.T.);
#6926 = ORIENTED_EDGE('',*,*,#4076,.T.);
#6927 = CYLINDRICAL_SURFACE('',#6928,6.);
#6928 = AXIS2_PLACEMENT_3D('',#6929,#6930,#6931);
#6929 = CARTESIAN_POINT('',(35.,-27.,0.));
#6930 = DIRECTION('',(0.,0.,1.));
#6931 = DIRECTION('',(1.,0.,-0.));
#6932 = ADVANCED_FACE('',(#6933),#6944,.T.);
#6933 = FACE_BOUND('',#6934,.T.);
#6934 = EDGE_LOOP('',(#6935,#6936,#6937,#6938));
#6935 = ORIENTED_EDGE('',*,*,#4068,.T.);
#6936 = ORIENTED_EDGE('',*,*,#6919,.F.);
#6937 = ORIENTED_EDGE('',*,*,#5063,.F.);
#6938 = ORIENTED_EDGE('',*,*,#6939,.T.);
#6939 = EDGE_CURVE('',#5055,#4060,#6940,.T.);
#6940 = LINE('',#6941,#6942);
#6941 = CARTESIAN_POINT('',(41.,27.,0.));
#6942 = VECTOR('',#6943,1.);
#6943 = DIRECTION('',(0.,0.,1.));
#6944 = PLANE('',#6945);
#6945 = AXIS2_PLACEMENT_3D('',#6946,#6947,#6948);
#6946 = CARTESIAN_POINT('',(41.,-33.,0.));
#6947 = DIRECTION('',(1.,0.,-0.));
#6948 = DIRECTION('',(0.,0.,1.));
#6949 = ADVANCED_FACE('',(#6950),#6956,.T.);
#6950 = FACE_BOUND('',#6951,.T.);
#6951 = EDGE_LOOP('',(#6952,#6953,#6954,#6955));
#6952 = ORIENTED_EDGE('',*,*,#6939,.F.);
#6953 = ORIENTED_EDGE('',*,*,#5054,.T.);
#6954 = ORIENTED_EDGE('',*,*,#5898,.T.);
#6955 = ORIENTED_EDGE('',*,*,#4059,.F.);
#6956 = CYLINDRICAL_SURFACE('',#6957,6.);
#6957 = AXIS2_PLACEMENT_3D('',#6958,#6959,#6960);
#6958 = CARTESIAN_POINT('',(35.,27.,0.));
#6959 = DIRECTION('',(0.,0.,1.));
#6960 = DIRECTION('',(1.,0.,-0.));
#6961 = ADVANCED_FACE('',(#6962),#6973,.T.);
#6962 = FACE_BOUND('',#6963,.T.);
#6963 = EDGE_LOOP('',(#6964,#6965,#6966,#6967));
#6964 = ORIENTED_EDGE('',*,*,#4026,.T.);
#6965 = ORIENTED_EDGE('',*,*,#5874,.T.);
#6966 = ORIENTED_EDGE('',*,*,#4150,.F.);
#6967 = ORIENTED_EDGE('',*,*,#6968,.F.);
#6968 = EDGE_CURVE('',#4019,#4143,#6969,.T.);
#6969 = LINE('',#6970,#6971);
#6970 = CARTESIAN_POINT('',(42.6,27.6,24.2));
#6971 = VECTOR('',#6972,1.);
#6972 = DIRECTION('',(0.,0.,1.));
#6973 = CYLINDRICAL_SURFACE('',#6974,7.);
#6974 = AXIS2_PLACEMENT_3D('',#6975,#6976,#6977);
#6975 = CARTESIAN_POINT('',(35.6,27.6,24.2));
#6976 = DIRECTION('',(0.,0.,1.));
#6977 = DIRECTION('',(1.,0.,-0.));
#6978 = ADVANCED_FACE('',(#6979),#6990,.T.);
#6979 = FACE_BOUND('',#6980,.T.);
#6980 = EDGE_LOOP('',(#6981,#6982,#6988,#6989));
#6981 = ORIENTED_EDGE('',*,*,#4142,.F.);
#6982 = ORIENTED_EDGE('',*,*,#6983,.F.);
#6983 = EDGE_CURVE('',#4010,#4134,#6984,.T.);
#6984 = LINE('',#6985,#6986);
#6985 = CARTESIAN_POINT('',(42.6,-27.6,24.2));
#6986 = VECTOR('',#6987,1.);
#6987 = DIRECTION('',(0.,0.,1.));
#6988 = ORIENTED_EDGE('',*,*,#4018,.T.);
#6989 = ORIENTED_EDGE('',*,*,#6968,.T.);
#6990 = PLANE('',#6991);
#6991 = AXIS2_PLACEMENT_3D('',#6992,#6993,#6994);
#6992 = CARTESIAN_POINT('',(42.6,-34.6,24.2));
#6993 = DIRECTION('',(1.,0.,-0.));
#6994 = DIRECTION('',(0.,0.,1.));
#6995 = ADVANCED_FACE('',(#6996),#7002,.T.);
#6996 = FACE_BOUND('',#6997,.F.);
#6997 = EDGE_LOOP('',(#6998,#6999,#7000,#7001));
#6998 = ORIENTED_EDGE('',*,*,#4009,.T.);
#6999 = ORIENTED_EDGE('',*,*,#4110,.T.);
#7000 = ORIENTED_EDGE('',*,*,#4133,.F.);
#7001 = ORIENTED_EDGE('',*,*,#6983,.F.);
#7002 = CYLINDRICAL_SURFACE('',#7003,7.);
#7003 = AXIS2_PLACEMENT_3D('',#7004,#7005,#7006);
#7004 = CARTESIAN_POINT('',(35.6,-27.6,24.2));
#7005 = DIRECTION('',(0.,0.,1.));
#7006 = DIRECTION('',(1.,0.,-0.));
#7007 = ADVANCED_FACE('',(#7008),#7019,.T.);
#7008 = FACE_BOUND('',#7009,.F.);
#7009 = EDGE_LOOP('',(#7010,#7016,#7017,#7018));
#7010 = ORIENTED_EDGE('',*,*,#7011,.F.);
#7011 = EDGE_CURVE('',#4193,#4331,#7012,.T.);
#7012 = LINE('',#7013,#7014);
#7013 = CARTESIAN_POINT('',(41.,-27.,0.));
#7014 = VECTOR('',#7015,1.);
#7015 = DIRECTION('',(0.,0.,1.));
#7016 = ORIENTED_EDGE('',*,*,#4200,.F.);
#7017 = ORIENTED_EDGE('',*,*,#4241,.T.);
#7018 = ORIENTED_EDGE('',*,*,#4338,.T.);
#7019 = CYLINDRICAL_SURFACE('',#7020,6.);
#7020 = AXIS2_PLACEMENT_3D('',#7021,#7022,#7023);
#7021 = CARTESIAN_POINT('',(35.,-27.,0.));
#7022 = DIRECTION('',(0.,0.,1.));
#7023 = DIRECTION('',(1.,0.,-0.));
#7024 = ADVANCED_FACE('',(#7025),#7036,.T.);
#7025 = FACE_BOUND('',#7026,.T.);
#7026 = EDGE_LOOP('',(#7027,#7028,#7029,#7030));
#7027 = ORIENTED_EDGE('',*,*,#4330,.T.);
#7028 = ORIENTED_EDGE('',*,*,#7011,.F.);
#7029 = ORIENTED_EDGE('',*,*,#4192,.F.);
#7030 = ORIENTED_EDGE('',*,*,#7031,.T.);
#7031 = EDGE_CURVE('',#4184,#4322,#7032,.T.);
#7032 = LINE('',#7033,#7034);
#7033 = CARTESIAN_POINT('',(41.,27.,0.));
#7034 = VECTOR('',#7035,1.);
#7035 = DIRECTION('',(0.,0.,1.));
#7036 = PLANE('',#7037);
#7037 = AXIS2_PLACEMENT_3D('',#7038,#7039,#7040);
#7038 = CARTESIAN_POINT('',(41.,-33.,0.));
#7039 = DIRECTION('',(1.,0.,-0.));
#7040 = DIRECTION('',(0.,0.,1.));
#7041 = ADVANCED_FACE('',(#7042),#7048,.T.);
#7042 = FACE_BOUND('',#7043,.T.);
#7043 = EDGE_LOOP('',(#7044,#7045,#7046,#7047));
#7044 = ORIENTED_EDGE('',*,*,#7031,.F.);
#7045 = ORIENTED_EDGE('',*,*,#4183,.T.);
#7046 = ORIENTED_EDGE('',*,*,#5851,.T.);
#7047 = ORIENTED_EDGE('',*,*,#4321,.F.);
#7048 = CYLINDRICAL_SURFACE('',#7049,6.);
#7049 = AXIS2_PLACEMENT_3D('',#7050,#7051,#7052);
#7050 = CARTESIAN_POINT('',(35.,27.,0.));
#7051 = DIRECTION('',(0.,0.,1.));
#7052 = DIRECTION('',(1.,0.,-0.));
#7053 = ADVANCED_FACE('',(#7054),#7065,.T.);
#7054 = FACE_BOUND('',#7055,.T.);
#7055 = EDGE_LOOP('',(#7056,#7057,#7058,#7059));
#7056 = ORIENTED_EDGE('',*,*,#4288,.T.);
#7057 = ORIENTED_EDGE('',*,*,#5828,.T.);
#7058 = ORIENTED_EDGE('',*,*,#4410,.F.);
#7059 = ORIENTED_EDGE('',*,*,#7060,.F.);
#7060 = EDGE_CURVE('',#4281,#4403,#7061,.T.);
#7061 = LINE('',#7062,#7063);
#7062 = CARTESIAN_POINT('',(42.6,27.6,28.6));
#7063 = VECTOR('',#7064,1.);
#7064 = DIRECTION('',(0.,0.,1.));
#7065 = CYLINDRICAL_SURFACE('',#7066,7.);
#7066 = AXIS2_PLACEMENT_3D('',#7067,#7068,#7069);
#7067 = CARTESIAN_POINT('',(35.6,27.6,28.6));
#7068 = DIRECTION('',(0.,0.,1.));
#7069 = DIRECTION('',(1.,0.,-0.));
#7070 = ADVANCED_FACE('',(#7071),#7082,.T.);
#7071 = FACE_BOUND('',#7072,.T.);
#7072 = EDGE_LOOP('',(#7073,#7074,#7080,#7081));
#7073 = ORIENTED_EDGE('',*,*,#4402,.F.);
#7074 = ORIENTED_EDGE('',*,*,#7075,.F.);
#7075 = EDGE_CURVE('',#4272,#4394,#7076,.T.);
#7076 = LINE('',#7077,#7078);
#7077 = CARTESIAN_POINT('',(42.6,-27.6,28.6));
#7078 = VECTOR('',#7079,1.);
#7079 = DIRECTION('',(0.,0.,1.));
#7080 = ORIENTED_EDGE('',*,*,#4280,.T.);
#7081 = ORIENTED_EDGE('',*,*,#7060,.T.);
#7082 = PLANE('',#7083);
#7083 = AXIS2_PLACEMENT_3D('',#7084,#7085,#7086);
#7084 = CARTESIAN_POINT('',(42.6,-34.6,28.6));
#7085 = DIRECTION('',(1.,0.,-0.));
#7086 = DIRECTION('',(0.,0.,1.));
#7087 = ADVANCED_FACE('',(#7088),#7094,.T.);
#7088 = FACE_BOUND('',#7089,.F.);
#7089 = EDGE_LOOP('',(#7090,#7091,#7092,#7093));
#7090 = ORIENTED_EDGE('',*,*,#4271,.T.);
#7091 = ORIENTED_EDGE('',*,*,#4372,.T.);
#7092 = ORIENTED_EDGE('',*,*,#4393,.F.);
#7093 = ORIENTED_EDGE('',*,*,#7075,.F.);
#7094 = CYLINDRICAL_SURFACE('',#7095,7.);
#7095 = AXIS2_PLACEMENT_3D('',#7096,#7097,#7098);
#7096 = CARTESIAN_POINT('',(35.6,-27.6,28.6));
#7097 = DIRECTION('',(0.,0.,1.));
#7098 = DIRECTION('',(1.,0.,-0.));
#7099 = ADVANCED_FACE('',(#7100),#7111,.T.);
#7100 = FACE_BOUND('',#7101,.T.);
#7101 = EDGE_LOOP('',(#7102,#7103,#7104,#7105));
#7102 = ORIENTED_EDGE('',*,*,#6315,.T.);
#7103 = ORIENTED_EDGE('',*,*,#6193,.F.);
#7104 = ORIENTED_EDGE('',*,*,#4452,.F.);
#7105 = ORIENTED_EDGE('',*,*,#7106,.T.);
#7106 = EDGE_CURVE('',#4444,#6307,#7107,.T.);
#7107 = LINE('',#7108,#7109);
#7108 = CARTESIAN_POINT('',(41.,27.,0.));
#7109 = VECTOR('',#7110,1.);
#7110 = DIRECTION('',(0.,0.,1.));
#7111 = PLANE('',#7112);
#7112 = AXIS2_PLACEMENT_3D('',#7113,#7114,#7115);
#7113 = CARTESIAN_POINT('',(41.,-33.,0.));
#7114 = DIRECTION('',(1.,0.,-0.));
#7115 = DIRECTION('',(0.,0.,1.));
#7116 = ADVANCED_FACE('',(#7117),#7123,.T.);
#7117 = FACE_BOUND('',#7118,.T.);
#7118 = EDGE_LOOP('',(#7119,#7120,#7121,#7122));
#7119 = ORIENTED_EDGE('',*,*,#7106,.F.);
#7120 = ORIENTED_EDGE('',*,*,#4443,.T.);
#7121 = ORIENTED_EDGE('',*,*,#5197,.T.);
#7122 = ORIENTED_EDGE('',*,*,#6306,.F.);
#7123 = CYLINDRICAL_SURFACE('',#7124,6.);
#7124 = AXIS2_PLACEMENT_3D('',#7125,#7126,#7127);
#7125 = CARTESIAN_POINT('',(35.,27.,0.));
#7126 = DIRECTION('',(0.,0.,1.));
#7127 = DIRECTION('',(1.,0.,-0.));
#7128 = ADVANCED_FACE('',(#7129),#7140,.T.);
#7129 = FACE_BOUND('',#7130,.T.);
#7130 = EDGE_LOOP('',(#7131,#7132,#7133,#7134));
#7131 = ORIENTED_EDGE('',*,*,#4535,.T.);
#7132 = ORIENTED_EDGE('',*,*,#6626,.F.);
#7133 = ORIENTED_EDGE('',*,*,#6595,.T.);
#7134 = ORIENTED_EDGE('',*,*,#7135,.T.);
#7135 = EDGE_CURVE('',#6596,#4527,#7136,.T.);
#7136 = LINE('',#7137,#7138);
#7137 = CARTESIAN_POINT('',(41.,27.,0.));
#7138 = VECTOR('',#7139,1.);
#7139 = DIRECTION('',(0.,0.,1.));
#7140 = PLANE('',#7141);
#7141 = AXIS2_PLACEMENT_3D('',#7142,#7143,#7144);
#7142 = CARTESIAN_POINT('',(41.,-33.,0.));
#7143 = DIRECTION('',(1.,0.,-0.));
#7144 = DIRECTION('',(0.,0.,1.));
#7145 = ADVANCED_FACE('',(#7146),#7152,.T.);
#7146 = FACE_BOUND('',#7147,.T.);
#7147 = EDGE_LOOP('',(#7148,#7149,#7150,#7151));
#7148 = ORIENTED_EDGE('',*,*,#7135,.F.);
#7149 = ORIENTED_EDGE('',*,*,#6603,.T.);
#7150 = ORIENTED_EDGE('',*,*,#5369,.T.);
#7151 = ORIENTED_EDGE('',*,*,#4526,.F.);
#7152 = CYLINDRICAL_SURFACE('',#7153,6.);
#7153 = AXIS2_PLACEMENT_3D('',#7154,#7155,#7156);
#7154 = CARTESIAN_POINT('',(35.,27.,0.));
#7155 = DIRECTION('',(0.,0.,1.));
#7156 = DIRECTION('',(1.,0.,-0.));
#7157 = ADVANCED_FACE('',(#7158),#7169,.T.);
#7158 = FACE_BOUND('',#7159,.T.);
#7159 = EDGE_LOOP('',(#7160,#7161,#7162,#7163));
#7160 = ORIENTED_EDGE('',*,*,#4502,.T.);
#7161 = ORIENTED_EDGE('',*,*,#5983,.T.);
#7162 = ORIENTED_EDGE('',*,*,#4602,.F.);
#7163 = ORIENTED_EDGE('',*,*,#7164,.F.);
#7164 = EDGE_CURVE('',#4495,#4595,#7165,.T.);
#7165 = LINE('',#7166,#7167);
#7166 = CARTESIAN_POINT('',(42.6,27.6,11.));
#7167 = VECTOR('',#7168,1.);
#7168 = DIRECTION('',(0.,0.,1.));
#7169 = CYLINDRICAL_SURFACE('',#7170,7.);
#7170 = AXIS2_PLACEMENT_3D('',#7171,#7172,#7173);
#7171 = CARTESIAN_POINT('',(35.6,27.6,11.));
#7172 = DIRECTION('',(0.,0.,1.));
#7173 = DIRECTION('',(1.,0.,-0.));
#7174 = ADVANCED_FACE('',(#7175),#7186,.T.);
#7175 = FACE_BOUND('',#7176,.T.);
#7176 = EDGE_LOOP('',(#7177,#7178,#7184,#7185));
#7177 = ORIENTED_EDGE('',*,*,#4594,.F.);
#7178 = ORIENTED_EDGE('',*,*,#7179,.F.);
#7179 = EDGE_CURVE('',#4486,#4586,#7180,.T.);
#7180 = LINE('',#7181,#7182);
#7181 = CARTESIAN_POINT('',(42.6,-27.6,11.));
#7182 = VECTOR('',#7183,1.);
#7183 = DIRECTION('',(0.,0.,1.));
#7184 = ORIENTED_EDGE('',*,*,#4494,.T.);
#7185 = ORIENTED_EDGE('',*,*,#7164,.T.);
#7186 = PLANE('',#7187);
#7187 = AXIS2_PLACEMENT_3D('',#7188,#7189,#7190);
#7188 = CARTESIAN_POINT('',(42.6,-34.6,11.));
#7189 = DIRECTION('',(1.,0.,-0.));
#7190 = DIRECTION('',(0.,0.,1.));
#7191 = ADVANCED_FACE('',(#7192),#7198,.T.);
#7192 = FACE_BOUND('',#7193,.F.);
#7193 = EDGE_LOOP('',(#7194,#7195,#7196,#7197));
#7194 = ORIENTED_EDGE('',*,*,#4485,.T.);
#7195 = ORIENTED_EDGE('',*,*,#4569,.T.);
#7196 = ORIENTED_EDGE('',*,*,#4585,.F.);
#7197 = ORIENTED_EDGE('',*,*,#7179,.F.);
#7198 = CYLINDRICAL_SURFACE('',#7199,7.);
#7199 = AXIS2_PLACEMENT_3D('',#7200,#7201,#7202);
#7200 = CARTESIAN_POINT('',(35.6,-27.6,11.));
#7201 = DIRECTION('',(0.,0.,1.));
#7202 = DIRECTION('',(1.,0.,-0.));
#7203 = ADVANCED_FACE('',(#7204),#7215,.T.);
#7204 = FACE_BOUND('',#7205,.F.);
#7205 = EDGE_LOOP('',(#7206,#7212,#7213,#7214));
#7206 = ORIENTED_EDGE('',*,*,#7207,.F.);
#7207 = EDGE_CURVE('',#4636,#4750,#7208,.T.);
#7208 = LINE('',#7209,#7210);
#7209 = CARTESIAN_POINT('',(41.,-27.,0.));
#7210 = VECTOR('',#7211,1.);
#7211 = DIRECTION('',(0.,0.,1.));
#7212 = ORIENTED_EDGE('',*,*,#4643,.F.);
#7213 = ORIENTED_EDGE('',*,*,#4676,.T.);
#7214 = ORIENTED_EDGE('',*,*,#4757,.T.);
#7215 = CYLINDRICAL_SURFACE('',#7216,6.);
#7216 = AXIS2_PLACEMENT_3D('',#7217,#7218,#7219);
#7217 = CARTESIAN_POINT('',(35.,-27.,0.));
#7218 = DIRECTION('',(0.,0.,1.));
#7219 = DIRECTION('',(1.,0.,-0.));
#7220 = ADVANCED_FACE('',(#7221),#7232,.T.);
#7221 = FACE_BOUND('',#7222,.T.);
#7222 = EDGE_LOOP('',(#7223,#7224,#7225,#7226));
#7223 = ORIENTED_EDGE('',*,*,#4749,.T.);
#7224 = ORIENTED_EDGE('',*,*,#7207,.F.);
#7225 = ORIENTED_EDGE('',*,*,#4635,.F.);
#7226 = ORIENTED_EDGE('',*,*,#7227,.T.);
#7227 = EDGE_CURVE('',#4627,#4741,#7228,.T.);
#7228 = LINE('',#7229,#7230);
#7229 = CARTESIAN_POINT('',(41.,27.,0.));
#7230 = VECTOR('',#7231,1.);
#7231 = DIRECTION('',(0.,0.,1.));
#7232 = PLANE('',#7233);
#7233 = AXIS2_PLACEMENT_3D('',#7234,#7235,#7236);
#7234 = CARTESIAN_POINT('',(41.,-33.,0.));
#7235 = DIRECTION('',(1.,0.,-0.));
#7236 = DIRECTION('',(0.,0.,1.));
#7237 = ADVANCED_FACE('',(#7238),#7244,.T.);
#7238 = FACE_BOUND('',#7239,.T.);
#7239 = EDGE_LOOP('',(#7240,#7241,#7242,#7243));
#7240 = ORIENTED_EDGE('',*,*,#7227,.F.);
#7241 = ORIENTED_EDGE('',*,*,#4626,.T.);
#7242 = ORIENTED_EDGE('',*,*,#5966,.T.);
#7243 = ORIENTED_EDGE('',*,*,#4740,.F.);
#7244 = CYLINDRICAL_SURFACE('',#7245,6.);
#7245 = AXIS2_PLACEMENT_3D('',#7246,#7247,#7248);
#7246 = CARTESIAN_POINT('',(35.,27.,0.));
#7247 = DIRECTION('',(0.,0.,1.));
#7248 = DIRECTION('',(1.,0.,-0.));
#7249 = ADVANCED_FACE('',(#7250),#7261,.T.);
#7250 = FACE_BOUND('',#7251,.T.);
#7251 = EDGE_LOOP('',(#7252,#7253,#7254,#7255));
#7252 = ORIENTED_EDGE('',*,*,#4716,.T.);
#7253 = ORIENTED_EDGE('',*,*,#5949,.T.);
#7254 = ORIENTED_EDGE('',*,*,#4816,.F.);
#7255 = ORIENTED_EDGE('',*,*,#7256,.F.);
#7256 = EDGE_CURVE('',#4709,#4809,#7257,.T.);
#7257 = LINE('',#7258,#7259);
#7258 = CARTESIAN_POINT('',(42.6,27.6,15.4));
#7259 = VECTOR('',#7260,1.);
#7260 = DIRECTION('',(0.,0.,1.));
#7261 = CYLINDRICAL_SURFACE('',#7262,7.);
#7262 = AXIS2_PLACEMENT_3D('',#7263,#7264,#7265);
#7263 = CARTESIAN_POINT('',(35.6,27.6,15.4));
#7264 = DIRECTION('',(0.,0.,1.));
#7265 = DIRECTION('',(1.,0.,-0.));
#7266 = ADVANCED_FACE('',(#7267),#7278,.T.);
#7267 = FACE_BOUND('',#7268,.T.);
#7268 = EDGE_LOOP('',(#7269,#7270,#7276,#7277));
#7269 = ORIENTED_EDGE('',*,*,#4808,.F.);
#7270 = ORIENTED_EDGE('',*,*,#7271,.F.);
#7271 = EDGE_CURVE('',#4700,#4800,#7272,.T.);
#7272 = LINE('',#7273,#7274);
#7273 = CARTESIAN_POINT('',(42.6,-27.6,15.4));
#7274 = VECTOR('',#7275,1.);
#7275 = DIRECTION('',(0.,0.,1.));
#7276 = ORIENTED_EDGE('',*,*,#4708,.T.);
#7277 = ORIENTED_EDGE('',*,*,#7256,.T.);
#7278 = PLANE('',#7279);
#7279 = AXIS2_PLACEMENT_3D('',#7280,#7281,#7282);
#7280 = CARTESIAN_POINT('',(42.6,-34.6,15.4));
#7281 = DIRECTION('',(1.,0.,-0.));
#7282 = DIRECTION('',(0.,0.,1.));
#7283 = ADVANCED_FACE('',(#7284),#7290,.T.);
#7284 = FACE_BOUND('',#7285,.F.);
#7285 = EDGE_LOOP('',(#7286,#7287,#7288,#7289));
#7286 = ORIENTED_EDGE('',*,*,#4699,.T.);
#7287 = ORIENTED_EDGE('',*,*,#4783,.T.);
#7288 = ORIENTED_EDGE('',*,*,#4799,.F.);
#7289 = ORIENTED_EDGE('',*,*,#7271,.F.);
#7290 = CYLINDRICAL_SURFACE('',#7291,7.);
#7291 = AXIS2_PLACEMENT_3D('',#7292,#7293,#7294);
#7292 = CARTESIAN_POINT('',(35.6,-27.6,15.4));
#7293 = DIRECTION('',(0.,0.,1.));
#7294 = DIRECTION('',(1.,0.,-0.));
#7295 = ADVANCED_FACE('',(#7296),#7307,.T.);
#7296 = FACE_BOUND('',#7297,.F.);
#7297 = EDGE_LOOP('',(#7298,#7304,#7305,#7306));
#7298 = ORIENTED_EDGE('',*,*,#7299,.F.);
#7299 = EDGE_CURVE('',#4850,#4964,#7300,.T.);
#7300 = LINE('',#7301,#7302);
#7301 = CARTESIAN_POINT('',(41.,-27.,0.));
#7302 = VECTOR('',#7303,1.);
#7303 = DIRECTION('',(0.,0.,1.));
#7304 = ORIENTED_EDGE('',*,*,#4857,.F.);
#7305 = ORIENTED_EDGE('',*,*,#4890,.T.);
#7306 = ORIENTED_EDGE('',*,*,#4971,.T.);
#7307 = CYLINDRICAL_SURFACE('',#7308,6.);
#7308 = AXIS2_PLACEMENT_3D('',#7309,#7310,#7311);
#7309 = CARTESIAN_POINT('',(35.,-27.,0.));
#7310 = DIRECTION('',(0.,0.,1.));
#7311 = DIRECTION('',(1.,0.,-0.));
#7312 = ADVANCED_FACE('',(#7313),#7324,.T.);
#7313 = FACE_BOUND('',#7314,.T.);
#7314 = EDGE_LOOP('',(#7315,#7316,#7317,#7318));
#7315 = ORIENTED_EDGE('',*,*,#4963,.T.);
#7316 = ORIENTED_EDGE('',*,*,#7299,.F.);
#7317 = ORIENTED_EDGE('',*,*,#4849,.F.);
#7318 = ORIENTED_EDGE('',*,*,#7319,.T.);
#7319 = EDGE_CURVE('',#4841,#4955,#7320,.T.);
#7320 = LINE('',#7321,#7322);
#7321 = CARTESIAN_POINT('',(41.,27.,0.));
#7322 = VECTOR('',#7323,1.);
#7323 = DIRECTION('',(0.,0.,1.));
#7324 = PLANE('',#7325);
#7325 = AXIS2_PLACEMENT_3D('',#7326,#7327,#7328);
#7326 = CARTESIAN_POINT('',(41.,-33.,0.));
#7327 = DIRECTION('',(1.,0.,-0.));
#7328 = DIRECTION('',(0.,0.,1.));
#7329 = ADVANCED_FACE('',(#7330),#7336,.T.);
#7330 = FACE_BOUND('',#7331,.T.);
#7331 = EDGE_LOOP('',(#7332,#7333,#7334,#7335));
#7332 = ORIENTED_EDGE('',*,*,#7319,.F.);
#7333 = ORIENTED_EDGE('',*,*,#4840,.T.);
#7334 = ORIENTED_EDGE('',*,*,#5932,.T.);
#7335 = ORIENTED_EDGE('',*,*,#4954,.F.);
#7336 = CYLINDRICAL_SURFACE('',#7337,6.);
#7337 = AXIS2_PLACEMENT_3D('',#7338,#7339,#7340);
#7338 = CARTESIAN_POINT('',(35.,27.,0.));
#7339 = DIRECTION('',(0.,0.,1.));
#7340 = DIRECTION('',(1.,0.,-0.));
#7341 = ADVANCED_FACE('',(#7342),#7353,.T.);
#7342 = FACE_BOUND('',#7343,.T.);
#7343 = EDGE_LOOP('',(#7344,#7345,#7346,#7347));
#7344 = ORIENTED_EDGE('',*,*,#4930,.T.);
#7345 = ORIENTED_EDGE('',*,*,#5915,.T.);
#7346 = ORIENTED_EDGE('',*,*,#5030,.F.);
#7347 = ORIENTED_EDGE('',*,*,#7348,.F.);
#7348 = EDGE_CURVE('',#4923,#5023,#7349,.T.);
#7349 = LINE('',#7350,#7351);
#7350 = CARTESIAN_POINT('',(42.6,27.6,19.8));
#7351 = VECTOR('',#7352,1.);
#7352 = DIRECTION('',(0.,0.,1.));
#7353 = CYLINDRICAL_SURFACE('',#7354,7.);
#7354 = AXIS2_PLACEMENT_3D('',#7355,#7356,#7357);
#7355 = CARTESIAN_POINT('',(35.6,27.6,19.8));
#7356 = DIRECTION('',(0.,0.,1.));
#7357 = DIRECTION('',(1.,0.,-0.));
#7358 = ADVANCED_FACE('',(#7359),#7370,.T.);
#7359 = FACE_BOUND('',#7360,.T.);
#7360 = EDGE_LOOP('',(#7361,#7362,#7368,#7369));
#7361 = ORIENTED_EDGE('',*,*,#5022,.F.);
#7362 = ORIENTED_EDGE('',*,*,#7363,.F.);
#7363 = EDGE_CURVE('',#4914,#5014,#7364,.T.);
#7364 = LINE('',#7365,#7366);
#7365 = CARTESIAN_POINT('',(42.6,-27.6,19.8));
#7366 = VECTOR('',#7367,1.);
#7367 = DIRECTION('',(0.,0.,1.));
#7368 = ORIENTED_EDGE('',*,*,#4922,.T.);
#7369 = ORIENTED_EDGE('',*,*,#7348,.T.);
#7370 = PLANE('',#7371);
#7371 = AXIS2_PLACEMENT_3D('',#7372,#7373,#7374);
#7372 = CARTESIAN_POINT('',(42.6,-34.6,19.8));
#7373 = DIRECTION('',(1.,0.,-0.));
#7374 = DIRECTION('',(0.,0.,1.));
#7375 = ADVANCED_FACE('',(#7376),#7382,.T.);
#7376 = FACE_BOUND('',#7377,.F.);
#7377 = EDGE_LOOP('',(#7378,#7379,#7380,#7381));
#7378 = ORIENTED_EDGE('',*,*,#4913,.T.);
#7379 = ORIENTED_EDGE('',*,*,#4997,.T.);
#7380 = ORIENTED_EDGE('',*,*,#5013,.F.);
#7381 = ORIENTED_EDGE('',*,*,#7363,.F.);
#7382 = CYLINDRICAL_SURFACE('',#7383,7.);
#7383 = AXIS2_PLACEMENT_3D('',#7384,#7385,#7386);
#7384 = CARTESIAN_POINT('',(35.6,-27.6,19.8));
#7385 = DIRECTION('',(0.,0.,1.));
#7386 = DIRECTION('',(1.,0.,-0.));
#7387 = ADVANCED_FACE('',(#7388,#7458),#7468,.T.);
#7388 = FACE_BOUND('',#7389,.T.);
#7389 = EDGE_LOOP('',(#7390,#7400,#7409,#7417,#7426,#7434,#7443,#7451));
#7390 = ORIENTED_EDGE('',*,*,#7391,.F.);
#7391 = EDGE_CURVE('',#7392,#7394,#7396,.T.);
#7392 = VERTEX_POINT('',#7393);
#7393 = CARTESIAN_POINT('',(-42.6,-27.6,47.35));
#7394 = VERTEX_POINT('',#7395);
#7395 = CARTESIAN_POINT('',(-42.6,27.6,47.35));
#7396 = LINE('',#7397,#7398);
#7397 = CARTESIAN_POINT('',(-42.6,-34.6,47.35));
#7398 = VECTOR('',#7399,1.);
#7399 = DIRECTION('',(-0.,1.,0.));
#7400 = ORIENTED_EDGE('',*,*,#7401,.T.);
#7401 = EDGE_CURVE('',#7392,#7402,#7404,.T.);
#7402 = VERTEX_POINT('',#7403);
#7403 = CARTESIAN_POINT('',(-35.6,-34.6,47.35));
#7404 = CIRCLE('',#7405,7.);
#7405 = AXIS2_PLACEMENT_3D('',#7406,#7407,#7408);
#7406 = CARTESIAN_POINT('',(-35.6,-27.6,47.35));
#7407 = DIRECTION('',(0.,0.,1.));
#7408 = DIRECTION('',(0.,-1.,0.));
#7409 = ORIENTED_EDGE('',*,*,#7410,.T.);
#7410 = EDGE_CURVE('',#7402,#7411,#7413,.T.);
#7411 = VERTEX_POINT('',#7412);
#7412 = CARTESIAN_POINT('',(35.6,-34.6,47.35));
#7413 = LINE('',#7414,#7415);
#7414 = CARTESIAN_POINT('',(-42.6,-34.6,47.35));
#7415 = VECTOR('',#7416,1.);
#7416 = DIRECTION('',(1.,0.,-0.));
#7417 = ORIENTED_EDGE('',*,*,#7418,.F.);
#7418 = EDGE_CURVE('',#7419,#7411,#7421,.T.);
#7419 = VERTEX_POINT('',#7420);
#7420 = CARTESIAN_POINT('',(42.6,-27.6,47.35));
#7421 = CIRCLE('',#7422,7.);
#7422 = AXIS2_PLACEMENT_3D('',#7423,#7424,#7425);
#7423 = CARTESIAN_POINT('',(35.6,-27.6,47.35));
#7424 = DIRECTION('',(-0.,-0.,-1.));
#7425 = DIRECTION('',(0.,-1.,0.));
#7426 = ORIENTED_EDGE('',*,*,#7427,.T.);
#7427 = EDGE_CURVE('',#7419,#7428,#7430,.T.);
#7428 = VERTEX_POINT('',#7429);
#7429 = CARTESIAN_POINT('',(42.6,27.6,47.35));
#7430 = LINE('',#7431,#7432);
#7431 = CARTESIAN_POINT('',(42.6,-34.6,47.35));
#7432 = VECTOR('',#7433,1.);
#7433 = DIRECTION('',(-0.,1.,0.));
#7434 = ORIENTED_EDGE('',*,*,#7435,.T.);
#7435 = EDGE_CURVE('',#7428,#7436,#7438,.T.);
#7436 = VERTEX_POINT('',#7437);
#7437 = CARTESIAN_POINT('',(35.6,34.6,47.35));
#7438 = CIRCLE('',#7439,7.);
#7439 = AXIS2_PLACEMENT_3D('',#7440,#7441,#7442);
#7440 = CARTESIAN_POINT('',(35.6,27.6,47.35));
#7441 = DIRECTION('',(0.,0.,1.));
#7442 = DIRECTION('',(0.,-1.,0.));
#7443 = ORIENTED_EDGE('',*,*,#7444,.F.);
#7444 = EDGE_CURVE('',#7445,#7436,#7447,.T.);
#7445 = VERTEX_POINT('',#7446);
#7446 = CARTESIAN_POINT('',(-35.6,34.6,47.35));
#7447 = LINE('',#7448,#7449);
#7448 = CARTESIAN_POINT('',(-42.6,34.6,47.35));
#7449 = VECTOR('',#7450,1.);
#7450 = DIRECTION('',(1.,0.,-0.));
#7451 = ORIENTED_EDGE('',*,*,#7452,.F.);
#7452 = EDGE_CURVE('',#7394,#7445,#7453,.T.);
#7453 = CIRCLE('',#7454,7.);
#7454 = AXIS2_PLACEMENT_3D('',#7455,#7456,#7457);
#7455 = CARTESIAN_POINT('',(-35.6,27.6,47.35));
#7456 = DIRECTION('',(-0.,-0.,-1.));
#7457 = DIRECTION('',(0.,-1.,0.));
#7458 = FACE_BOUND('',#7459,.T.);
#7459 = EDGE_LOOP('',(#7460,#7461,#7462,#7463,#7464,#7465,#7466,#7467));
#7460 = ORIENTED_EDGE('',*,*,#6006,.F.);
#7461 = ORIENTED_EDGE('',*,*,#6176,.F.);
#7462 = ORIENTED_EDGE('',*,*,#6151,.T.);
#7463 = ORIENTED_EDGE('',*,*,#6127,.F.);
#7464 = ORIENTED_EDGE('',*,*,#6104,.T.);
#7465 = ORIENTED_EDGE('',*,*,#6085,.F.);
#7466 = ORIENTED_EDGE('',*,*,#6053,.F.);
#7467 = ORIENTED_EDGE('',*,*,#6029,.F.);
#7468 = PLANE('',#7469);
#7469 = AXIS2_PLACEMENT_3D('',#7470,#7471,#7472);
#7470 = CARTESIAN_POINT('',(-42.6,-34.6,47.35));
#7471 = DIRECTION('',(0.,0.,1.));
#7472 = DIRECTION('',(1.,0.,-0.));
#7473 = ADVANCED_FACE('',(#7474),#7499,.F.);
#7474 = FACE_BOUND('',#7475,.F.);
#7475 = EDGE_LOOP('',(#7476,#7486,#7492,#7493));
#7476 = ORIENTED_EDGE('',*,*,#7477,.F.);
#7477 = EDGE_CURVE('',#7478,#7480,#7482,.T.);
#7478 = VERTEX_POINT('',#7479);
#7479 = CARTESIAN_POINT('',(-42.6,-27.6,34.15));
#7480 = VERTEX_POINT('',#7481);
#7481 = CARTESIAN_POINT('',(-42.6,27.6,34.15));
#7482 = LINE('',#7483,#7484);
#7483 = CARTESIAN_POINT('',(-42.6,-34.6,34.15));
#7484 = VECTOR('',#7485,1.);
#7485 = DIRECTION('',(-0.,1.,0.));
#7486 = ORIENTED_EDGE('',*,*,#7487,.F.);
#7487 = EDGE_CURVE('',#6219,#7478,#7488,.T.);
#7488 = LINE('',#7489,#7490);
#7489 = CARTESIAN_POINT('',(-42.6,-27.6,33.));
#7490 = VECTOR('',#7491,1.);
#7491 = DIRECTION('',(0.,0.,1.));
#7492 = ORIENTED_EDGE('',*,*,#6218,.T.);
#7493 = ORIENTED_EDGE('',*,*,#7494,.T.);
#7494 = EDGE_CURVE('',#6221,#7480,#7495,.T.);
#7495 = LINE('',#7496,#7497);
#7496 = CARTESIAN_POINT('',(-42.6,27.6,33.));
#7497 = VECTOR('',#7498,1.);
#7498 = DIRECTION('',(0.,0.,1.));
#7499 = PLANE('',#7500);
#7500 = AXIS2_PLACEMENT_3D('',#7501,#7502,#7503);
#7501 = CARTESIAN_POINT('',(-42.6,-34.6,33.));
#7502 = DIRECTION('',(1.,0.,-0.));
#7503 = DIRECTION('',(0.,0.,1.));
#7504 = ADVANCED_FACE('',(#7505),#7524,.T.);
#7505 = FACE_BOUND('',#7506,.T.);
#7506 = EDGE_LOOP('',(#7507,#7508,#7516,#7523));
#7507 = ORIENTED_EDGE('',*,*,#6228,.T.);
#7508 = ORIENTED_EDGE('',*,*,#7509,.T.);
#7509 = EDGE_CURVE('',#6229,#7510,#7512,.T.);
#7510 = VERTEX_POINT('',#7511);
#7511 = CARTESIAN_POINT('',(-35.6,-34.6,34.15));
#7512 = LINE('',#7513,#7514);
#7513 = CARTESIAN_POINT('',(-35.6,-34.6,33.));
#7514 = VECTOR('',#7515,1.);
#7515 = DIRECTION('',(0.,0.,1.));
#7516 = ORIENTED_EDGE('',*,*,#7517,.F.);
#7517 = EDGE_CURVE('',#7478,#7510,#7518,.T.);
#7518 = CIRCLE('',#7519,7.);
#7519 = AXIS2_PLACEMENT_3D('',#7520,#7521,#7522);
#7520 = CARTESIAN_POINT('',(-35.6,-27.6,34.15));
#7521 = DIRECTION('',(0.,0.,1.));
#7522 = DIRECTION('',(0.,-1.,0.));
#7523 = ORIENTED_EDGE('',*,*,#7487,.F.);
#7524 = CYLINDRICAL_SURFACE('',#7525,7.);
#7525 = AXIS2_PLACEMENT_3D('',#7526,#7527,#7528);
#7526 = CARTESIAN_POINT('',(-35.6,-27.6,33.));
#7527 = DIRECTION('',(0.,0.,1.));
#7528 = DIRECTION('',(-1.,-0.,0.));
#7529 = ADVANCED_FACE('',(#7530),#7549,.T.);
#7530 = FACE_BOUND('',#7531,.F.);
#7531 = EDGE_LOOP('',(#7532,#7533,#7541,#7548));
#7532 = ORIENTED_EDGE('',*,*,#6279,.T.);
#7533 = ORIENTED_EDGE('',*,*,#7534,.T.);
#7534 = EDGE_CURVE('',#6272,#7535,#7537,.T.);
#7535 = VERTEX_POINT('',#7536);
#7536 = CARTESIAN_POINT('',(-35.6,34.6,34.15));
#7537 = LINE('',#7538,#7539);
#7538 = CARTESIAN_POINT('',(-35.6,34.6,33.));
#7539 = VECTOR('',#7540,1.);
#7540 = DIRECTION('',(0.,0.,1.));
#7541 = ORIENTED_EDGE('',*,*,#7542,.F.);
#7542 = EDGE_CURVE('',#7480,#7535,#7543,.T.);
#7543 = CIRCLE('',#7544,7.);
#7544 = AXIS2_PLACEMENT_3D('',#7545,#7546,#7547);
#7545 = CARTESIAN_POINT('',(-35.6,27.6,34.15));
#7546 = DIRECTION('',(-0.,-0.,-1.));
#7547 = DIRECTION('',(0.,-1.,0.));
#7548 = ORIENTED_EDGE('',*,*,#7494,.F.);
#7549 = CYLINDRICAL_SURFACE('',#7550,7.);
#7550 = AXIS2_PLACEMENT_3D('',#7551,#7552,#7553);
#7551 = CARTESIAN_POINT('',(-35.6,27.6,33.));
#7552 = DIRECTION('',(0.,0.,1.));
#7553 = DIRECTION('',(-1.,-0.,0.));
#7554 = ADVANCED_FACE('',(#7555),#7573,.F.);
#7555 = FACE_BOUND('',#7556,.F.);
#7556 = EDGE_LOOP('',(#7557,#7558,#7559,#7567));
#7557 = ORIENTED_EDGE('',*,*,#6237,.F.);
#7558 = ORIENTED_EDGE('',*,*,#7509,.T.);
#7559 = ORIENTED_EDGE('',*,*,#7560,.T.);
#7560 = EDGE_CURVE('',#7510,#7561,#7563,.T.);
#7561 = VERTEX_POINT('',#7562);
#7562 = CARTESIAN_POINT('',(35.6,-34.6,34.15));
#7563 = LINE('',#7564,#7565);
#7564 = CARTESIAN_POINT('',(-42.6,-34.6,34.15));
#7565 = VECTOR('',#7566,1.);
#7566 = DIRECTION('',(1.,0.,-0.));
#7567 = ORIENTED_EDGE('',*,*,#7568,.F.);
#7568 = EDGE_CURVE('',#6238,#7561,#7569,.T.);
#7569 = LINE('',#7570,#7571);
#7570 = CARTESIAN_POINT('',(35.6,-34.6,33.));
#7571 = VECTOR('',#7572,1.);
#7572 = DIRECTION('',(0.,0.,1.));
#7573 = PLANE('',#7574);
#7574 = AXIS2_PLACEMENT_3D('',#7575,#7576,#7577);
#7575 = CARTESIAN_POINT('',(-42.6,-34.6,33.));
#7576 = DIRECTION('',(-0.,1.,0.));
#7577 = DIRECTION('',(0.,0.,1.));
#7578 = ADVANCED_FACE('',(#7579),#7597,.T.);
#7579 = FACE_BOUND('',#7580,.T.);
#7580 = EDGE_LOOP('',(#7581,#7582,#7583,#7591));
#7581 = ORIENTED_EDGE('',*,*,#6271,.F.);
#7582 = ORIENTED_EDGE('',*,*,#7534,.T.);
#7583 = ORIENTED_EDGE('',*,*,#7584,.T.);
#7584 = EDGE_CURVE('',#7535,#7585,#7587,.T.);
#7585 = VERTEX_POINT('',#7586);
#7586 = CARTESIAN_POINT('',(35.6,34.6,34.15));
#7587 = LINE('',#7588,#7589);
#7588 = CARTESIAN_POINT('',(-42.6,34.6,34.15));
#7589 = VECTOR('',#7590,1.);
#7590 = DIRECTION('',(1.,0.,-0.));
#7591 = ORIENTED_EDGE('',*,*,#7592,.F.);
#7592 = EDGE_CURVE('',#6263,#7585,#7593,.T.);
#7593 = LINE('',#7594,#7595);
#7594 = CARTESIAN_POINT('',(35.6,34.6,33.));
#7595 = VECTOR('',#7596,1.);
#7596 = DIRECTION('',(0.,0.,1.));
#7597 = PLANE('',#7598);
#7598 = AXIS2_PLACEMENT_3D('',#7599,#7600,#7601);
#7599 = CARTESIAN_POINT('',(-42.6,34.6,33.));
#7600 = DIRECTION('',(-0.,1.,0.));
#7601 = DIRECTION('',(0.,0.,1.));
#7602 = ADVANCED_FACE('',(#7603),#7622,.T.);
#7603 = FACE_BOUND('',#7604,.F.);
#7604 = EDGE_LOOP('',(#7605,#7606,#7607,#7616));
#7605 = ORIENTED_EDGE('',*,*,#6245,.T.);
#7606 = ORIENTED_EDGE('',*,*,#7568,.T.);
#7607 = ORIENTED_EDGE('',*,*,#7608,.F.);
#7608 = EDGE_CURVE('',#7609,#7561,#7611,.T.);
#7609 = VERTEX_POINT('',#7610);
#7610 = CARTESIAN_POINT('',(42.6,-27.6,34.15));
#7611 = CIRCLE('',#7612,7.);
#7612 = AXIS2_PLACEMENT_3D('',#7613,#7614,#7615);
#7613 = CARTESIAN_POINT('',(35.6,-27.6,34.15));
#7614 = DIRECTION('',(-0.,-0.,-1.));
#7615 = DIRECTION('',(0.,-1.,0.));
#7616 = ORIENTED_EDGE('',*,*,#7617,.F.);
#7617 = EDGE_CURVE('',#6246,#7609,#7618,.T.);
#7618 = LINE('',#7619,#7620);
#7619 = CARTESIAN_POINT('',(42.6,-27.6,33.));
#7620 = VECTOR('',#7621,1.);
#7621 = DIRECTION('',(0.,0.,1.));
#7622 = CYLINDRICAL_SURFACE('',#7623,7.);
#7623 = AXIS2_PLACEMENT_3D('',#7624,#7625,#7626);
#7624 = CARTESIAN_POINT('',(35.6,-27.6,33.));
#7625 = DIRECTION('',(0.,0.,1.));
#7626 = DIRECTION('',(1.,0.,-0.));
#7627 = ADVANCED_FACE('',(#7628),#7647,.T.);
#7628 = FACE_BOUND('',#7629,.T.);
#7629 = EDGE_LOOP('',(#7630,#7631,#7632,#7641));
#7630 = ORIENTED_EDGE('',*,*,#6262,.T.);
#7631 = ORIENTED_EDGE('',*,*,#7592,.T.);
#7632 = ORIENTED_EDGE('',*,*,#7633,.F.);
#7633 = EDGE_CURVE('',#7634,#7585,#7636,.T.);
#7634 = VERTEX_POINT('',#7635);
#7635 = CARTESIAN_POINT('',(42.6,27.6,34.15));
#7636 = CIRCLE('',#7637,7.);
#7637 = AXIS2_PLACEMENT_3D('',#7638,#7639,#7640);
#7638 = CARTESIAN_POINT('',(35.6,27.6,34.15));
#7639 = DIRECTION('',(0.,0.,1.));
#7640 = DIRECTION('',(0.,-1.,0.));
#7641 = ORIENTED_EDGE('',*,*,#7642,.F.);
#7642 = EDGE_CURVE('',#6255,#7634,#7643,.T.);
#7643 = LINE('',#7644,#7645);
#7644 = CARTESIAN_POINT('',(42.6,27.6,33.));
#7645 = VECTOR('',#7646,1.);
#7646 = DIRECTION('',(0.,0.,1.));
#7647 = CYLINDRICAL_SURFACE('',#7648,7.);
#7648 = AXIS2_PLACEMENT_3D('',#7649,#7650,#7651);
#7649 = CARTESIAN_POINT('',(35.6,27.6,33.));
#7650 = DIRECTION('',(0.,0.,1.));
#7651 = DIRECTION('',(1.,0.,-0.));
#7652 = ADVANCED_FACE('',(#7653),#7664,.T.);
#7653 = FACE_BOUND('',#7654,.T.);
#7654 = EDGE_LOOP('',(#7655,#7661,#7662,#7663));
#7655 = ORIENTED_EDGE('',*,*,#7656,.F.);
#7656 = EDGE_CURVE('',#7609,#7634,#7657,.T.);
#7657 = LINE('',#7658,#7659);
#7658 = CARTESIAN_POINT('',(42.6,-34.6,34.15));
#7659 = VECTOR('',#7660,1.);
#7660 = DIRECTION('',(-0.,1.,0.));
#7661 = ORIENTED_EDGE('',*,*,#7617,.F.);
#7662 = ORIENTED_EDGE('',*,*,#6254,.T.);
#7663 = ORIENTED_EDGE('',*,*,#7642,.T.);
#7664 = PLANE('',#7665);
#7665 = AXIS2_PLACEMENT_3D('',#7666,#7667,#7668);
#7666 = CARTESIAN_POINT('',(42.6,-34.6,33.));
#7667 = DIRECTION('',(1.,0.,-0.));
#7668 = DIRECTION('',(0.,0.,1.));
#7669 = ADVANCED_FACE('',(#7670),#7695,.F.);
#7670 = FACE_BOUND('',#7671,.F.);
#7671 = EDGE_LOOP('',(#7672,#7673,#7681,#7689));
#7672 = ORIENTED_EDGE('',*,*,#7391,.F.);
#7673 = ORIENTED_EDGE('',*,*,#7674,.F.);
#7674 = EDGE_CURVE('',#7675,#7392,#7677,.T.);
#7675 = VERTEX_POINT('',#7676);
#7676 = CARTESIAN_POINT('',(-42.6,-27.6,46.2));
#7677 = LINE('',#7678,#7679);
#7678 = CARTESIAN_POINT('',(-42.6,-27.6,46.2));
#7679 = VECTOR('',#7680,1.);
#7680 = DIRECTION('',(0.,0.,1.));
#7681 = ORIENTED_EDGE('',*,*,#7682,.T.);
#7682 = EDGE_CURVE('',#7675,#7683,#7685,.T.);
#7683 = VERTEX_POINT('',#7684);
#7684 = CARTESIAN_POINT('',(-42.6,27.6,46.2));
#7685 = LINE('',#7686,#7687);
#7686 = CARTESIAN_POINT('',(-42.6,-34.6,46.2));
#7687 = VECTOR('',#7688,1.);
#7688 = DIRECTION('',(-0.,1.,0.));
#7689 = ORIENTED_EDGE('',*,*,#7690,.T.);
#7690 = EDGE_CURVE('',#7683,#7394,#7691,.T.);
#7691 = LINE('',#7692,#7693);
#7692 = CARTESIAN_POINT('',(-42.6,27.6,46.2));
#7693 = VECTOR('',#7694,1.);
#7694 = DIRECTION('',(0.,0.,1.));
#7695 = PLANE('',#7696);
#7696 = AXIS2_PLACEMENT_3D('',#7697,#7698,#7699);
#7697 = CARTESIAN_POINT('',(-42.6,-34.6,46.2));
#7698 = DIRECTION('',(1.,0.,-0.));
#7699 = DIRECTION('',(0.,0.,1.));
#7700 = ADVANCED_FACE('',(#7701),#7720,.T.);
#7701 = FACE_BOUND('',#7702,.T.);
#7702 = EDGE_LOOP('',(#7703,#7712,#7718,#7719));
#7703 = ORIENTED_EDGE('',*,*,#7704,.T.);
#7704 = EDGE_CURVE('',#7675,#7705,#7707,.T.);
#7705 = VERTEX_POINT('',#7706);
#7706 = CARTESIAN_POINT('',(-35.6,-34.6,46.2));
#7707 = CIRCLE('',#7708,7.);
#7708 = AXIS2_PLACEMENT_3D('',#7709,#7710,#7711);
#7709 = CARTESIAN_POINT('',(-35.6,-27.6,46.2));
#7710 = DIRECTION('',(0.,0.,1.));
#7711 = DIRECTION('',(0.,-1.,0.));
#7712 = ORIENTED_EDGE('',*,*,#7713,.T.);
#7713 = EDGE_CURVE('',#7705,#7402,#7714,.T.);
#7714 = LINE('',#7715,#7716);
#7715 = CARTESIAN_POINT('',(-35.6,-34.6,46.2));
#7716 = VECTOR('',#7717,1.);
#7717 = DIRECTION('',(0.,0.,1.));
#7718 = ORIENTED_EDGE('',*,*,#7401,.F.);
#7719 = ORIENTED_EDGE('',*,*,#7674,.F.);
#7720 = CYLINDRICAL_SURFACE('',#7721,7.);
#7721 = AXIS2_PLACEMENT_3D('',#7722,#7723,#7724);
#7722 = CARTESIAN_POINT('',(-35.6,-27.6,46.2));
#7723 = DIRECTION('',(0.,0.,1.));
#7724 = DIRECTION('',(-1.,-0.,0.));
#7725 = ADVANCED_FACE('',(#7726),#7745,.T.);
#7726 = FACE_BOUND('',#7727,.F.);
#7727 = EDGE_LOOP('',(#7728,#7737,#7743,#7744));
#7728 = ORIENTED_EDGE('',*,*,#7729,.T.);
#7729 = EDGE_CURVE('',#7683,#7730,#7732,.T.);
#7730 = VERTEX_POINT('',#7731);
#7731 = CARTESIAN_POINT('',(-35.6,34.6,46.2));
#7732 = CIRCLE('',#7733,7.);
#7733 = AXIS2_PLACEMENT_3D('',#7734,#7735,#7736);
#7734 = CARTESIAN_POINT('',(-35.6,27.6,46.2));
#7735 = DIRECTION('',(-0.,-0.,-1.));
#7736 = DIRECTION('',(0.,-1.,0.));
#7737 = ORIENTED_EDGE('',*,*,#7738,.T.);
#7738 = EDGE_CURVE('',#7730,#7445,#7739,.T.);
#7739 = LINE('',#7740,#7741);
#7740 = CARTESIAN_POINT('',(-35.6,34.6,46.2));
#7741 = VECTOR('',#7742,1.);
#7742 = DIRECTION('',(0.,0.,1.));
#7743 = ORIENTED_EDGE('',*,*,#7452,.F.);
#7744 = ORIENTED_EDGE('',*,*,#7690,.F.);
#7745 = CYLINDRICAL_SURFACE('',#7746,7.);
#7746 = AXIS2_PLACEMENT_3D('',#7747,#7748,#7749);
#7747 = CARTESIAN_POINT('',(-35.6,27.6,46.2));
#7748 = DIRECTION('',(0.,0.,1.));
#7749 = DIRECTION('',(-1.,-0.,0.));
#7750 = ADVANCED_FACE('',(#7751),#7769,.F.);
#7751 = FACE_BOUND('',#7752,.F.);
#7752 = EDGE_LOOP('',(#7753,#7761,#7762,#7763));
#7753 = ORIENTED_EDGE('',*,*,#7754,.F.);
#7754 = EDGE_CURVE('',#7705,#7755,#7757,.T.);
#7755 = VERTEX_POINT('',#7756);
#7756 = CARTESIAN_POINT('',(35.6,-34.6,46.2));
#7757 = LINE('',#7758,#7759);
#7758 = CARTESIAN_POINT('',(-42.6,-34.6,46.2));
#7759 = VECTOR('',#7760,1.);
#7760 = DIRECTION('',(1.,0.,-0.));
#7761 = ORIENTED_EDGE('',*,*,#7713,.T.);
#7762 = ORIENTED_EDGE('',*,*,#7410,.T.);
#7763 = ORIENTED_EDGE('',*,*,#7764,.F.);
#7764 = EDGE_CURVE('',#7755,#7411,#7765,.T.);
#7765 = LINE('',#7766,#7767);
#7766 = CARTESIAN_POINT('',(35.6,-34.6,46.2));
#7767 = VECTOR('',#7768,1.);
#7768 = DIRECTION('',(0.,0.,1.));
#7769 = PLANE('',#7770);
#7770 = AXIS2_PLACEMENT_3D('',#7771,#7772,#7773);
#7771 = CARTESIAN_POINT('',(-42.6,-34.6,46.2));
#7772 = DIRECTION('',(-0.,1.,0.));
#7773 = DIRECTION('',(0.,0.,1.));
#7774 = ADVANCED_FACE('',(#7775),#7793,.T.);
#7775 = FACE_BOUND('',#7776,.T.);
#7776 = EDGE_LOOP('',(#7777,#7785,#7786,#7787));
#7777 = ORIENTED_EDGE('',*,*,#7778,.F.);
#7778 = EDGE_CURVE('',#7730,#7779,#7781,.T.);
#7779 = VERTEX_POINT('',#7780);
#7780 = CARTESIAN_POINT('',(35.6,34.6,46.2));
#7781 = LINE('',#7782,#7783);
#7782 = CARTESIAN_POINT('',(-42.6,34.6,46.2));
#7783 = VECTOR('',#7784,1.);
#7784 = DIRECTION('',(1.,0.,-0.));
#7785 = ORIENTED_EDGE('',*,*,#7738,.T.);
#7786 = ORIENTED_EDGE('',*,*,#7444,.T.);
#7787 = ORIENTED_EDGE('',*,*,#7788,.F.);
#7788 = EDGE_CURVE('',#7779,#7436,#7789,.T.);
#7789 = LINE('',#7790,#7791);
#7790 = CARTESIAN_POINT('',(35.6,34.6,46.2));
#7791 = VECTOR('',#7792,1.);
#7792 = DIRECTION('',(0.,0.,1.));
#7793 = PLANE('',#7794);
#7794 = AXIS2_PLACEMENT_3D('',#7795,#7796,#7797);
#7795 = CARTESIAN_POINT('',(-42.6,34.6,46.2));
#7796 = DIRECTION('',(-0.,1.,0.));
#7797 = DIRECTION('',(0.,0.,1.));
#7798 = ADVANCED_FACE('',(#7799),#7818,.T.);
#7799 = FACE_BOUND('',#7800,.F.);
#7800 = EDGE_LOOP('',(#7801,#7810,#7811,#7812));
#7801 = ORIENTED_EDGE('',*,*,#7802,.T.);
#7802 = EDGE_CURVE('',#7803,#7755,#7805,.T.);
#7803 = VERTEX_POINT('',#7804);
#7804 = CARTESIAN_POINT('',(42.6,-27.6,46.2));
#7805 = CIRCLE('',#7806,7.);
#7806 = AXIS2_PLACEMENT_3D('',#7807,#7808,#7809);
#7807 = CARTESIAN_POINT('',(35.6,-27.6,46.2));
#7808 = DIRECTION('',(-0.,-0.,-1.));
#7809 = DIRECTION('',(0.,-1.,0.));
#7810 = ORIENTED_EDGE('',*,*,#7764,.T.);
#7811 = ORIENTED_EDGE('',*,*,#7418,.F.);
#7812 = ORIENTED_EDGE('',*,*,#7813,.F.);
#7813 = EDGE_CURVE('',#7803,#7419,#7814,.T.);
#7814 = LINE('',#7815,#7816);
#7815 = CARTESIAN_POINT('',(42.6,-27.6,46.2));
#7816 = VECTOR('',#7817,1.);
#7817 = DIRECTION('',(0.,0.,1.));
#7818 = CYLINDRICAL_SURFACE('',#7819,7.);
#7819 = AXIS2_PLACEMENT_3D('',#7820,#7821,#7822);
#7820 = CARTESIAN_POINT('',(35.6,-27.6,46.2));
#7821 = DIRECTION('',(0.,0.,1.));
#7822 = DIRECTION('',(1.,0.,-0.));
#7823 = ADVANCED_FACE('',(#7824),#7843,.T.);
#7824 = FACE_BOUND('',#7825,.T.);
#7825 = EDGE_LOOP('',(#7826,#7835,#7836,#7837));
#7826 = ORIENTED_EDGE('',*,*,#7827,.T.);
#7827 = EDGE_CURVE('',#7828,#7779,#7830,.T.);
#7828 = VERTEX_POINT('',#7829);
#7829 = CARTESIAN_POINT('',(42.6,27.6,46.2));
#7830 = CIRCLE('',#7831,7.);
#7831 = AXIS2_PLACEMENT_3D('',#7832,#7833,#7834);
#7832 = CARTESIAN_POINT('',(35.6,27.6,46.2));
#7833 = DIRECTION('',(0.,0.,1.));
#7834 = DIRECTION('',(0.,-1.,0.));
#7835 = ORIENTED_EDGE('',*,*,#7788,.T.);
#7836 = ORIENTED_EDGE('',*,*,#7435,.F.);
#7837 = ORIENTED_EDGE('',*,*,#7838,.F.);
#7838 = EDGE_CURVE('',#7828,#7428,#7839,.T.);
#7839 = LINE('',#7840,#7841);
#7840 = CARTESIAN_POINT('',(42.6,27.6,46.2));
#7841 = VECTOR('',#7842,1.);
#7842 = DIRECTION('',(0.,0.,1.));
#7843 = CYLINDRICAL_SURFACE('',#7844,7.);
#7844 = AXIS2_PLACEMENT_3D('',#7845,#7846,#7847);
#7845 = CARTESIAN_POINT('',(35.6,27.6,46.2));
#7846 = DIRECTION('',(0.,0.,1.));
#7847 = DIRECTION('',(1.,0.,-0.));
#7848 = ADVANCED_FACE('',(#7849),#7860,.T.);
#7849 = FACE_BOUND('',#7850,.T.);
#7850 = EDGE_LOOP('',(#7851,#7852,#7853,#7859));
#7851 = ORIENTED_EDGE('',*,*,#7427,.F.);
#7852 = ORIENTED_EDGE('',*,*,#7813,.F.);
#7853 = ORIENTED_EDGE('',*,*,#7854,.T.);
#7854 = EDGE_CURVE('',#7803,#7828,#7855,.T.);
#7855 = LINE('',#7856,#7857);
#7856 = CARTESIAN_POINT('',(42.6,-34.6,46.2));
#7857 = VECTOR('',#7858,1.);
#7858 = DIRECTION('',(-0.,1.,0.));
#7859 = ORIENTED_EDGE('',*,*,#7838,.T.);
#7860 = PLANE('',#7861);
#7861 = AXIS2_PLACEMENT_3D('',#7862,#7863,#7864);
#7862 = CARTESIAN_POINT('',(42.6,-34.6,46.2));
#7863 = DIRECTION('',(1.,0.,-0.));
#7864 = DIRECTION('',(0.,0.,1.));
#7865 = ADVANCED_FACE('',(#7866,#7876),#7946,.T.);
#7866 = FACE_BOUND('',#7867,.T.);
#7867 = EDGE_LOOP('',(#7868,#7869,#7870,#7871,#7872,#7873,#7874,#7875));
#7868 = ORIENTED_EDGE('',*,*,#7477,.F.);
#7869 = ORIENTED_EDGE('',*,*,#7517,.T.);
#7870 = ORIENTED_EDGE('',*,*,#7560,.T.);
#7871 = ORIENTED_EDGE('',*,*,#7608,.F.);
#7872 = ORIENTED_EDGE('',*,*,#7656,.T.);
#7873 = ORIENTED_EDGE('',*,*,#7633,.T.);
#7874 = ORIENTED_EDGE('',*,*,#7584,.F.);
#7875 = ORIENTED_EDGE('',*,*,#7542,.F.);
#7876 = FACE_BOUND('',#7877,.T.);
#7877 = EDGE_LOOP('',(#7878,#7888,#7897,#7905,#7914,#7922,#7931,#7939));
#7878 = ORIENTED_EDGE('',*,*,#7879,.F.);
#7879 = EDGE_CURVE('',#7880,#7882,#7884,.T.);
#7880 = VERTEX_POINT('',#7881);
#7881 = CARTESIAN_POINT('',(-41.,27.,34.15));
#7882 = VERTEX_POINT('',#7883);
#7883 = CARTESIAN_POINT('',(-41.,-27.,34.15));
#7884 = LINE('',#7885,#7886);
#7885 = CARTESIAN_POINT('',(-41.,-33.8,34.15));
#7886 = VECTOR('',#7887,1.);
#7887 = DIRECTION('',(0.,-1.,0.));
#7888 = ORIENTED_EDGE('',*,*,#7889,.F.);
#7889 = EDGE_CURVE('',#7890,#7880,#7892,.T.);
#7890 = VERTEX_POINT('',#7891);
#7891 = CARTESIAN_POINT('',(-35.,33.,34.15));
#7892 = CIRCLE('',#7893,6.);
#7893 = AXIS2_PLACEMENT_3D('',#7894,#7895,#7896);
#7894 = CARTESIAN_POINT('',(-35.,27.,34.15));
#7895 = DIRECTION('',(0.,0.,1.));
#7896 = DIRECTION('',(-1.,-0.,0.));
#7897 = ORIENTED_EDGE('',*,*,#7898,.T.);
#7898 = EDGE_CURVE('',#7890,#7899,#7901,.T.);
#7899 = VERTEX_POINT('',#7900);
#7900 = CARTESIAN_POINT('',(35.,33.,34.15));
#7901 = LINE('',#7902,#7903);
#7902 = CARTESIAN_POINT('',(-41.8,33.,34.15));
#7903 = VECTOR('',#7904,1.);
#7904 = DIRECTION('',(1.,0.,-0.));
#7905 = ORIENTED_EDGE('',*,*,#7906,.F.);
#7906 = EDGE_CURVE('',#7907,#7899,#7909,.T.);
#7907 = VERTEX_POINT('',#7908);
#7908 = CARTESIAN_POINT('',(41.,27.,34.15));
#7909 = CIRCLE('',#7910,6.);
#7910 = AXIS2_PLACEMENT_3D('',#7911,#7912,#7913);
#7911 = CARTESIAN_POINT('',(35.,27.,34.15));
#7912 = DIRECTION('',(0.,0.,1.));
#7913 = DIRECTION('',(1.,0.,-0.));
#7914 = ORIENTED_EDGE('',*,*,#7915,.T.);
#7915 = EDGE_CURVE('',#7907,#7916,#7918,.T.);
#7916 = VERTEX_POINT('',#7917);
#7917 = CARTESIAN_POINT('',(41.,-27.,34.15));
#7918 = LINE('',#7919,#7920);
#7919 = CARTESIAN_POINT('',(41.,-33.8,34.15));
#7920 = VECTOR('',#7921,1.);
#7921 = DIRECTION('',(0.,-1.,0.));
#7922 = ORIENTED_EDGE('',*,*,#7923,.F.);
#7923 = EDGE_CURVE('',#7924,#7916,#7926,.T.);
#7924 = VERTEX_POINT('',#7925);
#7925 = CARTESIAN_POINT('',(35.,-33.,34.15));
#7926 = CIRCLE('',#7927,6.);
#7927 = AXIS2_PLACEMENT_3D('',#7928,#7929,#7930);
#7928 = CARTESIAN_POINT('',(35.,-27.,34.15));
#7929 = DIRECTION('',(0.,0.,1.));
#7930 = DIRECTION('',(1.,0.,-0.));
#7931 = ORIENTED_EDGE('',*,*,#7932,.F.);
#7932 = EDGE_CURVE('',#7933,#7924,#7935,.T.);
#7933 = VERTEX_POINT('',#7934);
#7934 = CARTESIAN_POINT('',(-35.,-33.,34.15));
#7935 = LINE('',#7936,#7937);
#7936 = CARTESIAN_POINT('',(-41.8,-33.,34.15));
#7937 = VECTOR('',#7938,1.);
#7938 = DIRECTION('',(1.,0.,-0.));
#7939 = ORIENTED_EDGE('',*,*,#7940,.F.);
#7940 = EDGE_CURVE('',#7882,#7933,#7941,.T.);
#7941 = CIRCLE('',#7942,6.);
#7942 = AXIS2_PLACEMENT_3D('',#7943,#7944,#7945);
#7943 = CARTESIAN_POINT('',(-35.,-27.,34.15));
#7944 = DIRECTION('',(0.,0.,1.));
#7945 = DIRECTION('',(-1.,-0.,0.));
#7946 = PLANE('',#7947);
#7947 = AXIS2_PLACEMENT_3D('',#7948,#7949,#7950);
#7948 = CARTESIAN_POINT('',(-42.6,-34.6,34.15));
#7949 = DIRECTION('',(0.,0.,1.));
#7950 = DIRECTION('',(1.,0.,-0.));
#7951 = ADVANCED_FACE('',(#7952,#7962),#8032,.F.);
#7952 = FACE_BOUND('',#7953,.F.);
#7953 = EDGE_LOOP('',(#7954,#7955,#7956,#7957,#7958,#7959,#7960,#7961));
#7954 = ORIENTED_EDGE('',*,*,#7682,.F.);
#7955 = ORIENTED_EDGE('',*,*,#7704,.T.);
#7956 = ORIENTED_EDGE('',*,*,#7754,.T.);
#7957 = ORIENTED_EDGE('',*,*,#7802,.F.);
#7958 = ORIENTED_EDGE('',*,*,#7854,.T.);
#7959 = ORIENTED_EDGE('',*,*,#7827,.T.);
#7960 = ORIENTED_EDGE('',*,*,#7778,.F.);
#7961 = ORIENTED_EDGE('',*,*,#7729,.F.);
#7962 = FACE_BOUND('',#7963,.F.);
#7963 = EDGE_LOOP('',(#7964,#7974,#7983,#7991,#8000,#8008,#8017,#8025));
#7964 = ORIENTED_EDGE('',*,*,#7965,.F.);
#7965 = EDGE_CURVE('',#7966,#7968,#7970,.T.);
#7966 = VERTEX_POINT('',#7967);
#7967 = CARTESIAN_POINT('',(-41.,27.,46.2));
#7968 = VERTEX_POINT('',#7969);
#7969 = CARTESIAN_POINT('',(-41.,-27.,46.2));
#7970 = LINE('',#7971,#7972);
#7971 = CARTESIAN_POINT('',(-41.,-33.8,46.2));
#7972 = VECTOR('',#7973,1.);
#7973 = DIRECTION('',(0.,-1.,0.));
#7974 = ORIENTED_EDGE('',*,*,#7975,.F.);
#7975 = EDGE_CURVE('',#7976,#7966,#7978,.T.);
#7976 = VERTEX_POINT('',#7977);
#7977 = CARTESIAN_POINT('',(-35.,33.,46.2));
#7978 = CIRCLE('',#7979,6.);
#7979 = AXIS2_PLACEMENT_3D('',#7980,#7981,#7982);
#7980 = CARTESIAN_POINT('',(-35.,27.,46.2));
#7981 = DIRECTION('',(0.,0.,1.));
#7982 = DIRECTION('',(-1.,-0.,0.));
#7983 = ORIENTED_EDGE('',*,*,#7984,.T.);
#7984 = EDGE_CURVE('',#7976,#7985,#7987,.T.);
#7985 = VERTEX_POINT('',#7986);
#7986 = CARTESIAN_POINT('',(35.,33.,46.2));
#7987 = LINE('',#7988,#7989);
#7988 = CARTESIAN_POINT('',(-41.8,33.,46.2));
#7989 = VECTOR('',#7990,1.);
#7990 = DIRECTION('',(1.,0.,-0.));
#7991 = ORIENTED_EDGE('',*,*,#7992,.F.);
#7992 = EDGE_CURVE('',#7993,#7985,#7995,.T.);
#7993 = VERTEX_POINT('',#7994);
#7994 = CARTESIAN_POINT('',(41.,27.,46.2));
#7995 = CIRCLE('',#7996,6.);
#7996 = AXIS2_PLACEMENT_3D('',#7997,#7998,#7999);
#7997 = CARTESIAN_POINT('',(35.,27.,46.2));
#7998 = DIRECTION('',(0.,0.,1.));
#7999 = DIRECTION('',(1.,0.,-0.));
#8000 = ORIENTED_EDGE('',*,*,#8001,.T.);
#8001 = EDGE_CURVE('',#7993,#8002,#8004,.T.);
#8002 = VERTEX_POINT('',#8003);
#8003 = CARTESIAN_POINT('',(41.,-27.,46.2));
#8004 = LINE('',#8005,#8006);
#8005 = CARTESIAN_POINT('',(41.,-33.8,46.2));
#8006 = VECTOR('',#8007,1.);
#8007 = DIRECTION('',(0.,-1.,0.));
#8008 = ORIENTED_EDGE('',*,*,#8009,.F.);
#8009 = EDGE_CURVE('',#8010,#8002,#8012,.T.);
#8010 = VERTEX_POINT('',#8011);
#8011 = CARTESIAN_POINT('',(35.,-33.,46.2));
#8012 = CIRCLE('',#8013,6.);
#8013 = AXIS2_PLACEMENT_3D('',#8014,#8015,#8016);
#8014 = CARTESIAN_POINT('',(35.,-27.,46.2));
#8015 = DIRECTION('',(0.,0.,1.));
#8016 = DIRECTION('',(1.,0.,-0.));
#8017 = ORIENTED_EDGE('',*,*,#8018,.F.);
#8018 = EDGE_CURVE('',#8019,#8010,#8021,.T.);
#8019 = VERTEX_POINT('',#8020);
#8020 = CARTESIAN_POINT('',(-35.,-33.,46.2));
#8021 = LINE('',#8022,#8023);
#8022 = CARTESIAN_POINT('',(-41.8,-33.,46.2));
#8023 = VECTOR('',#8024,1.);
#8024 = DIRECTION('',(1.,0.,-0.));
#8025 = ORIENTED_EDGE('',*,*,#8026,.F.);
#8026 = EDGE_CURVE('',#7968,#8019,#8027,.T.);
#8027 = CIRCLE('',#8028,6.);
#8028 = AXIS2_PLACEMENT_3D('',#8029,#8030,#8031);
#8029 = CARTESIAN_POINT('',(-35.,-27.,46.2));
#8030 = DIRECTION('',(0.,0.,1.));
#8031 = DIRECTION('',(-1.,-0.,0.));
#8032 = PLANE('',#8033);
#8033 = AXIS2_PLACEMENT_3D('',#8034,#8035,#8036);
#8034 = CARTESIAN_POINT('',(-42.6,-34.6,46.2));
#8035 = DIRECTION('',(0.,0.,1.));
#8036 = DIRECTION('',(1.,0.,-0.));
#8037 = ADVANCED_FACE('',(#8038),#8063,.F.);
#8038 = FACE_BOUND('',#8039,.F.);
#8039 = EDGE_LOOP('',(#8040,#8050,#8056,#8057));
#8040 = ORIENTED_EDGE('',*,*,#8041,.T.);
#8041 = EDGE_CURVE('',#8042,#8044,#8046,.T.);
#8042 = VERTEX_POINT('',#8043);
#8043 = CARTESIAN_POINT('',(-41.,27.,37.4));
#8044 = VERTEX_POINT('',#8045);
#8045 = CARTESIAN_POINT('',(-41.,-27.,37.4));
#8046 = LINE('',#8047,#8048);
#8047 = CARTESIAN_POINT('',(-41.,-33.8,37.4));
#8048 = VECTOR('',#8049,1.);
#8049 = DIRECTION('',(0.,-1.,0.));
#8050 = ORIENTED_EDGE('',*,*,#8051,.F.);
#8051 = EDGE_CURVE('',#7882,#8044,#8052,.T.);
#8052 = LINE('',#8053,#8054);
#8053 = CARTESIAN_POINT('',(-41.,-27.,0.));
#8054 = VECTOR('',#8055,1.);
#8055 = DIRECTION('',(0.,0.,1.));
#8056 = ORIENTED_EDGE('',*,*,#7879,.F.);
#8057 = ORIENTED_EDGE('',*,*,#8058,.T.);
#8058 = EDGE_CURVE('',#7880,#8042,#8059,.T.);
#8059 = LINE('',#8060,#8061);
#8060 = CARTESIAN_POINT('',(-41.,27.,0.));
#8061 = VECTOR('',#8062,1.);
#8062 = DIRECTION('',(0.,0.,1.));
#8063 = PLANE('',#8064);
#8064 = AXIS2_PLACEMENT_3D('',#8065,#8066,#8067);
#8065 = CARTESIAN_POINT('',(-41.,-33.,0.));
#8066 = DIRECTION('',(1.,0.,-0.));
#8067 = DIRECTION('',(0.,0.,1.));
#8068 = ADVANCED_FACE('',(#8069),#8088,.T.);
#8069 = FACE_BOUND('',#8070,.T.);
#8070 = EDGE_LOOP('',(#8071,#8072,#8073,#8081));
#8071 = ORIENTED_EDGE('',*,*,#8051,.F.);
#8072 = ORIENTED_EDGE('',*,*,#7940,.T.);
#8073 = ORIENTED_EDGE('',*,*,#8074,.T.);
#8074 = EDGE_CURVE('',#7933,#8075,#8077,.T.);
#8075 = VERTEX_POINT('',#8076);
#8076 = CARTESIAN_POINT('',(-35.,-33.,37.4));
#8077 = LINE('',#8078,#8079);
#8078 = CARTESIAN_POINT('',(-35.,-33.,0.));
#8079 = VECTOR('',#8080,1.);
#8080 = DIRECTION('',(0.,0.,1.));
#8081 = ORIENTED_EDGE('',*,*,#8082,.F.);
#8082 = EDGE_CURVE('',#8044,#8075,#8083,.T.);
#8083 = CIRCLE('',#8084,6.);
#8084 = AXIS2_PLACEMENT_3D('',#8085,#8086,#8087);
#8085 = CARTESIAN_POINT('',(-35.,-27.,37.4));
#8086 = DIRECTION('',(0.,0.,1.));
#8087 = DIRECTION('',(-1.,-0.,0.));
#8088 = CYLINDRICAL_SURFACE('',#8089,6.);
#8089 = AXIS2_PLACEMENT_3D('',#8090,#8091,#8092);
#8090 = CARTESIAN_POINT('',(-35.,-27.,0.));
#8091 = DIRECTION('',(0.,0.,1.));
#8092 = DIRECTION('',(-1.,-0.,0.));
#8093 = ADVANCED_FACE('',(#8094),#8112,.F.);
#8094 = FACE_BOUND('',#8095,.F.);
#8095 = EDGE_LOOP('',(#8096,#8097,#8098,#8106));
#8096 = ORIENTED_EDGE('',*,*,#7932,.F.);
#8097 = ORIENTED_EDGE('',*,*,#8074,.T.);
#8098 = ORIENTED_EDGE('',*,*,#8099,.T.);
#8099 = EDGE_CURVE('',#8075,#8100,#8102,.T.);
#8100 = VERTEX_POINT('',#8101);
#8101 = CARTESIAN_POINT('',(35.,-33.,37.4));
#8102 = LINE('',#8103,#8104);
#8103 = CARTESIAN_POINT('',(-41.8,-33.,37.4));
#8104 = VECTOR('',#8105,1.);
#8105 = DIRECTION('',(1.,0.,-0.));
#8106 = ORIENTED_EDGE('',*,*,#8107,.F.);
#8107 = EDGE_CURVE('',#7924,#8100,#8108,.T.);
#8108 = LINE('',#8109,#8110);
#8109 = CARTESIAN_POINT('',(35.,-33.,0.));
#8110 = VECTOR('',#8111,1.);
#8111 = DIRECTION('',(0.,0.,1.));
#8112 = PLANE('',#8113);
#8113 = AXIS2_PLACEMENT_3D('',#8114,#8115,#8116);
#8114 = CARTESIAN_POINT('',(-41.,-33.,0.));
#8115 = DIRECTION('',(-0.,1.,0.));
#8116 = DIRECTION('',(0.,0.,1.));
#8117 = ADVANCED_FACE('',(#8118),#8137,.T.);
#8118 = FACE_BOUND('',#8119,.F.);
#8119 = EDGE_LOOP('',(#8120,#8128,#8129,#8130));
#8120 = ORIENTED_EDGE('',*,*,#8121,.F.);
#8121 = EDGE_CURVE('',#7916,#8122,#8124,.T.);
#8122 = VERTEX_POINT('',#8123);
#8123 = CARTESIAN_POINT('',(41.,-27.,37.4));
#8124 = LINE('',#8125,#8126);
#8125 = CARTESIAN_POINT('',(41.,-27.,0.));
#8126 = VECTOR('',#8127,1.);
#8127 = DIRECTION('',(0.,0.,1.));
#8128 = ORIENTED_EDGE('',*,*,#7923,.F.);
#8129 = ORIENTED_EDGE('',*,*,#8107,.T.);
#8130 = ORIENTED_EDGE('',*,*,#8131,.T.);
#8131 = EDGE_CURVE('',#8100,#8122,#8132,.T.);
#8132 = CIRCLE('',#8133,6.);
#8133 = AXIS2_PLACEMENT_3D('',#8134,#8135,#8136);
#8134 = CARTESIAN_POINT('',(35.,-27.,37.4));
#8135 = DIRECTION('',(0.,0.,1.));
#8136 = DIRECTION('',(1.,0.,-0.));
#8137 = CYLINDRICAL_SURFACE('',#8138,6.);
#8138 = AXIS2_PLACEMENT_3D('',#8139,#8140,#8141);
#8139 = CARTESIAN_POINT('',(35.,-27.,0.));
#8140 = DIRECTION('',(0.,0.,1.));
#8141 = DIRECTION('',(1.,0.,-0.));
#8142 = ADVANCED_FACE('',(#8143),#8161,.T.);
#8143 = FACE_BOUND('',#8144,.T.);
#8144 = EDGE_LOOP('',(#8145,#8153,#8154,#8155));
#8145 = ORIENTED_EDGE('',*,*,#8146,.T.);
#8146 = EDGE_CURVE('',#8147,#8122,#8149,.T.);
#8147 = VERTEX_POINT('',#8148);
#8148 = CARTESIAN_POINT('',(41.,27.,37.4));
#8149 = LINE('',#8150,#8151);
#8150 = CARTESIAN_POINT('',(41.,-33.8,37.4));
#8151 = VECTOR('',#8152,1.);
#8152 = DIRECTION('',(0.,-1.,0.));
#8153 = ORIENTED_EDGE('',*,*,#8121,.F.);
#8154 = ORIENTED_EDGE('',*,*,#7915,.F.);
#8155 = ORIENTED_EDGE('',*,*,#8156,.T.);
#8156 = EDGE_CURVE('',#7907,#8147,#8157,.T.);
#8157 = LINE('',#8158,#8159);
#8158 = CARTESIAN_POINT('',(41.,27.,0.));
#8159 = VECTOR('',#8160,1.);
#8160 = DIRECTION('',(0.,0.,1.));
#8161 = PLANE('',#8162);
#8162 = AXIS2_PLACEMENT_3D('',#8163,#8164,#8165);
#8163 = CARTESIAN_POINT('',(41.,-33.,0.));
#8164 = DIRECTION('',(1.,0.,-0.));
#8165 = DIRECTION('',(0.,0.,1.));
#8166 = ADVANCED_FACE('',(#8167),#8186,.T.);
#8167 = FACE_BOUND('',#8168,.T.);
#8168 = EDGE_LOOP('',(#8169,#8170,#8171,#8179));
#8169 = ORIENTED_EDGE('',*,*,#8156,.F.);
#8170 = ORIENTED_EDGE('',*,*,#7906,.T.);
#8171 = ORIENTED_EDGE('',*,*,#8172,.T.);
#8172 = EDGE_CURVE('',#7899,#8173,#8175,.T.);
#8173 = VERTEX_POINT('',#8174);
#8174 = CARTESIAN_POINT('',(35.,33.,37.4));
#8175 = LINE('',#8176,#8177);
#8176 = CARTESIAN_POINT('',(35.,33.,0.));
#8177 = VECTOR('',#8178,1.);
#8178 = DIRECTION('',(0.,0.,1.));
#8179 = ORIENTED_EDGE('',*,*,#8180,.F.);
#8180 = EDGE_CURVE('',#8147,#8173,#8181,.T.);
#8181 = CIRCLE('',#8182,6.);
#8182 = AXIS2_PLACEMENT_3D('',#8183,#8184,#8185);
#8183 = CARTESIAN_POINT('',(35.,27.,37.4));
#8184 = DIRECTION('',(0.,0.,1.));
#8185 = DIRECTION('',(1.,0.,-0.));
#8186 = CYLINDRICAL_SURFACE('',#8187,6.);
#8187 = AXIS2_PLACEMENT_3D('',#8188,#8189,#8190);
#8188 = CARTESIAN_POINT('',(35.,27.,0.));
#8189 = DIRECTION('',(0.,0.,1.));
#8190 = DIRECTION('',(1.,0.,-0.));
#8191 = ADVANCED_FACE('',(#8192),#8210,.T.);
#8192 = FACE_BOUND('',#8193,.T.);
#8193 = EDGE_LOOP('',(#8194,#8195,#8203,#8209));
#8194 = ORIENTED_EDGE('',*,*,#7898,.F.);
#8195 = ORIENTED_EDGE('',*,*,#8196,.T.);
#8196 = EDGE_CURVE('',#7890,#8197,#8199,.T.);
#8197 = VERTEX_POINT('',#8198);
#8198 = CARTESIAN_POINT('',(-35.,33.,37.4));
#8199 = LINE('',#8200,#8201);
#8200 = CARTESIAN_POINT('',(-35.,33.,0.));
#8201 = VECTOR('',#8202,1.);
#8202 = DIRECTION('',(0.,0.,1.));
#8203 = ORIENTED_EDGE('',*,*,#8204,.T.);
#8204 = EDGE_CURVE('',#8197,#8173,#8205,.T.);
#8205 = LINE('',#8206,#8207);
#8206 = CARTESIAN_POINT('',(-41.8,33.,37.4));
#8207 = VECTOR('',#8208,1.);
#8208 = DIRECTION('',(1.,0.,-0.));
#8209 = ORIENTED_EDGE('',*,*,#8172,.F.);
#8210 = PLANE('',#8211);
#8211 = AXIS2_PLACEMENT_3D('',#8212,#8213,#8214);
#8212 = CARTESIAN_POINT('',(-41.,33.,0.));
#8213 = DIRECTION('',(-0.,1.,0.));
#8214 = DIRECTION('',(0.,0.,1.));
#8215 = ADVANCED_FACE('',(#8216),#8228,.T.);
#8216 = FACE_BOUND('',#8217,.F.);
#8217 = EDGE_LOOP('',(#8218,#8219,#8220,#8221));
#8218 = ORIENTED_EDGE('',*,*,#8058,.F.);
#8219 = ORIENTED_EDGE('',*,*,#7889,.F.);
#8220 = ORIENTED_EDGE('',*,*,#8196,.T.);
#8221 = ORIENTED_EDGE('',*,*,#8222,.T.);
#8222 = EDGE_CURVE('',#8197,#8042,#8223,.T.);
#8223 = CIRCLE('',#8224,6.);
#8224 = AXIS2_PLACEMENT_3D('',#8225,#8226,#8227);
#8225 = CARTESIAN_POINT('',(-35.,27.,37.4));
#8226 = DIRECTION('',(0.,0.,1.));
#8227 = DIRECTION('',(-1.,-0.,0.));
#8228 = CYLINDRICAL_SURFACE('',#8229,6.);
#8229 = AXIS2_PLACEMENT_3D('',#8230,#8231,#8232);
#8230 = CARTESIAN_POINT('',(-35.,27.,0.));
#8231 = DIRECTION('',(0.,0.,1.));
#8232 = DIRECTION('',(-1.,-0.,0.));
#8233 = ADVANCED_FACE('',(#8234),#8259,.F.);
#8234 = FACE_BOUND('',#8235,.F.);
#8235 = EDGE_LOOP('',(#8236,#8237,#8245,#8253));
#8236 = ORIENTED_EDGE('',*,*,#7965,.T.);
#8237 = ORIENTED_EDGE('',*,*,#8238,.F.);
#8238 = EDGE_CURVE('',#8239,#7968,#8241,.T.);
#8239 = VERTEX_POINT('',#8240);
#8240 = CARTESIAN_POINT('',(-41.,-27.,42.95));
#8241 = LINE('',#8242,#8243);
#8242 = CARTESIAN_POINT('',(-41.,-27.,0.));
#8243 = VECTOR('',#8244,1.);
#8244 = DIRECTION('',(0.,0.,1.));
#8245 = ORIENTED_EDGE('',*,*,#8246,.F.);
#8246 = EDGE_CURVE('',#8247,#8239,#8249,.T.);
#8247 = VERTEX_POINT('',#8248);
#8248 = CARTESIAN_POINT('',(-41.,27.,42.95));
#8249 = LINE('',#8250,#8251);
#8250 = CARTESIAN_POINT('',(-41.,-33.8,42.95));
#8251 = VECTOR('',#8252,1.);
#8252 = DIRECTION('',(0.,-1.,0.));
#8253 = ORIENTED_EDGE('',*,*,#8254,.T.);
#8254 = EDGE_CURVE('',#8247,#7966,#8255,.T.);
#8255 = LINE('',#8256,#8257);
#8256 = CARTESIAN_POINT('',(-41.,27.,0.));
#8257 = VECTOR('',#8258,1.);
#8258 = DIRECTION('',(0.,0.,1.));
#8259 = PLANE('',#8260);
#8260 = AXIS2_PLACEMENT_3D('',#8261,#8262,#8263);
#8261 = CARTESIAN_POINT('',(-41.,-33.,0.));
#8262 = DIRECTION('',(1.,0.,-0.));
#8263 = DIRECTION('',(0.,0.,1.));
#8264 = ADVANCED_FACE('',(#8265),#8284,.T.);
#8265 = FACE_BOUND('',#8266,.T.);
#8266 = EDGE_LOOP('',(#8267,#8268,#8277,#8283));
#8267 = ORIENTED_EDGE('',*,*,#8238,.F.);
#8268 = ORIENTED_EDGE('',*,*,#8269,.T.);
#8269 = EDGE_CURVE('',#8239,#8270,#8272,.T.);
#8270 = VERTEX_POINT('',#8271);
#8271 = CARTESIAN_POINT('',(-35.,-33.,42.95));
#8272 = CIRCLE('',#8273,6.);
#8273 = AXIS2_PLACEMENT_3D('',#8274,#8275,#8276);
#8274 = CARTESIAN_POINT('',(-35.,-27.,42.95));
#8275 = DIRECTION('',(0.,0.,1.));
#8276 = DIRECTION('',(-1.,-0.,0.));
#8277 = ORIENTED_EDGE('',*,*,#8278,.T.);
#8278 = EDGE_CURVE('',#8270,#8019,#8279,.T.);
#8279 = LINE('',#8280,#8281);
#8280 = CARTESIAN_POINT('',(-35.,-33.,0.));
#8281 = VECTOR('',#8282,1.);
#8282 = DIRECTION('',(0.,0.,1.));
#8283 = ORIENTED_EDGE('',*,*,#8026,.F.);
#8284 = CYLINDRICAL_SURFACE('',#8285,6.);
#8285 = AXIS2_PLACEMENT_3D('',#8286,#8287,#8288);
#8286 = CARTESIAN_POINT('',(-35.,-27.,0.));
#8287 = DIRECTION('',(0.,0.,1.));
#8288 = DIRECTION('',(-1.,-0.,0.));
#8289 = ADVANCED_FACE('',(#8290),#8308,.F.);
#8290 = FACE_BOUND('',#8291,.F.);
#8291 = EDGE_LOOP('',(#8292,#8300,#8301,#8302));
#8292 = ORIENTED_EDGE('',*,*,#8293,.F.);
#8293 = EDGE_CURVE('',#8270,#8294,#8296,.T.);
#8294 = VERTEX_POINT('',#8295);
#8295 = CARTESIAN_POINT('',(35.,-33.,42.95));
#8296 = LINE('',#8297,#8298);
#8297 = CARTESIAN_POINT('',(-41.8,-33.,42.95));
#8298 = VECTOR('',#8299,1.);
#8299 = DIRECTION('',(1.,0.,-0.));
#8300 = ORIENTED_EDGE('',*,*,#8278,.T.);
#8301 = ORIENTED_EDGE('',*,*,#8018,.T.);
#8302 = ORIENTED_EDGE('',*,*,#8303,.F.);
#8303 = EDGE_CURVE('',#8294,#8010,#8304,.T.);
#8304 = LINE('',#8305,#8306);
#8305 = CARTESIAN_POINT('',(35.,-33.,0.));
#8306 = VECTOR('',#8307,1.);
#8307 = DIRECTION('',(0.,0.,1.));
#8308 = PLANE('',#8309);
#8309 = AXIS2_PLACEMENT_3D('',#8310,#8311,#8312);
#8310 = CARTESIAN_POINT('',(-41.,-33.,0.));
#8311 = DIRECTION('',(-0.,1.,0.));
#8312 = DIRECTION('',(0.,0.,1.));
#8313 = ADVANCED_FACE('',(#8314),#8333,.T.);
#8314 = FACE_BOUND('',#8315,.F.);
#8315 = EDGE_LOOP('',(#8316,#8324,#8331,#8332));
#8316 = ORIENTED_EDGE('',*,*,#8317,.F.);
#8317 = EDGE_CURVE('',#8318,#8002,#8320,.T.);
#8318 = VERTEX_POINT('',#8319);
#8319 = CARTESIAN_POINT('',(41.,-27.,42.95));
#8320 = LINE('',#8321,#8322);
#8321 = CARTESIAN_POINT('',(41.,-27.,0.));
#8322 = VECTOR('',#8323,1.);
#8323 = DIRECTION('',(0.,0.,1.));
#8324 = ORIENTED_EDGE('',*,*,#8325,.F.);
#8325 = EDGE_CURVE('',#8294,#8318,#8326,.T.);
#8326 = CIRCLE('',#8327,6.);
#8327 = AXIS2_PLACEMENT_3D('',#8328,#8329,#8330);
#8328 = CARTESIAN_POINT('',(35.,-27.,42.95));
#8329 = DIRECTION('',(0.,0.,1.));
#8330 = DIRECTION('',(1.,0.,-0.));
#8331 = ORIENTED_EDGE('',*,*,#8303,.T.);
#8332 = ORIENTED_EDGE('',*,*,#8009,.T.);
#8333 = CYLINDRICAL_SURFACE('',#8334,6.);
#8334 = AXIS2_PLACEMENT_3D('',#8335,#8336,#8337);
#8335 = CARTESIAN_POINT('',(35.,-27.,0.));
#8336 = DIRECTION('',(0.,0.,1.));
#8337 = DIRECTION('',(1.,0.,-0.));
#8338 = ADVANCED_FACE('',(#8339),#8357,.T.);
#8339 = FACE_BOUND('',#8340,.T.);
#8340 = EDGE_LOOP('',(#8341,#8342,#8343,#8351));
#8341 = ORIENTED_EDGE('',*,*,#8001,.T.);
#8342 = ORIENTED_EDGE('',*,*,#8317,.F.);
#8343 = ORIENTED_EDGE('',*,*,#8344,.F.);
#8344 = EDGE_CURVE('',#8345,#8318,#8347,.T.);
#8345 = VERTEX_POINT('',#8346);
#8346 = CARTESIAN_POINT('',(41.,27.,42.95));
#8347 = LINE('',#8348,#8349);
#8348 = CARTESIAN_POINT('',(41.,-33.8,42.95));
#8349 = VECTOR('',#8350,1.);
#8350 = DIRECTION('',(0.,-1.,0.));
#8351 = ORIENTED_EDGE('',*,*,#8352,.T.);
#8352 = EDGE_CURVE('',#8345,#7993,#8353,.T.);
#8353 = LINE('',#8354,#8355);
#8354 = CARTESIAN_POINT('',(41.,27.,0.));
#8355 = VECTOR('',#8356,1.);
#8356 = DIRECTION('',(0.,0.,1.));
#8357 = PLANE('',#8358);
#8358 = AXIS2_PLACEMENT_3D('',#8359,#8360,#8361);
#8359 = CARTESIAN_POINT('',(41.,-33.,0.));
#8360 = DIRECTION('',(1.,0.,-0.));
#8361 = DIRECTION('',(0.,0.,1.));
#8362 = ADVANCED_FACE('',(#8363),#8382,.T.);
#8363 = FACE_BOUND('',#8364,.T.);
#8364 = EDGE_LOOP('',(#8365,#8366,#8375,#8381));
#8365 = ORIENTED_EDGE('',*,*,#8352,.F.);
#8366 = ORIENTED_EDGE('',*,*,#8367,.T.);
#8367 = EDGE_CURVE('',#8345,#8368,#8370,.T.);
#8368 = VERTEX_POINT('',#8369);
#8369 = CARTESIAN_POINT('',(35.,33.,42.95));
#8370 = CIRCLE('',#8371,6.);
#8371 = AXIS2_PLACEMENT_3D('',#8372,#8373,#8374);
#8372 = CARTESIAN_POINT('',(35.,27.,42.95));
#8373 = DIRECTION('',(0.,0.,1.));
#8374 = DIRECTION('',(1.,0.,-0.));
#8375 = ORIENTED_EDGE('',*,*,#8376,.T.);
#8376 = EDGE_CURVE('',#8368,#7985,#8377,.T.);
#8377 = LINE('',#8378,#8379);
#8378 = CARTESIAN_POINT('',(35.,33.,0.));
#8379 = VECTOR('',#8380,1.);
#8380 = DIRECTION('',(0.,0.,1.));
#8381 = ORIENTED_EDGE('',*,*,#7992,.F.);
#8382 = CYLINDRICAL_SURFACE('',#8383,6.);
#8383 = AXIS2_PLACEMENT_3D('',#8384,#8385,#8386);
#8384 = CARTESIAN_POINT('',(35.,27.,0.));
#8385 = DIRECTION('',(0.,0.,1.));
#8386 = DIRECTION('',(1.,0.,-0.));
#8387 = ADVANCED_FACE('',(#8388),#8406,.T.);
#8388 = FACE_BOUND('',#8389,.T.);
#8389 = EDGE_LOOP('',(#8390,#8398,#8404,#8405));
#8390 = ORIENTED_EDGE('',*,*,#8391,.F.);
#8391 = EDGE_CURVE('',#8392,#8368,#8394,.T.);
#8392 = VERTEX_POINT('',#8393);
#8393 = CARTESIAN_POINT('',(-35.,33.,42.95));
#8394 = LINE('',#8395,#8396);
#8395 = CARTESIAN_POINT('',(-41.8,33.,42.95));
#8396 = VECTOR('',#8397,1.);
#8397 = DIRECTION('',(1.,0.,-0.));
#8398 = ORIENTED_EDGE('',*,*,#8399,.T.);
#8399 = EDGE_CURVE('',#8392,#7976,#8400,.T.);
#8400 = LINE('',#8401,#8402);
#8401 = CARTESIAN_POINT('',(-35.,33.,0.));
#8402 = VECTOR('',#8403,1.);
#8403 = DIRECTION('',(0.,0.,1.));
#8404 = ORIENTED_EDGE('',*,*,#7984,.T.);
#8405 = ORIENTED_EDGE('',*,*,#8376,.F.);
#8406 = PLANE('',#8407);
#8407 = AXIS2_PLACEMENT_3D('',#8408,#8409,#8410);
#8408 = CARTESIAN_POINT('',(-41.,33.,0.));
#8409 = DIRECTION('',(-0.,1.,0.));
#8410 = DIRECTION('',(0.,0.,1.));
#8411 = ADVANCED_FACE('',(#8412),#8424,.T.);
#8412 = FACE_BOUND('',#8413,.F.);
#8413 = EDGE_LOOP('',(#8414,#8415,#8422,#8423));
#8414 = ORIENTED_EDGE('',*,*,#8254,.F.);
#8415 = ORIENTED_EDGE('',*,*,#8416,.F.);
#8416 = EDGE_CURVE('',#8392,#8247,#8417,.T.);
#8417 = CIRCLE('',#8418,6.);
#8418 = AXIS2_PLACEMENT_3D('',#8419,#8420,#8421);
#8419 = CARTESIAN_POINT('',(-35.,27.,42.95));
#8420 = DIRECTION('',(0.,0.,1.));
#8421 = DIRECTION('',(-1.,-0.,0.));
#8422 = ORIENTED_EDGE('',*,*,#8399,.T.);
#8423 = ORIENTED_EDGE('',*,*,#7975,.T.);
#8424 = CYLINDRICAL_SURFACE('',#8425,6.);
#8425 = AXIS2_PLACEMENT_3D('',#8426,#8427,#8428);
#8426 = CARTESIAN_POINT('',(-35.,27.,0.));
#8427 = DIRECTION('',(0.,0.,1.));
#8428 = DIRECTION('',(-1.,-0.,0.));
#8429 = ADVANCED_FACE('',(#8430,#8500),#8510,.F.);
#8430 = FACE_BOUND('',#8431,.F.);
#8431 = EDGE_LOOP('',(#8432,#8442,#8451,#8459,#8468,#8476,#8485,#8493));
#8432 = ORIENTED_EDGE('',*,*,#8433,.F.);
#8433 = EDGE_CURVE('',#8434,#8436,#8438,.T.);
#8434 = VERTEX_POINT('',#8435);
#8435 = CARTESIAN_POINT('',(-42.6,-27.6,37.4));
#8436 = VERTEX_POINT('',#8437);
#8437 = CARTESIAN_POINT('',(-42.6,27.6,37.4));
#8438 = LINE('',#8439,#8440);
#8439 = CARTESIAN_POINT('',(-42.6,-34.6,37.4));
#8440 = VECTOR('',#8441,1.);
#8441 = DIRECTION('',(-0.,1.,0.));
#8442 = ORIENTED_EDGE('',*,*,#8443,.T.);
#8443 = EDGE_CURVE('',#8434,#8444,#8446,.T.);
#8444 = VERTEX_POINT('',#8445);
#8445 = CARTESIAN_POINT('',(-35.6,-34.6,37.4));
#8446 = CIRCLE('',#8447,7.);
#8447 = AXIS2_PLACEMENT_3D('',#8448,#8449,#8450);
#8448 = CARTESIAN_POINT('',(-35.6,-27.6,37.4));
#8449 = DIRECTION('',(0.,0.,1.));
#8450 = DIRECTION('',(0.,-1.,0.));
#8451 = ORIENTED_EDGE('',*,*,#8452,.T.);
#8452 = EDGE_CURVE('',#8444,#8453,#8455,.T.);
#8453 = VERTEX_POINT('',#8454);
#8454 = CARTESIAN_POINT('',(35.6,-34.6,37.4));
#8455 = LINE('',#8456,#8457);
#8456 = CARTESIAN_POINT('',(-42.6,-34.6,37.4));
#8457 = VECTOR('',#8458,1.);
#8458 = DIRECTION('',(1.,0.,-0.));
#8459 = ORIENTED_EDGE('',*,*,#8460,.F.);
#8460 = EDGE_CURVE('',#8461,#8453,#8463,.T.);
#8461 = VERTEX_POINT('',#8462);
#8462 = CARTESIAN_POINT('',(42.6,-27.6,37.4));
#8463 = CIRCLE('',#8464,7.);
#8464 = AXIS2_PLACEMENT_3D('',#8465,#8466,#8467);
#8465 = CARTESIAN_POINT('',(35.6,-27.6,37.4));
#8466 = DIRECTION('',(-0.,-0.,-1.));
#8467 = DIRECTION('',(0.,-1.,0.));
#8468 = ORIENTED_EDGE('',*,*,#8469,.T.);
#8469 = EDGE_CURVE('',#8461,#8470,#8472,.T.);
#8470 = VERTEX_POINT('',#8471);
#8471 = CARTESIAN_POINT('',(42.6,27.6,37.4));
#8472 = LINE('',#8473,#8474);
#8473 = CARTESIAN_POINT('',(42.6,-34.6,37.4));
#8474 = VECTOR('',#8475,1.);
#8475 = DIRECTION('',(-0.,1.,0.));
#8476 = ORIENTED_EDGE('',*,*,#8477,.T.);
#8477 = EDGE_CURVE('',#8470,#8478,#8480,.T.);
#8478 = VERTEX_POINT('',#8479);
#8479 = CARTESIAN_POINT('',(35.6,34.6,37.4));
#8480 = CIRCLE('',#8481,7.);
#8481 = AXIS2_PLACEMENT_3D('',#8482,#8483,#8484);
#8482 = CARTESIAN_POINT('',(35.6,27.6,37.4));
#8483 = DIRECTION('',(0.,0.,1.));
#8484 = DIRECTION('',(0.,-1.,0.));
#8485 = ORIENTED_EDGE('',*,*,#8486,.F.);
#8486 = EDGE_CURVE('',#8487,#8478,#8489,.T.);
#8487 = VERTEX_POINT('',#8488);
#8488 = CARTESIAN_POINT('',(-35.6,34.6,37.4));
#8489 = LINE('',#8490,#8491);
#8490 = CARTESIAN_POINT('',(-42.6,34.6,37.4));
#8491 = VECTOR('',#8492,1.);
#8492 = DIRECTION('',(1.,0.,-0.));
#8493 = ORIENTED_EDGE('',*,*,#8494,.F.);
#8494 = EDGE_CURVE('',#8436,#8487,#8495,.T.);
#8495 = CIRCLE('',#8496,7.);
#8496 = AXIS2_PLACEMENT_3D('',#8497,#8498,#8499);
#8497 = CARTESIAN_POINT('',(-35.6,27.6,37.4));
#8498 = DIRECTION('',(-0.,-0.,-1.));
#8499 = DIRECTION('',(0.,-1.,0.));
#8500 = FACE_BOUND('',#8501,.F.);
#8501 = EDGE_LOOP('',(#8502,#8503,#8504,#8505,#8506,#8507,#8508,#8509));
#8502 = ORIENTED_EDGE('',*,*,#8041,.F.);
#8503 = ORIENTED_EDGE('',*,*,#8222,.F.);
#8504 = ORIENTED_EDGE('',*,*,#8204,.T.);
#8505 = ORIENTED_EDGE('',*,*,#8180,.F.);
#8506 = ORIENTED_EDGE('',*,*,#8146,.T.);
#8507 = ORIENTED_EDGE('',*,*,#8131,.F.);
#8508 = ORIENTED_EDGE('',*,*,#8099,.F.);
#8509 = ORIENTED_EDGE('',*,*,#8082,.F.);
#8510 = PLANE('',#8511);
#8511 = AXIS2_PLACEMENT_3D('',#8512,#8513,#8514);
#8512 = CARTESIAN_POINT('',(-42.6,-34.6,37.4));
#8513 = DIRECTION('',(0.,0.,1.));
#8514 = DIRECTION('',(1.,0.,-0.));
#8515 = ADVANCED_FACE('',(#8516,#8586),#8596,.T.);
#8516 = FACE_BOUND('',#8517,.T.);
#8517 = EDGE_LOOP('',(#8518,#8528,#8537,#8545,#8554,#8562,#8571,#8579));
#8518 = ORIENTED_EDGE('',*,*,#8519,.F.);
#8519 = EDGE_CURVE('',#8520,#8522,#8524,.T.);
#8520 = VERTEX_POINT('',#8521);
#8521 = CARTESIAN_POINT('',(-42.6,-27.6,42.95));
#8522 = VERTEX_POINT('',#8523);
#8523 = CARTESIAN_POINT('',(-42.6,27.6,42.95));
#8524 = LINE('',#8525,#8526);
#8525 = CARTESIAN_POINT('',(-42.6,-34.6,42.95));
#8526 = VECTOR('',#8527,1.);
#8527 = DIRECTION('',(-0.,1.,0.));
#8528 = ORIENTED_EDGE('',*,*,#8529,.T.);
#8529 = EDGE_CURVE('',#8520,#8530,#8532,.T.);
#8530 = VERTEX_POINT('',#8531);
#8531 = CARTESIAN_POINT('',(-35.6,-34.6,42.95));
#8532 = CIRCLE('',#8533,7.);
#8533 = AXIS2_PLACEMENT_3D('',#8534,#8535,#8536);
#8534 = CARTESIAN_POINT('',(-35.6,-27.6,42.95));
#8535 = DIRECTION('',(0.,0.,1.));
#8536 = DIRECTION('',(0.,-1.,0.));
#8537 = ORIENTED_EDGE('',*,*,#8538,.T.);
#8538 = EDGE_CURVE('',#8530,#8539,#8541,.T.);
#8539 = VERTEX_POINT('',#8540);
#8540 = CARTESIAN_POINT('',(35.6,-34.6,42.95));
#8541 = LINE('',#8542,#8543);
#8542 = CARTESIAN_POINT('',(-42.6,-34.6,42.95));
#8543 = VECTOR('',#8544,1.);
#8544 = DIRECTION('',(1.,0.,-0.));
#8545 = ORIENTED_EDGE('',*,*,#8546,.F.);
#8546 = EDGE_CURVE('',#8547,#8539,#8549,.T.);
#8547 = VERTEX_POINT('',#8548);
#8548 = CARTESIAN_POINT('',(42.6,-27.6,42.95));
#8549 = CIRCLE('',#8550,7.);
#8550 = AXIS2_PLACEMENT_3D('',#8551,#8552,#8553);
#8551 = CARTESIAN_POINT('',(35.6,-27.6,42.95));
#8552 = DIRECTION('',(-0.,-0.,-1.));
#8553 = DIRECTION('',(0.,-1.,0.));
#8554 = ORIENTED_EDGE('',*,*,#8555,.T.);
#8555 = EDGE_CURVE('',#8547,#8556,#8558,.T.);
#8556 = VERTEX_POINT('',#8557);
#8557 = CARTESIAN_POINT('',(42.6,27.6,42.95));
#8558 = LINE('',#8559,#8560);
#8559 = CARTESIAN_POINT('',(42.6,-34.6,42.95));
#8560 = VECTOR('',#8561,1.);
#8561 = DIRECTION('',(-0.,1.,0.));
#8562 = ORIENTED_EDGE('',*,*,#8563,.T.);
#8563 = EDGE_CURVE('',#8556,#8564,#8566,.T.);
#8564 = VERTEX_POINT('',#8565);
#8565 = CARTESIAN_POINT('',(35.6,34.6,42.95));
#8566 = CIRCLE('',#8567,7.);
#8567 = AXIS2_PLACEMENT_3D('',#8568,#8569,#8570);
#8568 = CARTESIAN_POINT('',(35.6,27.6,42.95));
#8569 = DIRECTION('',(0.,0.,1.));
#8570 = DIRECTION('',(0.,-1.,0.));
#8571 = ORIENTED_EDGE('',*,*,#8572,.F.);
#8572 = EDGE_CURVE('',#8573,#8564,#8575,.T.);
#8573 = VERTEX_POINT('',#8574);
#8574 = CARTESIAN_POINT('',(-35.6,34.6,42.95));
#8575 = LINE('',#8576,#8577);
#8576 = CARTESIAN_POINT('',(-42.6,34.6,42.95));
#8577 = VECTOR('',#8578,1.);
#8578 = DIRECTION('',(1.,0.,-0.));
#8579 = ORIENTED_EDGE('',*,*,#8580,.F.);
#8580 = EDGE_CURVE('',#8522,#8573,#8581,.T.);
#8581 = CIRCLE('',#8582,7.);
#8582 = AXIS2_PLACEMENT_3D('',#8583,#8584,#8585);
#8583 = CARTESIAN_POINT('',(-35.6,27.6,42.95));
#8584 = DIRECTION('',(-0.,-0.,-1.));
#8585 = DIRECTION('',(0.,-1.,0.));
#8586 = FACE_BOUND('',#8587,.T.);
#8587 = EDGE_LOOP('',(#8588,#8589,#8590,#8591,#8592,#8593,#8594,#8595));
#8588 = ORIENTED_EDGE('',*,*,#8246,.F.);
#8589 = ORIENTED_EDGE('',*,*,#8416,.F.);
#8590 = ORIENTED_EDGE('',*,*,#8391,.T.);
#8591 = ORIENTED_EDGE('',*,*,#8367,.F.);
#8592 = ORIENTED_EDGE('',*,*,#8344,.T.);
#8593 = ORIENTED_EDGE('',*,*,#8325,.F.);
#8594 = ORIENTED_EDGE('',*,*,#8293,.F.);
#8595 = ORIENTED_EDGE('',*,*,#8269,.F.);
#8596 = PLANE('',#8597);
#8597 = AXIS2_PLACEMENT_3D('',#8598,#8599,#8600);
#8598 = CARTESIAN_POINT('',(-42.6,-34.6,42.95));
#8599 = DIRECTION('',(0.,0.,1.));
#8600 = DIRECTION('',(1.,0.,-0.));
#8601 = ADVANCED_FACE('',(#8602),#8627,.F.);
#8602 = FACE_BOUND('',#8603,.F.);
#8603 = EDGE_LOOP('',(#8604,#8614,#8620,#8621));
#8604 = ORIENTED_EDGE('',*,*,#8605,.F.);
#8605 = EDGE_CURVE('',#8606,#8608,#8610,.T.);
#8606 = VERTEX_POINT('',#8607);
#8607 = CARTESIAN_POINT('',(-42.6,-27.6,38.55));
#8608 = VERTEX_POINT('',#8609);
#8609 = CARTESIAN_POINT('',(-42.6,27.6,38.55));
#8610 = LINE('',#8611,#8612);
#8611 = CARTESIAN_POINT('',(-42.6,-34.6,38.55));
#8612 = VECTOR('',#8613,1.);
#8613 = DIRECTION('',(-0.,1.,0.));
#8614 = ORIENTED_EDGE('',*,*,#8615,.F.);
#8615 = EDGE_CURVE('',#8434,#8606,#8616,.T.);
#8616 = LINE('',#8617,#8618);
#8617 = CARTESIAN_POINT('',(-42.6,-27.6,37.4));
#8618 = VECTOR('',#8619,1.);
#8619 = DIRECTION('',(0.,0.,1.));
#8620 = ORIENTED_EDGE('',*,*,#8433,.T.);
#8621 = ORIENTED_EDGE('',*,*,#8622,.T.);
#8622 = EDGE_CURVE('',#8436,#8608,#8623,.T.);
#8623 = LINE('',#8624,#8625);
#8624 = CARTESIAN_POINT('',(-42.6,27.6,37.4));
#8625 = VECTOR('',#8626,1.);
#8626 = DIRECTION('',(0.,0.,1.));
#8627 = PLANE('',#8628);
#8628 = AXIS2_PLACEMENT_3D('',#8629,#8630,#8631);
#8629 = CARTESIAN_POINT('',(-42.6,-34.6,37.4));
#8630 = DIRECTION('',(1.,0.,-0.));
#8631 = DIRECTION('',(0.,0.,1.));
#8632 = ADVANCED_FACE('',(#8633),#8652,.T.);
#8633 = FACE_BOUND('',#8634,.T.);
#8634 = EDGE_LOOP('',(#8635,#8636,#8644,#8651));
#8635 = ORIENTED_EDGE('',*,*,#8443,.T.);
#8636 = ORIENTED_EDGE('',*,*,#8637,.T.);
#8637 = EDGE_CURVE('',#8444,#8638,#8640,.T.);
#8638 = VERTEX_POINT('',#8639);
#8639 = CARTESIAN_POINT('',(-35.6,-34.6,38.55));
#8640 = LINE('',#8641,#8642);
#8641 = CARTESIAN_POINT('',(-35.6,-34.6,37.4));
#8642 = VECTOR('',#8643,1.);
#8643 = DIRECTION('',(0.,0.,1.));
#8644 = ORIENTED_EDGE('',*,*,#8645,.F.);
#8645 = EDGE_CURVE('',#8606,#8638,#8646,.T.);
#8646 = CIRCLE('',#8647,7.);
#8647 = AXIS2_PLACEMENT_3D('',#8648,#8649,#8650);
#8648 = CARTESIAN_POINT('',(-35.6,-27.6,38.55));
#8649 = DIRECTION('',(0.,0.,1.));
#8650 = DIRECTION('',(0.,-1.,0.));
#8651 = ORIENTED_EDGE('',*,*,#8615,.F.);
#8652 = CYLINDRICAL_SURFACE('',#8653,7.);
#8653 = AXIS2_PLACEMENT_3D('',#8654,#8655,#8656);
#8654 = CARTESIAN_POINT('',(-35.6,-27.6,37.4));
#8655 = DIRECTION('',(0.,0.,1.));
#8656 = DIRECTION('',(-1.,-0.,0.));
#8657 = ADVANCED_FACE('',(#8658),#8677,.T.);
#8658 = FACE_BOUND('',#8659,.F.);
#8659 = EDGE_LOOP('',(#8660,#8661,#8669,#8676));
#8660 = ORIENTED_EDGE('',*,*,#8494,.T.);
#8661 = ORIENTED_EDGE('',*,*,#8662,.T.);
#8662 = EDGE_CURVE('',#8487,#8663,#8665,.T.);
#8663 = VERTEX_POINT('',#8664);
#8664 = CARTESIAN_POINT('',(-35.6,34.6,38.55));
#8665 = LINE('',#8666,#8667);
#8666 = CARTESIAN_POINT('',(-35.6,34.6,37.4));
#8667 = VECTOR('',#8668,1.);
#8668 = DIRECTION('',(0.,0.,1.));
#8669 = ORIENTED_EDGE('',*,*,#8670,.F.);
#8670 = EDGE_CURVE('',#8608,#8663,#8671,.T.);
#8671 = CIRCLE('',#8672,7.);
#8672 = AXIS2_PLACEMENT_3D('',#8673,#8674,#8675);
#8673 = CARTESIAN_POINT('',(-35.6,27.6,38.55));
#8674 = DIRECTION('',(-0.,-0.,-1.));
#8675 = DIRECTION('',(0.,-1.,0.));
#8676 = ORIENTED_EDGE('',*,*,#8622,.F.);
#8677 = CYLINDRICAL_SURFACE('',#8678,7.);
#8678 = AXIS2_PLACEMENT_3D('',#8679,#8680,#8681);
#8679 = CARTESIAN_POINT('',(-35.6,27.6,37.4));
#8680 = DIRECTION('',(0.,0.,1.));
#8681 = DIRECTION('',(-1.,-0.,0.));
#8682 = ADVANCED_FACE('',(#8683),#8701,.F.);
#8683 = FACE_BOUND('',#8684,.F.);
#8684 = EDGE_LOOP('',(#8685,#8686,#8687,#8695));
#8685 = ORIENTED_EDGE('',*,*,#8452,.F.);
#8686 = ORIENTED_EDGE('',*,*,#8637,.T.);
#8687 = ORIENTED_EDGE('',*,*,#8688,.T.);
#8688 = EDGE_CURVE('',#8638,#8689,#8691,.T.);
#8689 = VERTEX_POINT('',#8690);
#8690 = CARTESIAN_POINT('',(35.6,-34.6,38.55));
#8691 = LINE('',#8692,#8693);
#8692 = CARTESIAN_POINT('',(-42.6,-34.6,38.55));
#8693 = VECTOR('',#8694,1.);
#8694 = DIRECTION('',(1.,0.,-0.));
#8695 = ORIENTED_EDGE('',*,*,#8696,.F.);
#8696 = EDGE_CURVE('',#8453,#8689,#8697,.T.);
#8697 = LINE('',#8698,#8699);
#8698 = CARTESIAN_POINT('',(35.6,-34.6,37.4));
#8699 = VECTOR('',#8700,1.);
#8700 = DIRECTION('',(0.,0.,1.));
#8701 = PLANE('',#8702);
#8702 = AXIS2_PLACEMENT_3D('',#8703,#8704,#8705);
#8703 = CARTESIAN_POINT('',(-42.6,-34.6,37.4));
#8704 = DIRECTION('',(-0.,1.,0.));
#8705 = DIRECTION('',(0.,0.,1.));
#8706 = ADVANCED_FACE('',(#8707),#8725,.T.);
#8707 = FACE_BOUND('',#8708,.T.);
#8708 = EDGE_LOOP('',(#8709,#8710,#8711,#8719));
#8709 = ORIENTED_EDGE('',*,*,#8486,.F.);
#8710 = ORIENTED_EDGE('',*,*,#8662,.T.);
#8711 = ORIENTED_EDGE('',*,*,#8712,.T.);
#8712 = EDGE_CURVE('',#8663,#8713,#8715,.T.);
#8713 = VERTEX_POINT('',#8714);
#8714 = CARTESIAN_POINT('',(35.6,34.6,38.55));
#8715 = LINE('',#8716,#8717);
#8716 = CARTESIAN_POINT('',(-42.6,34.6,38.55));
#8717 = VECTOR('',#8718,1.);
#8718 = DIRECTION('',(1.,0.,-0.));
#8719 = ORIENTED_EDGE('',*,*,#8720,.F.);
#8720 = EDGE_CURVE('',#8478,#8713,#8721,.T.);
#8721 = LINE('',#8722,#8723);
#8722 = CARTESIAN_POINT('',(35.6,34.6,37.4));
#8723 = VECTOR('',#8724,1.);
#8724 = DIRECTION('',(0.,0.,1.));
#8725 = PLANE('',#8726);
#8726 = AXIS2_PLACEMENT_3D('',#8727,#8728,#8729);
#8727 = CARTESIAN_POINT('',(-42.6,34.6,37.4));
#8728 = DIRECTION('',(-0.,1.,0.));
#8729 = DIRECTION('',(0.,0.,1.));
#8730 = ADVANCED_FACE('',(#8731),#8750,.T.);
#8731 = FACE_BOUND('',#8732,.F.);
#8732 = EDGE_LOOP('',(#8733,#8734,#8735,#8744));
#8733 = ORIENTED_EDGE('',*,*,#8460,.T.);
#8734 = ORIENTED_EDGE('',*,*,#8696,.T.);
#8735 = ORIENTED_EDGE('',*,*,#8736,.F.);
#8736 = EDGE_CURVE('',#8737,#8689,#8739,.T.);
#8737 = VERTEX_POINT('',#8738);
#8738 = CARTESIAN_POINT('',(42.6,-27.6,38.55));
#8739 = CIRCLE('',#8740,7.);
#8740 = AXIS2_PLACEMENT_3D('',#8741,#8742,#8743);
#8741 = CARTESIAN_POINT('',(35.6,-27.6,38.55));
#8742 = DIRECTION('',(-0.,-0.,-1.));
#8743 = DIRECTION('',(0.,-1.,0.));
#8744 = ORIENTED_EDGE('',*,*,#8745,.F.);
#8745 = EDGE_CURVE('',#8461,#8737,#8746,.T.);
#8746 = LINE('',#8747,#8748);
#8747 = CARTESIAN_POINT('',(42.6,-27.6,37.4));
#8748 = VECTOR('',#8749,1.);
#8749 = DIRECTION('',(0.,0.,1.));
#8750 = CYLINDRICAL_SURFACE('',#8751,7.);
#8751 = AXIS2_PLACEMENT_3D('',#8752,#8753,#8754);
#8752 = CARTESIAN_POINT('',(35.6,-27.6,37.4));
#8753 = DIRECTION('',(0.,0.,1.));
#8754 = DIRECTION('',(1.,0.,-0.));
#8755 = ADVANCED_FACE('',(#8756),#8775,.T.);
#8756 = FACE_BOUND('',#8757,.T.);
#8757 = EDGE_LOOP('',(#8758,#8759,#8760,#8769));
#8758 = ORIENTED_EDGE('',*,*,#8477,.T.);
#8759 = ORIENTED_EDGE('',*,*,#8720,.T.);
#8760 = ORIENTED_EDGE('',*,*,#8761,.F.);
#8761 = EDGE_CURVE('',#8762,#8713,#8764,.T.);
#8762 = VERTEX_POINT('',#8763);
#8763 = CARTESIAN_POINT('',(42.6,27.6,38.55));
#8764 = CIRCLE('',#8765,7.);
#8765 = AXIS2_PLACEMENT_3D('',#8766,#8767,#8768);
#8766 = CARTESIAN_POINT('',(35.6,27.6,38.55));
#8767 = DIRECTION('',(0.,0.,1.));
#8768 = DIRECTION('',(0.,-1.,0.));
#8769 = ORIENTED_EDGE('',*,*,#8770,.F.);
#8770 = EDGE_CURVE('',#8470,#8762,#8771,.T.);
#8771 = LINE('',#8772,#8773);
#8772 = CARTESIAN_POINT('',(42.6,27.6,37.4));
#8773 = VECTOR('',#8774,1.);
#8774 = DIRECTION('',(0.,0.,1.));
#8775 = CYLINDRICAL_SURFACE('',#8776,7.);
#8776 = AXIS2_PLACEMENT_3D('',#8777,#8778,#8779);
#8777 = CARTESIAN_POINT('',(35.6,27.6,37.4));
#8778 = DIRECTION('',(0.,0.,1.));
#8779 = DIRECTION('',(1.,0.,-0.));
#8780 = ADVANCED_FACE('',(#8781),#8792,.T.);
#8781 = FACE_BOUND('',#8782,.T.);
#8782 = EDGE_LOOP('',(#8783,#8789,#8790,#8791));
#8783 = ORIENTED_EDGE('',*,*,#8784,.F.);
#8784 = EDGE_CURVE('',#8737,#8762,#8785,.T.);
#8785 = LINE('',#8786,#8787);
#8786 = CARTESIAN_POINT('',(42.6,-34.6,38.55));
#8787 = VECTOR('',#8788,1.);
#8788 = DIRECTION('',(-0.,1.,0.));
#8789 = ORIENTED_EDGE('',*,*,#8745,.F.);
#8790 = ORIENTED_EDGE('',*,*,#8469,.T.);
#8791 = ORIENTED_EDGE('',*,*,#8770,.T.);
#8792 = PLANE('',#8793);
#8793 = AXIS2_PLACEMENT_3D('',#8794,#8795,#8796);
#8794 = CARTESIAN_POINT('',(42.6,-34.6,37.4));
#8795 = DIRECTION('',(1.,0.,-0.));
#8796 = DIRECTION('',(0.,0.,1.));
#8797 = ADVANCED_FACE('',(#8798),#8823,.F.);
#8798 = FACE_BOUND('',#8799,.F.);
#8799 = EDGE_LOOP('',(#8800,#8801,#8809,#8817));
#8800 = ORIENTED_EDGE('',*,*,#8519,.F.);
#8801 = ORIENTED_EDGE('',*,*,#8802,.F.);
#8802 = EDGE_CURVE('',#8803,#8520,#8805,.T.);
#8803 = VERTEX_POINT('',#8804);
#8804 = CARTESIAN_POINT('',(-42.6,-27.6,41.8));
#8805 = LINE('',#8806,#8807);
#8806 = CARTESIAN_POINT('',(-42.6,-27.6,41.8));
#8807 = VECTOR('',#8808,1.);
#8808 = DIRECTION('',(0.,0.,1.));
#8809 = ORIENTED_EDGE('',*,*,#8810,.T.);
#8810 = EDGE_CURVE('',#8803,#8811,#8813,.T.);
#8811 = VERTEX_POINT('',#8812);
#8812 = CARTESIAN_POINT('',(-42.6,27.6,41.8));
#8813 = LINE('',#8814,#8815);
#8814 = CARTESIAN_POINT('',(-42.6,-34.6,41.8));
#8815 = VECTOR('',#8816,1.);
#8816 = DIRECTION('',(-0.,1.,0.));
#8817 = ORIENTED_EDGE('',*,*,#8818,.T.);
#8818 = EDGE_CURVE('',#8811,#8522,#8819,.T.);
#8819 = LINE('',#8820,#8821);
#8820 = CARTESIAN_POINT('',(-42.6,27.6,41.8));
#8821 = VECTOR('',#8822,1.);
#8822 = DIRECTION('',(0.,0.,1.));
#8823 = PLANE('',#8824);
#8824 = AXIS2_PLACEMENT_3D('',#8825,#8826,#8827);
#8825 = CARTESIAN_POINT('',(-42.6,-34.6,41.8));
#8826 = DIRECTION('',(1.,0.,-0.));
#8827 = DIRECTION('',(0.,0.,1.));
#8828 = ADVANCED_FACE('',(#8829),#8848,.T.);
#8829 = FACE_BOUND('',#8830,.T.);
#8830 = EDGE_LOOP('',(#8831,#8840,#8846,#8847));
#8831 = ORIENTED_EDGE('',*,*,#8832,.T.);
#8832 = EDGE_CURVE('',#8803,#8833,#8835,.T.);
#8833 = VERTEX_POINT('',#8834);
#8834 = CARTESIAN_POINT('',(-35.6,-34.6,41.8));
#8835 = CIRCLE('',#8836,7.);
#8836 = AXIS2_PLACEMENT_3D('',#8837,#8838,#8839);
#8837 = CARTESIAN_POINT('',(-35.6,-27.6,41.8));
#8838 = DIRECTION('',(0.,0.,1.));
#8839 = DIRECTION('',(0.,-1.,0.));
#8840 = ORIENTED_EDGE('',*,*,#8841,.T.);
#8841 = EDGE_CURVE('',#8833,#8530,#8842,.T.);
#8842 = LINE('',#8843,#8844);
#8843 = CARTESIAN_POINT('',(-35.6,-34.6,41.8));
#8844 = VECTOR('',#8845,1.);
#8845 = DIRECTION('',(0.,0.,1.));
#8846 = ORIENTED_EDGE('',*,*,#8529,.F.);
#8847 = ORIENTED_EDGE('',*,*,#8802,.F.);
#8848 = CYLINDRICAL_SURFACE('',#8849,7.);
#8849 = AXIS2_PLACEMENT_3D('',#8850,#8851,#8852);
#8850 = CARTESIAN_POINT('',(-35.6,-27.6,41.8));
#8851 = DIRECTION('',(0.,0.,1.));
#8852 = DIRECTION('',(-1.,-0.,0.));
#8853 = ADVANCED_FACE('',(#8854),#8873,.T.);
#8854 = FACE_BOUND('',#8855,.F.);
#8855 = EDGE_LOOP('',(#8856,#8865,#8871,#8872));
#8856 = ORIENTED_EDGE('',*,*,#8857,.T.);
#8857 = EDGE_CURVE('',#8811,#8858,#8860,.T.);
#8858 = VERTEX_POINT('',#8859);
#8859 = CARTESIAN_POINT('',(-35.6,34.6,41.8));
#8860 = CIRCLE('',#8861,7.);
#8861 = AXIS2_PLACEMENT_3D('',#8862,#8863,#8864);
#8862 = CARTESIAN_POINT('',(-35.6,27.6,41.8));
#8863 = DIRECTION('',(-0.,-0.,-1.));
#8864 = DIRECTION('',(0.,-1.,0.));
#8865 = ORIENTED_EDGE('',*,*,#8866,.T.);
#8866 = EDGE_CURVE('',#8858,#8573,#8867,.T.);
#8867 = LINE('',#8868,#8869);
#8868 = CARTESIAN_POINT('',(-35.6,34.6,41.8));
#8869 = VECTOR('',#8870,1.);
#8870 = DIRECTION('',(0.,0.,1.));
#8871 = ORIENTED_EDGE('',*,*,#8580,.F.);
#8872 = ORIENTED_EDGE('',*,*,#8818,.F.);
#8873 = CYLINDRICAL_SURFACE('',#8874,7.);
#8874 = AXIS2_PLACEMENT_3D('',#8875,#8876,#8877);
#8875 = CARTESIAN_POINT('',(-35.6,27.6,41.8));
#8876 = DIRECTION('',(0.,0.,1.));
#8877 = DIRECTION('',(-1.,-0.,0.));
#8878 = ADVANCED_FACE('',(#8879),#8897,.F.);
#8879 = FACE_BOUND('',#8880,.F.);
#8880 = EDGE_LOOP('',(#8881,#8889,#8890,#8891));
#8881 = ORIENTED_EDGE('',*,*,#8882,.F.);
#8882 = EDGE_CURVE('',#8833,#8883,#8885,.T.);
#8883 = VERTEX_POINT('',#8884);
#8884 = CARTESIAN_POINT('',(35.6,-34.6,41.8));
#8885 = LINE('',#8886,#8887);
#8886 = CARTESIAN_POINT('',(-42.6,-34.6,41.8));
#8887 = VECTOR('',#8888,1.);
#8888 = DIRECTION('',(1.,0.,-0.));
#8889 = ORIENTED_EDGE('',*,*,#8841,.T.);
#8890 = ORIENTED_EDGE('',*,*,#8538,.T.);
#8891 = ORIENTED_EDGE('',*,*,#8892,.F.);
#8892 = EDGE_CURVE('',#8883,#8539,#8893,.T.);
#8893 = LINE('',#8894,#8895);
#8894 = CARTESIAN_POINT('',(35.6,-34.6,41.8));
#8895 = VECTOR('',#8896,1.);
#8896 = DIRECTION('',(0.,0.,1.));
#8897 = PLANE('',#8898);
#8898 = AXIS2_PLACEMENT_3D('',#8899,#8900,#8901);
#8899 = CARTESIAN_POINT('',(-42.6,-34.6,41.8));
#8900 = DIRECTION('',(-0.,1.,0.));
#8901 = DIRECTION('',(0.,0.,1.));
#8902 = ADVANCED_FACE('',(#8903),#8921,.T.);
#8903 = FACE_BOUND('',#8904,.T.);
#8904 = EDGE_LOOP('',(#8905,#8913,#8914,#8915));
#8905 = ORIENTED_EDGE('',*,*,#8906,.F.);
#8906 = EDGE_CURVE('',#8858,#8907,#8909,.T.);
#8907 = VERTEX_POINT('',#8908);
#8908 = CARTESIAN_POINT('',(35.6,34.6,41.8));
#8909 = LINE('',#8910,#8911);
#8910 = CARTESIAN_POINT('',(-42.6,34.6,41.8));
#8911 = VECTOR('',#8912,1.);
#8912 = DIRECTION('',(1.,0.,-0.));
#8913 = ORIENTED_EDGE('',*,*,#8866,.T.);
#8914 = ORIENTED_EDGE('',*,*,#8572,.T.);
#8915 = ORIENTED_EDGE('',*,*,#8916,.F.);
#8916 = EDGE_CURVE('',#8907,#8564,#8917,.T.);
#8917 = LINE('',#8918,#8919);
#8918 = CARTESIAN_POINT('',(35.6,34.6,41.8));
#8919 = VECTOR('',#8920,1.);
#8920 = DIRECTION('',(0.,0.,1.));
#8921 = PLANE('',#8922);
#8922 = AXIS2_PLACEMENT_3D('',#8923,#8924,#8925);
#8923 = CARTESIAN_POINT('',(-42.6,34.6,41.8));
#8924 = DIRECTION('',(-0.,1.,0.));
#8925 = DIRECTION('',(0.,0.,1.));
#8926 = ADVANCED_FACE('',(#8927),#8946,.T.);
#8927 = FACE_BOUND('',#8928,.F.);
#8928 = EDGE_LOOP('',(#8929,#8938,#8939,#8940));
#8929 = ORIENTED_EDGE('',*,*,#8930,.T.);
#8930 = EDGE_CURVE('',#8931,#8883,#8933,.T.);
#8931 = VERTEX_POINT('',#8932);
#8932 = CARTESIAN_POINT('',(42.6,-27.6,41.8));
#8933 = CIRCLE('',#8934,7.);
#8934 = AXIS2_PLACEMENT_3D('',#8935,#8936,#8937);
#8935 = CARTESIAN_POINT('',(35.6,-27.6,41.8));
#8936 = DIRECTION('',(-0.,-0.,-1.));
#8937 = DIRECTION('',(0.,-1.,0.));
#8938 = ORIENTED_EDGE('',*,*,#8892,.T.);
#8939 = ORIENTED_EDGE('',*,*,#8546,.F.);
#8940 = ORIENTED_EDGE('',*,*,#8941,.F.);
#8941 = EDGE_CURVE('',#8931,#8547,#8942,.T.);
#8942 = LINE('',#8943,#8944);
#8943 = CARTESIAN_POINT('',(42.6,-27.6,41.8));
#8944 = VECTOR('',#8945,1.);
#8945 = DIRECTION('',(0.,0.,1.));
#8946 = CYLINDRICAL_SURFACE('',#8947,7.);
#8947 = AXIS2_PLACEMENT_3D('',#8948,#8949,#8950);
#8948 = CARTESIAN_POINT('',(35.6,-27.6,41.8));
#8949 = DIRECTION('',(0.,0.,1.));
#8950 = DIRECTION('',(1.,0.,-0.));
#8951 = ADVANCED_FACE('',(#8952),#8971,.T.);
#8952 = FACE_BOUND('',#8953,.T.);
#8953 = EDGE_LOOP('',(#8954,#8963,#8964,#8965));
#8954 = ORIENTED_EDGE('',*,*,#8955,.T.);
#8955 = EDGE_CURVE('',#8956,#8907,#8958,.T.);
#8956 = VERTEX_POINT('',#8957);
#8957 = CARTESIAN_POINT('',(42.6,27.6,41.8));
#8958 = CIRCLE('',#8959,7.);
#8959 = AXIS2_PLACEMENT_3D('',#8960,#8961,#8962);
#8960 = CARTESIAN_POINT('',(35.6,27.6,41.8));
#8961 = DIRECTION('',(0.,0.,1.));
#8962 = DIRECTION('',(0.,-1.,0.));
#8963 = ORIENTED_EDGE('',*,*,#8916,.T.);
#8964 = ORIENTED_EDGE('',*,*,#8563,.F.);
#8965 = ORIENTED_EDGE('',*,*,#8966,.F.);
#8966 = EDGE_CURVE('',#8956,#8556,#8967,.T.);
#8967 = LINE('',#8968,#8969);
#8968 = CARTESIAN_POINT('',(42.6,27.6,41.8));
#8969 = VECTOR('',#8970,1.);
#8970 = DIRECTION('',(0.,0.,1.));
#8971 = CYLINDRICAL_SURFACE('',#8972,7.);
#8972 = AXIS2_PLACEMENT_3D('',#8973,#8974,#8975);
#8973 = CARTESIAN_POINT('',(35.6,27.6,41.8));
#8974 = DIRECTION('',(0.,0.,1.));
#8975 = DIRECTION('',(1.,0.,-0.));
#8976 = ADVANCED_FACE('',(#8977),#8988,.T.);
#8977 = FACE_BOUND('',#8978,.T.);
#8978 = EDGE_LOOP('',(#8979,#8980,#8981,#8987));
#8979 = ORIENTED_EDGE('',*,*,#8555,.F.);
#8980 = ORIENTED_EDGE('',*,*,#8941,.F.);
#8981 = ORIENTED_EDGE('',*,*,#8982,.T.);
#8982 = EDGE_CURVE('',#8931,#8956,#8983,.T.);
#8983 = LINE('',#8984,#8985);
#8984 = CARTESIAN_POINT('',(42.6,-34.6,41.8));
#8985 = VECTOR('',#8986,1.);
#8986 = DIRECTION('',(-0.,1.,0.));
#8987 = ORIENTED_EDGE('',*,*,#8966,.T.);
#8988 = PLANE('',#8989);
#8989 = AXIS2_PLACEMENT_3D('',#8990,#8991,#8992);
#8990 = CARTESIAN_POINT('',(42.6,-34.6,41.8));
#8991 = DIRECTION('',(1.,0.,-0.));
#8992 = DIRECTION('',(0.,0.,1.));
#8993 = ADVANCED_FACE('',(#8994,#9004),#9074,.T.);
#8994 = FACE_BOUND('',#8995,.T.);
#8995 = EDGE_LOOP('',(#8996,#8997,#8998,#8999,#9000,#9001,#9002,#9003));
#8996 = ORIENTED_EDGE('',*,*,#8605,.F.);
#8997 = ORIENTED_EDGE('',*,*,#8645,.T.);
#8998 = ORIENTED_EDGE('',*,*,#8688,.T.);
#8999 = ORIENTED_EDGE('',*,*,#8736,.F.);
#9000 = ORIENTED_EDGE('',*,*,#8784,.T.);
#9001 = ORIENTED_EDGE('',*,*,#8761,.T.);
#9002 = ORIENTED_EDGE('',*,*,#8712,.F.);
#9003 = ORIENTED_EDGE('',*,*,#8670,.F.);
#9004 = FACE_BOUND('',#9005,.T.);
#9005 = EDGE_LOOP('',(#9006,#9016,#9025,#9033,#9042,#9050,#9059,#9067));
#9006 = ORIENTED_EDGE('',*,*,#9007,.F.);
#9007 = EDGE_CURVE('',#9008,#9010,#9012,.T.);
#9008 = VERTEX_POINT('',#9009);
#9009 = CARTESIAN_POINT('',(-41.,27.,38.55));
#9010 = VERTEX_POINT('',#9011);
#9011 = CARTESIAN_POINT('',(-41.,-27.,38.55));
#9012 = LINE('',#9013,#9014);
#9013 = CARTESIAN_POINT('',(-41.,-33.8,38.55));
#9014 = VECTOR('',#9015,1.);
#9015 = DIRECTION('',(0.,-1.,0.));
#9016 = ORIENTED_EDGE('',*,*,#9017,.F.);
#9017 = EDGE_CURVE('',#9018,#9008,#9020,.T.);
#9018 = VERTEX_POINT('',#9019);
#9019 = CARTESIAN_POINT('',(-35.,33.,38.55));
#9020 = CIRCLE('',#9021,6.);
#9021 = AXIS2_PLACEMENT_3D('',#9022,#9023,#9024);
#9022 = CARTESIAN_POINT('',(-35.,27.,38.55));
#9023 = DIRECTION('',(0.,0.,1.));
#9024 = DIRECTION('',(-1.,-0.,0.));
#9025 = ORIENTED_EDGE('',*,*,#9026,.T.);
#9026 = EDGE_CURVE('',#9018,#9027,#9029,.T.);
#9027 = VERTEX_POINT('',#9028);
#9028 = CARTESIAN_POINT('',(35.,33.,38.55));
#9029 = LINE('',#9030,#9031);
#9030 = CARTESIAN_POINT('',(-41.8,33.,38.55));
#9031 = VECTOR('',#9032,1.);
#9032 = DIRECTION('',(1.,0.,-0.));
#9033 = ORIENTED_EDGE('',*,*,#9034,.F.);
#9034 = EDGE_CURVE('',#9035,#9027,#9037,.T.);
#9035 = VERTEX_POINT('',#9036);
#9036 = CARTESIAN_POINT('',(41.,27.,38.55));
#9037 = CIRCLE('',#9038,6.);
#9038 = AXIS2_PLACEMENT_3D('',#9039,#9040,#9041);
#9039 = CARTESIAN_POINT('',(35.,27.,38.55));
#9040 = DIRECTION('',(0.,0.,1.));
#9041 = DIRECTION('',(1.,0.,-0.));
#9042 = ORIENTED_EDGE('',*,*,#9043,.T.);
#9043 = EDGE_CURVE('',#9035,#9044,#9046,.T.);
#9044 = VERTEX_POINT('',#9045);
#9045 = CARTESIAN_POINT('',(41.,-27.,38.55));
#9046 = LINE('',#9047,#9048);
#9047 = CARTESIAN_POINT('',(41.,-33.8,38.55));
#9048 = VECTOR('',#9049,1.);
#9049 = DIRECTION('',(0.,-1.,0.));
#9050 = ORIENTED_EDGE('',*,*,#9051,.F.);
#9051 = EDGE_CURVE('',#9052,#9044,#9054,.T.);
#9052 = VERTEX_POINT('',#9053);
#9053 = CARTESIAN_POINT('',(35.,-33.,38.55));
#9054 = CIRCLE('',#9055,6.);
#9055 = AXIS2_PLACEMENT_3D('',#9056,#9057,#9058);
#9056 = CARTESIAN_POINT('',(35.,-27.,38.55));
#9057 = DIRECTION('',(0.,0.,1.));
#9058 = DIRECTION('',(1.,0.,-0.));
#9059 = ORIENTED_EDGE('',*,*,#9060,.F.);
#9060 = EDGE_CURVE('',#9061,#9052,#9063,.T.);
#9061 = VERTEX_POINT('',#9062);
#9062 = CARTESIAN_POINT('',(-35.,-33.,38.55));
#9063 = LINE('',#9064,#9065);
#9064 = CARTESIAN_POINT('',(-41.8,-33.,38.55));
#9065 = VECTOR('',#9066,1.);
#9066 = DIRECTION('',(1.,0.,-0.));
#9067 = ORIENTED_EDGE('',*,*,#9068,.F.);
#9068 = EDGE_CURVE('',#9010,#9061,#9069,.T.);
#9069 = CIRCLE('',#9070,6.);
#9070 = AXIS2_PLACEMENT_3D('',#9071,#9072,#9073);
#9071 = CARTESIAN_POINT('',(-35.,-27.,38.55));
#9072 = DIRECTION('',(0.,0.,1.));
#9073 = DIRECTION('',(-1.,-0.,0.));
#9074 = PLANE('',#9075);
#9075 = AXIS2_PLACEMENT_3D('',#9076,#9077,#9078);
#9076 = CARTESIAN_POINT('',(-42.6,-34.6,38.55));
#9077 = DIRECTION('',(0.,0.,1.));
#9078 = DIRECTION('',(1.,0.,-0.));
#9079 = ADVANCED_FACE('',(#9080,#9090),#9160,.F.);
#9080 = FACE_BOUND('',#9081,.F.);
#9081 = EDGE_LOOP('',(#9082,#9083,#9084,#9085,#9086,#9087,#9088,#9089));
#9082 = ORIENTED_EDGE('',*,*,#8810,.F.);
#9083 = ORIENTED_EDGE('',*,*,#8832,.T.);
#9084 = ORIENTED_EDGE('',*,*,#8882,.T.);
#9085 = ORIENTED_EDGE('',*,*,#8930,.F.);
#9086 = ORIENTED_EDGE('',*,*,#8982,.T.);
#9087 = ORIENTED_EDGE('',*,*,#8955,.T.);
#9088 = ORIENTED_EDGE('',*,*,#8906,.F.);
#9089 = ORIENTED_EDGE('',*,*,#8857,.F.);
#9090 = FACE_BOUND('',#9091,.F.);
#9091 = EDGE_LOOP('',(#9092,#9102,#9111,#9119,#9128,#9136,#9145,#9153));
#9092 = ORIENTED_EDGE('',*,*,#9093,.F.);
#9093 = EDGE_CURVE('',#9094,#9096,#9098,.T.);
#9094 = VERTEX_POINT('',#9095);
#9095 = CARTESIAN_POINT('',(-41.,27.,41.8));
#9096 = VERTEX_POINT('',#9097);
#9097 = CARTESIAN_POINT('',(-41.,-27.,41.8));
#9098 = LINE('',#9099,#9100);
#9099 = CARTESIAN_POINT('',(-41.,-33.8,41.8));
#9100 = VECTOR('',#9101,1.);
#9101 = DIRECTION('',(0.,-1.,0.));
#9102 = ORIENTED_EDGE('',*,*,#9103,.F.);
#9103 = EDGE_CURVE('',#9104,#9094,#9106,.T.);
#9104 = VERTEX_POINT('',#9105);
#9105 = CARTESIAN_POINT('',(-35.,33.,41.8));
#9106 = CIRCLE('',#9107,6.);
#9107 = AXIS2_PLACEMENT_3D('',#9108,#9109,#9110);
#9108 = CARTESIAN_POINT('',(-35.,27.,41.8));
#9109 = DIRECTION('',(0.,0.,1.));
#9110 = DIRECTION('',(-1.,-0.,0.));
#9111 = ORIENTED_EDGE('',*,*,#9112,.T.);
#9112 = EDGE_CURVE('',#9104,#9113,#9115,.T.);
#9113 = VERTEX_POINT('',#9114);
#9114 = CARTESIAN_POINT('',(35.,33.,41.8));
#9115 = LINE('',#9116,#9117);
#9116 = CARTESIAN_POINT('',(-41.8,33.,41.8));
#9117 = VECTOR('',#9118,1.);
#9118 = DIRECTION('',(1.,0.,-0.));
#9119 = ORIENTED_EDGE('',*,*,#9120,.F.);
#9120 = EDGE_CURVE('',#9121,#9113,#9123,.T.);
#9121 = VERTEX_POINT('',#9122);
#9122 = CARTESIAN_POINT('',(41.,27.,41.8));
#9123 = CIRCLE('',#9124,6.);
#9124 = AXIS2_PLACEMENT_3D('',#9125,#9126,#9127);
#9125 = CARTESIAN_POINT('',(35.,27.,41.8));
#9126 = DIRECTION('',(0.,0.,1.));
#9127 = DIRECTION('',(1.,0.,-0.));
#9128 = ORIENTED_EDGE('',*,*,#9129,.T.);
#9129 = EDGE_CURVE('',#9121,#9130,#9132,.T.);
#9130 = VERTEX_POINT('',#9131);
#9131 = CARTESIAN_POINT('',(41.,-27.,41.8));
#9132 = LINE('',#9133,#9134);
#9133 = CARTESIAN_POINT('',(41.,-33.8,41.8));
#9134 = VECTOR('',#9135,1.);
#9135 = DIRECTION('',(0.,-1.,0.));
#9136 = ORIENTED_EDGE('',*,*,#9137,.F.);
#9137 = EDGE_CURVE('',#9138,#9130,#9140,.T.);
#9138 = VERTEX_POINT('',#9139);
#9139 = CARTESIAN_POINT('',(35.,-33.,41.8));
#9140 = CIRCLE('',#9141,6.);
#9141 = AXIS2_PLACEMENT_3D('',#9142,#9143,#9144);
#9142 = CARTESIAN_POINT('',(35.,-27.,41.8));
#9143 = DIRECTION('',(0.,0.,1.));
#9144 = DIRECTION('',(1.,0.,-0.));
#9145 = ORIENTED_EDGE('',*,*,#9146,.F.);
#9146 = EDGE_CURVE('',#9147,#9138,#9149,.T.);
#9147 = VERTEX_POINT('',#9148);
#9148 = CARTESIAN_POINT('',(-35.,-33.,41.8));
#9149 = LINE('',#9150,#9151);
#9150 = CARTESIAN_POINT('',(-41.8,-33.,41.8));
#9151 = VECTOR('',#9152,1.);
#9152 = DIRECTION('',(1.,0.,-0.));
#9153 = ORIENTED_EDGE('',*,*,#9154,.F.);
#9154 = EDGE_CURVE('',#9096,#9147,#9155,.T.);
#9155 = CIRCLE('',#9156,6.);
#9156 = AXIS2_PLACEMENT_3D('',#9157,#9158,#9159);
#9157 = CARTESIAN_POINT('',(-35.,-27.,41.8));
#9158 = DIRECTION('',(0.,0.,1.));
#9159 = DIRECTION('',(-1.,-0.,0.));
#9160 = PLANE('',#9161);
#9161 = AXIS2_PLACEMENT_3D('',#9162,#9163,#9164);
#9162 = CARTESIAN_POINT('',(-42.6,-34.6,41.8));
#9163 = DIRECTION('',(0.,0.,1.));
#9164 = DIRECTION('',(1.,0.,-0.));
#9165 = ADVANCED_FACE('',(#9166),#9182,.F.);
#9166 = FACE_BOUND('',#9167,.F.);
#9167 = EDGE_LOOP('',(#9168,#9169,#9175,#9176));
#9168 = ORIENTED_EDGE('',*,*,#9093,.T.);
#9169 = ORIENTED_EDGE('',*,*,#9170,.F.);
#9170 = EDGE_CURVE('',#9010,#9096,#9171,.T.);
#9171 = LINE('',#9172,#9173);
#9172 = CARTESIAN_POINT('',(-41.,-27.,0.));
#9173 = VECTOR('',#9174,1.);
#9174 = DIRECTION('',(0.,0.,1.));
#9175 = ORIENTED_EDGE('',*,*,#9007,.F.);
#9176 = ORIENTED_EDGE('',*,*,#9177,.T.);
#9177 = EDGE_CURVE('',#9008,#9094,#9178,.T.);
#9178 = LINE('',#9179,#9180);
#9179 = CARTESIAN_POINT('',(-41.,27.,0.));
#9180 = VECTOR('',#9181,1.);
#9181 = DIRECTION('',(0.,0.,1.));
#9182 = PLANE('',#9183);
#9183 = AXIS2_PLACEMENT_3D('',#9184,#9185,#9186);
#9184 = CARTESIAN_POINT('',(-41.,-33.,0.));
#9185 = DIRECTION('',(1.,0.,-0.));
#9186 = DIRECTION('',(0.,0.,1.));
#9187 = ADVANCED_FACE('',(#9188),#9199,.T.);
#9188 = FACE_BOUND('',#9189,.T.);
#9189 = EDGE_LOOP('',(#9190,#9191,#9192,#9198));
#9190 = ORIENTED_EDGE('',*,*,#9170,.F.);
#9191 = ORIENTED_EDGE('',*,*,#9068,.T.);
#9192 = ORIENTED_EDGE('',*,*,#9193,.T.);
#9193 = EDGE_CURVE('',#9061,#9147,#9194,.T.);
#9194 = LINE('',#9195,#9196);
#9195 = CARTESIAN_POINT('',(-35.,-33.,0.));
#9196 = VECTOR('',#9197,1.);
#9197 = DIRECTION('',(0.,0.,1.));
#9198 = ORIENTED_EDGE('',*,*,#9154,.F.);
#9199 = CYLINDRICAL_SURFACE('',#9200,6.);
#9200 = AXIS2_PLACEMENT_3D('',#9201,#9202,#9203);
#9201 = CARTESIAN_POINT('',(-35.,-27.,0.));
#9202 = DIRECTION('',(0.,0.,1.));
#9203 = DIRECTION('',(-1.,-0.,0.));
#9204 = ADVANCED_FACE('',(#9205),#9216,.F.);
#9205 = FACE_BOUND('',#9206,.F.);
#9206 = EDGE_LOOP('',(#9207,#9208,#9209,#9210));
#9207 = ORIENTED_EDGE('',*,*,#9060,.F.);
#9208 = ORIENTED_EDGE('',*,*,#9193,.T.);
#9209 = ORIENTED_EDGE('',*,*,#9146,.T.);
#9210 = ORIENTED_EDGE('',*,*,#9211,.F.);
#9211 = EDGE_CURVE('',#9052,#9138,#9212,.T.);
#9212 = LINE('',#9213,#9214);
#9213 = CARTESIAN_POINT('',(35.,-33.,0.));
#9214 = VECTOR('',#9215,1.);
#9215 = DIRECTION('',(0.,0.,1.));
#9216 = PLANE('',#9217);
#9217 = AXIS2_PLACEMENT_3D('',#9218,#9219,#9220);
#9218 = CARTESIAN_POINT('',(-41.,-33.,0.));
#9219 = DIRECTION('',(-0.,1.,0.));
#9220 = DIRECTION('',(0.,0.,1.));
#9221 = ADVANCED_FACE('',(#9222),#9233,.T.);
#9222 = FACE_BOUND('',#9223,.F.);
#9223 = EDGE_LOOP('',(#9224,#9230,#9231,#9232));
#9224 = ORIENTED_EDGE('',*,*,#9225,.F.);
#9225 = EDGE_CURVE('',#9044,#9130,#9226,.T.);
#9226 = LINE('',#9227,#9228);
#9227 = CARTESIAN_POINT('',(41.,-27.,0.));
#9228 = VECTOR('',#9229,1.);
#9229 = DIRECTION('',(0.,0.,1.));
#9230 = ORIENTED_EDGE('',*,*,#9051,.F.);
#9231 = ORIENTED_EDGE('',*,*,#9211,.T.);
#9232 = ORIENTED_EDGE('',*,*,#9137,.T.);
#9233 = CYLINDRICAL_SURFACE('',#9234,6.);
#9234 = AXIS2_PLACEMENT_3D('',#9235,#9236,#9237);
#9235 = CARTESIAN_POINT('',(35.,-27.,0.));
#9236 = DIRECTION('',(0.,0.,1.));
#9237 = DIRECTION('',(1.,0.,-0.));
#9238 = ADVANCED_FACE('',(#9239),#9250,.T.);
#9239 = FACE_BOUND('',#9240,.T.);
#9240 = EDGE_LOOP('',(#9241,#9242,#9243,#9244));
#9241 = ORIENTED_EDGE('',*,*,#9129,.T.);
#9242 = ORIENTED_EDGE('',*,*,#9225,.F.);
#9243 = ORIENTED_EDGE('',*,*,#9043,.F.);
#9244 = ORIENTED_EDGE('',*,*,#9245,.T.);
#9245 = EDGE_CURVE('',#9035,#9121,#9246,.T.);
#9246 = LINE('',#9247,#9248);
#9247 = CARTESIAN_POINT('',(41.,27.,0.));
#9248 = VECTOR('',#9249,1.);
#9249 = DIRECTION('',(0.,0.,1.));
#9250 = PLANE('',#9251);
#9251 = AXIS2_PLACEMENT_3D('',#9252,#9253,#9254);
#9252 = CARTESIAN_POINT('',(41.,-33.,0.));
#9253 = DIRECTION('',(1.,0.,-0.));
#9254 = DIRECTION('',(0.,0.,1.));
#9255 = ADVANCED_FACE('',(#9256),#9267,.T.);
#9256 = FACE_BOUND('',#9257,.T.);
#9257 = EDGE_LOOP('',(#9258,#9259,#9260,#9266));
#9258 = ORIENTED_EDGE('',*,*,#9245,.F.);
#9259 = ORIENTED_EDGE('',*,*,#9034,.T.);
#9260 = ORIENTED_EDGE('',*,*,#9261,.T.);
#9261 = EDGE_CURVE('',#9027,#9113,#9262,.T.);
#9262 = LINE('',#9263,#9264);
#9263 = CARTESIAN_POINT('',(35.,33.,0.));
#9264 = VECTOR('',#9265,1.);
#9265 = DIRECTION('',(0.,0.,1.));
#9266 = ORIENTED_EDGE('',*,*,#9120,.F.);
#9267 = CYLINDRICAL_SURFACE('',#9268,6.);
#9268 = AXIS2_PLACEMENT_3D('',#9269,#9270,#9271);
#9269 = CARTESIAN_POINT('',(35.,27.,0.));
#9270 = DIRECTION('',(0.,0.,1.));
#9271 = DIRECTION('',(1.,0.,-0.));
#9272 = ADVANCED_FACE('',(#9273),#9284,.T.);
#9273 = FACE_BOUND('',#9274,.T.);
#9274 = EDGE_LOOP('',(#9275,#9276,#9282,#9283));
#9275 = ORIENTED_EDGE('',*,*,#9026,.F.);
#9276 = ORIENTED_EDGE('',*,*,#9277,.T.);
#9277 = EDGE_CURVE('',#9018,#9104,#9278,.T.);
#9278 = LINE('',#9279,#9280);
#9279 = CARTESIAN_POINT('',(-35.,33.,0.));
#9280 = VECTOR('',#9281,1.);
#9281 = DIRECTION('',(0.,0.,1.));
#9282 = ORIENTED_EDGE('',*,*,#9112,.T.);
#9283 = ORIENTED_EDGE('',*,*,#9261,.F.);
#9284 = PLANE('',#9285);
#9285 = AXIS2_PLACEMENT_3D('',#9286,#9287,#9288);
#9286 = CARTESIAN_POINT('',(-41.,33.,0.));
#9287 = DIRECTION('',(-0.,1.,0.));
#9288 = DIRECTION('',(0.,0.,1.));
#9289 = ADVANCED_FACE('',(#9290),#9296,.T.);
#9290 = FACE_BOUND('',#9291,.F.);
#9291 = EDGE_LOOP('',(#9292,#9293,#9294,#9295));
#9292 = ORIENTED_EDGE('',*,*,#9177,.F.);
#9293 = ORIENTED_EDGE('',*,*,#9017,.F.);
#9294 = ORIENTED_EDGE('',*,*,#9277,.T.);
#9295 = ORIENTED_EDGE('',*,*,#9103,.T.);
#9296 = CYLINDRICAL_SURFACE('',#9297,6.);
#9297 = AXIS2_PLACEMENT_3D('',#9298,#9299,#9300);
#9298 = CARTESIAN_POINT('',(-35.,27.,0.));
#9299 = DIRECTION('',(0.,0.,1.));
#9300 = DIRECTION('',(-1.,-0.,0.));
#9301 = ADVANCED_FACE('',(#9302),#9326,.F.);
#9302 = FACE_BOUND('',#9303,.F.);
#9303 = EDGE_LOOP('',(#9304,#9305,#9306,#9307,#9308,#9309,#9310,#9311,
    #9312,#9313,#9314,#9315,#9316,#9317,#9318,#9319,#9320,#9321,#9322,
    #9323,#9324,#9325));
#9304 = ORIENTED_EDGE('',*,*,#3749,.F.);
#9305 = ORIENTED_EDGE('',*,*,#3717,.T.);
#9306 = ORIENTED_EDGE('',*,*,#3685,.T.);
#9307 = ORIENTED_EDGE('',*,*,#3653,.T.);
#9308 = ORIENTED_EDGE('',*,*,#3621,.F.);
#9309 = ORIENTED_EDGE('',*,*,#3589,.T.);
#9310 = ORIENTED_EDGE('',*,*,#3557,.T.);
#9311 = ORIENTED_EDGE('',*,*,#3524,.T.);
#9312 = ORIENTED_EDGE('',*,*,#1224,.T.);
#9313 = ORIENTED_EDGE('',*,*,#564,.F.);
#9314 = ORIENTED_EDGE('',*,*,#529,.F.);
#9315 = ORIENTED_EDGE('',*,*,#1080,.F.);
#9316 = ORIENTED_EDGE('',*,*,#2257,.T.);
#9317 = ORIENTED_EDGE('',*,*,#2776,.F.);
#9318 = ORIENTED_EDGE('',*,*,#2743,.T.);
#9319 = ORIENTED_EDGE('',*,*,#2654,.T.);
#9320 = ORIENTED_EDGE('',*,*,#2612,.T.);
#9321 = ORIENTED_EDGE('',*,*,#2514,.F.);
#9322 = ORIENTED_EDGE('',*,*,#2481,.T.);
#9323 = ORIENTED_EDGE('',*,*,#2392,.T.);
#9324 = ORIENTED_EDGE('',*,*,#2350,.T.);
#9325 = ORIENTED_EDGE('',*,*,#2341,.T.);
#9326 = CYLINDRICAL_SURFACE('',#9327,8.);
#9327 = AXIS2_PLACEMENT_3D('',#9328,#9329,#9330);
#9328 = CARTESIAN_POINT('',(-24.,-40.,22.));
#9329 = DIRECTION('',(0.,1.,0.));
#9330 = DIRECTION('',(0.,-0.,1.));
#9331 = ADVANCED_FACE('',(#9332),#9356,.F.);
#9332 = FACE_BOUND('',#9333,.F.);
#9333 = EDGE_LOOP('',(#9334,#9335,#9336,#9337,#9338,#9339,#9340,#9341,
    #9342,#9343,#9344,#9345,#9346,#9347,#9348,#9349,#9350,#9351,#9352,
    #9353,#9354,#9355));
#9334 = ORIENTED_EDGE('',*,*,#1862,.T.);
#9335 = ORIENTED_EDGE('',*,*,#5613,.F.);
#9336 = ORIENTED_EDGE('',*,*,#5584,.T.);
#9337 = ORIENTED_EDGE('',*,*,#5552,.F.);
#9338 = ORIENTED_EDGE('',*,*,#5527,.F.);
#9339 = ORIENTED_EDGE('',*,*,#5488,.F.);
#9340 = ORIENTED_EDGE('',*,*,#5456,.T.);
#9341 = ORIENTED_EDGE('',*,*,#5424,.F.);
#9342 = ORIENTED_EDGE('',*,*,#5399,.F.);
#9343 = ORIENTED_EDGE('',*,*,#5230,.F.);
#9344 = ORIENTED_EDGE('',*,*,#5239,.F.);
#9345 = ORIENTED_EDGE('',*,*,#2433,.T.);
#9346 = ORIENTED_EDGE('',*,*,#5165,.F.);
#9347 = ORIENTED_EDGE('',*,*,#2564,.F.);
#9348 = ORIENTED_EDGE('',*,*,#5142,.F.);
#9349 = ORIENTED_EDGE('',*,*,#2695,.T.);
#9350 = ORIENTED_EDGE('',*,*,#5119,.F.);
#9351 = ORIENTED_EDGE('',*,*,#2817,.F.);
#9352 = ORIENTED_EDGE('',*,*,#5095,.F.);
#9353 = ORIENTED_EDGE('',*,*,#1718,.F.);
#9354 = ORIENTED_EDGE('',*,*,#715,.T.);
#9355 = ORIENTED_EDGE('',*,*,#750,.T.);
#9356 = CYLINDRICAL_SURFACE('',#9357,8.);
#9357 = AXIS2_PLACEMENT_3D('',#9358,#9359,#9360);
#9358 = CARTESIAN_POINT('',(-24.,-40.,22.));
#9359 = DIRECTION('',(0.,1.,0.));
#9360 = DIRECTION('',(0.,-0.,1.));
#9361 = ADVANCED_FACE('',(#9362),#9386,.F.);
#9362 = FACE_BOUND('',#9363,.F.);
#9363 = EDGE_LOOP('',(#9364,#9365,#9366,#9367,#9368,#9369,#9370,#9371,
    #9372,#9373,#9374,#9375,#9376,#9377,#9378,#9379,#9380,#9381,#9382,
    #9383,#9384,#9385));
#9364 = ORIENTED_EDGE('',*,*,#4386,.F.);
#9365 = ORIENTED_EDGE('',*,*,#4355,.T.);
#9366 = ORIENTED_EDGE('',*,*,#4255,.T.);
#9367 = ORIENTED_EDGE('',*,*,#4224,.T.);
#9368 = ORIENTED_EDGE('',*,*,#4124,.F.);
#9369 = ORIENTED_EDGE('',*,*,#4093,.T.);
#9370 = ORIENTED_EDGE('',*,*,#3993,.T.);
#9371 = ORIENTED_EDGE('',*,*,#3962,.T.);
#9372 = ORIENTED_EDGE('',*,*,#1351,.T.);
#9373 = ORIENTED_EDGE('',*,*,#608,.F.);
#9374 = ORIENTED_EDGE('',*,*,#573,.F.);
#9375 = ORIENTED_EDGE('',*,*,#1495,.F.);
#9376 = ORIENTED_EDGE('',*,*,#3541,.T.);
#9377 = ORIENTED_EDGE('',*,*,#3573,.F.);
#9378 = ORIENTED_EDGE('',*,*,#3606,.T.);
#9379 = ORIENTED_EDGE('',*,*,#3630,.T.);
#9380 = ORIENTED_EDGE('',*,*,#3670,.T.);
#9381 = ORIENTED_EDGE('',*,*,#3701,.F.);
#9382 = ORIENTED_EDGE('',*,*,#3734,.T.);
#9383 = ORIENTED_EDGE('',*,*,#3756,.T.);
#9384 = ORIENTED_EDGE('',*,*,#2324,.T.);
#9385 = ORIENTED_EDGE('',*,*,#2315,.T.);
#9386 = CYLINDRICAL_SURFACE('',#9387,8.);
#9387 = AXIS2_PLACEMENT_3D('',#9388,#9389,#9390);
#9388 = CARTESIAN_POINT('',(24.,-40.,22.));
#9389 = DIRECTION('',(0.,1.,0.));
#9390 = DIRECTION('',(0.,-0.,1.));
#9391 = ADVANCED_FACE('',(#9392),#9416,.F.);
#9392 = FACE_BOUND('',#9393,.F.);
#9393 = EDGE_LOOP('',(#9394,#9395,#9396,#9397,#9398,#9399,#9400,#9401,
    #9402,#9403,#9404,#9405,#9406,#9407,#9408,#9409,#9410,#9411,#9412,
    #9413,#9414,#9415));
#9394 = ORIENTED_EDGE('',*,*,#1989,.T.);
#9395 = ORIENTED_EDGE('',*,*,#5890,.F.);
#9396 = ORIENTED_EDGE('',*,*,#4043,.T.);
#9397 = ORIENTED_EDGE('',*,*,#5866,.F.);
#9398 = ORIENTED_EDGE('',*,*,#4167,.F.);
#9399 = ORIENTED_EDGE('',*,*,#5843,.F.);
#9400 = ORIENTED_EDGE('',*,*,#4305,.T.);
#9401 = ORIENTED_EDGE('',*,*,#5820,.F.);
#9402 = ORIENTED_EDGE('',*,*,#4427,.F.);
#9403 = ORIENTED_EDGE('',*,*,#5204,.F.);
#9404 = ORIENTED_EDGE('',*,*,#5213,.F.);
#9405 = ORIENTED_EDGE('',*,*,#5383,.T.);
#9406 = ORIENTED_EDGE('',*,*,#5432,.F.);
#9407 = ORIENTED_EDGE('',*,*,#5447,.F.);
#9408 = ORIENTED_EDGE('',*,*,#5496,.F.);
#9409 = ORIENTED_EDGE('',*,*,#5511,.T.);
#9410 = ORIENTED_EDGE('',*,*,#5560,.F.);
#9411 = ORIENTED_EDGE('',*,*,#5575,.F.);
#9412 = ORIENTED_EDGE('',*,*,#5621,.F.);
#9413 = ORIENTED_EDGE('',*,*,#2133,.F.);
#9414 = ORIENTED_EDGE('',*,*,#759,.T.);
#9415 = ORIENTED_EDGE('',*,*,#794,.T.);
#9416 = CYLINDRICAL_SURFACE('',#9417,8.);
#9417 = AXIS2_PLACEMENT_3D('',#9418,#9419,#9420);
#9418 = CARTESIAN_POINT('',(24.,-40.,22.));
#9419 = DIRECTION('',(0.,1.,0.));
#9420 = DIRECTION('',(0.,-0.,1.));
#9421 = ( GEOMETRIC_REPRESENTATION_CONTEXT(3)
GLOBAL_UNCERTAINTY_ASSIGNED_CONTEXT((#9425))
GLOBAL_UNIT_ASSIGNED_CONTEXT((#9422,#9423,#9424)) REPRESENTATION_CONTEXT
('Context #1','3D Context with UNIT and UNCERTAINTY') );
#9422 = ( LENGTH_UNIT() NAMED_UNIT(*) SI_UNIT(.MILLI.,.METRE.) );
#9423 = ( NAMED_UNIT(*) PLANE_ANGLE_UNIT() SI_UNIT($,.RADIAN.) );
#9424 = ( NAMED_UNIT(*) SI_UNIT($,.STERADIAN.) SOLID_ANGLE_UNIT() );
#9425 = UNCERTAINTY_MEASURE_WITH_UNIT(LENGTH_MEASURE(1.E-07),#9422,
  'distance_accuracy_value','confusion accuracy');
#9426 = CONTEXT_DEPENDENT_SHAPE_REPRESENTATION(#9427,#9429);
#9427 = ( REPRESENTATION_RELATIONSHIP('','',#44,#10)
REPRESENTATION_RELATIONSHIP_WITH_TRANSFORMATION(#9428)
SHAPE_REPRESENTATION_RELATIONSHIP() );
#9428 = ITEM_DEFINED_TRANSFORMATION('','',#11,#15);
#9429 = PRODUCT_DEFINITION_SHAPE('Placement','Placement of an item',
  #9430);
#9430 = NEXT_ASSEMBLY_USAGE_OCCURRENCE('20',
  'Ribbed station / arched entries','',#5,#39,$);
#9431 = PRODUCT_RELATED_PRODUCT_CATEGORY('part',$,(#41));
#9432 = SHAPE_DEFINITION_REPRESENTATION(#9433,#9439);
#9433 = PRODUCT_DEFINITION_SHAPE('','',#9434);
#9434 = PRODUCT_DEFINITION('design','',#9435,#9438);
#9435 = PRODUCT_DEFINITION_FORMATION('','',#9436);
#9436 = PRODUCT('Bait dish + hollow feed tower',
  'Bait dish + hollow feed tower','',(#9437));
#9437 = PRODUCT_CONTEXT('',#2,'mechanical');
#9438 = PRODUCT_DEFINITION_CONTEXT('part definition',#2,'design');
#9439 = ADVANCED_BREP_SHAPE_REPRESENTATION('',(#11,#9440),#10249);
#9440 = MANIFOLD_SOLID_BREP('',#9441);
#9441 = CLOSED_SHELL('',(#9442,#9459,#9484,#9509,#9529,#9554,#9579,#9658
    ,#9690,#9725,#9750,#9774,#9799,#9823,#9848,#9865,#9951,#10010,#10042
    ,#10074,#10099,#10123,#10148,#10172,#10197,#10214,#10229));
#9442 = ADVANCED_FACE('',(#9443),#9454,.F.);
#9443 = FACE_BOUND('',#9444,.T.);
#9444 = EDGE_LOOP('',(#9445));
#9445 = ORIENTED_EDGE('',*,*,#9446,.F.);
#9446 = EDGE_CURVE('',#9447,#9447,#9449,.T.);
#9447 = VERTEX_POINT('',#9448);
#9448 = CARTESIAN_POINT('',(18.,0.,3.2));
#9449 = CIRCLE('',#9450,18.);
#9450 = AXIS2_PLACEMENT_3D('',#9451,#9452,#9453);
#9451 = CARTESIAN_POINT('',(0.,0.,3.2));
#9452 = DIRECTION('',(0.,0.,1.));
#9453 = DIRECTION('',(1.,0.,-0.));
#9454 = PLANE('',#9455);
#9455 = AXIS2_PLACEMENT_3D('',#9456,#9457,#9458);
#9456 = CARTESIAN_POINT('',(0.,0.,3.2));
#9457 = DIRECTION('',(0.,0.,1.));
#9458 = DIRECTION('',(1.,0.,-0.));
#9459 = ADVANCED_FACE('',(#9460),#9479,.T.);
#9460 = FACE_BOUND('',#9461,.T.);
#9461 = EDGE_LOOP('',(#9462,#9463,#9471,#9478));
#9462 = ORIENTED_EDGE('',*,*,#9446,.T.);
#9463 = ORIENTED_EDGE('',*,*,#9464,.T.);
#9464 = EDGE_CURVE('',#9447,#9465,#9467,.T.);
#9465 = VERTEX_POINT('',#9466);
#9466 = CARTESIAN_POINT('',(25.,0.,17.2));
#9467 = LINE('',#9468,#9469);
#9468 = CARTESIAN_POINT('',(18.,0.,3.2));
#9469 = VECTOR('',#9470,1.);
#9470 = DIRECTION('',(0.4472135955,0.,0.894427191));
#9471 = ORIENTED_EDGE('',*,*,#9472,.F.);
#9472 = EDGE_CURVE('',#9465,#9465,#9473,.T.);
#9473 = CIRCLE('',#9474,25.);
#9474 = AXIS2_PLACEMENT_3D('',#9475,#9476,#9477);
#9475 = CARTESIAN_POINT('',(0.,0.,17.2));
#9476 = DIRECTION('',(0.,0.,1.));
#9477 = DIRECTION('',(1.,0.,-0.));
#9478 = ORIENTED_EDGE('',*,*,#9464,.F.);
#9479 = CONICAL_SURFACE('',#9480,18.,0.463647609001);
#9480 = AXIS2_PLACEMENT_3D('',#9481,#9482,#9483);
#9481 = CARTESIAN_POINT('',(0.,0.,3.2));
#9482 = DIRECTION('',(0.,0.,1.));
#9483 = DIRECTION('',(1.,0.,-0.));
#9484 = ADVANCED_FACE('',(#9485),#9504,.T.);
#9485 = FACE_BOUND('',#9486,.T.);
#9486 = EDGE_LOOP('',(#9487,#9488,#9496,#9503));
#9487 = ORIENTED_EDGE('',*,*,#9472,.T.);
#9488 = ORIENTED_EDGE('',*,*,#9489,.T.);
#9489 = EDGE_CURVE('',#9465,#9490,#9492,.T.);
#9490 = VERTEX_POINT('',#9491);
#9491 = CARTESIAN_POINT('',(27.,0.,20.2));
#9492 = LINE('',#9493,#9494);
#9493 = CARTESIAN_POINT('',(25.,0.,17.2));
#9494 = VECTOR('',#9495,1.);
#9495 = DIRECTION('',(0.554700196225,0.,0.832050294338));
#9496 = ORIENTED_EDGE('',*,*,#9497,.F.);
#9497 = EDGE_CURVE('',#9490,#9490,#9498,.T.);
#9498 = CIRCLE('',#9499,27.);
#9499 = AXIS2_PLACEMENT_3D('',#9500,#9501,#9502);
#9500 = CARTESIAN_POINT('',(0.,0.,20.2));
#9501 = DIRECTION('',(0.,0.,1.));
#9502 = DIRECTION('',(1.,0.,-0.));
#9503 = ORIENTED_EDGE('',*,*,#9489,.F.);
#9504 = CONICAL_SURFACE('',#9505,25.,0.588002603548);
#9505 = AXIS2_PLACEMENT_3D('',#9506,#9507,#9508);
#9506 = CARTESIAN_POINT('',(0.,0.,17.2));
#9507 = DIRECTION('',(0.,0.,1.));
#9508 = DIRECTION('',(1.,0.,-0.));
#9509 = ADVANCED_FACE('',(#9510,#9513),#9524,.T.);
#9510 = FACE_BOUND('',#9511,.T.);
#9511 = EDGE_LOOP('',(#9512));
#9512 = ORIENTED_EDGE('',*,*,#9497,.T.);
#9513 = FACE_BOUND('',#9514,.T.);
#9514 = EDGE_LOOP('',(#9515));
#9515 = ORIENTED_EDGE('',*,*,#9516,.F.);
#9516 = EDGE_CURVE('',#9517,#9517,#9519,.T.);
#9517 = VERTEX_POINT('',#9518);
#9518 = CARTESIAN_POINT('',(25.,0.,20.2));
#9519 = CIRCLE('',#9520,25.);
#9520 = AXIS2_PLACEMENT_3D('',#9521,#9522,#9523);
#9521 = CARTESIAN_POINT('',(0.,0.,20.2));
#9522 = DIRECTION('',(0.,0.,1.));
#9523 = DIRECTION('',(1.,0.,-0.));
#9524 = PLANE('',#9525);
#9525 = AXIS2_PLACEMENT_3D('',#9526,#9527,#9528);
#9526 = CARTESIAN_POINT('',(0.,0.,20.2));
#9527 = DIRECTION('',(0.,0.,1.));
#9528 = DIRECTION('',(1.,0.,-0.));
#9529 = ADVANCED_FACE('',(#9530),#9549,.F.);
#9530 = FACE_BOUND('',#9531,.T.);
#9531 = EDGE_LOOP('',(#9532,#9533,#9541,#9548));
#9532 = ORIENTED_EDGE('',*,*,#9516,.T.);
#9533 = ORIENTED_EDGE('',*,*,#9534,.T.);
#9534 = EDGE_CURVE('',#9517,#9535,#9537,.T.);
#9535 = VERTEX_POINT('',#9536);
#9536 = CARTESIAN_POINT('',(23.,0.,18.2));
#9537 = LINE('',#9538,#9539);
#9538 = CARTESIAN_POINT('',(25.,0.,20.2));
#9539 = VECTOR('',#9540,1.);
#9540 = DIRECTION('',(-0.707106781187,0.,-0.707106781187));
#9541 = ORIENTED_EDGE('',*,*,#9542,.F.);
#9542 = EDGE_CURVE('',#9535,#9535,#9543,.T.);
#9543 = CIRCLE('',#9544,23.);
#9544 = AXIS2_PLACEMENT_3D('',#9545,#9546,#9547);
#9545 = CARTESIAN_POINT('',(0.,0.,18.2));
#9546 = DIRECTION('',(0.,0.,1.));
#9547 = DIRECTION('',(1.,0.,-0.));
#9548 = ORIENTED_EDGE('',*,*,#9534,.F.);
#9549 = CONICAL_SURFACE('',#9550,25.,0.785398163397);
#9550 = AXIS2_PLACEMENT_3D('',#9551,#9552,#9553);
#9551 = CARTESIAN_POINT('',(0.,0.,20.2));
#9552 = DIRECTION('',(0.,0.,1.));
#9553 = DIRECTION('',(1.,0.,0.));
#9554 = ADVANCED_FACE('',(#9555),#9574,.F.);
#9555 = FACE_BOUND('',#9556,.T.);
#9556 = EDGE_LOOP('',(#9557,#9558,#9566,#9573));
#9557 = ORIENTED_EDGE('',*,*,#9542,.T.);
#9558 = ORIENTED_EDGE('',*,*,#9559,.T.);
#9559 = EDGE_CURVE('',#9535,#9560,#9562,.T.);
#9560 = VERTEX_POINT('',#9561);
#9561 = CARTESIAN_POINT('',(18.,0.,8.2));
#9562 = LINE('',#9563,#9564);
#9563 = CARTESIAN_POINT('',(23.,0.,18.2));
#9564 = VECTOR('',#9565,1.);
#9565 = DIRECTION('',(-0.4472135955,0.,-0.894427191));
#9566 = ORIENTED_EDGE('',*,*,#9567,.F.);
#9567 = EDGE_CURVE('',#9560,#9560,#9568,.T.);
#9568 = CIRCLE('',#9569,18.);
#9569 = AXIS2_PLACEMENT_3D('',#9570,#9571,#9572);
#9570 = CARTESIAN_POINT('',(0.,0.,8.2));
#9571 = DIRECTION('',(0.,0.,1.));
#9572 = DIRECTION('',(1.,0.,-0.));
#9573 = ORIENTED_EDGE('',*,*,#9559,.F.);
#9574 = CONICAL_SURFACE('',#9575,23.,0.463647609001);
#9575 = AXIS2_PLACEMENT_3D('',#9576,#9577,#9578);
#9576 = CARTESIAN_POINT('',(0.,0.,18.2));
#9577 = DIRECTION('',(0.,0.,1.));
#9578 = DIRECTION('',(1.,0.,0.));
#9579 = ADVANCED_FACE('',(#9580,#9583),#9653,.T.);
#9580 = FACE_BOUND('',#9581,.T.);
#9581 = EDGE_LOOP('',(#9582));
#9582 = ORIENTED_EDGE('',*,*,#9567,.T.);
#9583 = FACE_BOUND('',#9584,.T.);
#9584 = EDGE_LOOP('',(#9585,#9596,#9604,#9613,#9621,#9630,#9638,#9647));
#9585 = ORIENTED_EDGE('',*,*,#9586,.F.);
#9586 = EDGE_CURVE('',#9587,#9589,#9591,.T.);
#9587 = VERTEX_POINT('',#9588);
#9588 = CARTESIAN_POINT('',(-7.,-7.5,8.2));
#9589 = VERTEX_POINT('',#9590);
#9590 = CARTESIAN_POINT('',(-5.,-9.5,8.2));
#9591 = CIRCLE('',#9592,2.);
#9592 = AXIS2_PLACEMENT_3D('',#9593,#9594,#9595);
#9593 = CARTESIAN_POINT('',(-5.,-7.5,8.2));
#9594 = DIRECTION('',(0.,0.,1.));
#9595 = DIRECTION('',(-1.,-0.,0.));
#9596 = ORIENTED_EDGE('',*,*,#9597,.T.);
#9597 = EDGE_CURVE('',#9587,#9598,#9600,.T.);
#9598 = VERTEX_POINT('',#9599);
#9599 = CARTESIAN_POINT('',(-7.,4.5,8.2));
#9600 = LINE('',#9601,#9602);
#9601 = CARTESIAN_POINT('',(-7.,-4.75,8.2));
#9602 = VECTOR('',#9603,1.);
#9603 = DIRECTION('',(-0.,1.,0.));
#9604 = ORIENTED_EDGE('',*,*,#9605,.F.);
#9605 = EDGE_CURVE('',#9606,#9598,#9608,.T.);
#9606 = VERTEX_POINT('',#9607);
#9607 = CARTESIAN_POINT('',(-5.,6.5,8.2));
#9608 = CIRCLE('',#9609,2.);
#9609 = AXIS2_PLACEMENT_3D('',#9610,#9611,#9612);
#9610 = CARTESIAN_POINT('',(-5.,4.5,8.2));
#9611 = DIRECTION('',(0.,0.,1.));
#9612 = DIRECTION('',(-1.,-0.,0.));
#9613 = ORIENTED_EDGE('',*,*,#9614,.F.);
#9614 = EDGE_CURVE('',#9615,#9606,#9617,.T.);
#9615 = VERTEX_POINT('',#9616);
#9616 = CARTESIAN_POINT('',(5.,6.5,8.2));
#9617 = LINE('',#9618,#9619);
#9618 = CARTESIAN_POINT('',(-3.5,6.5,8.2));
#9619 = VECTOR('',#9620,1.);
#9620 = DIRECTION('',(-1.,-0.,0.));
#9621 = ORIENTED_EDGE('',*,*,#9622,.F.);
#9622 = EDGE_CURVE('',#9623,#9615,#9625,.T.);
#9623 = VERTEX_POINT('',#9624);
#9624 = CARTESIAN_POINT('',(7.,4.5,8.2));
#9625 = CIRCLE('',#9626,2.);
#9626 = AXIS2_PLACEMENT_3D('',#9627,#9628,#9629);
#9627 = CARTESIAN_POINT('',(5.,4.5,8.2));
#9628 = DIRECTION('',(0.,0.,1.));
#9629 = DIRECTION('',(1.,0.,-0.));
#9630 = ORIENTED_EDGE('',*,*,#9631,.F.);
#9631 = EDGE_CURVE('',#9632,#9623,#9634,.T.);
#9632 = VERTEX_POINT('',#9633);
#9633 = CARTESIAN_POINT('',(7.,-7.5,8.2));
#9634 = LINE('',#9635,#9636);
#9635 = CARTESIAN_POINT('',(7.,-4.75,8.2));
#9636 = VECTOR('',#9637,1.);
#9637 = DIRECTION('',(-0.,1.,0.));
#9638 = ORIENTED_EDGE('',*,*,#9639,.F.);
#9639 = EDGE_CURVE('',#9640,#9632,#9642,.T.);
#9640 = VERTEX_POINT('',#9641);
#9641 = CARTESIAN_POINT('',(5.,-9.5,8.2));
#9642 = CIRCLE('',#9643,2.);
#9643 = AXIS2_PLACEMENT_3D('',#9644,#9645,#9646);
#9644 = CARTESIAN_POINT('',(5.,-7.5,8.2));
#9645 = DIRECTION('',(0.,0.,1.));
#9646 = DIRECTION('',(1.,0.,-0.));
#9647 = ORIENTED_EDGE('',*,*,#9648,.T.);
#9648 = EDGE_CURVE('',#9640,#9589,#9649,.T.);
#9649 = LINE('',#9650,#9651);
#9650 = CARTESIAN_POINT('',(-3.5,-9.5,8.2));
#9651 = VECTOR('',#9652,1.);
#9652 = DIRECTION('',(-1.,-0.,0.));
#9653 = PLANE('',#9654);
#9654 = AXIS2_PLACEMENT_3D('',#9655,#9656,#9657);
#9655 = CARTESIAN_POINT('',(0.,0.,8.2));
#9656 = DIRECTION('',(0.,0.,1.));
#9657 = DIRECTION('',(1.,0.,-0.));
#9658 = ADVANCED_FACE('',(#9659),#9685,.T.);
#9659 = FACE_BOUND('',#9660,.T.);
#9660 = EDGE_LOOP('',(#9661,#9669,#9670,#9678));
#9661 = ORIENTED_EDGE('',*,*,#9662,.F.);
#9662 = EDGE_CURVE('',#9587,#9663,#9665,.T.);
#9663 = VERTEX_POINT('',#9664);
#9664 = CARTESIAN_POINT('',(-7.,-7.5,62.));
#9665 = LINE('',#9666,#9667);
#9666 = CARTESIAN_POINT('',(-7.,-7.5,7.4));
#9667 = VECTOR('',#9668,1.);
#9668 = DIRECTION('',(0.,0.,1.));
#9669 = ORIENTED_EDGE('',*,*,#9586,.T.);
#9670 = ORIENTED_EDGE('',*,*,#9671,.T.);
#9671 = EDGE_CURVE('',#9589,#9672,#9674,.T.);
#9672 = VERTEX_POINT('',#9673);
#9673 = CARTESIAN_POINT('',(-5.,-9.5,62.));
#9674 = LINE('',#9675,#9676);
#9675 = CARTESIAN_POINT('',(-5.,-9.5,7.4));
#9676 = VECTOR('',#9677,1.);
#9677 = DIRECTION('',(0.,0.,1.));
#9678 = ORIENTED_EDGE('',*,*,#9679,.F.);
#9679 = EDGE_CURVE('',#9663,#9672,#9680,.T.);
#9680 = CIRCLE('',#9681,2.);
#9681 = AXIS2_PLACEMENT_3D('',#9682,#9683,#9684);
#9682 = CARTESIAN_POINT('',(-5.,-7.5,62.));
#9683 = DIRECTION('',(0.,0.,1.));
#9684 = DIRECTION('',(0.,-1.,0.));
#9685 = CYLINDRICAL_SURFACE('',#9686,2.);
#9686 = AXIS2_PLACEMENT_3D('',#9687,#9688,#9689);
#9687 = CARTESIAN_POINT('',(-5.,-7.5,7.4));
#9688 = DIRECTION('',(0.,0.,1.));
#9689 = DIRECTION('',(-1.,-0.,0.));
#9690 = ADVANCED_FACE('',(#9691,#9709),#9720,.F.);
#9691 = FACE_BOUND('',#9692,.F.);
#9692 = EDGE_LOOP('',(#9693,#9694,#9695,#9703));
#9693 = ORIENTED_EDGE('',*,*,#9648,.T.);
#9694 = ORIENTED_EDGE('',*,*,#9671,.T.);
#9695 = ORIENTED_EDGE('',*,*,#9696,.T.);
#9696 = EDGE_CURVE('',#9672,#9697,#9699,.T.);
#9697 = VERTEX_POINT('',#9698);
#9698 = CARTESIAN_POINT('',(5.,-9.5,62.));
#9699 = LINE('',#9700,#9701);
#9700 = CARTESIAN_POINT('',(-7.,-9.5,62.));
#9701 = VECTOR('',#9702,1.);
#9702 = DIRECTION('',(1.,0.,-0.));
#9703 = ORIENTED_EDGE('',*,*,#9704,.F.);
#9704 = EDGE_CURVE('',#9640,#9697,#9705,.T.);
#9705 = LINE('',#9706,#9707);
#9706 = CARTESIAN_POINT('',(5.,-9.5,7.4));
#9707 = VECTOR('',#9708,1.);
#9708 = DIRECTION('',(0.,0.,1.));
#9709 = FACE_BOUND('',#9710,.F.);
#9710 = EDGE_LOOP('',(#9711));
#9711 = ORIENTED_EDGE('',*,*,#9712,.F.);
#9712 = EDGE_CURVE('',#9713,#9713,#9715,.T.);
#9713 = VERTEX_POINT('',#9714);
#9714 = CARTESIAN_POINT('',(-5.388445916248E-16,-9.5,16.4));
#9715 = CIRCLE('',#9716,2.2);
#9716 = AXIS2_PLACEMENT_3D('',#9717,#9718,#9719);
#9717 = CARTESIAN_POINT('',(0.,-9.5,14.2));
#9718 = DIRECTION('',(0.,1.,0.));
#9719 = DIRECTION('',(0.,-0.,1.));
#9720 = PLANE('',#9721);
#9721 = AXIS2_PLACEMENT_3D('',#9722,#9723,#9724);
#9722 = CARTESIAN_POINT('',(-7.,-9.5,7.4));
#9723 = DIRECTION('',(-0.,1.,0.));
#9724 = DIRECTION('',(0.,0.,1.));
#9725 = ADVANCED_FACE('',(#9726),#9745,.T.);
#9726 = FACE_BOUND('',#9727,.F.);
#9727 = EDGE_LOOP('',(#9728,#9736,#9737,#9738));
#9728 = ORIENTED_EDGE('',*,*,#9729,.F.);
#9729 = EDGE_CURVE('',#9632,#9730,#9732,.T.);
#9730 = VERTEX_POINT('',#9731);
#9731 = CARTESIAN_POINT('',(7.,-7.5,62.));
#9732 = LINE('',#9733,#9734);
#9733 = CARTESIAN_POINT('',(7.,-7.5,7.4));
#9734 = VECTOR('',#9735,1.);
#9735 = DIRECTION('',(0.,0.,1.));
#9736 = ORIENTED_EDGE('',*,*,#9639,.F.);
#9737 = ORIENTED_EDGE('',*,*,#9704,.T.);
#9738 = ORIENTED_EDGE('',*,*,#9739,.F.);
#9739 = EDGE_CURVE('',#9730,#9697,#9740,.T.);
#9740 = CIRCLE('',#9741,2.);
#9741 = AXIS2_PLACEMENT_3D('',#9742,#9743,#9744);
#9742 = CARTESIAN_POINT('',(5.,-7.5,62.));
#9743 = DIRECTION('',(-0.,-0.,-1.));
#9744 = DIRECTION('',(0.,-1.,0.));
#9745 = CYLINDRICAL_SURFACE('',#9746,2.);
#9746 = AXIS2_PLACEMENT_3D('',#9747,#9748,#9749);
#9747 = CARTESIAN_POINT('',(5.,-7.5,7.4));
#9748 = DIRECTION('',(0.,0.,1.));
#9749 = DIRECTION('',(1.,0.,-0.));
#9750 = ADVANCED_FACE('',(#9751),#9769,.T.);
#9751 = FACE_BOUND('',#9752,.T.);
#9752 = EDGE_LOOP('',(#9753,#9761,#9762,#9763));
#9753 = ORIENTED_EDGE('',*,*,#9754,.F.);
#9754 = EDGE_CURVE('',#9730,#9755,#9757,.T.);
#9755 = VERTEX_POINT('',#9756);
#9756 = CARTESIAN_POINT('',(7.,4.5,62.));
#9757 = LINE('',#9758,#9759);
#9758 = CARTESIAN_POINT('',(7.,-9.5,62.));
#9759 = VECTOR('',#9760,1.);
#9760 = DIRECTION('',(-0.,1.,0.));
#9761 = ORIENTED_EDGE('',*,*,#9729,.F.);
#9762 = ORIENTED_EDGE('',*,*,#9631,.T.);
#9763 = ORIENTED_EDGE('',*,*,#9764,.T.);
#9764 = EDGE_CURVE('',#9623,#9755,#9765,.T.);
#9765 = LINE('',#9766,#9767);
#9766 = CARTESIAN_POINT('',(7.,4.5,7.4));
#9767 = VECTOR('',#9768,1.);
#9768 = DIRECTION('',(0.,0.,1.));
#9769 = PLANE('',#9770);
#9770 = AXIS2_PLACEMENT_3D('',#9771,#9772,#9773);
#9771 = CARTESIAN_POINT('',(7.,-9.5,7.4));
#9772 = DIRECTION('',(1.,0.,-0.));
#9773 = DIRECTION('',(0.,0.,1.));
#9774 = ADVANCED_FACE('',(#9775),#9794,.T.);
#9775 = FACE_BOUND('',#9776,.T.);
#9776 = EDGE_LOOP('',(#9777,#9778,#9779,#9787));
#9777 = ORIENTED_EDGE('',*,*,#9764,.F.);
#9778 = ORIENTED_EDGE('',*,*,#9622,.T.);
#9779 = ORIENTED_EDGE('',*,*,#9780,.T.);
#9780 = EDGE_CURVE('',#9615,#9781,#9783,.T.);
#9781 = VERTEX_POINT('',#9782);
#9782 = CARTESIAN_POINT('',(5.,6.5,62.));
#9783 = LINE('',#9784,#9785);
#9784 = CARTESIAN_POINT('',(5.,6.5,7.4));
#9785 = VECTOR('',#9786,1.);
#9786 = DIRECTION('',(0.,0.,1.));
#9787 = ORIENTED_EDGE('',*,*,#9788,.F.);
#9788 = EDGE_CURVE('',#9755,#9781,#9789,.T.);
#9789 = CIRCLE('',#9790,2.);
#9790 = AXIS2_PLACEMENT_3D('',#9791,#9792,#9793);
#9791 = CARTESIAN_POINT('',(5.,4.5,62.));
#9792 = DIRECTION('',(0.,0.,1.));
#9793 = DIRECTION('',(0.,-1.,0.));
#9794 = CYLINDRICAL_SURFACE('',#9795,2.);
#9795 = AXIS2_PLACEMENT_3D('',#9796,#9797,#9798);
#9796 = CARTESIAN_POINT('',(5.,4.5,7.4));
#9797 = DIRECTION('',(0.,0.,1.));
#9798 = DIRECTION('',(1.,0.,-0.));
#9799 = ADVANCED_FACE('',(#9800),#9818,.T.);
#9800 = FACE_BOUND('',#9801,.T.);
#9801 = EDGE_LOOP('',(#9802,#9803,#9811,#9817));
#9802 = ORIENTED_EDGE('',*,*,#9614,.T.);
#9803 = ORIENTED_EDGE('',*,*,#9804,.T.);
#9804 = EDGE_CURVE('',#9606,#9805,#9807,.T.);
#9805 = VERTEX_POINT('',#9806);
#9806 = CARTESIAN_POINT('',(-5.,6.5,62.));
#9807 = LINE('',#9808,#9809);
#9808 = CARTESIAN_POINT('',(-5.,6.5,7.4));
#9809 = VECTOR('',#9810,1.);
#9810 = DIRECTION('',(0.,0.,1.));
#9811 = ORIENTED_EDGE('',*,*,#9812,.T.);
#9812 = EDGE_CURVE('',#9805,#9781,#9813,.T.);
#9813 = LINE('',#9814,#9815);
#9814 = CARTESIAN_POINT('',(-7.,6.5,62.));
#9815 = VECTOR('',#9816,1.);
#9816 = DIRECTION('',(1.,0.,-0.));
#9817 = ORIENTED_EDGE('',*,*,#9780,.F.);
#9818 = PLANE('',#9819);
#9819 = AXIS2_PLACEMENT_3D('',#9820,#9821,#9822);
#9820 = CARTESIAN_POINT('',(-7.,6.5,7.4));
#9821 = DIRECTION('',(-0.,1.,0.));
#9822 = DIRECTION('',(0.,0.,1.));
#9823 = ADVANCED_FACE('',(#9824),#9843,.T.);
#9824 = FACE_BOUND('',#9825,.F.);
#9825 = EDGE_LOOP('',(#9826,#9834,#9835,#9836));
#9826 = ORIENTED_EDGE('',*,*,#9827,.F.);
#9827 = EDGE_CURVE('',#9598,#9828,#9830,.T.);
#9828 = VERTEX_POINT('',#9829);
#9829 = CARTESIAN_POINT('',(-7.,4.5,62.));
#9830 = LINE('',#9831,#9832);
#9831 = CARTESIAN_POINT('',(-7.,4.5,7.4));
#9832 = VECTOR('',#9833,1.);
#9833 = DIRECTION('',(0.,0.,1.));
#9834 = ORIENTED_EDGE('',*,*,#9605,.F.);
#9835 = ORIENTED_EDGE('',*,*,#9804,.T.);
#9836 = ORIENTED_EDGE('',*,*,#9837,.F.);
#9837 = EDGE_CURVE('',#9828,#9805,#9838,.T.);
#9838 = CIRCLE('',#9839,2.);
#9839 = AXIS2_PLACEMENT_3D('',#9840,#9841,#9842);
#9840 = CARTESIAN_POINT('',(-5.,4.5,62.));
#9841 = DIRECTION('',(-0.,-0.,-1.));
#9842 = DIRECTION('',(0.,-1.,0.));
#9843 = CYLINDRICAL_SURFACE('',#9844,2.);
#9844 = AXIS2_PLACEMENT_3D('',#9845,#9846,#9847);
#9845 = CARTESIAN_POINT('',(-5.,4.5,7.4));
#9846 = DIRECTION('',(0.,0.,1.));
#9847 = DIRECTION('',(-1.,-0.,0.));
#9848 = ADVANCED_FACE('',(#9849),#9860,.F.);
#9849 = FACE_BOUND('',#9850,.F.);
#9850 = EDGE_LOOP('',(#9851,#9857,#9858,#9859));
#9851 = ORIENTED_EDGE('',*,*,#9852,.F.);
#9852 = EDGE_CURVE('',#9663,#9828,#9853,.T.);
#9853 = LINE('',#9854,#9855);
#9854 = CARTESIAN_POINT('',(-7.,-9.5,62.));
#9855 = VECTOR('',#9856,1.);
#9856 = DIRECTION('',(-0.,1.,0.));
#9857 = ORIENTED_EDGE('',*,*,#9662,.F.);
#9858 = ORIENTED_EDGE('',*,*,#9597,.T.);
#9859 = ORIENTED_EDGE('',*,*,#9827,.T.);
#9860 = PLANE('',#9861);
#9861 = AXIS2_PLACEMENT_3D('',#9862,#9863,#9864);
#9862 = CARTESIAN_POINT('',(-7.,-9.5,7.4));
#9863 = DIRECTION('',(1.,0.,-0.));
#9864 = DIRECTION('',(0.,0.,1.));
#9865 = ADVANCED_FACE('',(#9866,#9876),#9946,.T.);
#9866 = FACE_BOUND('',#9867,.T.);
#9867 = EDGE_LOOP('',(#9868,#9869,#9870,#9871,#9872,#9873,#9874,#9875));
#9868 = ORIENTED_EDGE('',*,*,#9852,.F.);
#9869 = ORIENTED_EDGE('',*,*,#9679,.T.);
#9870 = ORIENTED_EDGE('',*,*,#9696,.T.);
#9871 = ORIENTED_EDGE('',*,*,#9739,.F.);
#9872 = ORIENTED_EDGE('',*,*,#9754,.T.);
#9873 = ORIENTED_EDGE('',*,*,#9788,.T.);
#9874 = ORIENTED_EDGE('',*,*,#9812,.F.);
#9875 = ORIENTED_EDGE('',*,*,#9837,.F.);
#9876 = FACE_BOUND('',#9877,.T.);
#9877 = EDGE_LOOP('',(#9878,#9889,#9897,#9906,#9914,#9923,#9931,#9940));
#9878 = ORIENTED_EDGE('',*,*,#9879,.F.);
#9879 = EDGE_CURVE('',#9880,#9882,#9884,.T.);
#9880 = VERTEX_POINT('',#9881);
#9881 = CARTESIAN_POINT('',(-4.5,-5.8,62.));
#9882 = VERTEX_POINT('',#9883);
#9883 = CARTESIAN_POINT('',(-3.3,-7.,62.));
#9884 = CIRCLE('',#9885,1.2);
#9885 = AXIS2_PLACEMENT_3D('',#9886,#9887,#9888);
#9886 = CARTESIAN_POINT('',(-3.3,-5.8,62.));
#9887 = DIRECTION('',(0.,0.,1.));
#9888 = DIRECTION('',(-1.,-0.,0.));
#9889 = ORIENTED_EDGE('',*,*,#9890,.T.);
#9890 = EDGE_CURVE('',#9880,#9891,#9893,.T.);
#9891 = VERTEX_POINT('',#9892);
#9892 = CARTESIAN_POINT('',(-4.5,2.8,62.));
#9893 = LINE('',#9894,#9895);
#9894 = CARTESIAN_POINT('',(-4.5,-8.25,62.));
#9895 = VECTOR('',#9896,1.);
#9896 = DIRECTION('',(-0.,1.,0.));
#9897 = ORIENTED_EDGE('',*,*,#9898,.F.);
#9898 = EDGE_CURVE('',#9899,#9891,#9901,.T.);
#9899 = VERTEX_POINT('',#9900);
#9900 = CARTESIAN_POINT('',(-3.3,4.,62.));
#9901 = CIRCLE('',#9902,1.2);
#9902 = AXIS2_PLACEMENT_3D('',#9903,#9904,#9905);
#9903 = CARTESIAN_POINT('',(-3.3,2.8,62.));
#9904 = DIRECTION('',(0.,0.,1.));
#9905 = DIRECTION('',(-1.,-0.,0.));
#9906 = ORIENTED_EDGE('',*,*,#9907,.F.);
#9907 = EDGE_CURVE('',#9908,#9899,#9910,.T.);
#9908 = VERTEX_POINT('',#9909);
#9909 = CARTESIAN_POINT('',(3.3,4.,62.));
#9910 = LINE('',#9911,#9912);
#9911 = CARTESIAN_POINT('',(-5.75,4.,62.));
#9912 = VECTOR('',#9913,1.);
#9913 = DIRECTION('',(-1.,-0.,0.));
#9914 = ORIENTED_EDGE('',*,*,#9915,.F.);
#9915 = EDGE_CURVE('',#9916,#9908,#9918,.T.);
#9916 = VERTEX_POINT('',#9917);
#9917 = CARTESIAN_POINT('',(4.5,2.8,62.));
#9918 = CIRCLE('',#9919,1.2);
#9919 = AXIS2_PLACEMENT_3D('',#9920,#9921,#9922);
#9920 = CARTESIAN_POINT('',(3.3,2.8,62.));
#9921 = DIRECTION('',(0.,0.,1.));
#9922 = DIRECTION('',(1.,0.,-0.));
#9923 = ORIENTED_EDGE('',*,*,#9924,.F.);
#9924 = EDGE_CURVE('',#9925,#9916,#9927,.T.);
#9925 = VERTEX_POINT('',#9926);
#9926 = CARTESIAN_POINT('',(4.5,-5.8,62.));
#9927 = LINE('',#9928,#9929);
#9928 = CARTESIAN_POINT('',(4.5,-8.25,62.));
#9929 = VECTOR('',#9930,1.);
#9930 = DIRECTION('',(-0.,1.,0.));
#9931 = ORIENTED_EDGE('',*,*,#9932,.F.);
#9932 = EDGE_CURVE('',#9933,#9925,#9935,.T.);
#9933 = VERTEX_POINT('',#9934);
#9934 = CARTESIAN_POINT('',(3.3,-7.,62.));
#9935 = CIRCLE('',#9936,1.2);
#9936 = AXIS2_PLACEMENT_3D('',#9937,#9938,#9939);
#9937 = CARTESIAN_POINT('',(3.3,-5.8,62.));
#9938 = DIRECTION('',(0.,0.,1.));
#9939 = DIRECTION('',(1.,0.,-0.));
#9940 = ORIENTED_EDGE('',*,*,#9941,.T.);
#9941 = EDGE_CURVE('',#9933,#9882,#9942,.T.);
#9942 = LINE('',#9943,#9944);
#9943 = CARTESIAN_POINT('',(-5.75,-7.,62.));
#9944 = VECTOR('',#9945,1.);
#9945 = DIRECTION('',(-1.,-0.,0.));
#9946 = PLANE('',#9947);
#9947 = AXIS2_PLACEMENT_3D('',#9948,#9949,#9950);
#9948 = CARTESIAN_POINT('',(-7.,-9.5,62.));
#9949 = DIRECTION('',(0.,0.,1.));
#9950 = DIRECTION('',(1.,0.,-0.));
#9951 = ADVANCED_FACE('',(#9952),#10005,.F.);
#9952 = FACE_BOUND('',#9953,.F.);
#9953 = EDGE_LOOP('',(#9954,#9965,#9973,#9982,#9988,#9989,#9990,#9999));
#9954 = ORIENTED_EDGE('',*,*,#9955,.F.);
#9955 = EDGE_CURVE('',#9956,#9958,#9960,.T.);
#9956 = VERTEX_POINT('',#9957);
#9957 = CARTESIAN_POINT('',(0.916515138991,-2.5,12.2));
#9958 = VERTEX_POINT('',#9959);
#9959 = CARTESIAN_POINT('',(-0.916515138991,-2.5,12.2));
#9960 = CIRCLE('',#9961,2.2);
#9961 = AXIS2_PLACEMENT_3D('',#9962,#9963,#9964);
#9962 = CARTESIAN_POINT('',(0.,-2.5,14.2));
#9963 = DIRECTION('',(0.,1.,0.));
#9964 = DIRECTION('',(0.,-0.,1.));
#9965 = ORIENTED_EDGE('',*,*,#9966,.F.);
#9966 = EDGE_CURVE('',#9967,#9956,#9969,.T.);
#9967 = VERTEX_POINT('',#9968);
#9968 = CARTESIAN_POINT('',(0.916515138991,-7.,12.2));
#9969 = LINE('',#9970,#9971);
#9970 = CARTESIAN_POINT('',(0.916515138991,-10.5,12.2));
#9971 = VECTOR('',#9972,1.);
#9972 = DIRECTION('',(0.,1.,0.));
#9973 = ORIENTED_EDGE('',*,*,#9974,.F.);
#9974 = EDGE_CURVE('',#9975,#9967,#9977,.T.);
#9975 = VERTEX_POINT('',#9976);
#9976 = CARTESIAN_POINT('',(-5.388445916248E-16,-7.,16.4));
#9977 = CIRCLE('',#9978,2.2);
#9978 = AXIS2_PLACEMENT_3D('',#9979,#9980,#9981);
#9979 = CARTESIAN_POINT('',(0.,-7.,14.2));
#9980 = DIRECTION('',(0.,1.,0.));
#9981 = DIRECTION('',(0.,-0.,1.));
#9982 = ORIENTED_EDGE('',*,*,#9983,.F.);
#9983 = EDGE_CURVE('',#9713,#9975,#9984,.T.);
#9984 = LINE('',#9985,#9986);
#9985 = CARTESIAN_POINT('',(-5.388445916248E-16,-10.5,16.4));
#9986 = VECTOR('',#9987,1.);
#9987 = DIRECTION('',(0.,1.,0.));
#9988 = ORIENTED_EDGE('',*,*,#9712,.T.);
#9989 = ORIENTED_EDGE('',*,*,#9983,.T.);
#9990 = ORIENTED_EDGE('',*,*,#9991,.F.);
#9991 = EDGE_CURVE('',#9992,#9975,#9994,.T.);
#9992 = VERTEX_POINT('',#9993);
#9993 = CARTESIAN_POINT('',(-0.916515138991,-7.,12.2));
#9994 = CIRCLE('',#9995,2.2);
#9995 = AXIS2_PLACEMENT_3D('',#9996,#9997,#9998);
#9996 = CARTESIAN_POINT('',(0.,-7.,14.2));
#9997 = DIRECTION('',(0.,1.,0.));
#9998 = DIRECTION('',(0.,-0.,1.));
#9999 = ORIENTED_EDGE('',*,*,#10000,.T.);
#10000 = EDGE_CURVE('',#9992,#9958,#10001,.T.);
#10001 = LINE('',#10002,#10003);
#10002 = CARTESIAN_POINT('',(-0.916515138991,-10.5,12.2));
#10003 = VECTOR('',#10004,1.);
#10004 = DIRECTION('',(0.,1.,0.));
#10005 = CYLINDRICAL_SURFACE('',#10006,2.2);
#10006 = AXIS2_PLACEMENT_3D('',#10007,#10008,#10009);
#10007 = CARTESIAN_POINT('',(0.,-10.5,14.2));
#10008 = DIRECTION('',(0.,1.,0.));
#10009 = DIRECTION('',(0.,-0.,1.));
#10010 = ADVANCED_FACE('',(#10011),#10037,.F.);
#10011 = FACE_BOUND('',#10012,.F.);
#10012 = EDGE_LOOP('',(#10013,#10021,#10030,#10036));
#10013 = ORIENTED_EDGE('',*,*,#10014,.F.);
#10014 = EDGE_CURVE('',#10015,#9880,#10017,.T.);
#10015 = VERTEX_POINT('',#10016);
#10016 = CARTESIAN_POINT('',(-4.5,-5.8,12.2));
#10017 = LINE('',#10018,#10019);
#10018 = CARTESIAN_POINT('',(-4.5,-5.8,12.2));
#10019 = VECTOR('',#10020,1.);
#10020 = DIRECTION('',(0.,0.,1.));
#10021 = ORIENTED_EDGE('',*,*,#10022,.T.);
#10022 = EDGE_CURVE('',#10015,#10023,#10025,.T.);
#10023 = VERTEX_POINT('',#10024);
#10024 = CARTESIAN_POINT('',(-3.3,-7.,12.2));
#10025 = CIRCLE('',#10026,1.2);
#10026 = AXIS2_PLACEMENT_3D('',#10027,#10028,#10029);
#10027 = CARTESIAN_POINT('',(-3.3,-5.8,12.2));
#10028 = DIRECTION('',(0.,0.,1.));
#10029 = DIRECTION('',(0.,-1.,0.));
#10030 = ORIENTED_EDGE('',*,*,#10031,.T.);
#10031 = EDGE_CURVE('',#10023,#9882,#10032,.T.);
#10032 = LINE('',#10033,#10034);
#10033 = CARTESIAN_POINT('',(-3.3,-7.,12.2));
#10034 = VECTOR('',#10035,1.);
#10035 = DIRECTION('',(0.,0.,1.));
#10036 = ORIENTED_EDGE('',*,*,#9879,.F.);
#10037 = CYLINDRICAL_SURFACE('',#10038,1.2);
#10038 = AXIS2_PLACEMENT_3D('',#10039,#10040,#10041);
#10039 = CARTESIAN_POINT('',(-3.3,-5.8,12.2));
#10040 = DIRECTION('',(0.,0.,1.));
#10041 = DIRECTION('',(-1.,-0.,0.));
#10042 = ADVANCED_FACE('',(#10043),#10069,.T.);
#10043 = FACE_BOUND('',#10044,.T.);
#10044 = EDGE_LOOP('',(#10045,#10051,#10052,#10053,#10061,#10067,#10068)
  );
#10045 = ORIENTED_EDGE('',*,*,#10046,.F.);
#10046 = EDGE_CURVE('',#10023,#9992,#10047,.T.);
#10047 = LINE('',#10048,#10049);
#10048 = CARTESIAN_POINT('',(-4.5,-7.,12.2));
#10049 = VECTOR('',#10050,1.);
#10050 = DIRECTION('',(1.,0.,-0.));
#10051 = ORIENTED_EDGE('',*,*,#10031,.T.);
#10052 = ORIENTED_EDGE('',*,*,#9941,.F.);
#10053 = ORIENTED_EDGE('',*,*,#10054,.F.);
#10054 = EDGE_CURVE('',#10055,#9933,#10057,.T.);
#10055 = VERTEX_POINT('',#10056);
#10056 = CARTESIAN_POINT('',(3.3,-7.,12.2));
#10057 = LINE('',#10058,#10059);
#10058 = CARTESIAN_POINT('',(3.3,-7.,12.2));
#10059 = VECTOR('',#10060,1.);
#10060 = DIRECTION('',(0.,0.,1.));
#10061 = ORIENTED_EDGE('',*,*,#10062,.F.);
#10062 = EDGE_CURVE('',#9967,#10055,#10063,.T.);
#10063 = LINE('',#10064,#10065);
#10064 = CARTESIAN_POINT('',(-4.5,-7.,12.2));
#10065 = VECTOR('',#10066,1.);
#10066 = DIRECTION('',(1.,0.,-0.));
#10067 = ORIENTED_EDGE('',*,*,#9974,.F.);
#10068 = ORIENTED_EDGE('',*,*,#9991,.F.);
#10069 = PLANE('',#10070);
#10070 = AXIS2_PLACEMENT_3D('',#10071,#10072,#10073);
#10071 = CARTESIAN_POINT('',(-4.5,-7.,12.2));
#10072 = DIRECTION('',(-0.,1.,0.));
#10073 = DIRECTION('',(0.,0.,1.));
#10074 = ADVANCED_FACE('',(#10075),#10094,.F.);
#10075 = FACE_BOUND('',#10076,.T.);
#10076 = EDGE_LOOP('',(#10077,#10085,#10092,#10093));
#10077 = ORIENTED_EDGE('',*,*,#10078,.F.);
#10078 = EDGE_CURVE('',#10079,#9925,#10081,.T.);
#10079 = VERTEX_POINT('',#10080);
#10080 = CARTESIAN_POINT('',(4.5,-5.8,12.2));
#10081 = LINE('',#10082,#10083);
#10082 = CARTESIAN_POINT('',(4.5,-5.8,12.2));
#10083 = VECTOR('',#10084,1.);
#10084 = DIRECTION('',(0.,0.,1.));
#10085 = ORIENTED_EDGE('',*,*,#10086,.T.);
#10086 = EDGE_CURVE('',#10079,#10055,#10087,.T.);
#10087 = CIRCLE('',#10088,1.2);
#10088 = AXIS2_PLACEMENT_3D('',#10089,#10090,#10091);
#10089 = CARTESIAN_POINT('',(3.3,-5.8,12.2));
#10090 = DIRECTION('',(-0.,-0.,-1.));
#10091 = DIRECTION('',(0.,-1.,0.));
#10092 = ORIENTED_EDGE('',*,*,#10054,.T.);
#10093 = ORIENTED_EDGE('',*,*,#9932,.T.);
#10094 = CYLINDRICAL_SURFACE('',#10095,1.2);
#10095 = AXIS2_PLACEMENT_3D('',#10096,#10097,#10098);
#10096 = CARTESIAN_POINT('',(3.3,-5.8,12.2));
#10097 = DIRECTION('',(0.,0.,1.));
#10098 = DIRECTION('',(1.,0.,-0.));
#10099 = ADVANCED_FACE('',(#10100),#10118,.F.);
#10100 = FACE_BOUND('',#10101,.F.);
#10101 = EDGE_LOOP('',(#10102,#10103,#10104,#10112));
#10102 = ORIENTED_EDGE('',*,*,#9924,.F.);
#10103 = ORIENTED_EDGE('',*,*,#10078,.F.);
#10104 = ORIENTED_EDGE('',*,*,#10105,.T.);
#10105 = EDGE_CURVE('',#10079,#10106,#10108,.T.);
#10106 = VERTEX_POINT('',#10107);
#10107 = CARTESIAN_POINT('',(4.5,2.8,12.2));
#10108 = LINE('',#10109,#10110);
#10109 = CARTESIAN_POINT('',(4.5,-7.,12.2));
#10110 = VECTOR('',#10111,1.);
#10111 = DIRECTION('',(-0.,1.,0.));
#10112 = ORIENTED_EDGE('',*,*,#10113,.T.);
#10113 = EDGE_CURVE('',#10106,#9916,#10114,.T.);
#10114 = LINE('',#10115,#10116);
#10115 = CARTESIAN_POINT('',(4.5,2.8,12.2));
#10116 = VECTOR('',#10117,1.);
#10117 = DIRECTION('',(0.,0.,1.));
#10118 = PLANE('',#10119);
#10119 = AXIS2_PLACEMENT_3D('',#10120,#10121,#10122);
#10120 = CARTESIAN_POINT('',(4.5,-7.,12.2));
#10121 = DIRECTION('',(1.,0.,-0.));
#10122 = DIRECTION('',(0.,0.,1.));
#10123 = ADVANCED_FACE('',(#10124),#10143,.F.);
#10124 = FACE_BOUND('',#10125,.F.);
#10125 = EDGE_LOOP('',(#10126,#10127,#10136,#10142));
#10126 = ORIENTED_EDGE('',*,*,#10113,.F.);
#10127 = ORIENTED_EDGE('',*,*,#10128,.T.);
#10128 = EDGE_CURVE('',#10106,#10129,#10131,.T.);
#10129 = VERTEX_POINT('',#10130);
#10130 = CARTESIAN_POINT('',(3.3,4.,12.2));
#10131 = CIRCLE('',#10132,1.2);
#10132 = AXIS2_PLACEMENT_3D('',#10133,#10134,#10135);
#10133 = CARTESIAN_POINT('',(3.3,2.8,12.2));
#10134 = DIRECTION('',(0.,0.,1.));
#10135 = DIRECTION('',(0.,-1.,0.));
#10136 = ORIENTED_EDGE('',*,*,#10137,.T.);
#10137 = EDGE_CURVE('',#10129,#9908,#10138,.T.);
#10138 = LINE('',#10139,#10140);
#10139 = CARTESIAN_POINT('',(3.3,4.,12.2));
#10140 = VECTOR('',#10141,1.);
#10141 = DIRECTION('',(0.,0.,1.));
#10142 = ORIENTED_EDGE('',*,*,#9915,.F.);
#10143 = CYLINDRICAL_SURFACE('',#10144,1.2);
#10144 = AXIS2_PLACEMENT_3D('',#10145,#10146,#10147);
#10145 = CARTESIAN_POINT('',(3.3,2.8,12.2));
#10146 = DIRECTION('',(0.,0.,1.));
#10147 = DIRECTION('',(1.,0.,-0.));
#10148 = ADVANCED_FACE('',(#10149),#10167,.F.);
#10149 = FACE_BOUND('',#10150,.F.);
#10150 = EDGE_LOOP('',(#10151,#10159,#10165,#10166));
#10151 = ORIENTED_EDGE('',*,*,#10152,.F.);
#10152 = EDGE_CURVE('',#10153,#10129,#10155,.T.);
#10153 = VERTEX_POINT('',#10154);
#10154 = CARTESIAN_POINT('',(-3.3,4.,12.2));
#10155 = LINE('',#10156,#10157);
#10156 = CARTESIAN_POINT('',(-4.5,4.,12.2));
#10157 = VECTOR('',#10158,1.);
#10158 = DIRECTION('',(1.,0.,-0.));
#10159 = ORIENTED_EDGE('',*,*,#10160,.T.);
#10160 = EDGE_CURVE('',#10153,#9899,#10161,.T.);
#10161 = LINE('',#10162,#10163);
#10162 = CARTESIAN_POINT('',(-3.3,4.,12.2));
#10163 = VECTOR('',#10164,1.);
#10164 = DIRECTION('',(0.,0.,1.));
#10165 = ORIENTED_EDGE('',*,*,#9907,.F.);
#10166 = ORIENTED_EDGE('',*,*,#10137,.F.);
#10167 = PLANE('',#10168);
#10168 = AXIS2_PLACEMENT_3D('',#10169,#10170,#10171);
#10169 = CARTESIAN_POINT('',(-4.5,4.,12.2));
#10170 = DIRECTION('',(-0.,1.,0.));
#10171 = DIRECTION('',(0.,0.,1.));
#10172 = ADVANCED_FACE('',(#10173),#10192,.F.);
#10173 = FACE_BOUND('',#10174,.T.);
#10174 = EDGE_LOOP('',(#10175,#10183,#10190,#10191));
#10175 = ORIENTED_EDGE('',*,*,#10176,.F.);
#10176 = EDGE_CURVE('',#10177,#9891,#10179,.T.);
#10177 = VERTEX_POINT('',#10178);
#10178 = CARTESIAN_POINT('',(-4.5,2.8,12.2));
#10179 = LINE('',#10180,#10181);
#10180 = CARTESIAN_POINT('',(-4.5,2.8,12.2));
#10181 = VECTOR('',#10182,1.);
#10182 = DIRECTION('',(0.,0.,1.));
#10183 = ORIENTED_EDGE('',*,*,#10184,.T.);
#10184 = EDGE_CURVE('',#10177,#10153,#10185,.T.);
#10185 = CIRCLE('',#10186,1.2);
#10186 = AXIS2_PLACEMENT_3D('',#10187,#10188,#10189);
#10187 = CARTESIAN_POINT('',(-3.3,2.8,12.2));
#10188 = DIRECTION('',(-0.,-0.,-1.));
#10189 = DIRECTION('',(0.,-1.,0.));
#10190 = ORIENTED_EDGE('',*,*,#10160,.T.);
#10191 = ORIENTED_EDGE('',*,*,#9898,.T.);
#10192 = CYLINDRICAL_SURFACE('',#10193,1.2);
#10193 = AXIS2_PLACEMENT_3D('',#10194,#10195,#10196);
#10194 = CARTESIAN_POINT('',(-3.3,2.8,12.2));
#10195 = DIRECTION('',(0.,0.,1.));
#10196 = DIRECTION('',(-1.,-0.,0.));
#10197 = ADVANCED_FACE('',(#10198),#10209,.T.);
#10198 = FACE_BOUND('',#10199,.T.);
#10199 = EDGE_LOOP('',(#10200,#10201,#10202,#10208));
#10200 = ORIENTED_EDGE('',*,*,#9890,.F.);
#10201 = ORIENTED_EDGE('',*,*,#10014,.F.);
#10202 = ORIENTED_EDGE('',*,*,#10203,.T.);
#10203 = EDGE_CURVE('',#10015,#10177,#10204,.T.);
#10204 = LINE('',#10205,#10206);
#10205 = CARTESIAN_POINT('',(-4.5,-7.,12.2));
#10206 = VECTOR('',#10207,1.);
#10207 = DIRECTION('',(-0.,1.,0.));
#10208 = ORIENTED_EDGE('',*,*,#10176,.T.);
#10209 = PLANE('',#10210);
#10210 = AXIS2_PLACEMENT_3D('',#10211,#10212,#10213);
#10211 = CARTESIAN_POINT('',(-4.5,-7.,12.2));
#10212 = DIRECTION('',(1.,0.,-0.));
#10213 = DIRECTION('',(0.,0.,1.));
#10214 = ADVANCED_FACE('',(#10215),#10224,.F.);
#10215 = FACE_BOUND('',#10216,.F.);
#10216 = EDGE_LOOP('',(#10217,#10223));
#10217 = ORIENTED_EDGE('',*,*,#10218,.F.);
#10218 = EDGE_CURVE('',#9956,#9958,#10219,.T.);
#10219 = LINE('',#10220,#10221);
#10220 = CARTESIAN_POINT('',(-2.25,-2.5,12.2));
#10221 = VECTOR('',#10222,1.);
#10222 = DIRECTION('',(-1.,0.,0.));
#10223 = ORIENTED_EDGE('',*,*,#9955,.T.);
#10224 = PLANE('',#10225);
#10225 = AXIS2_PLACEMENT_3D('',#10226,#10227,#10228);
#10226 = CARTESIAN_POINT('',(0.,-2.5,14.2));
#10227 = DIRECTION('',(0.,1.,0.));
#10228 = DIRECTION('',(0.,-0.,1.));
#10229 = ADVANCED_FACE('',(#10230),#10244,.T.);
#10230 = FACE_BOUND('',#10231,.T.);
#10231 = EDGE_LOOP('',(#10232,#10233,#10234,#10235,#10236,#10237,#10238,
    #10239,#10240,#10241,#10242,#10243));
#10232 = ORIENTED_EDGE('',*,*,#10203,.F.);
#10233 = ORIENTED_EDGE('',*,*,#10022,.T.);
#10234 = ORIENTED_EDGE('',*,*,#10046,.T.);
#10235 = ORIENTED_EDGE('',*,*,#10000,.T.);
#10236 = ORIENTED_EDGE('',*,*,#10218,.F.);
#10237 = ORIENTED_EDGE('',*,*,#9966,.F.);
#10238 = ORIENTED_EDGE('',*,*,#10062,.T.);
#10239 = ORIENTED_EDGE('',*,*,#10086,.F.);
#10240 = ORIENTED_EDGE('',*,*,#10105,.T.);
#10241 = ORIENTED_EDGE('',*,*,#10128,.T.);
#10242 = ORIENTED_EDGE('',*,*,#10152,.F.);
#10243 = ORIENTED_EDGE('',*,*,#10184,.F.);
#10244 = PLANE('',#10245);
#10245 = AXIS2_PLACEMENT_3D('',#10246,#10247,#10248);
#10246 = CARTESIAN_POINT('',(-4.5,-7.,12.2));
#10247 = DIRECTION('',(0.,0.,1.));
#10248 = DIRECTION('',(1.,0.,-0.));
#10249 = ( GEOMETRIC_REPRESENTATION_CONTEXT(3)
GLOBAL_UNCERTAINTY_ASSIGNED_CONTEXT((#10253))
GLOBAL_UNIT_ASSIGNED_CONTEXT((#10250,#10251,#10252))
REPRESENTATION_CONTEXT('Context #1',
  '3D Context with UNIT and UNCERTAINTY') );
#10250 = ( LENGTH_UNIT() NAMED_UNIT(*) SI_UNIT(.MILLI.,.METRE.) );
#10251 = ( NAMED_UNIT(*) PLANE_ANGLE_UNIT() SI_UNIT($,.RADIAN.) );
#10252 = ( NAMED_UNIT(*) SI_UNIT($,.STERADIAN.) SOLID_ANGLE_UNIT() );
#10253 = UNCERTAINTY_MEASURE_WITH_UNIT(LENGTH_MEASURE(1.E-07),#10250,
  'distance_accuracy_value','confusion accuracy');
#10254 = CONTEXT_DEPENDENT_SHAPE_REPRESENTATION(#10255,#10257);
#10255 = ( REPRESENTATION_RELATIONSHIP('','',#9439,#10)
REPRESENTATION_RELATIONSHIP_WITH_TRANSFORMATION(#10256)
SHAPE_REPRESENTATION_RELATIONSHIP() );
#10256 = ITEM_DEFINED_TRANSFORMATION('','',#11,#19);
#10257 = PRODUCT_DEFINITION_SHAPE('Placement','Placement of an item',
  #10258);
#10258 = NEXT_ASSEMBLY_USAGE_OCCURRENCE('21',
  'Bait dish + hollow feed tower','',#5,#9434,$);
#10259 = PRODUCT_RELATED_PRODUCT_CATEGORY('part',$,(#9436));
#10260 = SHAPE_DEFINITION_REPRESENTATION(#10261,#10267);
#10261 = PRODUCT_DEFINITION_SHAPE('','',#10262);
#10262 = PRODUCT_DEFINITION('design','',#10263,#10266);
#10263 = PRODUCT_DEFINITION_FORMATION('','',#10264);
#10264 = PRODUCT('Amber bait pool (visual placeholder)',
  'Amber bait pool (visual placeholder)','',(#10265));
#10265 = PRODUCT_CONTEXT('',#2,'mechanical');
#10266 = PRODUCT_DEFINITION_CONTEXT('part definition',#2,'design');
#10267 = ADVANCED_BREP_SHAPE_REPRESENTATION('',(#11,#10268),#10360);
#10268 = MANIFOLD_SOLID_BREP('',#10269);
#10269 = CLOSED_SHELL('',(#10270,#10303,#10323,#10343));
#10270 = ADVANCED_FACE('',(#10271),#10298,.T.);
#10271 = FACE_BOUND('',#10272,.T.);
#10272 = EDGE_LOOP('',(#10273,#10282,#10290,#10297));
#10273 = ORIENTED_EDGE('',*,*,#10274,.F.);
#10274 = EDGE_CURVE('',#10275,#10275,#10277,.T.);
#10275 = VERTEX_POINT('',#10276);
#10276 = CARTESIAN_POINT('',(16.,-3.918869757272E-15,10.4));
#10277 = CIRCLE('',#10278,16.);
#10278 = AXIS2_PLACEMENT_3D('',#10279,#10280,#10281);
#10279 = CARTESIAN_POINT('',(0.,0.,10.4));
#10280 = DIRECTION('',(0.,0.,1.));
#10281 = DIRECTION('',(1.,0.,-0.));
#10282 = ORIENTED_EDGE('',*,*,#10283,.F.);
#10283 = EDGE_CURVE('',#10284,#10275,#10286,.T.);
#10284 = VERTEX_POINT('',#10285);
#10285 = CARTESIAN_POINT('',(16.,-3.918869757272E-15,9.));
#10286 = LINE('',#10287,#10288);
#10287 = CARTESIAN_POINT('',(16.,-3.918869757272E-15,9.));
#10288 = VECTOR('',#10289,1.);
#10289 = DIRECTION('',(0.,0.,1.));
#10290 = ORIENTED_EDGE('',*,*,#10291,.T.);
#10291 = EDGE_CURVE('',#10284,#10284,#10292,.T.);
#10292 = CIRCLE('',#10293,16.);
#10293 = AXIS2_PLACEMENT_3D('',#10294,#10295,#10296);
#10294 = CARTESIAN_POINT('',(0.,0.,9.));
#10295 = DIRECTION('',(0.,0.,1.));
#10296 = DIRECTION('',(1.,0.,-0.));
#10297 = ORIENTED_EDGE('',*,*,#10283,.T.);
#10298 = CYLINDRICAL_SURFACE('',#10299,16.);
#10299 = AXIS2_PLACEMENT_3D('',#10300,#10301,#10302);
#10300 = CARTESIAN_POINT('',(0.,0.,9.));
#10301 = DIRECTION('',(0.,0.,1.));
#10302 = DIRECTION('',(1.,0.,-0.));
#10303 = ADVANCED_FACE('',(#10304,#10307),#10318,.T.);
#10304 = FACE_BOUND('',#10305,.T.);
#10305 = EDGE_LOOP('',(#10306));
#10306 = ORIENTED_EDGE('',*,*,#10274,.T.);
#10307 = FACE_BOUND('',#10308,.T.);
#10308 = EDGE_LOOP('',(#10309));
#10309 = ORIENTED_EDGE('',*,*,#10310,.F.);
#10310 = EDGE_CURVE('',#10311,#10311,#10313,.T.);
#10311 = VERTEX_POINT('',#10312);
#10312 = CARTESIAN_POINT('',(11.4,-2.792194702056E-15,10.4));
#10313 = CIRCLE('',#10314,11.4);
#10314 = AXIS2_PLACEMENT_3D('',#10315,#10316,#10317);
#10315 = CARTESIAN_POINT('',(0.,0.,10.4));
#10316 = DIRECTION('',(0.,0.,1.));
#10317 = DIRECTION('',(1.,0.,-0.));
#10318 = PLANE('',#10319);
#10319 = AXIS2_PLACEMENT_3D('',#10320,#10321,#10322);
#10320 = CARTESIAN_POINT('',(0.,0.,10.4));
#10321 = DIRECTION('',(0.,0.,1.));
#10322 = DIRECTION('',(1.,0.,-0.));
#10323 = ADVANCED_FACE('',(#10324,#10327),#10338,.F.);
#10324 = FACE_BOUND('',#10325,.F.);
#10325 = EDGE_LOOP('',(#10326));
#10326 = ORIENTED_EDGE('',*,*,#10291,.T.);
#10327 = FACE_BOUND('',#10328,.F.);
#10328 = EDGE_LOOP('',(#10329));
#10329 = ORIENTED_EDGE('',*,*,#10330,.F.);
#10330 = EDGE_CURVE('',#10331,#10331,#10333,.T.);
#10331 = VERTEX_POINT('',#10332);
#10332 = CARTESIAN_POINT('',(11.4,-2.792194702056E-15,9.));
#10333 = CIRCLE('',#10334,11.4);
#10334 = AXIS2_PLACEMENT_3D('',#10335,#10336,#10337);
#10335 = CARTESIAN_POINT('',(0.,0.,9.));
#10336 = DIRECTION('',(0.,0.,1.));
#10337 = DIRECTION('',(1.,0.,-0.));
#10338 = PLANE('',#10339);
#10339 = AXIS2_PLACEMENT_3D('',#10340,#10341,#10342);
#10340 = CARTESIAN_POINT('',(0.,0.,9.));
#10341 = DIRECTION('',(0.,0.,1.));
#10342 = DIRECTION('',(1.,0.,-0.));
#10343 = ADVANCED_FACE('',(#10344),#10355,.F.);
#10344 = FACE_BOUND('',#10345,.F.);
#10345 = EDGE_LOOP('',(#10346,#10347,#10353,#10354));
#10346 = ORIENTED_EDGE('',*,*,#10310,.F.);
#10347 = ORIENTED_EDGE('',*,*,#10348,.F.);
#10348 = EDGE_CURVE('',#10331,#10311,#10349,.T.);
#10349 = LINE('',#10350,#10351);
#10350 = CARTESIAN_POINT('',(11.4,-2.792194702056E-15,8.8));
#10351 = VECTOR('',#10352,1.);
#10352 = DIRECTION('',(0.,0.,1.));
#10353 = ORIENTED_EDGE('',*,*,#10330,.T.);
#10354 = ORIENTED_EDGE('',*,*,#10348,.T.);
#10355 = CYLINDRICAL_SURFACE('',#10356,11.4);
#10356 = AXIS2_PLACEMENT_3D('',#10357,#10358,#10359);
#10357 = CARTESIAN_POINT('',(0.,0.,8.8));
#10358 = DIRECTION('',(0.,0.,1.));
#10359 = DIRECTION('',(1.,0.,-0.));
#10360 = ( GEOMETRIC_REPRESENTATION_CONTEXT(3)
GLOBAL_UNCERTAINTY_ASSIGNED_CONTEXT((#10364))
GLOBAL_UNIT_ASSIGNED_CONTEXT((#10361,#10362,#10363))
REPRESENTATION_CONTEXT('Context #1',
  '3D Context with UNIT and UNCERTAINTY') );
#10361 = ( LENGTH_UNIT() NAMED_UNIT(*) SI_UNIT(.MILLI.,.METRE.) );
#10362 = ( NAMED_UNIT(*) PLANE_ANGLE_UNIT() SI_UNIT($,.RADIAN.) );
#10363 = ( NAMED_UNIT(*) SI_UNIT($,.STERADIAN.) SOLID_ANGLE_UNIT() );
#10364 = UNCERTAINTY_MEASURE_WITH_UNIT(LENGTH_MEASURE(1.E-07),#10361,
  'distance_accuracy_value','confusion accuracy');
#10365 = CONTEXT_DEPENDENT_SHAPE_REPRESENTATION(#10366,#10368);
#10366 = ( REPRESENTATION_RELATIONSHIP('','',#10267,#10)
REPRESENTATION_RELATIONSHIP_WITH_TRANSFORMATION(#10367)
SHAPE_REPRESENTATION_RELATIONSHIP() );
#10367 = ITEM_DEFINED_TRANSFORMATION('','',#11,#23);
#10368 = PRODUCT_DEFINITION_SHAPE('Placement','Placement of an item',
  #10369);
#10369 = NEXT_ASSEMBLY_USAGE_OCCURRENCE('22',
  'Amber bait pool (visual placeholder)','',#5,#10262,$);
#10370 = PRODUCT_RELATED_PRODUCT_CATEGORY('part',$,(#10264));
#10371 = SHAPE_DEFINITION_REPRESENTATION(#10372,#10378);
#10372 = PRODUCT_DEFINITION_SHAPE('','',#10373);
#10373 = PRODUCT_DEFINITION('design','',#10374,#10377);
#10374 = PRODUCT_DEFINITION_FORMATION('','',#10375);
#10375 = PRODUCT('Clearance-fit lid + loop handle',
  'Clearance-fit lid + loop handle','',(#10376));
#10376 = PRODUCT_CONTEXT('',#2,'mechanical');
#10377 = PRODUCT_DEFINITION_CONTEXT('part definition',#2,'design');
#10378 = ADVANCED_BREP_SHAPE_REPRESENTATION('',(#11,#10379),#13265);
#10379 = MANIFOLD_SOLID_BREP('',#10380);
#10380 = CLOSED_SHELL('',(#10381,#10421,#10556,#10581,#10606,#10727,
    #10744,#10761,#10778,#10795,#10807,#11357,#11381,#11924,#11941,
    #11958,#11975,#12007,#12031,#12056,#12080,#12105,#12129,#12154,
    #12171,#12188,#12205,#12222,#12239,#12256,#12273,#12290,#12307,
    #12324,#12341,#12358,#12375,#12392,#12409,#12426,#12443,#12460,
    #12477,#12494,#12511,#12528,#12545,#12562,#12579,#12596,#12613,
    #12630,#12647,#12664,#12681,#12698,#12710,#12727,#12744,#12761,
    #12778,#12795,#12812,#12829,#12846,#12863,#12880,#12897,#12914,
    #12931,#12948,#12965,#12982,#12999,#13016,#13033,#13050,#13067,
    #13084,#13101,#13118,#13135,#13152,#13169,#13186,#13203,#13220,
    #13237,#13249));
#10381 = ADVANCED_FACE('',(#10382),#10416,.F.);
#10382 = FACE_BOUND('',#10383,.F.);
#10383 = EDGE_LOOP('',(#10384,#10394,#10402,#10410));
#10384 = ORIENTED_EDGE('',*,*,#10385,.F.);
#10385 = EDGE_CURVE('',#10386,#10388,#10390,.T.);
#10386 = VERTEX_POINT('',#10387);
#10387 = CARTESIAN_POINT('',(-45.6,-29.1,80.));
#10388 = VERTEX_POINT('',#10389);
#10389 = CARTESIAN_POINT('',(-45.6,29.1,80.));
#10390 = LINE('',#10391,#10392);
#10391 = CARTESIAN_POINT('',(-45.6,-37.6,80.));
#10392 = VECTOR('',#10393,1.);
#10393 = DIRECTION('',(-0.,1.,0.));
#10394 = ORIENTED_EDGE('',*,*,#10395,.F.);
#10395 = EDGE_CURVE('',#10396,#10386,#10398,.T.);
#10396 = VERTEX_POINT('',#10397);
#10397 = CARTESIAN_POINT('',(-45.6,-29.1,63.));
#10398 = LINE('',#10399,#10400);
#10399 = CARTESIAN_POINT('',(-45.6,-29.1,63.));
#10400 = VECTOR('',#10401,1.);
#10401 = DIRECTION('',(0.,0.,1.));
#10402 = ORIENTED_EDGE('',*,*,#10403,.T.);
#10403 = EDGE_CURVE('',#10396,#10404,#10406,.T.);
#10404 = VERTEX_POINT('',#10405);
#10405 = CARTESIAN_POINT('',(-45.6,29.1,63.));
#10406 = LINE('',#10407,#10408);
#10407 = CARTESIAN_POINT('',(-45.6,-37.6,63.));
#10408 = VECTOR('',#10409,1.);
#10409 = DIRECTION('',(-0.,1.,0.));
#10410 = ORIENTED_EDGE('',*,*,#10411,.T.);
#10411 = EDGE_CURVE('',#10404,#10388,#10412,.T.);
#10412 = LINE('',#10413,#10414);
#10413 = CARTESIAN_POINT('',(-45.6,29.1,63.));
#10414 = VECTOR('',#10415,1.);
#10415 = DIRECTION('',(0.,0.,1.));
#10416 = PLANE('',#10417);
#10417 = AXIS2_PLACEMENT_3D('',#10418,#10419,#10420);
#10418 = CARTESIAN_POINT('',(-45.6,-37.6,63.));
#10419 = DIRECTION('',(1.,0.,-0.));
#10420 = DIRECTION('',(0.,0.,1.));
#10421 = ADVANCED_FACE('',(#10422,#10483,#10517),#10551,.T.);
#10422 = FACE_BOUND('',#10423,.T.);
#10423 = EDGE_LOOP('',(#10424,#10425,#10434,#10442,#10451,#10459,#10468,
    #10476));
#10424 = ORIENTED_EDGE('',*,*,#10385,.F.);
#10425 = ORIENTED_EDGE('',*,*,#10426,.T.);
#10426 = EDGE_CURVE('',#10386,#10427,#10429,.T.);
#10427 = VERTEX_POINT('',#10428);
#10428 = CARTESIAN_POINT('',(-37.1,-37.6,80.));
#10429 = CIRCLE('',#10430,8.5);
#10430 = AXIS2_PLACEMENT_3D('',#10431,#10432,#10433);
#10431 = CARTESIAN_POINT('',(-37.1,-29.1,80.));
#10432 = DIRECTION('',(0.,0.,1.));
#10433 = DIRECTION('',(0.,-1.,0.));
#10434 = ORIENTED_EDGE('',*,*,#10435,.T.);
#10435 = EDGE_CURVE('',#10427,#10436,#10438,.T.);
#10436 = VERTEX_POINT('',#10437);
#10437 = CARTESIAN_POINT('',(37.1,-37.6,80.));
#10438 = LINE('',#10439,#10440);
#10439 = CARTESIAN_POINT('',(-45.6,-37.6,80.));
#10440 = VECTOR('',#10441,1.);
#10441 = DIRECTION('',(1.,0.,-0.));
#10442 = ORIENTED_EDGE('',*,*,#10443,.F.);
#10443 = EDGE_CURVE('',#10444,#10436,#10446,.T.);
#10444 = VERTEX_POINT('',#10445);
#10445 = CARTESIAN_POINT('',(45.6,-29.1,80.));
#10446 = CIRCLE('',#10447,8.5);
#10447 = AXIS2_PLACEMENT_3D('',#10448,#10449,#10450);
#10448 = CARTESIAN_POINT('',(37.1,-29.1,80.));
#10449 = DIRECTION('',(-0.,-0.,-1.));
#10450 = DIRECTION('',(0.,-1.,0.));
#10451 = ORIENTED_EDGE('',*,*,#10452,.T.);
#10452 = EDGE_CURVE('',#10444,#10453,#10455,.T.);
#10453 = VERTEX_POINT('',#10454);
#10454 = CARTESIAN_POINT('',(45.6,29.1,80.));
#10455 = LINE('',#10456,#10457);
#10456 = CARTESIAN_POINT('',(45.6,-37.6,80.));
#10457 = VECTOR('',#10458,1.);
#10458 = DIRECTION('',(-0.,1.,0.));
#10459 = ORIENTED_EDGE('',*,*,#10460,.T.);
#10460 = EDGE_CURVE('',#10453,#10461,#10463,.T.);
#10461 = VERTEX_POINT('',#10462);
#10462 = CARTESIAN_POINT('',(37.1,37.6,80.));
#10463 = CIRCLE('',#10464,8.5);
#10464 = AXIS2_PLACEMENT_3D('',#10465,#10466,#10467);
#10465 = CARTESIAN_POINT('',(37.1,29.1,80.));
#10466 = DIRECTION('',(0.,0.,1.));
#10467 = DIRECTION('',(0.,-1.,0.));
#10468 = ORIENTED_EDGE('',*,*,#10469,.F.);
#10469 = EDGE_CURVE('',#10470,#10461,#10472,.T.);
#10470 = VERTEX_POINT('',#10471);
#10471 = CARTESIAN_POINT('',(-37.1,37.6,80.));
#10472 = LINE('',#10473,#10474);
#10473 = CARTESIAN_POINT('',(-45.6,37.6,80.));
#10474 = VECTOR('',#10475,1.);
#10475 = DIRECTION('',(1.,0.,-0.));
#10476 = ORIENTED_EDGE('',*,*,#10477,.F.);
#10477 = EDGE_CURVE('',#10388,#10470,#10478,.T.);
#10478 = CIRCLE('',#10479,8.5);
#10479 = AXIS2_PLACEMENT_3D('',#10480,#10481,#10482);
#10480 = CARTESIAN_POINT('',(-37.1,29.1,80.));
#10481 = DIRECTION('',(-0.,-0.,-1.));
#10482 = DIRECTION('',(0.,-1.,0.));
#10483 = FACE_BOUND('',#10484,.T.);
#10484 = EDGE_LOOP('',(#10485,#10495,#10503,#10511));
#10485 = ORIENTED_EDGE('',*,*,#10486,.T.);
#10486 = EDGE_CURVE('',#10487,#10489,#10491,.T.);
#10487 = VERTEX_POINT('',#10488);
#10488 = CARTESIAN_POINT('',(-5.,-2.5,80.));
#10489 = VERTEX_POINT('',#10490);
#10490 = CARTESIAN_POINT('',(-8.,-2.5,80.));
#10491 = LINE('',#10492,#10493);
#10492 = CARTESIAN_POINT('',(-5.,-2.5,80.));
#10493 = VECTOR('',#10494,1.);
#10494 = DIRECTION('',(-1.,0.,0.));
#10495 = ORIENTED_EDGE('',*,*,#10496,.T.);
#10496 = EDGE_CURVE('',#10489,#10497,#10499,.T.);
#10497 = VERTEX_POINT('',#10498);
#10498 = CARTESIAN_POINT('',(-8.,2.5,80.));
#10499 = LINE('',#10500,#10501);
#10500 = CARTESIAN_POINT('',(-8.,-2.5,80.));
#10501 = VECTOR('',#10502,1.);
#10502 = DIRECTION('',(0.,1.,0.));
#10503 = ORIENTED_EDGE('',*,*,#10504,.F.);
#10504 = EDGE_CURVE('',#10505,#10497,#10507,.T.);
#10505 = VERTEX_POINT('',#10506);
#10506 = CARTESIAN_POINT('',(-5.,2.5,80.));
#10507 = LINE('',#10508,#10509);
#10508 = CARTESIAN_POINT('',(-5.,2.5,80.));
#10509 = VECTOR('',#10510,1.);
#10510 = DIRECTION('',(-1.,0.,0.));
#10511 = ORIENTED_EDGE('',*,*,#10512,.F.);
#10512 = EDGE_CURVE('',#10487,#10505,#10513,.T.);
#10513 = LINE('',#10514,#10515);
#10514 = CARTESIAN_POINT('',(-5.,-2.5,80.));
#10515 = VECTOR('',#10516,1.);
#10516 = DIRECTION('',(0.,1.,0.));
#10517 = FACE_BOUND('',#10518,.T.);
#10518 = EDGE_LOOP('',(#10519,#10529,#10537,#10545));
#10519 = ORIENTED_EDGE('',*,*,#10520,.F.);
#10520 = EDGE_CURVE('',#10521,#10523,#10525,.T.);
#10521 = VERTEX_POINT('',#10522);
#10522 = CARTESIAN_POINT('',(8.,-2.5,80.));
#10523 = VERTEX_POINT('',#10524);
#10524 = CARTESIAN_POINT('',(8.,2.5,80.));
#10525 = LINE('',#10526,#10527);
#10526 = CARTESIAN_POINT('',(8.,-2.5,80.));
#10527 = VECTOR('',#10528,1.);
#10528 = DIRECTION('',(0.,1.,0.));
#10529 = ORIENTED_EDGE('',*,*,#10530,.T.);
#10530 = EDGE_CURVE('',#10521,#10531,#10533,.T.);
#10531 = VERTEX_POINT('',#10532);
#10532 = CARTESIAN_POINT('',(5.,-2.5,80.));
#10533 = LINE('',#10534,#10535);
#10534 = CARTESIAN_POINT('',(8.,-2.5,80.));
#10535 = VECTOR('',#10536,1.);
#10536 = DIRECTION('',(-1.,0.,0.));
#10537 = ORIENTED_EDGE('',*,*,#10538,.T.);
#10538 = EDGE_CURVE('',#10531,#10539,#10541,.T.);
#10539 = VERTEX_POINT('',#10540);
#10540 = CARTESIAN_POINT('',(5.,2.5,80.));
#10541 = LINE('',#10542,#10543);
#10542 = CARTESIAN_POINT('',(5.,-2.5,80.));
#10543 = VECTOR('',#10544,1.);
#10544 = DIRECTION('',(0.,1.,0.));
#10545 = ORIENTED_EDGE('',*,*,#10546,.F.);
#10546 = EDGE_CURVE('',#10523,#10539,#10547,.T.);
#10547 = LINE('',#10548,#10549);
#10548 = CARTESIAN_POINT('',(8.,2.5,80.));
#10549 = VECTOR('',#10550,1.);
#10550 = DIRECTION('',(-1.,0.,0.));
#10551 = PLANE('',#10552);
#10552 = AXIS2_PLACEMENT_3D('',#10553,#10554,#10555);
#10553 = CARTESIAN_POINT('',(-45.6,-37.6,80.));
#10554 = DIRECTION('',(0.,0.,1.));
#10555 = DIRECTION('',(1.,0.,-0.));
#10556 = ADVANCED_FACE('',(#10557),#10576,.T.);
#10557 = FACE_BOUND('',#10558,.T.);
#10558 = EDGE_LOOP('',(#10559,#10568,#10574,#10575));
#10559 = ORIENTED_EDGE('',*,*,#10560,.T.);
#10560 = EDGE_CURVE('',#10396,#10561,#10563,.T.);
#10561 = VERTEX_POINT('',#10562);
#10562 = CARTESIAN_POINT('',(-37.1,-37.6,63.));
#10563 = CIRCLE('',#10564,8.5);
#10564 = AXIS2_PLACEMENT_3D('',#10565,#10566,#10567);
#10565 = CARTESIAN_POINT('',(-37.1,-29.1,63.));
#10566 = DIRECTION('',(0.,0.,1.));
#10567 = DIRECTION('',(0.,-1.,0.));
#10568 = ORIENTED_EDGE('',*,*,#10569,.T.);
#10569 = EDGE_CURVE('',#10561,#10427,#10570,.T.);
#10570 = LINE('',#10571,#10572);
#10571 = CARTESIAN_POINT('',(-37.1,-37.6,63.));
#10572 = VECTOR('',#10573,1.);
#10573 = DIRECTION('',(0.,0.,1.));
#10574 = ORIENTED_EDGE('',*,*,#10426,.F.);
#10575 = ORIENTED_EDGE('',*,*,#10395,.F.);
#10576 = CYLINDRICAL_SURFACE('',#10577,8.5);
#10577 = AXIS2_PLACEMENT_3D('',#10578,#10579,#10580);
#10578 = CARTESIAN_POINT('',(-37.1,-29.1,63.));
#10579 = DIRECTION('',(0.,0.,1.));
#10580 = DIRECTION('',(-1.,-0.,0.));
#10581 = ADVANCED_FACE('',(#10582),#10601,.T.);
#10582 = FACE_BOUND('',#10583,.F.);
#10583 = EDGE_LOOP('',(#10584,#10593,#10599,#10600));
#10584 = ORIENTED_EDGE('',*,*,#10585,.T.);
#10585 = EDGE_CURVE('',#10404,#10586,#10588,.T.);
#10586 = VERTEX_POINT('',#10587);
#10587 = CARTESIAN_POINT('',(-37.1,37.6,63.));
#10588 = CIRCLE('',#10589,8.5);
#10589 = AXIS2_PLACEMENT_3D('',#10590,#10591,#10592);
#10590 = CARTESIAN_POINT('',(-37.1,29.1,63.));
#10591 = DIRECTION('',(-0.,-0.,-1.));
#10592 = DIRECTION('',(0.,-1.,0.));
#10593 = ORIENTED_EDGE('',*,*,#10594,.T.);
#10594 = EDGE_CURVE('',#10586,#10470,#10595,.T.);
#10595 = LINE('',#10596,#10597);
#10596 = CARTESIAN_POINT('',(-37.1,37.6,63.));
#10597 = VECTOR('',#10598,1.);
#10598 = DIRECTION('',(0.,0.,1.));
#10599 = ORIENTED_EDGE('',*,*,#10477,.F.);
#10600 = ORIENTED_EDGE('',*,*,#10411,.F.);
#10601 = CYLINDRICAL_SURFACE('',#10602,8.5);
#10602 = AXIS2_PLACEMENT_3D('',#10603,#10604,#10605);
#10603 = CARTESIAN_POINT('',(-37.1,29.1,63.));
#10604 = DIRECTION('',(0.,0.,1.));
#10605 = DIRECTION('',(-1.,-0.,0.));
#10606 = ADVANCED_FACE('',(#10607,#10652),#10722,.F.);
#10607 = FACE_BOUND('',#10608,.F.);
#10608 = EDGE_LOOP('',(#10609,#10610,#10611,#10619,#10628,#10636,#10645,
    #10651));
#10609 = ORIENTED_EDGE('',*,*,#10403,.F.);
#10610 = ORIENTED_EDGE('',*,*,#10560,.T.);
#10611 = ORIENTED_EDGE('',*,*,#10612,.T.);
#10612 = EDGE_CURVE('',#10561,#10613,#10615,.T.);
#10613 = VERTEX_POINT('',#10614);
#10614 = CARTESIAN_POINT('',(37.1,-37.6,63.));
#10615 = LINE('',#10616,#10617);
#10616 = CARTESIAN_POINT('',(-45.6,-37.6,63.));
#10617 = VECTOR('',#10618,1.);
#10618 = DIRECTION('',(1.,0.,-0.));
#10619 = ORIENTED_EDGE('',*,*,#10620,.F.);
#10620 = EDGE_CURVE('',#10621,#10613,#10623,.T.);
#10621 = VERTEX_POINT('',#10622);
#10622 = CARTESIAN_POINT('',(45.6,-29.1,63.));
#10623 = CIRCLE('',#10624,8.5);
#10624 = AXIS2_PLACEMENT_3D('',#10625,#10626,#10627);
#10625 = CARTESIAN_POINT('',(37.1,-29.1,63.));
#10626 = DIRECTION('',(-0.,-0.,-1.));
#10627 = DIRECTION('',(0.,-1.,0.));
#10628 = ORIENTED_EDGE('',*,*,#10629,.T.);
#10629 = EDGE_CURVE('',#10621,#10630,#10632,.T.);
#10630 = VERTEX_POINT('',#10631);
#10631 = CARTESIAN_POINT('',(45.6,29.1,63.));
#10632 = LINE('',#10633,#10634);
#10633 = CARTESIAN_POINT('',(45.6,-37.6,63.));
#10634 = VECTOR('',#10635,1.);
#10635 = DIRECTION('',(-0.,1.,0.));
#10636 = ORIENTED_EDGE('',*,*,#10637,.T.);
#10637 = EDGE_CURVE('',#10630,#10638,#10640,.T.);
#10638 = VERTEX_POINT('',#10639);
#10639 = CARTESIAN_POINT('',(37.1,37.6,63.));
#10640 = CIRCLE('',#10641,8.5);
#10641 = AXIS2_PLACEMENT_3D('',#10642,#10643,#10644);
#10642 = CARTESIAN_POINT('',(37.1,29.1,63.));
#10643 = DIRECTION('',(0.,0.,1.));
#10644 = DIRECTION('',(0.,-1.,0.));
#10645 = ORIENTED_EDGE('',*,*,#10646,.F.);
#10646 = EDGE_CURVE('',#10586,#10638,#10647,.T.);
#10647 = LINE('',#10648,#10649);
#10648 = CARTESIAN_POINT('',(-45.6,37.6,63.));
#10649 = VECTOR('',#10650,1.);
#10650 = DIRECTION('',(1.,0.,-0.));
#10651 = ORIENTED_EDGE('',*,*,#10585,.F.);
#10652 = FACE_BOUND('',#10653,.F.);
#10653 = EDGE_LOOP('',(#10654,#10665,#10673,#10682,#10690,#10699,#10707,
    #10716));
#10654 = ORIENTED_EDGE('',*,*,#10655,.F.);
#10655 = EDGE_CURVE('',#10656,#10658,#10660,.T.);
#10656 = VERTEX_POINT('',#10657);
#10657 = CARTESIAN_POINT('',(-43.1,-29.1,63.));
#10658 = VERTEX_POINT('',#10659);
#10659 = CARTESIAN_POINT('',(-37.1,-35.1,63.));
#10660 = CIRCLE('',#10661,6.);
#10661 = AXIS2_PLACEMENT_3D('',#10662,#10663,#10664);
#10662 = CARTESIAN_POINT('',(-37.1,-29.1,63.));
#10663 = DIRECTION('',(0.,0.,1.));
#10664 = DIRECTION('',(-1.,-0.,0.));
#10665 = ORIENTED_EDGE('',*,*,#10666,.T.);
#10666 = EDGE_CURVE('',#10656,#10667,#10669,.T.);
#10667 = VERTEX_POINT('',#10668);
#10668 = CARTESIAN_POINT('',(-43.1,29.1,63.));
#10669 = LINE('',#10670,#10671);
#10670 = CARTESIAN_POINT('',(-43.1,-36.35,63.));
#10671 = VECTOR('',#10672,1.);
#10672 = DIRECTION('',(-0.,1.,0.));
#10673 = ORIENTED_EDGE('',*,*,#10674,.F.);
#10674 = EDGE_CURVE('',#10675,#10667,#10677,.T.);
#10675 = VERTEX_POINT('',#10676);
#10676 = CARTESIAN_POINT('',(-37.1,35.1,63.));
#10677 = CIRCLE('',#10678,6.);
#10678 = AXIS2_PLACEMENT_3D('',#10679,#10680,#10681);
#10679 = CARTESIAN_POINT('',(-37.1,29.1,63.));
#10680 = DIRECTION('',(0.,0.,1.));
#10681 = DIRECTION('',(-1.,-0.,0.));
#10682 = ORIENTED_EDGE('',*,*,#10683,.F.);
#10683 = EDGE_CURVE('',#10684,#10675,#10686,.T.);
#10684 = VERTEX_POINT('',#10685);
#10685 = CARTESIAN_POINT('',(37.1,35.1,63.));
#10686 = LINE('',#10687,#10688);
#10687 = CARTESIAN_POINT('',(-44.35,35.1,63.));
#10688 = VECTOR('',#10689,1.);
#10689 = DIRECTION('',(-1.,-0.,0.));
#10690 = ORIENTED_EDGE('',*,*,#10691,.F.);
#10691 = EDGE_CURVE('',#10692,#10684,#10694,.T.);
#10692 = VERTEX_POINT('',#10693);
#10693 = CARTESIAN_POINT('',(43.1,29.1,63.));
#10694 = CIRCLE('',#10695,6.);
#10695 = AXIS2_PLACEMENT_3D('',#10696,#10697,#10698);
#10696 = CARTESIAN_POINT('',(37.1,29.1,63.));
#10697 = DIRECTION('',(0.,0.,1.));
#10698 = DIRECTION('',(1.,0.,-0.));
#10699 = ORIENTED_EDGE('',*,*,#10700,.F.);
#10700 = EDGE_CURVE('',#10701,#10692,#10703,.T.);
#10701 = VERTEX_POINT('',#10702);
#10702 = CARTESIAN_POINT('',(43.1,-29.1,63.));
#10703 = LINE('',#10704,#10705);
#10704 = CARTESIAN_POINT('',(43.1,-36.35,63.));
#10705 = VECTOR('',#10706,1.);
#10706 = DIRECTION('',(-0.,1.,0.));
#10707 = ORIENTED_EDGE('',*,*,#10708,.F.);
#10708 = EDGE_CURVE('',#10709,#10701,#10711,.T.);
#10709 = VERTEX_POINT('',#10710);
#10710 = CARTESIAN_POINT('',(37.1,-35.1,63.));
#10711 = CIRCLE('',#10712,6.);
#10712 = AXIS2_PLACEMENT_3D('',#10713,#10714,#10715);
#10713 = CARTESIAN_POINT('',(37.1,-29.1,63.));
#10714 = DIRECTION('',(0.,0.,1.));
#10715 = DIRECTION('',(1.,0.,-0.));
#10716 = ORIENTED_EDGE('',*,*,#10717,.T.);
#10717 = EDGE_CURVE('',#10709,#10658,#10718,.T.);
#10718 = LINE('',#10719,#10720);
#10719 = CARTESIAN_POINT('',(-44.35,-35.1,63.));
#10720 = VECTOR('',#10721,1.);
#10721 = DIRECTION('',(-1.,-0.,0.));
#10722 = PLANE('',#10723);
#10723 = AXIS2_PLACEMENT_3D('',#10724,#10725,#10726);
#10724 = CARTESIAN_POINT('',(-45.6,-37.6,63.));
#10725 = DIRECTION('',(0.,0.,1.));
#10726 = DIRECTION('',(1.,0.,-0.));
#10727 = ADVANCED_FACE('',(#10728),#10739,.F.);
#10728 = FACE_BOUND('',#10729,.F.);
#10729 = EDGE_LOOP('',(#10730,#10731,#10732,#10733));
#10730 = ORIENTED_EDGE('',*,*,#10612,.F.);
#10731 = ORIENTED_EDGE('',*,*,#10569,.T.);
#10732 = ORIENTED_EDGE('',*,*,#10435,.T.);
#10733 = ORIENTED_EDGE('',*,*,#10734,.F.);
#10734 = EDGE_CURVE('',#10613,#10436,#10735,.T.);
#10735 = LINE('',#10736,#10737);
#10736 = CARTESIAN_POINT('',(37.1,-37.6,63.));
#10737 = VECTOR('',#10738,1.);
#10738 = DIRECTION('',(0.,0.,1.));
#10739 = PLANE('',#10740);
#10740 = AXIS2_PLACEMENT_3D('',#10741,#10742,#10743);
#10741 = CARTESIAN_POINT('',(-45.6,-37.6,63.));
#10742 = DIRECTION('',(-0.,1.,0.));
#10743 = DIRECTION('',(0.,0.,1.));
#10744 = ADVANCED_FACE('',(#10745),#10756,.T.);
#10745 = FACE_BOUND('',#10746,.T.);
#10746 = EDGE_LOOP('',(#10747,#10748,#10749,#10750));
#10747 = ORIENTED_EDGE('',*,*,#10646,.F.);
#10748 = ORIENTED_EDGE('',*,*,#10594,.T.);
#10749 = ORIENTED_EDGE('',*,*,#10469,.T.);
#10750 = ORIENTED_EDGE('',*,*,#10751,.F.);
#10751 = EDGE_CURVE('',#10638,#10461,#10752,.T.);
#10752 = LINE('',#10753,#10754);
#10753 = CARTESIAN_POINT('',(37.1,37.6,63.));
#10754 = VECTOR('',#10755,1.);
#10755 = DIRECTION('',(0.,0.,1.));
#10756 = PLANE('',#10757);
#10757 = AXIS2_PLACEMENT_3D('',#10758,#10759,#10760);
#10758 = CARTESIAN_POINT('',(-45.6,37.6,63.));
#10759 = DIRECTION('',(-0.,1.,0.));
#10760 = DIRECTION('',(0.,0.,1.));
#10761 = ADVANCED_FACE('',(#10762),#10773,.T.);
#10762 = FACE_BOUND('',#10763,.F.);
#10763 = EDGE_LOOP('',(#10764,#10765,#10766,#10767));
#10764 = ORIENTED_EDGE('',*,*,#10620,.T.);
#10765 = ORIENTED_EDGE('',*,*,#10734,.T.);
#10766 = ORIENTED_EDGE('',*,*,#10443,.F.);
#10767 = ORIENTED_EDGE('',*,*,#10768,.F.);
#10768 = EDGE_CURVE('',#10621,#10444,#10769,.T.);
#10769 = LINE('',#10770,#10771);
#10770 = CARTESIAN_POINT('',(45.6,-29.1,63.));
#10771 = VECTOR('',#10772,1.);
#10772 = DIRECTION('',(0.,0.,1.));
#10773 = CYLINDRICAL_SURFACE('',#10774,8.5);
#10774 = AXIS2_PLACEMENT_3D('',#10775,#10776,#10777);
#10775 = CARTESIAN_POINT('',(37.1,-29.1,63.));
#10776 = DIRECTION('',(0.,0.,1.));
#10777 = DIRECTION('',(1.,0.,-0.));
#10778 = ADVANCED_FACE('',(#10779),#10790,.T.);
#10779 = FACE_BOUND('',#10780,.T.);
#10780 = EDGE_LOOP('',(#10781,#10782,#10783,#10784));
#10781 = ORIENTED_EDGE('',*,*,#10637,.T.);
#10782 = ORIENTED_EDGE('',*,*,#10751,.T.);
#10783 = ORIENTED_EDGE('',*,*,#10460,.F.);
#10784 = ORIENTED_EDGE('',*,*,#10785,.F.);
#10785 = EDGE_CURVE('',#10630,#10453,#10786,.T.);
#10786 = LINE('',#10787,#10788);
#10787 = CARTESIAN_POINT('',(45.6,29.1,63.));
#10788 = VECTOR('',#10789,1.);
#10789 = DIRECTION('',(0.,0.,1.));
#10790 = CYLINDRICAL_SURFACE('',#10791,8.5);
#10791 = AXIS2_PLACEMENT_3D('',#10792,#10793,#10794);
#10792 = CARTESIAN_POINT('',(37.1,29.1,63.));
#10793 = DIRECTION('',(0.,0.,1.));
#10794 = DIRECTION('',(1.,0.,-0.));
#10795 = ADVANCED_FACE('',(#10796),#10802,.T.);
#10796 = FACE_BOUND('',#10797,.T.);
#10797 = EDGE_LOOP('',(#10798,#10799,#10800,#10801));
#10798 = ORIENTED_EDGE('',*,*,#10452,.F.);
#10799 = ORIENTED_EDGE('',*,*,#10768,.F.);
#10800 = ORIENTED_EDGE('',*,*,#10629,.T.);
#10801 = ORIENTED_EDGE('',*,*,#10785,.T.);
#10802 = PLANE('',#10803);
#10803 = AXIS2_PLACEMENT_3D('',#10804,#10805,#10806);
#10804 = CARTESIAN_POINT('',(45.6,-37.6,63.));
#10805 = DIRECTION('',(1.,0.,-0.));
#10806 = DIRECTION('',(0.,0.,1.));
#10807 = ADVANCED_FACE('',(#10808),#11352,.F.);
#10808 = FACE_BOUND('',#10809,.F.);
#10809 = EDGE_LOOP('',(#10810,#10818,#10826,#10834,#10842,#10850,#10858,
    #10866,#10874,#10882,#10890,#10898,#10906,#10914,#10922,#10930,
    #10938,#10946,#10954,#10962,#10970,#10978,#10986,#10994,#11002,
    #11010,#11018,#11026,#11034,#11042,#11050,#11058,#11066,#11074,
    #11080,#11081,#11089,#11097,#11105,#11113,#11121,#11129,#11137,
    #11145,#11153,#11161,#11169,#11177,#11185,#11193,#11201,#11209,
    #11217,#11225,#11233,#11241,#11249,#11257,#11265,#11273,#11281,
    #11289,#11297,#11305,#11313,#11321,#11329,#11337,#11345,#11351));
#10810 = ORIENTED_EDGE('',*,*,#10811,.T.);
#10811 = EDGE_CURVE('',#10489,#10812,#10814,.T.);
#10812 = VERTEX_POINT('',#10813);
#10813 = CARTESIAN_POINT('',(-8.,-2.5,85.));
#10814 = LINE('',#10815,#10816);
#10815 = CARTESIAN_POINT('',(-8.,-2.5,80.));
#10816 = VECTOR('',#10817,1.);
#10817 = DIRECTION('',(0.,0.,1.));
#10818 = ORIENTED_EDGE('',*,*,#10819,.T.);
#10819 = EDGE_CURVE('',#10812,#10820,#10822,.T.);
#10820 = VERTEX_POINT('',#10821);
#10821 = CARTESIAN_POINT('',(-7.961477813378,-2.5,85.784137122636));
#10822 = LINE('',#10823,#10824);
#10823 = CARTESIAN_POINT('',(-8.,-2.5,85.));
#10824 = VECTOR('',#10825,1.);
#10825 = DIRECTION('',(4.906767432742E-02,0.,0.998795456205));
#10826 = ORIENTED_EDGE('',*,*,#10827,.T.);
#10827 = EDGE_CURVE('',#10820,#10828,#10830,.T.);
#10828 = VERTEX_POINT('',#10829);
#10829 = CARTESIAN_POINT('',(-7.846282243226,-2.5,86.560722576129));
#10830 = LINE('',#10831,#10832);
#10831 = CARTESIAN_POINT('',(-7.961477813378,-2.5,85.784137122636));
#10832 = VECTOR('',#10833,1.);
#10833 = DIRECTION('',(0.146730474455,0.,0.989176509965));
#10834 = ORIENTED_EDGE('',*,*,#10835,.T.);
#10835 = EDGE_CURVE('',#10828,#10836,#10838,.T.);
#10836 = VERTEX_POINT('',#10837);
#10837 = CARTESIAN_POINT('',(-7.655522685858,-2.5,87.322277418036));
#10838 = LINE('',#10839,#10840);
#10839 = CARTESIAN_POINT('',(-7.846282243226,-2.5,86.560722576129));
#10840 = VECTOR('',#10841,1.);
#10841 = DIRECTION('',(0.242980179903,0.,0.970031253195));
#10842 = ORIENTED_EDGE('',*,*,#10843,.T.);
#10843 = EDGE_CURVE('',#10836,#10844,#10846,.T.);
#10844 = VERTEX_POINT('',#10845);
#10845 = CARTESIAN_POINT('',(-7.39103626009,-2.5,88.061467458921));
#10846 = LINE('',#10847,#10848);
#10847 = CARTESIAN_POINT('',(-7.655522685858,-2.5,87.322277418036));
#10848 = VECTOR('',#10849,1.);
#10849 = DIRECTION('',(0.336889853392,0.,0.941544065183));
#10850 = ORIENTED_EDGE('',*,*,#10851,.T.);
#10851 = EDGE_CURVE('',#10844,#10852,#10854,.T.);
#10852 = VERTEX_POINT('',#10853);
#10853 = CARTESIAN_POINT('',(-7.055370114787,-2.5,88.771173894608));
#10854 = LINE('',#10855,#10856);
#10855 = CARTESIAN_POINT('',(-7.39103626009,-2.5,88.061467458921));
#10856 = VECTOR('',#10857,1.);
#10857 = DIRECTION('',(0.42755509343,0.,0.903989293123));
#10858 = ORIENTED_EDGE('',*,*,#10859,.T.);
#10859 = EDGE_CURVE('',#10852,#10860,#10862,.T.);
#10860 = VERTEX_POINT('',#10861);
#10861 = CARTESIAN_POINT('',(-6.65175689842,-2.5,89.444561864157));
#10862 = LINE('',#10863,#10864);
#10863 = CARTESIAN_POINT('',(-7.055370114787,-2.5,88.771173894608));
#10864 = VECTOR('',#10865,1.);
#10865 = DIRECTION('',(0.514102744193,0.,0.85772861));
#10866 = ORIENTED_EDGE('',*,*,#10867,.T.);
#10867 = EDGE_CURVE('',#10860,#10868,#10870,.T.);
#10868 = VERTEX_POINT('',#10869);
#10869 = CARTESIAN_POINT('',(-6.184083626902,-2.5,90.075146273309));
#10870 = LINE('',#10871,#10872);
#10871 = CARTESIAN_POINT('',(-6.65175689842,-2.5,89.444561864157));
#10872 = VECTOR('',#10873,1.);
#10873 = DIRECTION('',(0.595699304492,0.,0.803207531481));
#10874 = ORIENTED_EDGE('',*,*,#10875,.T.);
#10875 = EDGE_CURVE('',#10868,#10876,#10878,.T.);
#10876 = VERTEX_POINT('',#10877);
#10877 = CARTESIAN_POINT('',(-5.656854249492,-2.5,90.656854249492));
#10878 = LINE('',#10879,#10880);
#10879 = CARTESIAN_POINT('',(-6.184083626902,-2.5,90.075146273309));
#10880 = VECTOR('',#10881,1.);
#10881 = DIRECTION('',(0.671558954847,0.,0.740951125355));
#10882 = ORIENTED_EDGE('',*,*,#10883,.T.);
#10883 = EDGE_CURVE('',#10876,#10884,#10886,.T.);
#10884 = VERTEX_POINT('',#10885);
#10885 = CARTESIAN_POINT('',(-5.075146273309,-2.5,91.184083626902));
#10886 = LINE('',#10887,#10888);
#10887 = CARTESIAN_POINT('',(-5.656854249492,-2.5,90.656854249492));
#10888 = VECTOR('',#10889,1.);
#10889 = DIRECTION('',(0.740951125355,0.,0.671558954847));
#10890 = ORIENTED_EDGE('',*,*,#10891,.T.);
#10891 = EDGE_CURVE('',#10884,#10892,#10894,.T.);
#10892 = VERTEX_POINT('',#10893);
#10893 = CARTESIAN_POINT('',(-4.444561864157,-2.5,91.65175689842));
#10894 = LINE('',#10895,#10896);
#10895 = CARTESIAN_POINT('',(-5.075146273309,-2.5,91.184083626902));
#10896 = VECTOR('',#10897,1.);
#10897 = DIRECTION('',(0.803207531481,0.,0.595699304492));
#10898 = ORIENTED_EDGE('',*,*,#10899,.T.);
#10899 = EDGE_CURVE('',#10892,#10900,#10902,.T.);
#10900 = VERTEX_POINT('',#10901);
#10901 = CARTESIAN_POINT('',(-3.771173894608,-2.5,92.055370114787));
#10902 = LINE('',#10903,#10904);
#10903 = CARTESIAN_POINT('',(-4.444561864157,-2.5,91.65175689842));
#10904 = VECTOR('',#10905,1.);
#10905 = DIRECTION('',(0.85772861,0.,0.514102744193));
#10906 = ORIENTED_EDGE('',*,*,#10907,.T.);
#10907 = EDGE_CURVE('',#10900,#10908,#10910,.T.);
#10908 = VERTEX_POINT('',#10909);
#10909 = CARTESIAN_POINT('',(-3.061467458921,-2.5,92.39103626009));
#10910 = LINE('',#10911,#10912);
#10911 = CARTESIAN_POINT('',(-3.771173894608,-2.5,92.055370114787));
#10912 = VECTOR('',#10913,1.);
#10913 = DIRECTION('',(0.903989293123,0.,0.42755509343));
#10914 = ORIENTED_EDGE('',*,*,#10915,.T.);
#10915 = EDGE_CURVE('',#10908,#10916,#10918,.T.);
#10916 = VERTEX_POINT('',#10917);
#10917 = CARTESIAN_POINT('',(-2.322277418036,-2.5,92.655522685858));
#10918 = LINE('',#10919,#10920);
#10919 = CARTESIAN_POINT('',(-3.061467458921,-2.5,92.39103626009));
#10920 = VECTOR('',#10921,1.);
#10921 = DIRECTION('',(0.941544065183,0.,0.336889853392));
#10922 = ORIENTED_EDGE('',*,*,#10923,.T.);
#10923 = EDGE_CURVE('',#10916,#10924,#10926,.T.);
#10924 = VERTEX_POINT('',#10925);
#10925 = CARTESIAN_POINT('',(-1.560722576129,-2.5,92.846282243226));
#10926 = LINE('',#10927,#10928);
#10927 = CARTESIAN_POINT('',(-2.322277418036,-2.5,92.655522685858));
#10928 = VECTOR('',#10929,1.);
#10929 = DIRECTION('',(0.970031253195,0.,0.242980179903));
#10930 = ORIENTED_EDGE('',*,*,#10931,.T.);
#10931 = EDGE_CURVE('',#10924,#10932,#10934,.T.);
#10932 = VERTEX_POINT('',#10933);
#10933 = CARTESIAN_POINT('',(-0.784137122636,-2.5,92.961477813378));
#10934 = LINE('',#10935,#10936);
#10935 = CARTESIAN_POINT('',(-1.560722576129,-2.5,92.846282243226));
#10936 = VECTOR('',#10937,1.);
#10937 = DIRECTION('',(0.989176509965,0.,0.146730474455));
#10938 = ORIENTED_EDGE('',*,*,#10939,.T.);
#10939 = EDGE_CURVE('',#10932,#10940,#10942,.T.);
#10940 = VERTEX_POINT('',#10941);
#10941 = CARTESIAN_POINT('',(4.898587196589E-16,-2.5,93.));
#10942 = LINE('',#10943,#10944);
#10943 = CARTESIAN_POINT('',(-0.784137122636,-2.5,92.961477813378));
#10944 = VECTOR('',#10945,1.);
#10945 = DIRECTION('',(0.998795456205,0.,4.906767432742E-02));
#10946 = ORIENTED_EDGE('',*,*,#10947,.T.);
#10947 = EDGE_CURVE('',#10940,#10948,#10950,.T.);
#10948 = VERTEX_POINT('',#10949);
#10949 = CARTESIAN_POINT('',(0.784137122636,-2.5,92.961477813378));
#10950 = LINE('',#10951,#10952);
#10951 = CARTESIAN_POINT('',(4.898587196589E-16,-2.5,93.));
#10952 = VECTOR('',#10953,1.);
#10953 = DIRECTION('',(0.998795456205,0.,-4.906767432742E-02));
#10954 = ORIENTED_EDGE('',*,*,#10955,.T.);
#10955 = EDGE_CURVE('',#10948,#10956,#10958,.T.);
#10956 = VERTEX_POINT('',#10957);
#10957 = CARTESIAN_POINT('',(1.560722576129,-2.5,92.846282243226));
#10958 = LINE('',#10959,#10960);
#10959 = CARTESIAN_POINT('',(0.784137122636,-2.5,92.961477813378));
#10960 = VECTOR('',#10961,1.);
#10961 = DIRECTION('',(0.989176509965,0.,-0.146730474455));
#10962 = ORIENTED_EDGE('',*,*,#10963,.T.);
#10963 = EDGE_CURVE('',#10956,#10964,#10966,.T.);
#10964 = VERTEX_POINT('',#10965);
#10965 = CARTESIAN_POINT('',(2.322277418036,-2.5,92.655522685858));
#10966 = LINE('',#10967,#10968);
#10967 = CARTESIAN_POINT('',(1.560722576129,-2.5,92.846282243226));
#10968 = VECTOR('',#10969,1.);
#10969 = DIRECTION('',(0.970031253195,0.,-0.242980179903));
#10970 = ORIENTED_EDGE('',*,*,#10971,.T.);
#10971 = EDGE_CURVE('',#10964,#10972,#10974,.T.);
#10972 = VERTEX_POINT('',#10973);
#10973 = CARTESIAN_POINT('',(3.061467458921,-2.5,92.39103626009));
#10974 = LINE('',#10975,#10976);
#10975 = CARTESIAN_POINT('',(2.322277418036,-2.5,92.655522685858));
#10976 = VECTOR('',#10977,1.);
#10977 = DIRECTION('',(0.941544065183,0.,-0.336889853392));
#10978 = ORIENTED_EDGE('',*,*,#10979,.T.);
#10979 = EDGE_CURVE('',#10972,#10980,#10982,.T.);
#10980 = VERTEX_POINT('',#10981);
#10981 = CARTESIAN_POINT('',(3.771173894608,-2.5,92.055370114787));
#10982 = LINE('',#10983,#10984);
#10983 = CARTESIAN_POINT('',(3.061467458921,-2.5,92.39103626009));
#10984 = VECTOR('',#10985,1.);
#10985 = DIRECTION('',(0.903989293123,0.,-0.42755509343));
#10986 = ORIENTED_EDGE('',*,*,#10987,.T.);
#10987 = EDGE_CURVE('',#10980,#10988,#10990,.T.);
#10988 = VERTEX_POINT('',#10989);
#10989 = CARTESIAN_POINT('',(4.444561864157,-2.5,91.65175689842));
#10990 = LINE('',#10991,#10992);
#10991 = CARTESIAN_POINT('',(3.771173894608,-2.5,92.055370114787));
#10992 = VECTOR('',#10993,1.);
#10993 = DIRECTION('',(0.85772861,0.,-0.514102744193));
#10994 = ORIENTED_EDGE('',*,*,#10995,.T.);
#10995 = EDGE_CURVE('',#10988,#10996,#10998,.T.);
#10996 = VERTEX_POINT('',#10997);
#10997 = CARTESIAN_POINT('',(5.075146273309,-2.5,91.184083626902));
#10998 = LINE('',#10999,#11000);
#10999 = CARTESIAN_POINT('',(4.444561864157,-2.5,91.65175689842));
#11000 = VECTOR('',#11001,1.);
#11001 = DIRECTION('',(0.803207531481,0.,-0.595699304492));
#11002 = ORIENTED_EDGE('',*,*,#11003,.T.);
#11003 = EDGE_CURVE('',#10996,#11004,#11006,.T.);
#11004 = VERTEX_POINT('',#11005);
#11005 = CARTESIAN_POINT('',(5.656854249492,-2.5,90.656854249492));
#11006 = LINE('',#11007,#11008);
#11007 = CARTESIAN_POINT('',(5.075146273309,-2.5,91.184083626902));
#11008 = VECTOR('',#11009,1.);
#11009 = DIRECTION('',(0.740951125355,0.,-0.671558954847));
#11010 = ORIENTED_EDGE('',*,*,#11011,.T.);
#11011 = EDGE_CURVE('',#11004,#11012,#11014,.T.);
#11012 = VERTEX_POINT('',#11013);
#11013 = CARTESIAN_POINT('',(6.184083626902,-2.5,90.075146273309));
#11014 = LINE('',#11015,#11016);
#11015 = CARTESIAN_POINT('',(5.656854249492,-2.5,90.656854249492));
#11016 = VECTOR('',#11017,1.);
#11017 = DIRECTION('',(0.671558954847,0.,-0.740951125355));
#11018 = ORIENTED_EDGE('',*,*,#11019,.T.);
#11019 = EDGE_CURVE('',#11012,#11020,#11022,.T.);
#11020 = VERTEX_POINT('',#11021);
#11021 = CARTESIAN_POINT('',(6.65175689842,-2.5,89.444561864157));
#11022 = LINE('',#11023,#11024);
#11023 = CARTESIAN_POINT('',(6.184083626902,-2.5,90.075146273309));
#11024 = VECTOR('',#11025,1.);
#11025 = DIRECTION('',(0.595699304492,0.,-0.803207531481));
#11026 = ORIENTED_EDGE('',*,*,#11027,.T.);
#11027 = EDGE_CURVE('',#11020,#11028,#11030,.T.);
#11028 = VERTEX_POINT('',#11029);
#11029 = CARTESIAN_POINT('',(7.055370114787,-2.5,88.771173894608));
#11030 = LINE('',#11031,#11032);
#11031 = CARTESIAN_POINT('',(6.65175689842,-2.5,89.444561864157));
#11032 = VECTOR('',#11033,1.);
#11033 = DIRECTION('',(0.514102744193,0.,-0.85772861));
#11034 = ORIENTED_EDGE('',*,*,#11035,.T.);
#11035 = EDGE_CURVE('',#11028,#11036,#11038,.T.);
#11036 = VERTEX_POINT('',#11037);
#11037 = CARTESIAN_POINT('',(7.39103626009,-2.5,88.061467458921));
#11038 = LINE('',#11039,#11040);
#11039 = CARTESIAN_POINT('',(7.055370114787,-2.5,88.771173894608));
#11040 = VECTOR('',#11041,1.);
#11041 = DIRECTION('',(0.42755509343,0.,-0.903989293123));
#11042 = ORIENTED_EDGE('',*,*,#11043,.T.);
#11043 = EDGE_CURVE('',#11036,#11044,#11046,.T.);
#11044 = VERTEX_POINT('',#11045);
#11045 = CARTESIAN_POINT('',(7.655522685858,-2.5,87.322277418036));
#11046 = LINE('',#11047,#11048);
#11047 = CARTESIAN_POINT('',(7.39103626009,-2.5,88.061467458921));
#11048 = VECTOR('',#11049,1.);
#11049 = DIRECTION('',(0.336889853392,0.,-0.941544065183));
#11050 = ORIENTED_EDGE('',*,*,#11051,.T.);
#11051 = EDGE_CURVE('',#11044,#11052,#11054,.T.);
#11052 = VERTEX_POINT('',#11053);
#11053 = CARTESIAN_POINT('',(7.846282243226,-2.5,86.560722576129));
#11054 = LINE('',#11055,#11056);
#11055 = CARTESIAN_POINT('',(7.655522685858,-2.5,87.322277418036));
#11056 = VECTOR('',#11057,1.);
#11057 = DIRECTION('',(0.242980179903,0.,-0.970031253195));
#11058 = ORIENTED_EDGE('',*,*,#11059,.T.);
#11059 = EDGE_CURVE('',#11052,#11060,#11062,.T.);
#11060 = VERTEX_POINT('',#11061);
#11061 = CARTESIAN_POINT('',(7.961477813378,-2.5,85.784137122636));
#11062 = LINE('',#11063,#11064);
#11063 = CARTESIAN_POINT('',(7.846282243226,-2.5,86.560722576129));
#11064 = VECTOR('',#11065,1.);
#11065 = DIRECTION('',(0.146730474455,0.,-0.989176509965));
#11066 = ORIENTED_EDGE('',*,*,#11067,.T.);
#11067 = EDGE_CURVE('',#11060,#11068,#11070,.T.);
#11068 = VERTEX_POINT('',#11069);
#11069 = CARTESIAN_POINT('',(8.,-2.5,85.));
#11070 = LINE('',#11071,#11072);
#11071 = CARTESIAN_POINT('',(7.961477813378,-2.5,85.784137122636));
#11072 = VECTOR('',#11073,1.);
#11073 = DIRECTION('',(4.906767432742E-02,0.,-0.998795456205));
#11074 = ORIENTED_EDGE('',*,*,#11075,.T.);
#11075 = EDGE_CURVE('',#11068,#10521,#11076,.T.);
#11076 = LINE('',#11077,#11078);
#11077 = CARTESIAN_POINT('',(8.,-2.5,85.));
#11078 = VECTOR('',#11079,1.);
#11079 = DIRECTION('',(0.,0.,-1.));
#11080 = ORIENTED_EDGE('',*,*,#10530,.T.);
#11081 = ORIENTED_EDGE('',*,*,#11082,.T.);
#11082 = EDGE_CURVE('',#10531,#11083,#11085,.T.);
#11083 = VERTEX_POINT('',#11084);
#11084 = CARTESIAN_POINT('',(5.,-2.5,85.));
#11085 = LINE('',#11086,#11087);
#11086 = CARTESIAN_POINT('',(5.,-2.5,80.));
#11087 = VECTOR('',#11088,1.);
#11088 = DIRECTION('',(0.,0.,1.));
#11089 = ORIENTED_EDGE('',*,*,#11090,.T.);
#11090 = EDGE_CURVE('',#11083,#11091,#11093,.T.);
#11091 = VERTEX_POINT('',#11092);
#11092 = CARTESIAN_POINT('',(4.975923633361,-2.5,85.490085701648));
#11093 = LINE('',#11094,#11095);
#11094 = CARTESIAN_POINT('',(5.,-2.5,85.));
#11095 = VECTOR('',#11096,1.);
#11096 = DIRECTION('',(-4.906767432742E-02,0.,0.998795456205));
#11097 = ORIENTED_EDGE('',*,*,#11098,.T.);
#11098 = EDGE_CURVE('',#11091,#11099,#11101,.T.);
#11099 = VERTEX_POINT('',#11100);
#11100 = CARTESIAN_POINT('',(4.903926402016,-2.5,85.975451610081));
#11101 = LINE('',#11102,#11103);
#11102 = CARTESIAN_POINT('',(4.975923633361,-2.5,85.490085701648));
#11103 = VECTOR('',#11104,1.);
#11104 = DIRECTION('',(-0.146730474455,0.,0.989176509965));
#11105 = ORIENTED_EDGE('',*,*,#11106,.T.);
#11106 = EDGE_CURVE('',#11099,#11107,#11109,.T.);
#11107 = VERTEX_POINT('',#11108);
#11108 = CARTESIAN_POINT('',(4.784701678661,-2.5,86.451423386272));
#11109 = LINE('',#11110,#11111);
#11110 = CARTESIAN_POINT('',(4.903926402016,-2.5,85.975451610081));
#11111 = VECTOR('',#11112,1.);
#11112 = DIRECTION('',(-0.242980179903,0.,0.970031253195));
#11113 = ORIENTED_EDGE('',*,*,#11114,.T.);
#11114 = EDGE_CURVE('',#11107,#11115,#11117,.T.);
#11115 = VERTEX_POINT('',#11116);
#11116 = CARTESIAN_POINT('',(4.619397662556,-2.5,86.913417161825));
#11117 = LINE('',#11118,#11119);
#11118 = CARTESIAN_POINT('',(4.784701678661,-2.5,86.451423386272));
#11119 = VECTOR('',#11120,1.);
#11120 = DIRECTION('',(-0.336889853392,0.,0.941544065183));
#11121 = ORIENTED_EDGE('',*,*,#11122,.T.);
#11122 = EDGE_CURVE('',#11115,#11123,#11125,.T.);
#11123 = VERTEX_POINT('',#11124);
#11124 = CARTESIAN_POINT('',(4.409606321742,-2.5,87.35698368413));
#11125 = LINE('',#11126,#11127);
#11126 = CARTESIAN_POINT('',(4.619397662556,-2.5,86.913417161825));
#11127 = VECTOR('',#11128,1.);
#11128 = DIRECTION('',(-0.42755509343,0.,0.903989293123));
#11129 = ORIENTED_EDGE('',*,*,#11130,.T.);
#11130 = EDGE_CURVE('',#11123,#11131,#11133,.T.);
#11131 = VERTEX_POINT('',#11132);
#11132 = CARTESIAN_POINT('',(4.157348061513,-2.5,87.777851165098));
#11133 = LINE('',#11134,#11135);
#11134 = CARTESIAN_POINT('',(4.409606321742,-2.5,87.35698368413));
#11135 = VECTOR('',#11136,1.);
#11136 = DIRECTION('',(-0.514102744193,0.,0.85772861));
#11137 = ORIENTED_EDGE('',*,*,#11138,.T.);
#11138 = EDGE_CURVE('',#11131,#11139,#11141,.T.);
#11139 = VERTEX_POINT('',#11140);
#11140 = CARTESIAN_POINT('',(3.865052266814,-2.5,88.171966420818));
#11141 = LINE('',#11142,#11143);
#11142 = CARTESIAN_POINT('',(4.157348061513,-2.5,87.777851165098));
#11143 = VECTOR('',#11144,1.);
#11144 = DIRECTION('',(-0.595699304492,0.,0.803207531481));
#11145 = ORIENTED_EDGE('',*,*,#11146,.T.);
#11146 = EDGE_CURVE('',#11139,#11147,#11149,.T.);
#11147 = VERTEX_POINT('',#11148);
#11148 = CARTESIAN_POINT('',(3.535533905933,-2.5,88.535533905933));
#11149 = LINE('',#11150,#11151);
#11150 = CARTESIAN_POINT('',(3.865052266814,-2.5,88.171966420818));
#11151 = VECTOR('',#11152,1.);
#11152 = DIRECTION('',(-0.671558954847,0.,0.740951125355));
#11153 = ORIENTED_EDGE('',*,*,#11154,.T.);
#11154 = EDGE_CURVE('',#11147,#11155,#11157,.T.);
#11155 = VERTEX_POINT('',#11156);
#11156 = CARTESIAN_POINT('',(3.171966420818,-2.5,88.865052266814));
#11157 = LINE('',#11158,#11159);
#11158 = CARTESIAN_POINT('',(3.535533905933,-2.5,88.535533905933));
#11159 = VECTOR('',#11160,1.);
#11160 = DIRECTION('',(-0.740951125355,0.,0.671558954847));
#11161 = ORIENTED_EDGE('',*,*,#11162,.T.);
#11162 = EDGE_CURVE('',#11155,#11163,#11165,.T.);
#11163 = VERTEX_POINT('',#11164);
#11164 = CARTESIAN_POINT('',(2.777851165098,-2.5,89.157348061513));
#11165 = LINE('',#11166,#11167);
#11166 = CARTESIAN_POINT('',(3.171966420818,-2.5,88.865052266814));
#11167 = VECTOR('',#11168,1.);
#11168 = DIRECTION('',(-0.803207531481,0.,0.595699304492));
#11169 = ORIENTED_EDGE('',*,*,#11170,.T.);
#11170 = EDGE_CURVE('',#11163,#11171,#11173,.T.);
#11171 = VERTEX_POINT('',#11172);
#11172 = CARTESIAN_POINT('',(2.35698368413,-2.5,89.409606321742));
#11173 = LINE('',#11174,#11175);
#11174 = CARTESIAN_POINT('',(2.777851165098,-2.5,89.157348061513));
#11175 = VECTOR('',#11176,1.);
#11176 = DIRECTION('',(-0.85772861,0.,0.514102744193));
#11177 = ORIENTED_EDGE('',*,*,#11178,.T.);
#11178 = EDGE_CURVE('',#11171,#11179,#11181,.T.);
#11179 = VERTEX_POINT('',#11180);
#11180 = CARTESIAN_POINT('',(1.913417161825,-2.5,89.619397662556));
#11181 = LINE('',#11182,#11183);
#11182 = CARTESIAN_POINT('',(2.35698368413,-2.5,89.409606321742));
#11183 = VECTOR('',#11184,1.);
#11184 = DIRECTION('',(-0.903989293123,0.,0.42755509343));
#11185 = ORIENTED_EDGE('',*,*,#11186,.T.);
#11186 = EDGE_CURVE('',#11179,#11187,#11189,.T.);
#11187 = VERTEX_POINT('',#11188);
#11188 = CARTESIAN_POINT('',(1.451423386272,-2.5,89.784701678661));
#11189 = LINE('',#11190,#11191);
#11190 = CARTESIAN_POINT('',(1.913417161825,-2.5,89.619397662556));
#11191 = VECTOR('',#11192,1.);
#11192 = DIRECTION('',(-0.941544065183,0.,0.336889853392));
#11193 = ORIENTED_EDGE('',*,*,#11194,.T.);
#11194 = EDGE_CURVE('',#11187,#11195,#11197,.T.);
#11195 = VERTEX_POINT('',#11196);
#11196 = CARTESIAN_POINT('',(0.975451610081,-2.5,89.903926402016));
#11197 = LINE('',#11198,#11199);
#11198 = CARTESIAN_POINT('',(1.451423386272,-2.5,89.784701678661));
#11199 = VECTOR('',#11200,1.);
#11200 = DIRECTION('',(-0.970031253195,0.,0.242980179903));
#11201 = ORIENTED_EDGE('',*,*,#11202,.T.);
#11202 = EDGE_CURVE('',#11195,#11203,#11205,.T.);
#11203 = VERTEX_POINT('',#11204);
#11204 = CARTESIAN_POINT('',(0.490085701648,-2.5,89.975923633361));
#11205 = LINE('',#11206,#11207);
#11206 = CARTESIAN_POINT('',(0.975451610081,-2.5,89.903926402016));
#11207 = VECTOR('',#11208,1.);
#11208 = DIRECTION('',(-0.989176509965,0.,0.146730474455));
#11209 = ORIENTED_EDGE('',*,*,#11210,.T.);
#11210 = EDGE_CURVE('',#11203,#11211,#11213,.T.);
#11211 = VERTEX_POINT('',#11212);
#11212 = CARTESIAN_POINT('',(3.061616997868E-16,-2.5,90.));
#11213 = LINE('',#11214,#11215);
#11214 = CARTESIAN_POINT('',(0.490085701648,-2.5,89.975923633361));
#11215 = VECTOR('',#11216,1.);
#11216 = DIRECTION('',(-0.998795456205,0.,4.906767432743E-02));
#11217 = ORIENTED_EDGE('',*,*,#11218,.T.);
#11218 = EDGE_CURVE('',#11211,#11219,#11221,.T.);
#11219 = VERTEX_POINT('',#11220);
#11220 = CARTESIAN_POINT('',(-0.490085701648,-2.5,89.975923633361));
#11221 = LINE('',#11222,#11223);
#11222 = CARTESIAN_POINT('',(3.061616997868E-16,-2.5,90.));
#11223 = VECTOR('',#11224,1.);
#11224 = DIRECTION('',(-0.998795456205,0.,-4.90676743274E-02));
#11225 = ORIENTED_EDGE('',*,*,#11226,.T.);
#11226 = EDGE_CURVE('',#11219,#11227,#11229,.T.);
#11227 = VERTEX_POINT('',#11228);
#11228 = CARTESIAN_POINT('',(-0.975451610081,-2.5,89.903926402016));
#11229 = LINE('',#11230,#11231);
#11230 = CARTESIAN_POINT('',(-0.490085701648,-2.5,89.975923633361));
#11231 = VECTOR('',#11232,1.);
#11232 = DIRECTION('',(-0.989176509965,0.,-0.146730474455));
#11233 = ORIENTED_EDGE('',*,*,#11234,.T.);
#11234 = EDGE_CURVE('',#11227,#11235,#11237,.T.);
#11235 = VERTEX_POINT('',#11236);
#11236 = CARTESIAN_POINT('',(-1.451423386272,-2.5,89.784701678661));
#11237 = LINE('',#11238,#11239);
#11238 = CARTESIAN_POINT('',(-0.975451610081,-2.5,89.903926402016));
#11239 = VECTOR('',#11240,1.);
#11240 = DIRECTION('',(-0.970031253195,0.,-0.242980179903));
#11241 = ORIENTED_EDGE('',*,*,#11242,.T.);
#11242 = EDGE_CURVE('',#11235,#11243,#11245,.T.);
#11243 = VERTEX_POINT('',#11244);
#11244 = CARTESIAN_POINT('',(-1.913417161825,-2.5,89.619397662556));
#11245 = LINE('',#11246,#11247);
#11246 = CARTESIAN_POINT('',(-1.451423386272,-2.5,89.784701678661));
#11247 = VECTOR('',#11248,1.);
#11248 = DIRECTION('',(-0.941544065183,0.,-0.336889853392));
#11249 = ORIENTED_EDGE('',*,*,#11250,.T.);
#11250 = EDGE_CURVE('',#11243,#11251,#11253,.T.);
#11251 = VERTEX_POINT('',#11252);
#11252 = CARTESIAN_POINT('',(-2.35698368413,-2.5,89.409606321742));
#11253 = LINE('',#11254,#11255);
#11254 = CARTESIAN_POINT('',(-1.913417161825,-2.5,89.619397662556));
#11255 = VECTOR('',#11256,1.);
#11256 = DIRECTION('',(-0.903989293123,0.,-0.42755509343));
#11257 = ORIENTED_EDGE('',*,*,#11258,.T.);
#11258 = EDGE_CURVE('',#11251,#11259,#11261,.T.);
#11259 = VERTEX_POINT('',#11260);
#11260 = CARTESIAN_POINT('',(-2.777851165098,-2.5,89.157348061513));
#11261 = LINE('',#11262,#11263);
#11262 = CARTESIAN_POINT('',(-2.35698368413,-2.5,89.409606321742));
#11263 = VECTOR('',#11264,1.);
#11264 = DIRECTION('',(-0.85772861,0.,-0.514102744193));
#11265 = ORIENTED_EDGE('',*,*,#11266,.T.);
#11266 = EDGE_CURVE('',#11259,#11267,#11269,.T.);
#11267 = VERTEX_POINT('',#11268);
#11268 = CARTESIAN_POINT('',(-3.171966420818,-2.5,88.865052266814));
#11269 = LINE('',#11270,#11271);
#11270 = CARTESIAN_POINT('',(-2.777851165098,-2.5,89.157348061513));
#11271 = VECTOR('',#11272,1.);
#11272 = DIRECTION('',(-0.803207531481,0.,-0.595699304492));
#11273 = ORIENTED_EDGE('',*,*,#11274,.T.);
#11274 = EDGE_CURVE('',#11267,#11275,#11277,.T.);
#11275 = VERTEX_POINT('',#11276);
#11276 = CARTESIAN_POINT('',(-3.535533905933,-2.5,88.535533905933));
#11277 = LINE('',#11278,#11279);
#11278 = CARTESIAN_POINT('',(-3.171966420818,-2.5,88.865052266814));
#11279 = VECTOR('',#11280,1.);
#11280 = DIRECTION('',(-0.740951125355,0.,-0.671558954847));
#11281 = ORIENTED_EDGE('',*,*,#11282,.T.);
#11282 = EDGE_CURVE('',#11275,#11283,#11285,.T.);
#11283 = VERTEX_POINT('',#11284);
#11284 = CARTESIAN_POINT('',(-3.865052266814,-2.5,88.171966420818));
#11285 = LINE('',#11286,#11287);
#11286 = CARTESIAN_POINT('',(-3.535533905933,-2.5,88.535533905933));
#11287 = VECTOR('',#11288,1.);
#11288 = DIRECTION('',(-0.671558954847,0.,-0.740951125355));
#11289 = ORIENTED_EDGE('',*,*,#11290,.T.);
#11290 = EDGE_CURVE('',#11283,#11291,#11293,.T.);
#11291 = VERTEX_POINT('',#11292);
#11292 = CARTESIAN_POINT('',(-4.157348061513,-2.5,87.777851165098));
#11293 = LINE('',#11294,#11295);
#11294 = CARTESIAN_POINT('',(-3.865052266814,-2.5,88.171966420818));
#11295 = VECTOR('',#11296,1.);
#11296 = DIRECTION('',(-0.595699304492,0.,-0.803207531481));
#11297 = ORIENTED_EDGE('',*,*,#11298,.T.);
#11298 = EDGE_CURVE('',#11291,#11299,#11301,.T.);
#11299 = VERTEX_POINT('',#11300);
#11300 = CARTESIAN_POINT('',(-4.409606321742,-2.5,87.35698368413));
#11301 = LINE('',#11302,#11303);
#11302 = CARTESIAN_POINT('',(-4.157348061513,-2.5,87.777851165098));
#11303 = VECTOR('',#11304,1.);
#11304 = DIRECTION('',(-0.514102744193,0.,-0.85772861));
#11305 = ORIENTED_EDGE('',*,*,#11306,.T.);
#11306 = EDGE_CURVE('',#11299,#11307,#11309,.T.);
#11307 = VERTEX_POINT('',#11308);
#11308 = CARTESIAN_POINT('',(-4.619397662556,-2.5,86.913417161825));
#11309 = LINE('',#11310,#11311);
#11310 = CARTESIAN_POINT('',(-4.409606321742,-2.5,87.35698368413));
#11311 = VECTOR('',#11312,1.);
#11312 = DIRECTION('',(-0.42755509343,0.,-0.903989293123));
#11313 = ORIENTED_EDGE('',*,*,#11314,.T.);
#11314 = EDGE_CURVE('',#11307,#11315,#11317,.T.);
#11315 = VERTEX_POINT('',#11316);
#11316 = CARTESIAN_POINT('',(-4.784701678661,-2.5,86.451423386272));
#11317 = LINE('',#11318,#11319);
#11318 = CARTESIAN_POINT('',(-4.619397662556,-2.5,86.913417161825));
#11319 = VECTOR('',#11320,1.);
#11320 = DIRECTION('',(-0.336889853392,0.,-0.941544065183));
#11321 = ORIENTED_EDGE('',*,*,#11322,.T.);
#11322 = EDGE_CURVE('',#11315,#11323,#11325,.T.);
#11323 = VERTEX_POINT('',#11324);
#11324 = CARTESIAN_POINT('',(-4.903926402016,-2.5,85.975451610081));
#11325 = LINE('',#11326,#11327);
#11326 = CARTESIAN_POINT('',(-4.784701678661,-2.5,86.451423386272));
#11327 = VECTOR('',#11328,1.);
#11328 = DIRECTION('',(-0.242980179903,0.,-0.970031253195));
#11329 = ORIENTED_EDGE('',*,*,#11330,.T.);
#11330 = EDGE_CURVE('',#11323,#11331,#11333,.T.);
#11331 = VERTEX_POINT('',#11332);
#11332 = CARTESIAN_POINT('',(-4.975923633361,-2.5,85.490085701648));
#11333 = LINE('',#11334,#11335);
#11334 = CARTESIAN_POINT('',(-4.903926402016,-2.5,85.975451610081));
#11335 = VECTOR('',#11336,1.);
#11336 = DIRECTION('',(-0.146730474455,0.,-0.989176509965));
#11337 = ORIENTED_EDGE('',*,*,#11338,.T.);
#11338 = EDGE_CURVE('',#11331,#11339,#11341,.T.);
#11339 = VERTEX_POINT('',#11340);
#11340 = CARTESIAN_POINT('',(-5.,-2.5,85.));
#11341 = LINE('',#11342,#11343);
#11342 = CARTESIAN_POINT('',(-4.975923633361,-2.5,85.490085701648));
#11343 = VECTOR('',#11344,1.);
#11344 = DIRECTION('',(-4.906767432742E-02,0.,-0.998795456205));
#11345 = ORIENTED_EDGE('',*,*,#11346,.T.);
#11346 = EDGE_CURVE('',#11339,#10487,#11347,.T.);
#11347 = LINE('',#11348,#11349);
#11348 = CARTESIAN_POINT('',(-5.,-2.5,85.));
#11349 = VECTOR('',#11350,1.);
#11350 = DIRECTION('',(0.,0.,-1.));
#11351 = ORIENTED_EDGE('',*,*,#10486,.T.);
#11352 = PLANE('',#11353);
#11353 = AXIS2_PLACEMENT_3D('',#11354,#11355,#11356);
#11354 = CARTESIAN_POINT('',(-2.126599701502E-16,-2.5,86.463323728476));
#11355 = DIRECTION('',(0.,1.,0.));
#11356 = DIRECTION('',(0.,-0.,1.));
#11357 = ADVANCED_FACE('',(#11358),#11376,.F.);
#11358 = FACE_BOUND('',#11359,.F.);
#11359 = EDGE_LOOP('',(#11360,#11368,#11374,#11375));
#11360 = ORIENTED_EDGE('',*,*,#11361,.T.);
#11361 = EDGE_CURVE('',#11339,#11362,#11364,.T.);
#11362 = VERTEX_POINT('',#11363);
#11363 = CARTESIAN_POINT('',(-5.,2.5,85.));
#11364 = LINE('',#11365,#11366);
#11365 = CARTESIAN_POINT('',(-5.,-2.5,85.));
#11366 = VECTOR('',#11367,1.);
#11367 = DIRECTION('',(0.,1.,0.));
#11368 = ORIENTED_EDGE('',*,*,#11369,.T.);
#11369 = EDGE_CURVE('',#11362,#10505,#11370,.T.);
#11370 = LINE('',#11371,#11372);
#11371 = CARTESIAN_POINT('',(-5.,2.5,85.));
#11372 = VECTOR('',#11373,1.);
#11373 = DIRECTION('',(0.,0.,-1.));
#11374 = ORIENTED_EDGE('',*,*,#10512,.F.);
#11375 = ORIENTED_EDGE('',*,*,#11346,.F.);
#11376 = PLANE('',#11377);
#11377 = AXIS2_PLACEMENT_3D('',#11378,#11379,#11380);
#11378 = CARTESIAN_POINT('',(-5.,-2.5,85.));
#11379 = DIRECTION('',(-1.,0.,0.));
#11380 = DIRECTION('',(0.,0.,-1.));
#11381 = ADVANCED_FACE('',(#11382),#11919,.T.);
#11382 = FACE_BOUND('',#11383,.T.);
#11383 = EDGE_LOOP('',(#11384,#11392,#11400,#11408,#11416,#11424,#11432,
    #11440,#11448,#11456,#11464,#11472,#11480,#11488,#11496,#11504,
    #11512,#11520,#11528,#11536,#11544,#11552,#11560,#11568,#11576,
    #11584,#11592,#11600,#11608,#11616,#11624,#11632,#11640,#11648,
    #11654,#11655,#11663,#11671,#11679,#11687,#11695,#11703,#11711,
    #11719,#11727,#11735,#11743,#11751,#11759,#11767,#11775,#11783,
    #11791,#11799,#11807,#11815,#11823,#11831,#11839,#11847,#11855,
    #11863,#11871,#11879,#11887,#11895,#11903,#11911,#11917,#11918));
#11384 = ORIENTED_EDGE('',*,*,#11385,.T.);
#11385 = EDGE_CURVE('',#10497,#11386,#11388,.T.);
#11386 = VERTEX_POINT('',#11387);
#11387 = CARTESIAN_POINT('',(-8.,2.5,85.));
#11388 = LINE('',#11389,#11390);
#11389 = CARTESIAN_POINT('',(-8.,2.5,80.));
#11390 = VECTOR('',#11391,1.);
#11391 = DIRECTION('',(0.,0.,1.));
#11392 = ORIENTED_EDGE('',*,*,#11393,.T.);
#11393 = EDGE_CURVE('',#11386,#11394,#11396,.T.);
#11394 = VERTEX_POINT('',#11395);
#11395 = CARTESIAN_POINT('',(-7.961477813378,2.5,85.784137122636));
#11396 = LINE('',#11397,#11398);
#11397 = CARTESIAN_POINT('',(-8.,2.5,85.));
#11398 = VECTOR('',#11399,1.);
#11399 = DIRECTION('',(4.906767432742E-02,0.,0.998795456205));
#11400 = ORIENTED_EDGE('',*,*,#11401,.T.);
#11401 = EDGE_CURVE('',#11394,#11402,#11404,.T.);
#11402 = VERTEX_POINT('',#11403);
#11403 = CARTESIAN_POINT('',(-7.846282243226,2.5,86.560722576129));
#11404 = LINE('',#11405,#11406);
#11405 = CARTESIAN_POINT('',(-7.961477813378,2.5,85.784137122636));
#11406 = VECTOR('',#11407,1.);
#11407 = DIRECTION('',(0.146730474455,0.,0.989176509965));
#11408 = ORIENTED_EDGE('',*,*,#11409,.T.);
#11409 = EDGE_CURVE('',#11402,#11410,#11412,.T.);
#11410 = VERTEX_POINT('',#11411);
#11411 = CARTESIAN_POINT('',(-7.655522685858,2.5,87.322277418036));
#11412 = LINE('',#11413,#11414);
#11413 = CARTESIAN_POINT('',(-7.846282243226,2.5,86.560722576129));
#11414 = VECTOR('',#11415,1.);
#11415 = DIRECTION('',(0.242980179903,0.,0.970031253195));
#11416 = ORIENTED_EDGE('',*,*,#11417,.T.);
#11417 = EDGE_CURVE('',#11410,#11418,#11420,.T.);
#11418 = VERTEX_POINT('',#11419);
#11419 = CARTESIAN_POINT('',(-7.39103626009,2.5,88.061467458921));
#11420 = LINE('',#11421,#11422);
#11421 = CARTESIAN_POINT('',(-7.655522685858,2.5,87.322277418036));
#11422 = VECTOR('',#11423,1.);
#11423 = DIRECTION('',(0.336889853392,0.,0.941544065183));
#11424 = ORIENTED_EDGE('',*,*,#11425,.T.);
#11425 = EDGE_CURVE('',#11418,#11426,#11428,.T.);
#11426 = VERTEX_POINT('',#11427);
#11427 = CARTESIAN_POINT('',(-7.055370114787,2.5,88.771173894608));
#11428 = LINE('',#11429,#11430);
#11429 = CARTESIAN_POINT('',(-7.39103626009,2.5,88.061467458921));
#11430 = VECTOR('',#11431,1.);
#11431 = DIRECTION('',(0.42755509343,0.,0.903989293123));
#11432 = ORIENTED_EDGE('',*,*,#11433,.T.);
#11433 = EDGE_CURVE('',#11426,#11434,#11436,.T.);
#11434 = VERTEX_POINT('',#11435);
#11435 = CARTESIAN_POINT('',(-6.65175689842,2.5,89.444561864157));
#11436 = LINE('',#11437,#11438);
#11437 = CARTESIAN_POINT('',(-7.055370114787,2.5,88.771173894608));
#11438 = VECTOR('',#11439,1.);
#11439 = DIRECTION('',(0.514102744193,0.,0.85772861));
#11440 = ORIENTED_EDGE('',*,*,#11441,.T.);
#11441 = EDGE_CURVE('',#11434,#11442,#11444,.T.);
#11442 = VERTEX_POINT('',#11443);
#11443 = CARTESIAN_POINT('',(-6.184083626902,2.5,90.075146273309));
#11444 = LINE('',#11445,#11446);
#11445 = CARTESIAN_POINT('',(-6.65175689842,2.5,89.444561864157));
#11446 = VECTOR('',#11447,1.);
#11447 = DIRECTION('',(0.595699304492,0.,0.803207531481));
#11448 = ORIENTED_EDGE('',*,*,#11449,.T.);
#11449 = EDGE_CURVE('',#11442,#11450,#11452,.T.);
#11450 = VERTEX_POINT('',#11451);
#11451 = CARTESIAN_POINT('',(-5.656854249492,2.5,90.656854249492));
#11452 = LINE('',#11453,#11454);
#11453 = CARTESIAN_POINT('',(-6.184083626902,2.5,90.075146273309));
#11454 = VECTOR('',#11455,1.);
#11455 = DIRECTION('',(0.671558954847,0.,0.740951125355));
#11456 = ORIENTED_EDGE('',*,*,#11457,.T.);
#11457 = EDGE_CURVE('',#11450,#11458,#11460,.T.);
#11458 = VERTEX_POINT('',#11459);
#11459 = CARTESIAN_POINT('',(-5.075146273309,2.5,91.184083626902));
#11460 = LINE('',#11461,#11462);
#11461 = CARTESIAN_POINT('',(-5.656854249492,2.5,90.656854249492));
#11462 = VECTOR('',#11463,1.);
#11463 = DIRECTION('',(0.740951125355,0.,0.671558954847));
#11464 = ORIENTED_EDGE('',*,*,#11465,.T.);
#11465 = EDGE_CURVE('',#11458,#11466,#11468,.T.);
#11466 = VERTEX_POINT('',#11467);
#11467 = CARTESIAN_POINT('',(-4.444561864157,2.5,91.65175689842));
#11468 = LINE('',#11469,#11470);
#11469 = CARTESIAN_POINT('',(-5.075146273309,2.5,91.184083626902));
#11470 = VECTOR('',#11471,1.);
#11471 = DIRECTION('',(0.803207531481,0.,0.595699304492));
#11472 = ORIENTED_EDGE('',*,*,#11473,.T.);
#11473 = EDGE_CURVE('',#11466,#11474,#11476,.T.);
#11474 = VERTEX_POINT('',#11475);
#11475 = CARTESIAN_POINT('',(-3.771173894608,2.5,92.055370114787));
#11476 = LINE('',#11477,#11478);
#11477 = CARTESIAN_POINT('',(-4.444561864157,2.5,91.65175689842));
#11478 = VECTOR('',#11479,1.);
#11479 = DIRECTION('',(0.85772861,0.,0.514102744193));
#11480 = ORIENTED_EDGE('',*,*,#11481,.T.);
#11481 = EDGE_CURVE('',#11474,#11482,#11484,.T.);
#11482 = VERTEX_POINT('',#11483);
#11483 = CARTESIAN_POINT('',(-3.061467458921,2.5,92.39103626009));
#11484 = LINE('',#11485,#11486);
#11485 = CARTESIAN_POINT('',(-3.771173894608,2.5,92.055370114787));
#11486 = VECTOR('',#11487,1.);
#11487 = DIRECTION('',(0.903989293123,0.,0.42755509343));
#11488 = ORIENTED_EDGE('',*,*,#11489,.T.);
#11489 = EDGE_CURVE('',#11482,#11490,#11492,.T.);
#11490 = VERTEX_POINT('',#11491);
#11491 = CARTESIAN_POINT('',(-2.322277418036,2.5,92.655522685858));
#11492 = LINE('',#11493,#11494);
#11493 = CARTESIAN_POINT('',(-3.061467458921,2.5,92.39103626009));
#11494 = VECTOR('',#11495,1.);
#11495 = DIRECTION('',(0.941544065183,0.,0.336889853392));
#11496 = ORIENTED_EDGE('',*,*,#11497,.T.);
#11497 = EDGE_CURVE('',#11490,#11498,#11500,.T.);
#11498 = VERTEX_POINT('',#11499);
#11499 = CARTESIAN_POINT('',(-1.560722576129,2.5,92.846282243226));
#11500 = LINE('',#11501,#11502);
#11501 = CARTESIAN_POINT('',(-2.322277418036,2.5,92.655522685858));
#11502 = VECTOR('',#11503,1.);
#11503 = DIRECTION('',(0.970031253195,0.,0.242980179903));
#11504 = ORIENTED_EDGE('',*,*,#11505,.T.);
#11505 = EDGE_CURVE('',#11498,#11506,#11508,.T.);
#11506 = VERTEX_POINT('',#11507);
#11507 = CARTESIAN_POINT('',(-0.784137122636,2.5,92.961477813378));
#11508 = LINE('',#11509,#11510);
#11509 = CARTESIAN_POINT('',(-1.560722576129,2.5,92.846282243226));
#11510 = VECTOR('',#11511,1.);
#11511 = DIRECTION('',(0.989176509965,0.,0.146730474455));
#11512 = ORIENTED_EDGE('',*,*,#11513,.T.);
#11513 = EDGE_CURVE('',#11506,#11514,#11516,.T.);
#11514 = VERTEX_POINT('',#11515);
#11515 = CARTESIAN_POINT('',(4.898587196589E-16,2.5,93.));
#11516 = LINE('',#11517,#11518);
#11517 = CARTESIAN_POINT('',(-0.784137122636,2.5,92.961477813378));
#11518 = VECTOR('',#11519,1.);
#11519 = DIRECTION('',(0.998795456205,0.,4.906767432742E-02));
#11520 = ORIENTED_EDGE('',*,*,#11521,.T.);
#11521 = EDGE_CURVE('',#11514,#11522,#11524,.T.);
#11522 = VERTEX_POINT('',#11523);
#11523 = CARTESIAN_POINT('',(0.784137122636,2.5,92.961477813378));
#11524 = LINE('',#11525,#11526);
#11525 = CARTESIAN_POINT('',(4.898587196589E-16,2.5,93.));
#11526 = VECTOR('',#11527,1.);
#11527 = DIRECTION('',(0.998795456205,0.,-4.906767432742E-02));
#11528 = ORIENTED_EDGE('',*,*,#11529,.T.);
#11529 = EDGE_CURVE('',#11522,#11530,#11532,.T.);
#11530 = VERTEX_POINT('',#11531);
#11531 = CARTESIAN_POINT('',(1.560722576129,2.5,92.846282243226));
#11532 = LINE('',#11533,#11534);
#11533 = CARTESIAN_POINT('',(0.784137122636,2.5,92.961477813378));
#11534 = VECTOR('',#11535,1.);
#11535 = DIRECTION('',(0.989176509965,0.,-0.146730474455));
#11536 = ORIENTED_EDGE('',*,*,#11537,.T.);
#11537 = EDGE_CURVE('',#11530,#11538,#11540,.T.);
#11538 = VERTEX_POINT('',#11539);
#11539 = CARTESIAN_POINT('',(2.322277418036,2.5,92.655522685858));
#11540 = LINE('',#11541,#11542);
#11541 = CARTESIAN_POINT('',(1.560722576129,2.5,92.846282243226));
#11542 = VECTOR('',#11543,1.);
#11543 = DIRECTION('',(0.970031253195,0.,-0.242980179903));
#11544 = ORIENTED_EDGE('',*,*,#11545,.T.);
#11545 = EDGE_CURVE('',#11538,#11546,#11548,.T.);
#11546 = VERTEX_POINT('',#11547);
#11547 = CARTESIAN_POINT('',(3.061467458921,2.5,92.39103626009));
#11548 = LINE('',#11549,#11550);
#11549 = CARTESIAN_POINT('',(2.322277418036,2.5,92.655522685858));
#11550 = VECTOR('',#11551,1.);
#11551 = DIRECTION('',(0.941544065183,0.,-0.336889853392));
#11552 = ORIENTED_EDGE('',*,*,#11553,.T.);
#11553 = EDGE_CURVE('',#11546,#11554,#11556,.T.);
#11554 = VERTEX_POINT('',#11555);
#11555 = CARTESIAN_POINT('',(3.771173894608,2.5,92.055370114787));
#11556 = LINE('',#11557,#11558);
#11557 = CARTESIAN_POINT('',(3.061467458921,2.5,92.39103626009));
#11558 = VECTOR('',#11559,1.);
#11559 = DIRECTION('',(0.903989293123,0.,-0.42755509343));
#11560 = ORIENTED_EDGE('',*,*,#11561,.T.);
#11561 = EDGE_CURVE('',#11554,#11562,#11564,.T.);
#11562 = VERTEX_POINT('',#11563);
#11563 = CARTESIAN_POINT('',(4.444561864157,2.5,91.65175689842));
#11564 = LINE('',#11565,#11566);
#11565 = CARTESIAN_POINT('',(3.771173894608,2.5,92.055370114787));
#11566 = VECTOR('',#11567,1.);
#11567 = DIRECTION('',(0.85772861,0.,-0.514102744193));
#11568 = ORIENTED_EDGE('',*,*,#11569,.T.);
#11569 = EDGE_CURVE('',#11562,#11570,#11572,.T.);
#11570 = VERTEX_POINT('',#11571);
#11571 = CARTESIAN_POINT('',(5.075146273309,2.5,91.184083626902));
#11572 = LINE('',#11573,#11574);
#11573 = CARTESIAN_POINT('',(4.444561864157,2.5,91.65175689842));
#11574 = VECTOR('',#11575,1.);
#11575 = DIRECTION('',(0.803207531481,0.,-0.595699304492));
#11576 = ORIENTED_EDGE('',*,*,#11577,.T.);
#11577 = EDGE_CURVE('',#11570,#11578,#11580,.T.);
#11578 = VERTEX_POINT('',#11579);
#11579 = CARTESIAN_POINT('',(5.656854249492,2.5,90.656854249492));
#11580 = LINE('',#11581,#11582);
#11581 = CARTESIAN_POINT('',(5.075146273309,2.5,91.184083626902));
#11582 = VECTOR('',#11583,1.);
#11583 = DIRECTION('',(0.740951125355,0.,-0.671558954847));
#11584 = ORIENTED_EDGE('',*,*,#11585,.T.);
#11585 = EDGE_CURVE('',#11578,#11586,#11588,.T.);
#11586 = VERTEX_POINT('',#11587);
#11587 = CARTESIAN_POINT('',(6.184083626902,2.5,90.075146273309));
#11588 = LINE('',#11589,#11590);
#11589 = CARTESIAN_POINT('',(5.656854249492,2.5,90.656854249492));
#11590 = VECTOR('',#11591,1.);
#11591 = DIRECTION('',(0.671558954847,0.,-0.740951125355));
#11592 = ORIENTED_EDGE('',*,*,#11593,.T.);
#11593 = EDGE_CURVE('',#11586,#11594,#11596,.T.);
#11594 = VERTEX_POINT('',#11595);
#11595 = CARTESIAN_POINT('',(6.65175689842,2.5,89.444561864157));
#11596 = LINE('',#11597,#11598);
#11597 = CARTESIAN_POINT('',(6.184083626902,2.5,90.075146273309));
#11598 = VECTOR('',#11599,1.);
#11599 = DIRECTION('',(0.595699304492,0.,-0.803207531481));
#11600 = ORIENTED_EDGE('',*,*,#11601,.T.);
#11601 = EDGE_CURVE('',#11594,#11602,#11604,.T.);
#11602 = VERTEX_POINT('',#11603);
#11603 = CARTESIAN_POINT('',(7.055370114787,2.5,88.771173894608));
#11604 = LINE('',#11605,#11606);
#11605 = CARTESIAN_POINT('',(6.65175689842,2.5,89.444561864157));
#11606 = VECTOR('',#11607,1.);
#11607 = DIRECTION('',(0.514102744193,0.,-0.85772861));
#11608 = ORIENTED_EDGE('',*,*,#11609,.T.);
#11609 = EDGE_CURVE('',#11602,#11610,#11612,.T.);
#11610 = VERTEX_POINT('',#11611);
#11611 = CARTESIAN_POINT('',(7.39103626009,2.5,88.061467458921));
#11612 = LINE('',#11613,#11614);
#11613 = CARTESIAN_POINT('',(7.055370114787,2.5,88.771173894608));
#11614 = VECTOR('',#11615,1.);
#11615 = DIRECTION('',(0.42755509343,0.,-0.903989293123));
#11616 = ORIENTED_EDGE('',*,*,#11617,.T.);
#11617 = EDGE_CURVE('',#11610,#11618,#11620,.T.);
#11618 = VERTEX_POINT('',#11619);
#11619 = CARTESIAN_POINT('',(7.655522685858,2.5,87.322277418036));
#11620 = LINE('',#11621,#11622);
#11621 = CARTESIAN_POINT('',(7.39103626009,2.5,88.061467458921));
#11622 = VECTOR('',#11623,1.);
#11623 = DIRECTION('',(0.336889853392,0.,-0.941544065183));
#11624 = ORIENTED_EDGE('',*,*,#11625,.T.);
#11625 = EDGE_CURVE('',#11618,#11626,#11628,.T.);
#11626 = VERTEX_POINT('',#11627);
#11627 = CARTESIAN_POINT('',(7.846282243226,2.5,86.560722576129));
#11628 = LINE('',#11629,#11630);
#11629 = CARTESIAN_POINT('',(7.655522685858,2.5,87.322277418036));
#11630 = VECTOR('',#11631,1.);
#11631 = DIRECTION('',(0.242980179903,0.,-0.970031253195));
#11632 = ORIENTED_EDGE('',*,*,#11633,.T.);
#11633 = EDGE_CURVE('',#11626,#11634,#11636,.T.);
#11634 = VERTEX_POINT('',#11635);
#11635 = CARTESIAN_POINT('',(7.961477813378,2.5,85.784137122636));
#11636 = LINE('',#11637,#11638);
#11637 = CARTESIAN_POINT('',(7.846282243226,2.5,86.560722576129));
#11638 = VECTOR('',#11639,1.);
#11639 = DIRECTION('',(0.146730474455,0.,-0.989176509965));
#11640 = ORIENTED_EDGE('',*,*,#11641,.T.);
#11641 = EDGE_CURVE('',#11634,#11642,#11644,.T.);
#11642 = VERTEX_POINT('',#11643);
#11643 = CARTESIAN_POINT('',(8.,2.5,85.));
#11644 = LINE('',#11645,#11646);
#11645 = CARTESIAN_POINT('',(7.961477813378,2.5,85.784137122636));
#11646 = VECTOR('',#11647,1.);
#11647 = DIRECTION('',(4.906767432742E-02,0.,-0.998795456205));
#11648 = ORIENTED_EDGE('',*,*,#11649,.T.);
#11649 = EDGE_CURVE('',#11642,#10523,#11650,.T.);
#11650 = LINE('',#11651,#11652);
#11651 = CARTESIAN_POINT('',(8.,2.5,85.));
#11652 = VECTOR('',#11653,1.);
#11653 = DIRECTION('',(0.,0.,-1.));
#11654 = ORIENTED_EDGE('',*,*,#10546,.T.);
#11655 = ORIENTED_EDGE('',*,*,#11656,.T.);
#11656 = EDGE_CURVE('',#10539,#11657,#11659,.T.);
#11657 = VERTEX_POINT('',#11658);
#11658 = CARTESIAN_POINT('',(5.,2.5,85.));
#11659 = LINE('',#11660,#11661);
#11660 = CARTESIAN_POINT('',(5.,2.5,80.));
#11661 = VECTOR('',#11662,1.);
#11662 = DIRECTION('',(0.,0.,1.));
#11663 = ORIENTED_EDGE('',*,*,#11664,.T.);
#11664 = EDGE_CURVE('',#11657,#11665,#11667,.T.);
#11665 = VERTEX_POINT('',#11666);
#11666 = CARTESIAN_POINT('',(4.975923633361,2.5,85.490085701648));
#11667 = LINE('',#11668,#11669);
#11668 = CARTESIAN_POINT('',(5.,2.5,85.));
#11669 = VECTOR('',#11670,1.);
#11670 = DIRECTION('',(-4.906767432742E-02,0.,0.998795456205));
#11671 = ORIENTED_EDGE('',*,*,#11672,.T.);
#11672 = EDGE_CURVE('',#11665,#11673,#11675,.T.);
#11673 = VERTEX_POINT('',#11674);
#11674 = CARTESIAN_POINT('',(4.903926402016,2.5,85.975451610081));
#11675 = LINE('',#11676,#11677);
#11676 = CARTESIAN_POINT('',(4.975923633361,2.5,85.490085701648));
#11677 = VECTOR('',#11678,1.);
#11678 = DIRECTION('',(-0.146730474455,0.,0.989176509965));
#11679 = ORIENTED_EDGE('',*,*,#11680,.T.);
#11680 = EDGE_CURVE('',#11673,#11681,#11683,.T.);
#11681 = VERTEX_POINT('',#11682);
#11682 = CARTESIAN_POINT('',(4.784701678661,2.5,86.451423386272));
#11683 = LINE('',#11684,#11685);
#11684 = CARTESIAN_POINT('',(4.903926402016,2.5,85.975451610081));
#11685 = VECTOR('',#11686,1.);
#11686 = DIRECTION('',(-0.242980179903,0.,0.970031253195));
#11687 = ORIENTED_EDGE('',*,*,#11688,.T.);
#11688 = EDGE_CURVE('',#11681,#11689,#11691,.T.);
#11689 = VERTEX_POINT('',#11690);
#11690 = CARTESIAN_POINT('',(4.619397662556,2.5,86.913417161825));
#11691 = LINE('',#11692,#11693);
#11692 = CARTESIAN_POINT('',(4.784701678661,2.5,86.451423386272));
#11693 = VECTOR('',#11694,1.);
#11694 = DIRECTION('',(-0.336889853392,0.,0.941544065183));
#11695 = ORIENTED_EDGE('',*,*,#11696,.T.);
#11696 = EDGE_CURVE('',#11689,#11697,#11699,.T.);
#11697 = VERTEX_POINT('',#11698);
#11698 = CARTESIAN_POINT('',(4.409606321742,2.5,87.35698368413));
#11699 = LINE('',#11700,#11701);
#11700 = CARTESIAN_POINT('',(4.619397662556,2.5,86.913417161825));
#11701 = VECTOR('',#11702,1.);
#11702 = DIRECTION('',(-0.42755509343,0.,0.903989293123));
#11703 = ORIENTED_EDGE('',*,*,#11704,.T.);
#11704 = EDGE_CURVE('',#11697,#11705,#11707,.T.);
#11705 = VERTEX_POINT('',#11706);
#11706 = CARTESIAN_POINT('',(4.157348061513,2.5,87.777851165098));
#11707 = LINE('',#11708,#11709);
#11708 = CARTESIAN_POINT('',(4.409606321742,2.5,87.35698368413));
#11709 = VECTOR('',#11710,1.);
#11710 = DIRECTION('',(-0.514102744193,0.,0.85772861));
#11711 = ORIENTED_EDGE('',*,*,#11712,.T.);
#11712 = EDGE_CURVE('',#11705,#11713,#11715,.T.);
#11713 = VERTEX_POINT('',#11714);
#11714 = CARTESIAN_POINT('',(3.865052266814,2.5,88.171966420818));
#11715 = LINE('',#11716,#11717);
#11716 = CARTESIAN_POINT('',(4.157348061513,2.5,87.777851165098));
#11717 = VECTOR('',#11718,1.);
#11718 = DIRECTION('',(-0.595699304492,0.,0.803207531481));
#11719 = ORIENTED_EDGE('',*,*,#11720,.T.);
#11720 = EDGE_CURVE('',#11713,#11721,#11723,.T.);
#11721 = VERTEX_POINT('',#11722);
#11722 = CARTESIAN_POINT('',(3.535533905933,2.5,88.535533905933));
#11723 = LINE('',#11724,#11725);
#11724 = CARTESIAN_POINT('',(3.865052266814,2.5,88.171966420818));
#11725 = VECTOR('',#11726,1.);
#11726 = DIRECTION('',(-0.671558954847,0.,0.740951125355));
#11727 = ORIENTED_EDGE('',*,*,#11728,.T.);
#11728 = EDGE_CURVE('',#11721,#11729,#11731,.T.);
#11729 = VERTEX_POINT('',#11730);
#11730 = CARTESIAN_POINT('',(3.171966420818,2.5,88.865052266814));
#11731 = LINE('',#11732,#11733);
#11732 = CARTESIAN_POINT('',(3.535533905933,2.5,88.535533905933));
#11733 = VECTOR('',#11734,1.);
#11734 = DIRECTION('',(-0.740951125355,0.,0.671558954847));
#11735 = ORIENTED_EDGE('',*,*,#11736,.T.);
#11736 = EDGE_CURVE('',#11729,#11737,#11739,.T.);
#11737 = VERTEX_POINT('',#11738);
#11738 = CARTESIAN_POINT('',(2.777851165098,2.5,89.157348061513));
#11739 = LINE('',#11740,#11741);
#11740 = CARTESIAN_POINT('',(3.171966420818,2.5,88.865052266814));
#11741 = VECTOR('',#11742,1.);
#11742 = DIRECTION('',(-0.803207531481,0.,0.595699304492));
#11743 = ORIENTED_EDGE('',*,*,#11744,.T.);
#11744 = EDGE_CURVE('',#11737,#11745,#11747,.T.);
#11745 = VERTEX_POINT('',#11746);
#11746 = CARTESIAN_POINT('',(2.35698368413,2.5,89.409606321742));
#11747 = LINE('',#11748,#11749);
#11748 = CARTESIAN_POINT('',(2.777851165098,2.5,89.157348061513));
#11749 = VECTOR('',#11750,1.);
#11750 = DIRECTION('',(-0.85772861,0.,0.514102744193));
#11751 = ORIENTED_EDGE('',*,*,#11752,.T.);
#11752 = EDGE_CURVE('',#11745,#11753,#11755,.T.);
#11753 = VERTEX_POINT('',#11754);
#11754 = CARTESIAN_POINT('',(1.913417161825,2.5,89.619397662556));
#11755 = LINE('',#11756,#11757);
#11756 = CARTESIAN_POINT('',(2.35698368413,2.5,89.409606321742));
#11757 = VECTOR('',#11758,1.);
#11758 = DIRECTION('',(-0.903989293123,0.,0.42755509343));
#11759 = ORIENTED_EDGE('',*,*,#11760,.T.);
#11760 = EDGE_CURVE('',#11753,#11761,#11763,.T.);
#11761 = VERTEX_POINT('',#11762);
#11762 = CARTESIAN_POINT('',(1.451423386272,2.5,89.784701678661));
#11763 = LINE('',#11764,#11765);
#11764 = CARTESIAN_POINT('',(1.913417161825,2.5,89.619397662556));
#11765 = VECTOR('',#11766,1.);
#11766 = DIRECTION('',(-0.941544065183,0.,0.336889853392));
#11767 = ORIENTED_EDGE('',*,*,#11768,.T.);
#11768 = EDGE_CURVE('',#11761,#11769,#11771,.T.);
#11769 = VERTEX_POINT('',#11770);
#11770 = CARTESIAN_POINT('',(0.975451610081,2.5,89.903926402016));
#11771 = LINE('',#11772,#11773);
#11772 = CARTESIAN_POINT('',(1.451423386272,2.5,89.784701678661));
#11773 = VECTOR('',#11774,1.);
#11774 = DIRECTION('',(-0.970031253195,0.,0.242980179903));
#11775 = ORIENTED_EDGE('',*,*,#11776,.T.);
#11776 = EDGE_CURVE('',#11769,#11777,#11779,.T.);
#11777 = VERTEX_POINT('',#11778);
#11778 = CARTESIAN_POINT('',(0.490085701648,2.5,89.975923633361));
#11779 = LINE('',#11780,#11781);
#11780 = CARTESIAN_POINT('',(0.975451610081,2.5,89.903926402016));
#11781 = VECTOR('',#11782,1.);
#11782 = DIRECTION('',(-0.989176509965,0.,0.146730474455));
#11783 = ORIENTED_EDGE('',*,*,#11784,.T.);
#11784 = EDGE_CURVE('',#11777,#11785,#11787,.T.);
#11785 = VERTEX_POINT('',#11786);
#11786 = CARTESIAN_POINT('',(3.061616997868E-16,2.5,90.));
#11787 = LINE('',#11788,#11789);
#11788 = CARTESIAN_POINT('',(0.490085701648,2.5,89.975923633361));
#11789 = VECTOR('',#11790,1.);
#11790 = DIRECTION('',(-0.998795456205,0.,4.906767432743E-02));
#11791 = ORIENTED_EDGE('',*,*,#11792,.T.);
#11792 = EDGE_CURVE('',#11785,#11793,#11795,.T.);
#11793 = VERTEX_POINT('',#11794);
#11794 = CARTESIAN_POINT('',(-0.490085701648,2.5,89.975923633361));
#11795 = LINE('',#11796,#11797);
#11796 = CARTESIAN_POINT('',(3.061616997868E-16,2.5,90.));
#11797 = VECTOR('',#11798,1.);
#11798 = DIRECTION('',(-0.998795456205,0.,-4.90676743274E-02));
#11799 = ORIENTED_EDGE('',*,*,#11800,.T.);
#11800 = EDGE_CURVE('',#11793,#11801,#11803,.T.);
#11801 = VERTEX_POINT('',#11802);
#11802 = CARTESIAN_POINT('',(-0.975451610081,2.5,89.903926402016));
#11803 = LINE('',#11804,#11805);
#11804 = CARTESIAN_POINT('',(-0.490085701648,2.5,89.975923633361));
#11805 = VECTOR('',#11806,1.);
#11806 = DIRECTION('',(-0.989176509965,0.,-0.146730474455));
#11807 = ORIENTED_EDGE('',*,*,#11808,.T.);
#11808 = EDGE_CURVE('',#11801,#11809,#11811,.T.);
#11809 = VERTEX_POINT('',#11810);
#11810 = CARTESIAN_POINT('',(-1.451423386272,2.5,89.784701678661));
#11811 = LINE('',#11812,#11813);
#11812 = CARTESIAN_POINT('',(-0.975451610081,2.5,89.903926402016));
#11813 = VECTOR('',#11814,1.);
#11814 = DIRECTION('',(-0.970031253195,0.,-0.242980179903));
#11815 = ORIENTED_EDGE('',*,*,#11816,.T.);
#11816 = EDGE_CURVE('',#11809,#11817,#11819,.T.);
#11817 = VERTEX_POINT('',#11818);
#11818 = CARTESIAN_POINT('',(-1.913417161825,2.5,89.619397662556));
#11819 = LINE('',#11820,#11821);
#11820 = CARTESIAN_POINT('',(-1.451423386272,2.5,89.784701678661));
#11821 = VECTOR('',#11822,1.);
#11822 = DIRECTION('',(-0.941544065183,0.,-0.336889853392));
#11823 = ORIENTED_EDGE('',*,*,#11824,.T.);
#11824 = EDGE_CURVE('',#11817,#11825,#11827,.T.);
#11825 = VERTEX_POINT('',#11826);
#11826 = CARTESIAN_POINT('',(-2.35698368413,2.5,89.409606321742));
#11827 = LINE('',#11828,#11829);
#11828 = CARTESIAN_POINT('',(-1.913417161825,2.5,89.619397662556));
#11829 = VECTOR('',#11830,1.);
#11830 = DIRECTION('',(-0.903989293123,0.,-0.42755509343));
#11831 = ORIENTED_EDGE('',*,*,#11832,.T.);
#11832 = EDGE_CURVE('',#11825,#11833,#11835,.T.);
#11833 = VERTEX_POINT('',#11834);
#11834 = CARTESIAN_POINT('',(-2.777851165098,2.5,89.157348061513));
#11835 = LINE('',#11836,#11837);
#11836 = CARTESIAN_POINT('',(-2.35698368413,2.5,89.409606321742));
#11837 = VECTOR('',#11838,1.);
#11838 = DIRECTION('',(-0.85772861,0.,-0.514102744193));
#11839 = ORIENTED_EDGE('',*,*,#11840,.T.);
#11840 = EDGE_CURVE('',#11833,#11841,#11843,.T.);
#11841 = VERTEX_POINT('',#11842);
#11842 = CARTESIAN_POINT('',(-3.171966420818,2.5,88.865052266814));
#11843 = LINE('',#11844,#11845);
#11844 = CARTESIAN_POINT('',(-2.777851165098,2.5,89.157348061513));
#11845 = VECTOR('',#11846,1.);
#11846 = DIRECTION('',(-0.803207531481,0.,-0.595699304492));
#11847 = ORIENTED_EDGE('',*,*,#11848,.T.);
#11848 = EDGE_CURVE('',#11841,#11849,#11851,.T.);
#11849 = VERTEX_POINT('',#11850);
#11850 = CARTESIAN_POINT('',(-3.535533905933,2.5,88.535533905933));
#11851 = LINE('',#11852,#11853);
#11852 = CARTESIAN_POINT('',(-3.171966420818,2.5,88.865052266814));
#11853 = VECTOR('',#11854,1.);
#11854 = DIRECTION('',(-0.740951125355,0.,-0.671558954847));
#11855 = ORIENTED_EDGE('',*,*,#11856,.T.);
#11856 = EDGE_CURVE('',#11849,#11857,#11859,.T.);
#11857 = VERTEX_POINT('',#11858);
#11858 = CARTESIAN_POINT('',(-3.865052266814,2.5,88.171966420818));
#11859 = LINE('',#11860,#11861);
#11860 = CARTESIAN_POINT('',(-3.535533905933,2.5,88.535533905933));
#11861 = VECTOR('',#11862,1.);
#11862 = DIRECTION('',(-0.671558954847,0.,-0.740951125355));
#11863 = ORIENTED_EDGE('',*,*,#11864,.T.);
#11864 = EDGE_CURVE('',#11857,#11865,#11867,.T.);
#11865 = VERTEX_POINT('',#11866);
#11866 = CARTESIAN_POINT('',(-4.157348061513,2.5,87.777851165098));
#11867 = LINE('',#11868,#11869);
#11868 = CARTESIAN_POINT('',(-3.865052266814,2.5,88.171966420818));
#11869 = VECTOR('',#11870,1.);
#11870 = DIRECTION('',(-0.595699304492,0.,-0.803207531481));
#11871 = ORIENTED_EDGE('',*,*,#11872,.T.);
#11872 = EDGE_CURVE('',#11865,#11873,#11875,.T.);
#11873 = VERTEX_POINT('',#11874);
#11874 = CARTESIAN_POINT('',(-4.409606321742,2.5,87.35698368413));
#11875 = LINE('',#11876,#11877);
#11876 = CARTESIAN_POINT('',(-4.157348061513,2.5,87.777851165098));
#11877 = VECTOR('',#11878,1.);
#11878 = DIRECTION('',(-0.514102744193,0.,-0.85772861));
#11879 = ORIENTED_EDGE('',*,*,#11880,.T.);
#11880 = EDGE_CURVE('',#11873,#11881,#11883,.T.);
#11881 = VERTEX_POINT('',#11882);
#11882 = CARTESIAN_POINT('',(-4.619397662556,2.5,86.913417161825));
#11883 = LINE('',#11884,#11885);
#11884 = CARTESIAN_POINT('',(-4.409606321742,2.5,87.35698368413));
#11885 = VECTOR('',#11886,1.);
#11886 = DIRECTION('',(-0.42755509343,0.,-0.903989293123));
#11887 = ORIENTED_EDGE('',*,*,#11888,.T.);
#11888 = EDGE_CURVE('',#11881,#11889,#11891,.T.);
#11889 = VERTEX_POINT('',#11890);
#11890 = CARTESIAN_POINT('',(-4.784701678661,2.5,86.451423386272));
#11891 = LINE('',#11892,#11893);
#11892 = CARTESIAN_POINT('',(-4.619397662556,2.5,86.913417161825));
#11893 = VECTOR('',#11894,1.);
#11894 = DIRECTION('',(-0.336889853392,0.,-0.941544065183));
#11895 = ORIENTED_EDGE('',*,*,#11896,.T.);
#11896 = EDGE_CURVE('',#11889,#11897,#11899,.T.);
#11897 = VERTEX_POINT('',#11898);
#11898 = CARTESIAN_POINT('',(-4.903926402016,2.5,85.975451610081));
#11899 = LINE('',#11900,#11901);
#11900 = CARTESIAN_POINT('',(-4.784701678661,2.5,86.451423386272));
#11901 = VECTOR('',#11902,1.);
#11902 = DIRECTION('',(-0.242980179903,0.,-0.970031253195));
#11903 = ORIENTED_EDGE('',*,*,#11904,.T.);
#11904 = EDGE_CURVE('',#11897,#11905,#11907,.T.);
#11905 = VERTEX_POINT('',#11906);
#11906 = CARTESIAN_POINT('',(-4.975923633361,2.5,85.490085701648));
#11907 = LINE('',#11908,#11909);
#11908 = CARTESIAN_POINT('',(-4.903926402016,2.5,85.975451610081));
#11909 = VECTOR('',#11910,1.);
#11910 = DIRECTION('',(-0.146730474455,0.,-0.989176509965));
#11911 = ORIENTED_EDGE('',*,*,#11912,.T.);
#11912 = EDGE_CURVE('',#11905,#11362,#11913,.T.);
#11913 = LINE('',#11914,#11915);
#11914 = CARTESIAN_POINT('',(-4.975923633361,2.5,85.490085701648));
#11915 = VECTOR('',#11916,1.);
#11916 = DIRECTION('',(-4.906767432742E-02,0.,-0.998795456205));
#11917 = ORIENTED_EDGE('',*,*,#11369,.T.);
#11918 = ORIENTED_EDGE('',*,*,#10504,.T.);
#11919 = PLANE('',#11920);
#11920 = AXIS2_PLACEMENT_3D('',#11921,#11922,#11923);
#11921 = CARTESIAN_POINT('',(-2.126599701502E-16,2.5,86.463323728476));
#11922 = DIRECTION('',(0.,1.,0.));
#11923 = DIRECTION('',(0.,-0.,1.));
#11924 = ADVANCED_FACE('',(#11925),#11936,.F.);
#11925 = FACE_BOUND('',#11926,.F.);
#11926 = EDGE_LOOP('',(#11927,#11928,#11929,#11935));
#11927 = ORIENTED_EDGE('',*,*,#10496,.T.);
#11928 = ORIENTED_EDGE('',*,*,#11385,.T.);
#11929 = ORIENTED_EDGE('',*,*,#11930,.F.);
#11930 = EDGE_CURVE('',#10812,#11386,#11931,.T.);
#11931 = LINE('',#11932,#11933);
#11932 = CARTESIAN_POINT('',(-8.,-2.5,85.));
#11933 = VECTOR('',#11934,1.);
#11934 = DIRECTION('',(0.,1.,0.));
#11935 = ORIENTED_EDGE('',*,*,#10811,.F.);
#11936 = PLANE('',#11937);
#11937 = AXIS2_PLACEMENT_3D('',#11938,#11939,#11940);
#11938 = CARTESIAN_POINT('',(-8.,-2.5,80.));
#11939 = DIRECTION('',(1.,0.,0.));
#11940 = DIRECTION('',(0.,0.,1.));
#11941 = ADVANCED_FACE('',(#11942),#11953,.F.);
#11942 = FACE_BOUND('',#11943,.F.);
#11943 = EDGE_LOOP('',(#11944,#11950,#11951,#11952));
#11944 = ORIENTED_EDGE('',*,*,#11945,.T.);
#11945 = EDGE_CURVE('',#11068,#11642,#11946,.T.);
#11946 = LINE('',#11947,#11948);
#11947 = CARTESIAN_POINT('',(8.,-2.5,85.));
#11948 = VECTOR('',#11949,1.);
#11949 = DIRECTION('',(0.,1.,0.));
#11950 = ORIENTED_EDGE('',*,*,#11649,.T.);
#11951 = ORIENTED_EDGE('',*,*,#10520,.F.);
#11952 = ORIENTED_EDGE('',*,*,#11075,.F.);
#11953 = PLANE('',#11954);
#11954 = AXIS2_PLACEMENT_3D('',#11955,#11956,#11957);
#11955 = CARTESIAN_POINT('',(8.,-2.5,85.));
#11956 = DIRECTION('',(-1.,0.,0.));
#11957 = DIRECTION('',(0.,0.,-1.));
#11958 = ADVANCED_FACE('',(#11959),#11970,.F.);
#11959 = FACE_BOUND('',#11960,.F.);
#11960 = EDGE_LOOP('',(#11961,#11962,#11963,#11969));
#11961 = ORIENTED_EDGE('',*,*,#10538,.T.);
#11962 = ORIENTED_EDGE('',*,*,#11656,.T.);
#11963 = ORIENTED_EDGE('',*,*,#11964,.F.);
#11964 = EDGE_CURVE('',#11083,#11657,#11965,.T.);
#11965 = LINE('',#11966,#11967);
#11966 = CARTESIAN_POINT('',(5.,-2.5,85.));
#11967 = VECTOR('',#11968,1.);
#11968 = DIRECTION('',(0.,1.,0.));
#11969 = ORIENTED_EDGE('',*,*,#11082,.F.);
#11970 = PLANE('',#11971);
#11971 = AXIS2_PLACEMENT_3D('',#11972,#11973,#11974);
#11972 = CARTESIAN_POINT('',(5.,-2.5,80.));
#11973 = DIRECTION('',(1.,0.,0.));
#11974 = DIRECTION('',(0.,0.,1.));
#11975 = ADVANCED_FACE('',(#11976),#12002,.F.);
#11976 = FACE_BOUND('',#11977,.F.);
#11977 = EDGE_LOOP('',(#11978,#11986,#11987,#11995));
#11978 = ORIENTED_EDGE('',*,*,#11979,.F.);
#11979 = EDGE_CURVE('',#10656,#11980,#11982,.T.);
#11980 = VERTEX_POINT('',#11981);
#11981 = CARTESIAN_POINT('',(-43.1,-29.1,78.4));
#11982 = LINE('',#11983,#11984);
#11983 = CARTESIAN_POINT('',(-43.1,-29.1,62.9));
#11984 = VECTOR('',#11985,1.);
#11985 = DIRECTION('',(0.,0.,1.));
#11986 = ORIENTED_EDGE('',*,*,#10655,.T.);
#11987 = ORIENTED_EDGE('',*,*,#11988,.T.);
#11988 = EDGE_CURVE('',#10658,#11989,#11991,.T.);
#11989 = VERTEX_POINT('',#11990);
#11990 = CARTESIAN_POINT('',(-37.1,-35.1,78.4));
#11991 = LINE('',#11992,#11993);
#11992 = CARTESIAN_POINT('',(-37.1,-35.1,62.9));
#11993 = VECTOR('',#11994,1.);
#11994 = DIRECTION('',(0.,0.,1.));
#11995 = ORIENTED_EDGE('',*,*,#11996,.F.);
#11996 = EDGE_CURVE('',#11980,#11989,#11997,.T.);
#11997 = CIRCLE('',#11998,6.);
#11998 = AXIS2_PLACEMENT_3D('',#11999,#12000,#12001);
#11999 = CARTESIAN_POINT('',(-37.1,-29.1,78.4));
#12000 = DIRECTION('',(0.,0.,1.));
#12001 = DIRECTION('',(0.,-1.,0.));
#12002 = CYLINDRICAL_SURFACE('',#12003,6.);
#12003 = AXIS2_PLACEMENT_3D('',#12004,#12005,#12006);
#12004 = CARTESIAN_POINT('',(-37.1,-29.1,62.9));
#12005 = DIRECTION('',(0.,0.,1.));
#12006 = DIRECTION('',(-1.,-0.,0.));
#12007 = ADVANCED_FACE('',(#12008),#12026,.T.);
#12008 = FACE_BOUND('',#12009,.T.);
#12009 = EDGE_LOOP('',(#12010,#12011,#12012,#12020));
#12010 = ORIENTED_EDGE('',*,*,#10717,.T.);
#12011 = ORIENTED_EDGE('',*,*,#11988,.T.);
#12012 = ORIENTED_EDGE('',*,*,#12013,.T.);
#12013 = EDGE_CURVE('',#11989,#12014,#12016,.T.);
#12014 = VERTEX_POINT('',#12015);
#12015 = CARTESIAN_POINT('',(37.1,-35.1,78.4));
#12016 = LINE('',#12017,#12018);
#12017 = CARTESIAN_POINT('',(-43.1,-35.1,78.4));
#12018 = VECTOR('',#12019,1.);
#12019 = DIRECTION('',(1.,0.,-0.));
#12020 = ORIENTED_EDGE('',*,*,#12021,.F.);
#12021 = EDGE_CURVE('',#10709,#12014,#12022,.T.);
#12022 = LINE('',#12023,#12024);
#12023 = CARTESIAN_POINT('',(37.1,-35.1,62.9));
#12024 = VECTOR('',#12025,1.);
#12025 = DIRECTION('',(0.,0.,1.));
#12026 = PLANE('',#12027);
#12027 = AXIS2_PLACEMENT_3D('',#12028,#12029,#12030);
#12028 = CARTESIAN_POINT('',(-43.1,-35.1,62.9));
#12029 = DIRECTION('',(-0.,1.,0.));
#12030 = DIRECTION('',(0.,0.,1.));
#12031 = ADVANCED_FACE('',(#12032),#12051,.F.);
#12032 = FACE_BOUND('',#12033,.T.);
#12033 = EDGE_LOOP('',(#12034,#12042,#12043,#12044));
#12034 = ORIENTED_EDGE('',*,*,#12035,.F.);
#12035 = EDGE_CURVE('',#10701,#12036,#12038,.T.);
#12036 = VERTEX_POINT('',#12037);
#12037 = CARTESIAN_POINT('',(43.1,-29.1,78.4));
#12038 = LINE('',#12039,#12040);
#12039 = CARTESIAN_POINT('',(43.1,-29.1,62.9));
#12040 = VECTOR('',#12041,1.);
#12041 = DIRECTION('',(0.,0.,1.));
#12042 = ORIENTED_EDGE('',*,*,#10708,.F.);
#12043 = ORIENTED_EDGE('',*,*,#12021,.T.);
#12044 = ORIENTED_EDGE('',*,*,#12045,.F.);
#12045 = EDGE_CURVE('',#12036,#12014,#12046,.T.);
#12046 = CIRCLE('',#12047,6.);
#12047 = AXIS2_PLACEMENT_3D('',#12048,#12049,#12050);
#12048 = CARTESIAN_POINT('',(37.1,-29.1,78.4));
#12049 = DIRECTION('',(-0.,-0.,-1.));
#12050 = DIRECTION('',(0.,-1.,0.));
#12051 = CYLINDRICAL_SURFACE('',#12052,6.);
#12052 = AXIS2_PLACEMENT_3D('',#12053,#12054,#12055);
#12053 = CARTESIAN_POINT('',(37.1,-29.1,62.9));
#12054 = DIRECTION('',(0.,0.,1.));
#12055 = DIRECTION('',(1.,0.,-0.));
#12056 = ADVANCED_FACE('',(#12057),#12075,.F.);
#12057 = FACE_BOUND('',#12058,.F.);
#12058 = EDGE_LOOP('',(#12059,#12067,#12068,#12069));
#12059 = ORIENTED_EDGE('',*,*,#12060,.F.);
#12060 = EDGE_CURVE('',#12036,#12061,#12063,.T.);
#12061 = VERTEX_POINT('',#12062);
#12062 = CARTESIAN_POINT('',(43.1,29.1,78.4));
#12063 = LINE('',#12064,#12065);
#12064 = CARTESIAN_POINT('',(43.1,-35.1,78.4));
#12065 = VECTOR('',#12066,1.);
#12066 = DIRECTION('',(-0.,1.,0.));
#12067 = ORIENTED_EDGE('',*,*,#12035,.F.);
#12068 = ORIENTED_EDGE('',*,*,#10700,.T.);
#12069 = ORIENTED_EDGE('',*,*,#12070,.T.);
#12070 = EDGE_CURVE('',#10692,#12061,#12071,.T.);
#12071 = LINE('',#12072,#12073);
#12072 = CARTESIAN_POINT('',(43.1,29.1,62.9));
#12073 = VECTOR('',#12074,1.);
#12074 = DIRECTION('',(0.,0.,1.));
#12075 = PLANE('',#12076);
#12076 = AXIS2_PLACEMENT_3D('',#12077,#12078,#12079);
#12077 = CARTESIAN_POINT('',(43.1,-35.1,62.9));
#12078 = DIRECTION('',(1.,0.,-0.));
#12079 = DIRECTION('',(0.,0.,1.));
#12080 = ADVANCED_FACE('',(#12081),#12100,.F.);
#12081 = FACE_BOUND('',#12082,.F.);
#12082 = EDGE_LOOP('',(#12083,#12084,#12085,#12093));
#12083 = ORIENTED_EDGE('',*,*,#12070,.F.);
#12084 = ORIENTED_EDGE('',*,*,#10691,.T.);
#12085 = ORIENTED_EDGE('',*,*,#12086,.T.);
#12086 = EDGE_CURVE('',#10684,#12087,#12089,.T.);
#12087 = VERTEX_POINT('',#12088);
#12088 = CARTESIAN_POINT('',(37.1,35.1,78.4));
#12089 = LINE('',#12090,#12091);
#12090 = CARTESIAN_POINT('',(37.1,35.1,62.9));
#12091 = VECTOR('',#12092,1.);
#12092 = DIRECTION('',(0.,0.,1.));
#12093 = ORIENTED_EDGE('',*,*,#12094,.F.);
#12094 = EDGE_CURVE('',#12061,#12087,#12095,.T.);
#12095 = CIRCLE('',#12096,6.);
#12096 = AXIS2_PLACEMENT_3D('',#12097,#12098,#12099);
#12097 = CARTESIAN_POINT('',(37.1,29.1,78.4));
#12098 = DIRECTION('',(0.,0.,1.));
#12099 = DIRECTION('',(0.,-1.,0.));
#12100 = CYLINDRICAL_SURFACE('',#12101,6.);
#12101 = AXIS2_PLACEMENT_3D('',#12102,#12103,#12104);
#12102 = CARTESIAN_POINT('',(37.1,29.1,62.9));
#12103 = DIRECTION('',(0.,0.,1.));
#12104 = DIRECTION('',(1.,0.,-0.));
#12105 = ADVANCED_FACE('',(#12106),#12124,.F.);
#12106 = FACE_BOUND('',#12107,.F.);
#12107 = EDGE_LOOP('',(#12108,#12109,#12117,#12123));
#12108 = ORIENTED_EDGE('',*,*,#10683,.T.);
#12109 = ORIENTED_EDGE('',*,*,#12110,.T.);
#12110 = EDGE_CURVE('',#10675,#12111,#12113,.T.);
#12111 = VERTEX_POINT('',#12112);
#12112 = CARTESIAN_POINT('',(-37.1,35.1,78.4));
#12113 = LINE('',#12114,#12115);
#12114 = CARTESIAN_POINT('',(-37.1,35.1,62.9));
#12115 = VECTOR('',#12116,1.);
#12116 = DIRECTION('',(0.,0.,1.));
#12117 = ORIENTED_EDGE('',*,*,#12118,.T.);
#12118 = EDGE_CURVE('',#12111,#12087,#12119,.T.);
#12119 = LINE('',#12120,#12121);
#12120 = CARTESIAN_POINT('',(-43.1,35.1,78.4));
#12121 = VECTOR('',#12122,1.);
#12122 = DIRECTION('',(1.,0.,-0.));
#12123 = ORIENTED_EDGE('',*,*,#12086,.F.);
#12124 = PLANE('',#12125);
#12125 = AXIS2_PLACEMENT_3D('',#12126,#12127,#12128);
#12126 = CARTESIAN_POINT('',(-43.1,35.1,62.9));
#12127 = DIRECTION('',(-0.,1.,0.));
#12128 = DIRECTION('',(0.,0.,1.));
#12129 = ADVANCED_FACE('',(#12130),#12149,.F.);
#12130 = FACE_BOUND('',#12131,.T.);
#12131 = EDGE_LOOP('',(#12132,#12140,#12141,#12142));
#12132 = ORIENTED_EDGE('',*,*,#12133,.F.);
#12133 = EDGE_CURVE('',#10667,#12134,#12136,.T.);
#12134 = VERTEX_POINT('',#12135);
#12135 = CARTESIAN_POINT('',(-43.1,29.1,78.4));
#12136 = LINE('',#12137,#12138);
#12137 = CARTESIAN_POINT('',(-43.1,29.1,62.9));
#12138 = VECTOR('',#12139,1.);
#12139 = DIRECTION('',(0.,0.,1.));
#12140 = ORIENTED_EDGE('',*,*,#10674,.F.);
#12141 = ORIENTED_EDGE('',*,*,#12110,.T.);
#12142 = ORIENTED_EDGE('',*,*,#12143,.F.);
#12143 = EDGE_CURVE('',#12134,#12111,#12144,.T.);
#12144 = CIRCLE('',#12145,6.);
#12145 = AXIS2_PLACEMENT_3D('',#12146,#12147,#12148);
#12146 = CARTESIAN_POINT('',(-37.1,29.1,78.4));
#12147 = DIRECTION('',(-0.,-0.,-1.));
#12148 = DIRECTION('',(0.,-1.,0.));
#12149 = CYLINDRICAL_SURFACE('',#12150,6.);
#12150 = AXIS2_PLACEMENT_3D('',#12151,#12152,#12153);
#12151 = CARTESIAN_POINT('',(-37.1,29.1,62.9));
#12152 = DIRECTION('',(0.,0.,1.));
#12153 = DIRECTION('',(-1.,-0.,0.));
#12154 = ADVANCED_FACE('',(#12155),#12166,.T.);
#12155 = FACE_BOUND('',#12156,.T.);
#12156 = EDGE_LOOP('',(#12157,#12163,#12164,#12165));
#12157 = ORIENTED_EDGE('',*,*,#12158,.F.);
#12158 = EDGE_CURVE('',#11980,#12134,#12159,.T.);
#12159 = LINE('',#12160,#12161);
#12160 = CARTESIAN_POINT('',(-43.1,-35.1,78.4));
#12161 = VECTOR('',#12162,1.);
#12162 = DIRECTION('',(-0.,1.,0.));
#12163 = ORIENTED_EDGE('',*,*,#11979,.F.);
#12164 = ORIENTED_EDGE('',*,*,#10666,.T.);
#12165 = ORIENTED_EDGE('',*,*,#12133,.T.);
#12166 = PLANE('',#12167);
#12167 = AXIS2_PLACEMENT_3D('',#12168,#12169,#12170);
#12168 = CARTESIAN_POINT('',(-43.1,-35.1,62.9));
#12169 = DIRECTION('',(1.,0.,-0.));
#12170 = DIRECTION('',(0.,0.,1.));
#12171 = ADVANCED_FACE('',(#12172),#12183,.F.);
#12172 = FACE_BOUND('',#12173,.F.);
#12173 = EDGE_LOOP('',(#12174,#12175,#12176,#12182));
#12174 = ORIENTED_EDGE('',*,*,#11930,.T.);
#12175 = ORIENTED_EDGE('',*,*,#11393,.T.);
#12176 = ORIENTED_EDGE('',*,*,#12177,.F.);
#12177 = EDGE_CURVE('',#10820,#11394,#12178,.T.);
#12178 = LINE('',#12179,#12180);
#12179 = CARTESIAN_POINT('',(-7.961477813378,-2.5,85.784137122636));
#12180 = VECTOR('',#12181,1.);
#12181 = DIRECTION('',(0.,1.,0.));
#12182 = ORIENTED_EDGE('',*,*,#10819,.F.);
#12183 = PLANE('',#12184);
#12184 = AXIS2_PLACEMENT_3D('',#12185,#12186,#12187);
#12185 = CARTESIAN_POINT('',(-8.,-2.5,85.));
#12186 = DIRECTION('',(0.998795456205,0.,-4.906767432742E-02));
#12187 = DIRECTION('',(4.906767432742E-02,0.,0.998795456205));
#12188 = ADVANCED_FACE('',(#12189),#12200,.F.);
#12189 = FACE_BOUND('',#12190,.F.);
#12190 = EDGE_LOOP('',(#12191,#12192,#12193,#12199));
#12191 = ORIENTED_EDGE('',*,*,#12177,.T.);
#12192 = ORIENTED_EDGE('',*,*,#11401,.T.);
#12193 = ORIENTED_EDGE('',*,*,#12194,.F.);
#12194 = EDGE_CURVE('',#10828,#11402,#12195,.T.);
#12195 = LINE('',#12196,#12197);
#12196 = CARTESIAN_POINT('',(-7.846282243226,-2.5,86.560722576129));
#12197 = VECTOR('',#12198,1.);
#12198 = DIRECTION('',(0.,1.,0.));
#12199 = ORIENTED_EDGE('',*,*,#10827,.F.);
#12200 = PLANE('',#12201);
#12201 = AXIS2_PLACEMENT_3D('',#12202,#12203,#12204);
#12202 = CARTESIAN_POINT('',(-7.961477813378,-2.5,85.784137122636));
#12203 = DIRECTION('',(0.989176509965,0.,-0.146730474455));
#12204 = DIRECTION('',(0.146730474455,0.,0.989176509965));
#12205 = ADVANCED_FACE('',(#12206),#12217,.F.);
#12206 = FACE_BOUND('',#12207,.F.);
#12207 = EDGE_LOOP('',(#12208,#12209,#12210,#12216));
#12208 = ORIENTED_EDGE('',*,*,#12194,.T.);
#12209 = ORIENTED_EDGE('',*,*,#11409,.T.);
#12210 = ORIENTED_EDGE('',*,*,#12211,.F.);
#12211 = EDGE_CURVE('',#10836,#11410,#12212,.T.);
#12212 = LINE('',#12213,#12214);
#12213 = CARTESIAN_POINT('',(-7.655522685858,-2.5,87.322277418036));
#12214 = VECTOR('',#12215,1.);
#12215 = DIRECTION('',(0.,1.,0.));
#12216 = ORIENTED_EDGE('',*,*,#10835,.F.);
#12217 = PLANE('',#12218);
#12218 = AXIS2_PLACEMENT_3D('',#12219,#12220,#12221);
#12219 = CARTESIAN_POINT('',(-7.846282243226,-2.5,86.560722576129));
#12220 = DIRECTION('',(0.970031253195,0.,-0.242980179903));
#12221 = DIRECTION('',(0.242980179903,0.,0.970031253195));
#12222 = ADVANCED_FACE('',(#12223),#12234,.F.);
#12223 = FACE_BOUND('',#12224,.F.);
#12224 = EDGE_LOOP('',(#12225,#12226,#12227,#12233));
#12225 = ORIENTED_EDGE('',*,*,#12211,.T.);
#12226 = ORIENTED_EDGE('',*,*,#11417,.T.);
#12227 = ORIENTED_EDGE('',*,*,#12228,.F.);
#12228 = EDGE_CURVE('',#10844,#11418,#12229,.T.);
#12229 = LINE('',#12230,#12231);
#12230 = CARTESIAN_POINT('',(-7.39103626009,-2.5,88.061467458921));
#12231 = VECTOR('',#12232,1.);
#12232 = DIRECTION('',(0.,1.,0.));
#12233 = ORIENTED_EDGE('',*,*,#10843,.F.);
#12234 = PLANE('',#12235);
#12235 = AXIS2_PLACEMENT_3D('',#12236,#12237,#12238);
#12236 = CARTESIAN_POINT('',(-7.655522685858,-2.5,87.322277418036));
#12237 = DIRECTION('',(0.941544065183,0.,-0.336889853392));
#12238 = DIRECTION('',(0.336889853392,0.,0.941544065183));
#12239 = ADVANCED_FACE('',(#12240),#12251,.F.);
#12240 = FACE_BOUND('',#12241,.F.);
#12241 = EDGE_LOOP('',(#12242,#12243,#12244,#12250));
#12242 = ORIENTED_EDGE('',*,*,#12228,.T.);
#12243 = ORIENTED_EDGE('',*,*,#11425,.T.);
#12244 = ORIENTED_EDGE('',*,*,#12245,.F.);
#12245 = EDGE_CURVE('',#10852,#11426,#12246,.T.);
#12246 = LINE('',#12247,#12248);
#12247 = CARTESIAN_POINT('',(-7.055370114787,-2.5,88.771173894608));
#12248 = VECTOR('',#12249,1.);
#12249 = DIRECTION('',(0.,1.,0.));
#12250 = ORIENTED_EDGE('',*,*,#10851,.F.);
#12251 = PLANE('',#12252);
#12252 = AXIS2_PLACEMENT_3D('',#12253,#12254,#12255);
#12253 = CARTESIAN_POINT('',(-7.39103626009,-2.5,88.061467458921));
#12254 = DIRECTION('',(0.903989293123,0.,-0.42755509343));
#12255 = DIRECTION('',(0.42755509343,0.,0.903989293123));
#12256 = ADVANCED_FACE('',(#12257),#12268,.F.);
#12257 = FACE_BOUND('',#12258,.F.);
#12258 = EDGE_LOOP('',(#12259,#12260,#12261,#12267));
#12259 = ORIENTED_EDGE('',*,*,#12245,.T.);
#12260 = ORIENTED_EDGE('',*,*,#11433,.T.);
#12261 = ORIENTED_EDGE('',*,*,#12262,.F.);
#12262 = EDGE_CURVE('',#10860,#11434,#12263,.T.);
#12263 = LINE('',#12264,#12265);
#12264 = CARTESIAN_POINT('',(-6.65175689842,-2.5,89.444561864157));
#12265 = VECTOR('',#12266,1.);
#12266 = DIRECTION('',(0.,1.,0.));
#12267 = ORIENTED_EDGE('',*,*,#10859,.F.);
#12268 = PLANE('',#12269);
#12269 = AXIS2_PLACEMENT_3D('',#12270,#12271,#12272);
#12270 = CARTESIAN_POINT('',(-7.055370114787,-2.5,88.771173894608));
#12271 = DIRECTION('',(0.85772861,0.,-0.514102744193));
#12272 = DIRECTION('',(0.514102744193,0.,0.85772861));
#12273 = ADVANCED_FACE('',(#12274),#12285,.F.);
#12274 = FACE_BOUND('',#12275,.F.);
#12275 = EDGE_LOOP('',(#12276,#12277,#12278,#12284));
#12276 = ORIENTED_EDGE('',*,*,#12262,.T.);
#12277 = ORIENTED_EDGE('',*,*,#11441,.T.);
#12278 = ORIENTED_EDGE('',*,*,#12279,.F.);
#12279 = EDGE_CURVE('',#10868,#11442,#12280,.T.);
#12280 = LINE('',#12281,#12282);
#12281 = CARTESIAN_POINT('',(-6.184083626902,-2.5,90.075146273309));
#12282 = VECTOR('',#12283,1.);
#12283 = DIRECTION('',(0.,1.,0.));
#12284 = ORIENTED_EDGE('',*,*,#10867,.F.);
#12285 = PLANE('',#12286);
#12286 = AXIS2_PLACEMENT_3D('',#12287,#12288,#12289);
#12287 = CARTESIAN_POINT('',(-6.65175689842,-2.5,89.444561864157));
#12288 = DIRECTION('',(0.803207531481,0.,-0.595699304492));
#12289 = DIRECTION('',(0.595699304492,0.,0.803207531481));
#12290 = ADVANCED_FACE('',(#12291),#12302,.F.);
#12291 = FACE_BOUND('',#12292,.F.);
#12292 = EDGE_LOOP('',(#12293,#12294,#12295,#12301));
#12293 = ORIENTED_EDGE('',*,*,#12279,.T.);
#12294 = ORIENTED_EDGE('',*,*,#11449,.T.);
#12295 = ORIENTED_EDGE('',*,*,#12296,.F.);
#12296 = EDGE_CURVE('',#10876,#11450,#12297,.T.);
#12297 = LINE('',#12298,#12299);
#12298 = CARTESIAN_POINT('',(-5.656854249492,-2.5,90.656854249492));
#12299 = VECTOR('',#12300,1.);
#12300 = DIRECTION('',(0.,1.,0.));
#12301 = ORIENTED_EDGE('',*,*,#10875,.F.);
#12302 = PLANE('',#12303);
#12303 = AXIS2_PLACEMENT_3D('',#12304,#12305,#12306);
#12304 = CARTESIAN_POINT('',(-6.184083626902,-2.5,90.075146273309));
#12305 = DIRECTION('',(0.740951125355,0.,-0.671558954847));
#12306 = DIRECTION('',(0.671558954847,0.,0.740951125355));
#12307 = ADVANCED_FACE('',(#12308),#12319,.F.);
#12308 = FACE_BOUND('',#12309,.F.);
#12309 = EDGE_LOOP('',(#12310,#12311,#12312,#12318));
#12310 = ORIENTED_EDGE('',*,*,#12296,.T.);
#12311 = ORIENTED_EDGE('',*,*,#11457,.T.);
#12312 = ORIENTED_EDGE('',*,*,#12313,.F.);
#12313 = EDGE_CURVE('',#10884,#11458,#12314,.T.);
#12314 = LINE('',#12315,#12316);
#12315 = CARTESIAN_POINT('',(-5.075146273309,-2.5,91.184083626902));
#12316 = VECTOR('',#12317,1.);
#12317 = DIRECTION('',(0.,1.,0.));
#12318 = ORIENTED_EDGE('',*,*,#10883,.F.);
#12319 = PLANE('',#12320);
#12320 = AXIS2_PLACEMENT_3D('',#12321,#12322,#12323);
#12321 = CARTESIAN_POINT('',(-5.656854249492,-2.5,90.656854249492));
#12322 = DIRECTION('',(0.671558954847,0.,-0.740951125355));
#12323 = DIRECTION('',(0.740951125355,0.,0.671558954847));
#12324 = ADVANCED_FACE('',(#12325),#12336,.F.);
#12325 = FACE_BOUND('',#12326,.F.);
#12326 = EDGE_LOOP('',(#12327,#12328,#12329,#12335));
#12327 = ORIENTED_EDGE('',*,*,#12313,.T.);
#12328 = ORIENTED_EDGE('',*,*,#11465,.T.);
#12329 = ORIENTED_EDGE('',*,*,#12330,.F.);
#12330 = EDGE_CURVE('',#10892,#11466,#12331,.T.);
#12331 = LINE('',#12332,#12333);
#12332 = CARTESIAN_POINT('',(-4.444561864157,-2.5,91.65175689842));
#12333 = VECTOR('',#12334,1.);
#12334 = DIRECTION('',(0.,1.,0.));
#12335 = ORIENTED_EDGE('',*,*,#10891,.F.);
#12336 = PLANE('',#12337);
#12337 = AXIS2_PLACEMENT_3D('',#12338,#12339,#12340);
#12338 = CARTESIAN_POINT('',(-5.075146273309,-2.5,91.184083626902));
#12339 = DIRECTION('',(0.595699304492,0.,-0.803207531481));
#12340 = DIRECTION('',(0.803207531481,0.,0.595699304492));
#12341 = ADVANCED_FACE('',(#12342),#12353,.F.);
#12342 = FACE_BOUND('',#12343,.F.);
#12343 = EDGE_LOOP('',(#12344,#12345,#12346,#12352));
#12344 = ORIENTED_EDGE('',*,*,#12330,.T.);
#12345 = ORIENTED_EDGE('',*,*,#11473,.T.);
#12346 = ORIENTED_EDGE('',*,*,#12347,.F.);
#12347 = EDGE_CURVE('',#10900,#11474,#12348,.T.);
#12348 = LINE('',#12349,#12350);
#12349 = CARTESIAN_POINT('',(-3.771173894608,-2.5,92.055370114787));
#12350 = VECTOR('',#12351,1.);
#12351 = DIRECTION('',(0.,1.,0.));
#12352 = ORIENTED_EDGE('',*,*,#10899,.F.);
#12353 = PLANE('',#12354);
#12354 = AXIS2_PLACEMENT_3D('',#12355,#12356,#12357);
#12355 = CARTESIAN_POINT('',(-4.444561864157,-2.5,91.65175689842));
#12356 = DIRECTION('',(0.514102744193,0.,-0.85772861));
#12357 = DIRECTION('',(0.85772861,0.,0.514102744193));
#12358 = ADVANCED_FACE('',(#12359),#12370,.F.);
#12359 = FACE_BOUND('',#12360,.F.);
#12360 = EDGE_LOOP('',(#12361,#12362,#12363,#12369));
#12361 = ORIENTED_EDGE('',*,*,#12347,.T.);
#12362 = ORIENTED_EDGE('',*,*,#11481,.T.);
#12363 = ORIENTED_EDGE('',*,*,#12364,.F.);
#12364 = EDGE_CURVE('',#10908,#11482,#12365,.T.);
#12365 = LINE('',#12366,#12367);
#12366 = CARTESIAN_POINT('',(-3.061467458921,-2.5,92.39103626009));
#12367 = VECTOR('',#12368,1.);
#12368 = DIRECTION('',(0.,1.,0.));
#12369 = ORIENTED_EDGE('',*,*,#10907,.F.);
#12370 = PLANE('',#12371);
#12371 = AXIS2_PLACEMENT_3D('',#12372,#12373,#12374);
#12372 = CARTESIAN_POINT('',(-3.771173894608,-2.5,92.055370114787));
#12373 = DIRECTION('',(0.42755509343,0.,-0.903989293123));
#12374 = DIRECTION('',(0.903989293123,0.,0.42755509343));
#12375 = ADVANCED_FACE('',(#12376),#12387,.F.);
#12376 = FACE_BOUND('',#12377,.F.);
#12377 = EDGE_LOOP('',(#12378,#12379,#12380,#12386));
#12378 = ORIENTED_EDGE('',*,*,#12364,.T.);
#12379 = ORIENTED_EDGE('',*,*,#11489,.T.);
#12380 = ORIENTED_EDGE('',*,*,#12381,.F.);
#12381 = EDGE_CURVE('',#10916,#11490,#12382,.T.);
#12382 = LINE('',#12383,#12384);
#12383 = CARTESIAN_POINT('',(-2.322277418036,-2.5,92.655522685858));
#12384 = VECTOR('',#12385,1.);
#12385 = DIRECTION('',(0.,1.,0.));
#12386 = ORIENTED_EDGE('',*,*,#10915,.F.);
#12387 = PLANE('',#12388);
#12388 = AXIS2_PLACEMENT_3D('',#12389,#12390,#12391);
#12389 = CARTESIAN_POINT('',(-3.061467458921,-2.5,92.39103626009));
#12390 = DIRECTION('',(0.336889853392,0.,-0.941544065183));
#12391 = DIRECTION('',(0.941544065183,0.,0.336889853392));
#12392 = ADVANCED_FACE('',(#12393),#12404,.F.);
#12393 = FACE_BOUND('',#12394,.F.);
#12394 = EDGE_LOOP('',(#12395,#12396,#12397,#12403));
#12395 = ORIENTED_EDGE('',*,*,#12381,.T.);
#12396 = ORIENTED_EDGE('',*,*,#11497,.T.);
#12397 = ORIENTED_EDGE('',*,*,#12398,.F.);
#12398 = EDGE_CURVE('',#10924,#11498,#12399,.T.);
#12399 = LINE('',#12400,#12401);
#12400 = CARTESIAN_POINT('',(-1.560722576129,-2.5,92.846282243226));
#12401 = VECTOR('',#12402,1.);
#12402 = DIRECTION('',(0.,1.,0.));
#12403 = ORIENTED_EDGE('',*,*,#10923,.F.);
#12404 = PLANE('',#12405);
#12405 = AXIS2_PLACEMENT_3D('',#12406,#12407,#12408);
#12406 = CARTESIAN_POINT('',(-2.322277418036,-2.5,92.655522685858));
#12407 = DIRECTION('',(0.242980179903,0.,-0.970031253195));
#12408 = DIRECTION('',(0.970031253195,0.,0.242980179903));
#12409 = ADVANCED_FACE('',(#12410),#12421,.F.);
#12410 = FACE_BOUND('',#12411,.F.);
#12411 = EDGE_LOOP('',(#12412,#12413,#12414,#12420));
#12412 = ORIENTED_EDGE('',*,*,#12398,.T.);
#12413 = ORIENTED_EDGE('',*,*,#11505,.T.);
#12414 = ORIENTED_EDGE('',*,*,#12415,.F.);
#12415 = EDGE_CURVE('',#10932,#11506,#12416,.T.);
#12416 = LINE('',#12417,#12418);
#12417 = CARTESIAN_POINT('',(-0.784137122636,-2.5,92.961477813378));
#12418 = VECTOR('',#12419,1.);
#12419 = DIRECTION('',(0.,1.,0.));
#12420 = ORIENTED_EDGE('',*,*,#10931,.F.);
#12421 = PLANE('',#12422);
#12422 = AXIS2_PLACEMENT_3D('',#12423,#12424,#12425);
#12423 = CARTESIAN_POINT('',(-1.560722576129,-2.5,92.846282243226));
#12424 = DIRECTION('',(0.146730474455,0.,-0.989176509965));
#12425 = DIRECTION('',(0.989176509965,0.,0.146730474455));
#12426 = ADVANCED_FACE('',(#12427),#12438,.F.);
#12427 = FACE_BOUND('',#12428,.F.);
#12428 = EDGE_LOOP('',(#12429,#12430,#12431,#12437));
#12429 = ORIENTED_EDGE('',*,*,#12415,.T.);
#12430 = ORIENTED_EDGE('',*,*,#11513,.T.);
#12431 = ORIENTED_EDGE('',*,*,#12432,.F.);
#12432 = EDGE_CURVE('',#10940,#11514,#12433,.T.);
#12433 = LINE('',#12434,#12435);
#12434 = CARTESIAN_POINT('',(4.898587196589E-16,-2.5,93.));
#12435 = VECTOR('',#12436,1.);
#12436 = DIRECTION('',(0.,1.,0.));
#12437 = ORIENTED_EDGE('',*,*,#10939,.F.);
#12438 = PLANE('',#12439);
#12439 = AXIS2_PLACEMENT_3D('',#12440,#12441,#12442);
#12440 = CARTESIAN_POINT('',(-0.784137122636,-2.5,92.961477813378));
#12441 = DIRECTION('',(4.906767432742E-02,0.,-0.998795456205));
#12442 = DIRECTION('',(0.998795456205,0.,4.906767432742E-02));
#12443 = ADVANCED_FACE('',(#12444),#12455,.F.);
#12444 = FACE_BOUND('',#12445,.F.);
#12445 = EDGE_LOOP('',(#12446,#12447,#12448,#12454));
#12446 = ORIENTED_EDGE('',*,*,#12432,.T.);
#12447 = ORIENTED_EDGE('',*,*,#11521,.T.);
#12448 = ORIENTED_EDGE('',*,*,#12449,.F.);
#12449 = EDGE_CURVE('',#10948,#11522,#12450,.T.);
#12450 = LINE('',#12451,#12452);
#12451 = CARTESIAN_POINT('',(0.784137122636,-2.5,92.961477813378));
#12452 = VECTOR('',#12453,1.);
#12453 = DIRECTION('',(0.,1.,0.));
#12454 = ORIENTED_EDGE('',*,*,#10947,.F.);
#12455 = PLANE('',#12456);
#12456 = AXIS2_PLACEMENT_3D('',#12457,#12458,#12459);
#12457 = CARTESIAN_POINT('',(4.898587196589E-16,-2.5,93.));
#12458 = DIRECTION('',(-4.906767432742E-02,0.,-0.998795456205));
#12459 = DIRECTION('',(0.998795456205,0.,-4.906767432742E-02));
#12460 = ADVANCED_FACE('',(#12461),#12472,.F.);
#12461 = FACE_BOUND('',#12462,.F.);
#12462 = EDGE_LOOP('',(#12463,#12464,#12465,#12471));
#12463 = ORIENTED_EDGE('',*,*,#12449,.T.);
#12464 = ORIENTED_EDGE('',*,*,#11529,.T.);
#12465 = ORIENTED_EDGE('',*,*,#12466,.F.);
#12466 = EDGE_CURVE('',#10956,#11530,#12467,.T.);
#12467 = LINE('',#12468,#12469);
#12468 = CARTESIAN_POINT('',(1.560722576129,-2.5,92.846282243226));
#12469 = VECTOR('',#12470,1.);
#12470 = DIRECTION('',(0.,1.,0.));
#12471 = ORIENTED_EDGE('',*,*,#10955,.F.);
#12472 = PLANE('',#12473);
#12473 = AXIS2_PLACEMENT_3D('',#12474,#12475,#12476);
#12474 = CARTESIAN_POINT('',(0.784137122636,-2.5,92.961477813378));
#12475 = DIRECTION('',(-0.146730474455,0.,-0.989176509965));
#12476 = DIRECTION('',(0.989176509965,0.,-0.146730474455));
#12477 = ADVANCED_FACE('',(#12478),#12489,.F.);
#12478 = FACE_BOUND('',#12479,.F.);
#12479 = EDGE_LOOP('',(#12480,#12481,#12482,#12488));
#12480 = ORIENTED_EDGE('',*,*,#12466,.T.);
#12481 = ORIENTED_EDGE('',*,*,#11537,.T.);
#12482 = ORIENTED_EDGE('',*,*,#12483,.F.);
#12483 = EDGE_CURVE('',#10964,#11538,#12484,.T.);
#12484 = LINE('',#12485,#12486);
#12485 = CARTESIAN_POINT('',(2.322277418036,-2.5,92.655522685858));
#12486 = VECTOR('',#12487,1.);
#12487 = DIRECTION('',(0.,1.,0.));
#12488 = ORIENTED_EDGE('',*,*,#10963,.F.);
#12489 = PLANE('',#12490);
#12490 = AXIS2_PLACEMENT_3D('',#12491,#12492,#12493);
#12491 = CARTESIAN_POINT('',(1.560722576129,-2.5,92.846282243226));
#12492 = DIRECTION('',(-0.242980179903,0.,-0.970031253195));
#12493 = DIRECTION('',(0.970031253195,0.,-0.242980179903));
#12494 = ADVANCED_FACE('',(#12495),#12506,.F.);
#12495 = FACE_BOUND('',#12496,.F.);
#12496 = EDGE_LOOP('',(#12497,#12498,#12499,#12505));
#12497 = ORIENTED_EDGE('',*,*,#12483,.T.);
#12498 = ORIENTED_EDGE('',*,*,#11545,.T.);
#12499 = ORIENTED_EDGE('',*,*,#12500,.F.);
#12500 = EDGE_CURVE('',#10972,#11546,#12501,.T.);
#12501 = LINE('',#12502,#12503);
#12502 = CARTESIAN_POINT('',(3.061467458921,-2.5,92.39103626009));
#12503 = VECTOR('',#12504,1.);
#12504 = DIRECTION('',(0.,1.,0.));
#12505 = ORIENTED_EDGE('',*,*,#10971,.F.);
#12506 = PLANE('',#12507);
#12507 = AXIS2_PLACEMENT_3D('',#12508,#12509,#12510);
#12508 = CARTESIAN_POINT('',(2.322277418036,-2.5,92.655522685858));
#12509 = DIRECTION('',(-0.336889853392,0.,-0.941544065183));
#12510 = DIRECTION('',(0.941544065183,0.,-0.336889853392));
#12511 = ADVANCED_FACE('',(#12512),#12523,.F.);
#12512 = FACE_BOUND('',#12513,.F.);
#12513 = EDGE_LOOP('',(#12514,#12515,#12516,#12522));
#12514 = ORIENTED_EDGE('',*,*,#12500,.T.);
#12515 = ORIENTED_EDGE('',*,*,#11553,.T.);
#12516 = ORIENTED_EDGE('',*,*,#12517,.F.);
#12517 = EDGE_CURVE('',#10980,#11554,#12518,.T.);
#12518 = LINE('',#12519,#12520);
#12519 = CARTESIAN_POINT('',(3.771173894608,-2.5,92.055370114787));
#12520 = VECTOR('',#12521,1.);
#12521 = DIRECTION('',(0.,1.,0.));
#12522 = ORIENTED_EDGE('',*,*,#10979,.F.);
#12523 = PLANE('',#12524);
#12524 = AXIS2_PLACEMENT_3D('',#12525,#12526,#12527);
#12525 = CARTESIAN_POINT('',(3.061467458921,-2.5,92.39103626009));
#12526 = DIRECTION('',(-0.42755509343,0.,-0.903989293123));
#12527 = DIRECTION('',(0.903989293123,0.,-0.42755509343));
#12528 = ADVANCED_FACE('',(#12529),#12540,.F.);
#12529 = FACE_BOUND('',#12530,.F.);
#12530 = EDGE_LOOP('',(#12531,#12532,#12533,#12539));
#12531 = ORIENTED_EDGE('',*,*,#12517,.T.);
#12532 = ORIENTED_EDGE('',*,*,#11561,.T.);
#12533 = ORIENTED_EDGE('',*,*,#12534,.F.);
#12534 = EDGE_CURVE('',#10988,#11562,#12535,.T.);
#12535 = LINE('',#12536,#12537);
#12536 = CARTESIAN_POINT('',(4.444561864157,-2.5,91.65175689842));
#12537 = VECTOR('',#12538,1.);
#12538 = DIRECTION('',(0.,1.,0.));
#12539 = ORIENTED_EDGE('',*,*,#10987,.F.);
#12540 = PLANE('',#12541);
#12541 = AXIS2_PLACEMENT_3D('',#12542,#12543,#12544);
#12542 = CARTESIAN_POINT('',(3.771173894608,-2.5,92.055370114787));
#12543 = DIRECTION('',(-0.514102744193,0.,-0.85772861));
#12544 = DIRECTION('',(0.85772861,0.,-0.514102744193));
#12545 = ADVANCED_FACE('',(#12546),#12557,.F.);
#12546 = FACE_BOUND('',#12547,.F.);
#12547 = EDGE_LOOP('',(#12548,#12549,#12550,#12556));
#12548 = ORIENTED_EDGE('',*,*,#12534,.T.);
#12549 = ORIENTED_EDGE('',*,*,#11569,.T.);
#12550 = ORIENTED_EDGE('',*,*,#12551,.F.);
#12551 = EDGE_CURVE('',#10996,#11570,#12552,.T.);
#12552 = LINE('',#12553,#12554);
#12553 = CARTESIAN_POINT('',(5.075146273309,-2.5,91.184083626902));
#12554 = VECTOR('',#12555,1.);
#12555 = DIRECTION('',(0.,1.,0.));
#12556 = ORIENTED_EDGE('',*,*,#10995,.F.);
#12557 = PLANE('',#12558);
#12558 = AXIS2_PLACEMENT_3D('',#12559,#12560,#12561);
#12559 = CARTESIAN_POINT('',(4.444561864157,-2.5,91.65175689842));
#12560 = DIRECTION('',(-0.595699304492,0.,-0.803207531481));
#12561 = DIRECTION('',(0.803207531481,0.,-0.595699304492));
#12562 = ADVANCED_FACE('',(#12563),#12574,.F.);
#12563 = FACE_BOUND('',#12564,.F.);
#12564 = EDGE_LOOP('',(#12565,#12566,#12567,#12573));
#12565 = ORIENTED_EDGE('',*,*,#12551,.T.);
#12566 = ORIENTED_EDGE('',*,*,#11577,.T.);
#12567 = ORIENTED_EDGE('',*,*,#12568,.F.);
#12568 = EDGE_CURVE('',#11004,#11578,#12569,.T.);
#12569 = LINE('',#12570,#12571);
#12570 = CARTESIAN_POINT('',(5.656854249492,-2.5,90.656854249492));
#12571 = VECTOR('',#12572,1.);
#12572 = DIRECTION('',(0.,1.,0.));
#12573 = ORIENTED_EDGE('',*,*,#11003,.F.);
#12574 = PLANE('',#12575);
#12575 = AXIS2_PLACEMENT_3D('',#12576,#12577,#12578);
#12576 = CARTESIAN_POINT('',(5.075146273309,-2.5,91.184083626902));
#12577 = DIRECTION('',(-0.671558954847,0.,-0.740951125355));
#12578 = DIRECTION('',(0.740951125355,0.,-0.671558954847));
#12579 = ADVANCED_FACE('',(#12580),#12591,.F.);
#12580 = FACE_BOUND('',#12581,.F.);
#12581 = EDGE_LOOP('',(#12582,#12583,#12584,#12590));
#12582 = ORIENTED_EDGE('',*,*,#12568,.T.);
#12583 = ORIENTED_EDGE('',*,*,#11585,.T.);
#12584 = ORIENTED_EDGE('',*,*,#12585,.F.);
#12585 = EDGE_CURVE('',#11012,#11586,#12586,.T.);
#12586 = LINE('',#12587,#12588);
#12587 = CARTESIAN_POINT('',(6.184083626902,-2.5,90.075146273309));
#12588 = VECTOR('',#12589,1.);
#12589 = DIRECTION('',(0.,1.,0.));
#12590 = ORIENTED_EDGE('',*,*,#11011,.F.);
#12591 = PLANE('',#12592);
#12592 = AXIS2_PLACEMENT_3D('',#12593,#12594,#12595);
#12593 = CARTESIAN_POINT('',(5.656854249492,-2.5,90.656854249492));
#12594 = DIRECTION('',(-0.740951125355,0.,-0.671558954847));
#12595 = DIRECTION('',(0.671558954847,0.,-0.740951125355));
#12596 = ADVANCED_FACE('',(#12597),#12608,.F.);
#12597 = FACE_BOUND('',#12598,.F.);
#12598 = EDGE_LOOP('',(#12599,#12600,#12601,#12607));
#12599 = ORIENTED_EDGE('',*,*,#12585,.T.);
#12600 = ORIENTED_EDGE('',*,*,#11593,.T.);
#12601 = ORIENTED_EDGE('',*,*,#12602,.F.);
#12602 = EDGE_CURVE('',#11020,#11594,#12603,.T.);
#12603 = LINE('',#12604,#12605);
#12604 = CARTESIAN_POINT('',(6.65175689842,-2.5,89.444561864157));
#12605 = VECTOR('',#12606,1.);
#12606 = DIRECTION('',(0.,1.,0.));
#12607 = ORIENTED_EDGE('',*,*,#11019,.F.);
#12608 = PLANE('',#12609);
#12609 = AXIS2_PLACEMENT_3D('',#12610,#12611,#12612);
#12610 = CARTESIAN_POINT('',(6.184083626902,-2.5,90.075146273309));
#12611 = DIRECTION('',(-0.803207531481,0.,-0.595699304492));
#12612 = DIRECTION('',(0.595699304492,0.,-0.803207531481));
#12613 = ADVANCED_FACE('',(#12614),#12625,.F.);
#12614 = FACE_BOUND('',#12615,.F.);
#12615 = EDGE_LOOP('',(#12616,#12617,#12618,#12624));
#12616 = ORIENTED_EDGE('',*,*,#12602,.T.);
#12617 = ORIENTED_EDGE('',*,*,#11601,.T.);
#12618 = ORIENTED_EDGE('',*,*,#12619,.F.);
#12619 = EDGE_CURVE('',#11028,#11602,#12620,.T.);
#12620 = LINE('',#12621,#12622);
#12621 = CARTESIAN_POINT('',(7.055370114787,-2.5,88.771173894608));
#12622 = VECTOR('',#12623,1.);
#12623 = DIRECTION('',(0.,1.,0.));
#12624 = ORIENTED_EDGE('',*,*,#11027,.F.);
#12625 = PLANE('',#12626);
#12626 = AXIS2_PLACEMENT_3D('',#12627,#12628,#12629);
#12627 = CARTESIAN_POINT('',(6.65175689842,-2.5,89.444561864157));
#12628 = DIRECTION('',(-0.85772861,0.,-0.514102744193));
#12629 = DIRECTION('',(0.514102744193,0.,-0.85772861));
#12630 = ADVANCED_FACE('',(#12631),#12642,.F.);
#12631 = FACE_BOUND('',#12632,.F.);
#12632 = EDGE_LOOP('',(#12633,#12634,#12635,#12641));
#12633 = ORIENTED_EDGE('',*,*,#12619,.T.);
#12634 = ORIENTED_EDGE('',*,*,#11609,.T.);
#12635 = ORIENTED_EDGE('',*,*,#12636,.F.);
#12636 = EDGE_CURVE('',#11036,#11610,#12637,.T.);
#12637 = LINE('',#12638,#12639);
#12638 = CARTESIAN_POINT('',(7.39103626009,-2.5,88.061467458921));
#12639 = VECTOR('',#12640,1.);
#12640 = DIRECTION('',(0.,1.,0.));
#12641 = ORIENTED_EDGE('',*,*,#11035,.F.);
#12642 = PLANE('',#12643);
#12643 = AXIS2_PLACEMENT_3D('',#12644,#12645,#12646);
#12644 = CARTESIAN_POINT('',(7.055370114787,-2.5,88.771173894608));
#12645 = DIRECTION('',(-0.903989293123,0.,-0.42755509343));
#12646 = DIRECTION('',(0.42755509343,0.,-0.903989293123));
#12647 = ADVANCED_FACE('',(#12648),#12659,.F.);
#12648 = FACE_BOUND('',#12649,.F.);
#12649 = EDGE_LOOP('',(#12650,#12651,#12652,#12658));
#12650 = ORIENTED_EDGE('',*,*,#12636,.T.);
#12651 = ORIENTED_EDGE('',*,*,#11617,.T.);
#12652 = ORIENTED_EDGE('',*,*,#12653,.F.);
#12653 = EDGE_CURVE('',#11044,#11618,#12654,.T.);
#12654 = LINE('',#12655,#12656);
#12655 = CARTESIAN_POINT('',(7.655522685858,-2.5,87.322277418036));
#12656 = VECTOR('',#12657,1.);
#12657 = DIRECTION('',(0.,1.,0.));
#12658 = ORIENTED_EDGE('',*,*,#11043,.F.);
#12659 = PLANE('',#12660);
#12660 = AXIS2_PLACEMENT_3D('',#12661,#12662,#12663);
#12661 = CARTESIAN_POINT('',(7.39103626009,-2.5,88.061467458921));
#12662 = DIRECTION('',(-0.941544065183,0.,-0.336889853392));
#12663 = DIRECTION('',(0.336889853392,0.,-0.941544065183));
#12664 = ADVANCED_FACE('',(#12665),#12676,.F.);
#12665 = FACE_BOUND('',#12666,.F.);
#12666 = EDGE_LOOP('',(#12667,#12668,#12669,#12675));
#12667 = ORIENTED_EDGE('',*,*,#12653,.T.);
#12668 = ORIENTED_EDGE('',*,*,#11625,.T.);
#12669 = ORIENTED_EDGE('',*,*,#12670,.F.);
#12670 = EDGE_CURVE('',#11052,#11626,#12671,.T.);
#12671 = LINE('',#12672,#12673);
#12672 = CARTESIAN_POINT('',(7.846282243226,-2.5,86.560722576129));
#12673 = VECTOR('',#12674,1.);
#12674 = DIRECTION('',(0.,1.,0.));
#12675 = ORIENTED_EDGE('',*,*,#11051,.F.);
#12676 = PLANE('',#12677);
#12677 = AXIS2_PLACEMENT_3D('',#12678,#12679,#12680);
#12678 = CARTESIAN_POINT('',(7.655522685858,-2.5,87.322277418036));
#12679 = DIRECTION('',(-0.970031253195,0.,-0.242980179903));
#12680 = DIRECTION('',(0.242980179903,0.,-0.970031253195));
#12681 = ADVANCED_FACE('',(#12682),#12693,.F.);
#12682 = FACE_BOUND('',#12683,.F.);
#12683 = EDGE_LOOP('',(#12684,#12685,#12686,#12692));
#12684 = ORIENTED_EDGE('',*,*,#12670,.T.);
#12685 = ORIENTED_EDGE('',*,*,#11633,.T.);
#12686 = ORIENTED_EDGE('',*,*,#12687,.F.);
#12687 = EDGE_CURVE('',#11060,#11634,#12688,.T.);
#12688 = LINE('',#12689,#12690);
#12689 = CARTESIAN_POINT('',(7.961477813378,-2.5,85.784137122636));
#12690 = VECTOR('',#12691,1.);
#12691 = DIRECTION('',(0.,1.,0.));
#12692 = ORIENTED_EDGE('',*,*,#11059,.F.);
#12693 = PLANE('',#12694);
#12694 = AXIS2_PLACEMENT_3D('',#12695,#12696,#12697);
#12695 = CARTESIAN_POINT('',(7.846282243226,-2.5,86.560722576129));
#12696 = DIRECTION('',(-0.989176509965,0.,-0.146730474455));
#12697 = DIRECTION('',(0.146730474455,0.,-0.989176509965));
#12698 = ADVANCED_FACE('',(#12699),#12705,.F.);
#12699 = FACE_BOUND('',#12700,.F.);
#12700 = EDGE_LOOP('',(#12701,#12702,#12703,#12704));
#12701 = ORIENTED_EDGE('',*,*,#12687,.T.);
#12702 = ORIENTED_EDGE('',*,*,#11641,.T.);
#12703 = ORIENTED_EDGE('',*,*,#11945,.F.);
#12704 = ORIENTED_EDGE('',*,*,#11067,.F.);
#12705 = PLANE('',#12706);
#12706 = AXIS2_PLACEMENT_3D('',#12707,#12708,#12709);
#12707 = CARTESIAN_POINT('',(7.961477813378,-2.5,85.784137122636));
#12708 = DIRECTION('',(-0.998795456205,0.,-4.906767432742E-02));
#12709 = DIRECTION('',(4.906767432742E-02,0.,-0.998795456205));
#12710 = ADVANCED_FACE('',(#12711),#12722,.F.);
#12711 = FACE_BOUND('',#12712,.F.);
#12712 = EDGE_LOOP('',(#12713,#12714,#12715,#12721));
#12713 = ORIENTED_EDGE('',*,*,#11964,.T.);
#12714 = ORIENTED_EDGE('',*,*,#11664,.T.);
#12715 = ORIENTED_EDGE('',*,*,#12716,.F.);
#12716 = EDGE_CURVE('',#11091,#11665,#12717,.T.);
#12717 = LINE('',#12718,#12719);
#12718 = CARTESIAN_POINT('',(4.975923633361,-2.5,85.490085701648));
#12719 = VECTOR('',#12720,1.);
#12720 = DIRECTION('',(0.,1.,0.));
#12721 = ORIENTED_EDGE('',*,*,#11090,.F.);
#12722 = PLANE('',#12723);
#12723 = AXIS2_PLACEMENT_3D('',#12724,#12725,#12726);
#12724 = CARTESIAN_POINT('',(5.,-2.5,85.));
#12725 = DIRECTION('',(0.998795456205,-0.,4.906767432742E-02));
#12726 = DIRECTION('',(-4.906767432742E-02,0.,0.998795456205));
#12727 = ADVANCED_FACE('',(#12728),#12739,.F.);
#12728 = FACE_BOUND('',#12729,.F.);
#12729 = EDGE_LOOP('',(#12730,#12731,#12732,#12738));
#12730 = ORIENTED_EDGE('',*,*,#12716,.T.);
#12731 = ORIENTED_EDGE('',*,*,#11672,.T.);
#12732 = ORIENTED_EDGE('',*,*,#12733,.F.);
#12733 = EDGE_CURVE('',#11099,#11673,#12734,.T.);
#12734 = LINE('',#12735,#12736);
#12735 = CARTESIAN_POINT('',(4.903926402016,-2.5,85.975451610081));
#12736 = VECTOR('',#12737,1.);
#12737 = DIRECTION('',(0.,1.,0.));
#12738 = ORIENTED_EDGE('',*,*,#11098,.F.);
#12739 = PLANE('',#12740);
#12740 = AXIS2_PLACEMENT_3D('',#12741,#12742,#12743);
#12741 = CARTESIAN_POINT('',(4.975923633361,-2.5,85.490085701648));
#12742 = DIRECTION('',(0.989176509965,-0.,0.146730474455));
#12743 = DIRECTION('',(-0.146730474455,0.,0.989176509965));
#12744 = ADVANCED_FACE('',(#12745),#12756,.F.);
#12745 = FACE_BOUND('',#12746,.F.);
#12746 = EDGE_LOOP('',(#12747,#12748,#12749,#12755));
#12747 = ORIENTED_EDGE('',*,*,#12733,.T.);
#12748 = ORIENTED_EDGE('',*,*,#11680,.T.);
#12749 = ORIENTED_EDGE('',*,*,#12750,.F.);
#12750 = EDGE_CURVE('',#11107,#11681,#12751,.T.);
#12751 = LINE('',#12752,#12753);
#12752 = CARTESIAN_POINT('',(4.784701678661,-2.5,86.451423386272));
#12753 = VECTOR('',#12754,1.);
#12754 = DIRECTION('',(0.,1.,0.));
#12755 = ORIENTED_EDGE('',*,*,#11106,.F.);
#12756 = PLANE('',#12757);
#12757 = AXIS2_PLACEMENT_3D('',#12758,#12759,#12760);
#12758 = CARTESIAN_POINT('',(4.903926402016,-2.5,85.975451610081));
#12759 = DIRECTION('',(0.970031253195,-0.,0.242980179903));
#12760 = DIRECTION('',(-0.242980179903,0.,0.970031253195));
#12761 = ADVANCED_FACE('',(#12762),#12773,.F.);
#12762 = FACE_BOUND('',#12763,.F.);
#12763 = EDGE_LOOP('',(#12764,#12765,#12766,#12772));
#12764 = ORIENTED_EDGE('',*,*,#12750,.T.);
#12765 = ORIENTED_EDGE('',*,*,#11688,.T.);
#12766 = ORIENTED_EDGE('',*,*,#12767,.F.);
#12767 = EDGE_CURVE('',#11115,#11689,#12768,.T.);
#12768 = LINE('',#12769,#12770);
#12769 = CARTESIAN_POINT('',(4.619397662556,-2.5,86.913417161825));
#12770 = VECTOR('',#12771,1.);
#12771 = DIRECTION('',(0.,1.,0.));
#12772 = ORIENTED_EDGE('',*,*,#11114,.F.);
#12773 = PLANE('',#12774);
#12774 = AXIS2_PLACEMENT_3D('',#12775,#12776,#12777);
#12775 = CARTESIAN_POINT('',(4.784701678661,-2.5,86.451423386272));
#12776 = DIRECTION('',(0.941544065183,-0.,0.336889853392));
#12777 = DIRECTION('',(-0.336889853392,0.,0.941544065183));
#12778 = ADVANCED_FACE('',(#12779),#12790,.F.);
#12779 = FACE_BOUND('',#12780,.F.);
#12780 = EDGE_LOOP('',(#12781,#12782,#12783,#12789));
#12781 = ORIENTED_EDGE('',*,*,#12767,.T.);
#12782 = ORIENTED_EDGE('',*,*,#11696,.T.);
#12783 = ORIENTED_EDGE('',*,*,#12784,.F.);
#12784 = EDGE_CURVE('',#11123,#11697,#12785,.T.);
#12785 = LINE('',#12786,#12787);
#12786 = CARTESIAN_POINT('',(4.409606321742,-2.5,87.35698368413));
#12787 = VECTOR('',#12788,1.);
#12788 = DIRECTION('',(0.,1.,0.));
#12789 = ORIENTED_EDGE('',*,*,#11122,.F.);
#12790 = PLANE('',#12791);
#12791 = AXIS2_PLACEMENT_3D('',#12792,#12793,#12794);
#12792 = CARTESIAN_POINT('',(4.619397662556,-2.5,86.913417161825));
#12793 = DIRECTION('',(0.903989293123,-0.,0.42755509343));
#12794 = DIRECTION('',(-0.42755509343,0.,0.903989293123));
#12795 = ADVANCED_FACE('',(#12796),#12807,.F.);
#12796 = FACE_BOUND('',#12797,.F.);
#12797 = EDGE_LOOP('',(#12798,#12799,#12800,#12806));
#12798 = ORIENTED_EDGE('',*,*,#12784,.T.);
#12799 = ORIENTED_EDGE('',*,*,#11704,.T.);
#12800 = ORIENTED_EDGE('',*,*,#12801,.F.);
#12801 = EDGE_CURVE('',#11131,#11705,#12802,.T.);
#12802 = LINE('',#12803,#12804);
#12803 = CARTESIAN_POINT('',(4.157348061513,-2.5,87.777851165098));
#12804 = VECTOR('',#12805,1.);
#12805 = DIRECTION('',(0.,1.,0.));
#12806 = ORIENTED_EDGE('',*,*,#11130,.F.);
#12807 = PLANE('',#12808);
#12808 = AXIS2_PLACEMENT_3D('',#12809,#12810,#12811);
#12809 = CARTESIAN_POINT('',(4.409606321742,-2.5,87.35698368413));
#12810 = DIRECTION('',(0.85772861,-0.,0.514102744193));
#12811 = DIRECTION('',(-0.514102744193,0.,0.85772861));
#12812 = ADVANCED_FACE('',(#12813),#12824,.F.);
#12813 = FACE_BOUND('',#12814,.F.);
#12814 = EDGE_LOOP('',(#12815,#12816,#12817,#12823));
#12815 = ORIENTED_EDGE('',*,*,#12801,.T.);
#12816 = ORIENTED_EDGE('',*,*,#11712,.T.);
#12817 = ORIENTED_EDGE('',*,*,#12818,.F.);
#12818 = EDGE_CURVE('',#11139,#11713,#12819,.T.);
#12819 = LINE('',#12820,#12821);
#12820 = CARTESIAN_POINT('',(3.865052266814,-2.5,88.171966420818));
#12821 = VECTOR('',#12822,1.);
#12822 = DIRECTION('',(0.,1.,0.));
#12823 = ORIENTED_EDGE('',*,*,#11138,.F.);
#12824 = PLANE('',#12825);
#12825 = AXIS2_PLACEMENT_3D('',#12826,#12827,#12828);
#12826 = CARTESIAN_POINT('',(4.157348061513,-2.5,87.777851165098));
#12827 = DIRECTION('',(0.803207531481,-0.,0.595699304492));
#12828 = DIRECTION('',(-0.595699304492,0.,0.803207531481));
#12829 = ADVANCED_FACE('',(#12830),#12841,.F.);
#12830 = FACE_BOUND('',#12831,.F.);
#12831 = EDGE_LOOP('',(#12832,#12833,#12834,#12840));
#12832 = ORIENTED_EDGE('',*,*,#12818,.T.);
#12833 = ORIENTED_EDGE('',*,*,#11720,.T.);
#12834 = ORIENTED_EDGE('',*,*,#12835,.F.);
#12835 = EDGE_CURVE('',#11147,#11721,#12836,.T.);
#12836 = LINE('',#12837,#12838);
#12837 = CARTESIAN_POINT('',(3.535533905933,-2.5,88.535533905933));
#12838 = VECTOR('',#12839,1.);
#12839 = DIRECTION('',(0.,1.,0.));
#12840 = ORIENTED_EDGE('',*,*,#11146,.F.);
#12841 = PLANE('',#12842);
#12842 = AXIS2_PLACEMENT_3D('',#12843,#12844,#12845);
#12843 = CARTESIAN_POINT('',(3.865052266814,-2.5,88.171966420818));
#12844 = DIRECTION('',(0.740951125355,-0.,0.671558954847));
#12845 = DIRECTION('',(-0.671558954847,0.,0.740951125355));
#12846 = ADVANCED_FACE('',(#12847),#12858,.F.);
#12847 = FACE_BOUND('',#12848,.F.);
#12848 = EDGE_LOOP('',(#12849,#12850,#12851,#12857));
#12849 = ORIENTED_EDGE('',*,*,#12835,.T.);
#12850 = ORIENTED_EDGE('',*,*,#11728,.T.);
#12851 = ORIENTED_EDGE('',*,*,#12852,.F.);
#12852 = EDGE_CURVE('',#11155,#11729,#12853,.T.);
#12853 = LINE('',#12854,#12855);
#12854 = CARTESIAN_POINT('',(3.171966420818,-2.5,88.865052266814));
#12855 = VECTOR('',#12856,1.);
#12856 = DIRECTION('',(0.,1.,0.));
#12857 = ORIENTED_EDGE('',*,*,#11154,.F.);
#12858 = PLANE('',#12859);
#12859 = AXIS2_PLACEMENT_3D('',#12860,#12861,#12862);
#12860 = CARTESIAN_POINT('',(3.535533905933,-2.5,88.535533905933));
#12861 = DIRECTION('',(0.671558954847,-0.,0.740951125355));
#12862 = DIRECTION('',(-0.740951125355,0.,0.671558954847));
#12863 = ADVANCED_FACE('',(#12864),#12875,.F.);
#12864 = FACE_BOUND('',#12865,.F.);
#12865 = EDGE_LOOP('',(#12866,#12867,#12868,#12874));
#12866 = ORIENTED_EDGE('',*,*,#12852,.T.);
#12867 = ORIENTED_EDGE('',*,*,#11736,.T.);
#12868 = ORIENTED_EDGE('',*,*,#12869,.F.);
#12869 = EDGE_CURVE('',#11163,#11737,#12870,.T.);
#12870 = LINE('',#12871,#12872);
#12871 = CARTESIAN_POINT('',(2.777851165098,-2.5,89.157348061513));
#12872 = VECTOR('',#12873,1.);
#12873 = DIRECTION('',(0.,1.,0.));
#12874 = ORIENTED_EDGE('',*,*,#11162,.F.);
#12875 = PLANE('',#12876);
#12876 = AXIS2_PLACEMENT_3D('',#12877,#12878,#12879);
#12877 = CARTESIAN_POINT('',(3.171966420818,-2.5,88.865052266814));
#12878 = DIRECTION('',(0.595699304492,-0.,0.803207531481));
#12879 = DIRECTION('',(-0.803207531481,0.,0.595699304492));
#12880 = ADVANCED_FACE('',(#12881),#12892,.F.);
#12881 = FACE_BOUND('',#12882,.F.);
#12882 = EDGE_LOOP('',(#12883,#12884,#12885,#12891));
#12883 = ORIENTED_EDGE('',*,*,#12869,.T.);
#12884 = ORIENTED_EDGE('',*,*,#11744,.T.);
#12885 = ORIENTED_EDGE('',*,*,#12886,.F.);
#12886 = EDGE_CURVE('',#11171,#11745,#12887,.T.);
#12887 = LINE('',#12888,#12889);
#12888 = CARTESIAN_POINT('',(2.35698368413,-2.5,89.409606321742));
#12889 = VECTOR('',#12890,1.);
#12890 = DIRECTION('',(0.,1.,0.));
#12891 = ORIENTED_EDGE('',*,*,#11170,.F.);
#12892 = PLANE('',#12893);
#12893 = AXIS2_PLACEMENT_3D('',#12894,#12895,#12896);
#12894 = CARTESIAN_POINT('',(2.777851165098,-2.5,89.157348061513));
#12895 = DIRECTION('',(0.514102744193,-0.,0.85772861));
#12896 = DIRECTION('',(-0.85772861,0.,0.514102744193));
#12897 = ADVANCED_FACE('',(#12898),#12909,.F.);
#12898 = FACE_BOUND('',#12899,.F.);
#12899 = EDGE_LOOP('',(#12900,#12901,#12902,#12908));
#12900 = ORIENTED_EDGE('',*,*,#12886,.T.);
#12901 = ORIENTED_EDGE('',*,*,#11752,.T.);
#12902 = ORIENTED_EDGE('',*,*,#12903,.F.);
#12903 = EDGE_CURVE('',#11179,#11753,#12904,.T.);
#12904 = LINE('',#12905,#12906);
#12905 = CARTESIAN_POINT('',(1.913417161825,-2.5,89.619397662556));
#12906 = VECTOR('',#12907,1.);
#12907 = DIRECTION('',(0.,1.,0.));
#12908 = ORIENTED_EDGE('',*,*,#11178,.F.);
#12909 = PLANE('',#12910);
#12910 = AXIS2_PLACEMENT_3D('',#12911,#12912,#12913);
#12911 = CARTESIAN_POINT('',(2.35698368413,-2.5,89.409606321742));
#12912 = DIRECTION('',(0.42755509343,-0.,0.903989293123));
#12913 = DIRECTION('',(-0.903989293123,0.,0.42755509343));
#12914 = ADVANCED_FACE('',(#12915),#12926,.F.);
#12915 = FACE_BOUND('',#12916,.F.);
#12916 = EDGE_LOOP('',(#12917,#12918,#12919,#12925));
#12917 = ORIENTED_EDGE('',*,*,#12903,.T.);
#12918 = ORIENTED_EDGE('',*,*,#11760,.T.);
#12919 = ORIENTED_EDGE('',*,*,#12920,.F.);
#12920 = EDGE_CURVE('',#11187,#11761,#12921,.T.);
#12921 = LINE('',#12922,#12923);
#12922 = CARTESIAN_POINT('',(1.451423386272,-2.5,89.784701678661));
#12923 = VECTOR('',#12924,1.);
#12924 = DIRECTION('',(0.,1.,0.));
#12925 = ORIENTED_EDGE('',*,*,#11186,.F.);
#12926 = PLANE('',#12927);
#12927 = AXIS2_PLACEMENT_3D('',#12928,#12929,#12930);
#12928 = CARTESIAN_POINT('',(1.913417161825,-2.5,89.619397662556));
#12929 = DIRECTION('',(0.336889853392,-0.,0.941544065183));
#12930 = DIRECTION('',(-0.941544065183,0.,0.336889853392));
#12931 = ADVANCED_FACE('',(#12932),#12943,.F.);
#12932 = FACE_BOUND('',#12933,.F.);
#12933 = EDGE_LOOP('',(#12934,#12935,#12936,#12942));
#12934 = ORIENTED_EDGE('',*,*,#12920,.T.);
#12935 = ORIENTED_EDGE('',*,*,#11768,.T.);
#12936 = ORIENTED_EDGE('',*,*,#12937,.F.);
#12937 = EDGE_CURVE('',#11195,#11769,#12938,.T.);
#12938 = LINE('',#12939,#12940);
#12939 = CARTESIAN_POINT('',(0.975451610081,-2.5,89.903926402016));
#12940 = VECTOR('',#12941,1.);
#12941 = DIRECTION('',(0.,1.,0.));
#12942 = ORIENTED_EDGE('',*,*,#11194,.F.);
#12943 = PLANE('',#12944);
#12944 = AXIS2_PLACEMENT_3D('',#12945,#12946,#12947);
#12945 = CARTESIAN_POINT('',(1.451423386272,-2.5,89.784701678661));
#12946 = DIRECTION('',(0.242980179903,-0.,0.970031253195));
#12947 = DIRECTION('',(-0.970031253195,0.,0.242980179903));
#12948 = ADVANCED_FACE('',(#12949),#12960,.F.);
#12949 = FACE_BOUND('',#12950,.F.);
#12950 = EDGE_LOOP('',(#12951,#12952,#12953,#12959));
#12951 = ORIENTED_EDGE('',*,*,#12937,.T.);
#12952 = ORIENTED_EDGE('',*,*,#11776,.T.);
#12953 = ORIENTED_EDGE('',*,*,#12954,.F.);
#12954 = EDGE_CURVE('',#11203,#11777,#12955,.T.);
#12955 = LINE('',#12956,#12957);
#12956 = CARTESIAN_POINT('',(0.490085701648,-2.5,89.975923633361));
#12957 = VECTOR('',#12958,1.);
#12958 = DIRECTION('',(0.,1.,0.));
#12959 = ORIENTED_EDGE('',*,*,#11202,.F.);
#12960 = PLANE('',#12961);
#12961 = AXIS2_PLACEMENT_3D('',#12962,#12963,#12964);
#12962 = CARTESIAN_POINT('',(0.975451610081,-2.5,89.903926402016));
#12963 = DIRECTION('',(0.146730474455,-0.,0.989176509965));
#12964 = DIRECTION('',(-0.989176509965,0.,0.146730474455));
#12965 = ADVANCED_FACE('',(#12966),#12977,.F.);
#12966 = FACE_BOUND('',#12967,.F.);
#12967 = EDGE_LOOP('',(#12968,#12969,#12970,#12976));
#12968 = ORIENTED_EDGE('',*,*,#12954,.T.);
#12969 = ORIENTED_EDGE('',*,*,#11784,.T.);
#12970 = ORIENTED_EDGE('',*,*,#12971,.F.);
#12971 = EDGE_CURVE('',#11211,#11785,#12972,.T.);
#12972 = LINE('',#12973,#12974);
#12973 = CARTESIAN_POINT('',(3.061616997868E-16,-2.5,90.));
#12974 = VECTOR('',#12975,1.);
#12975 = DIRECTION('',(0.,1.,0.));
#12976 = ORIENTED_EDGE('',*,*,#11210,.F.);
#12977 = PLANE('',#12978);
#12978 = AXIS2_PLACEMENT_3D('',#12979,#12980,#12981);
#12979 = CARTESIAN_POINT('',(0.490085701648,-2.5,89.975923633361));
#12980 = DIRECTION('',(4.906767432743E-02,-0.,0.998795456205));
#12981 = DIRECTION('',(-0.998795456205,0.,4.906767432743E-02));
#12982 = ADVANCED_FACE('',(#12983),#12994,.F.);
#12983 = FACE_BOUND('',#12984,.F.);
#12984 = EDGE_LOOP('',(#12985,#12986,#12987,#12993));
#12985 = ORIENTED_EDGE('',*,*,#12971,.T.);
#12986 = ORIENTED_EDGE('',*,*,#11792,.T.);
#12987 = ORIENTED_EDGE('',*,*,#12988,.F.);
#12988 = EDGE_CURVE('',#11219,#11793,#12989,.T.);
#12989 = LINE('',#12990,#12991);
#12990 = CARTESIAN_POINT('',(-0.490085701648,-2.5,89.975923633361));
#12991 = VECTOR('',#12992,1.);
#12992 = DIRECTION('',(0.,1.,0.));
#12993 = ORIENTED_EDGE('',*,*,#11218,.F.);
#12994 = PLANE('',#12995);
#12995 = AXIS2_PLACEMENT_3D('',#12996,#12997,#12998);
#12996 = CARTESIAN_POINT('',(3.061616997868E-16,-2.5,90.));
#12997 = DIRECTION('',(-4.90676743274E-02,0.,0.998795456205));
#12998 = DIRECTION('',(-0.998795456205,0.,-4.90676743274E-02));
#12999 = ADVANCED_FACE('',(#13000),#13011,.F.);
#13000 = FACE_BOUND('',#13001,.F.);
#13001 = EDGE_LOOP('',(#13002,#13003,#13004,#13010));
#13002 = ORIENTED_EDGE('',*,*,#12988,.T.);
#13003 = ORIENTED_EDGE('',*,*,#11800,.T.);
#13004 = ORIENTED_EDGE('',*,*,#13005,.F.);
#13005 = EDGE_CURVE('',#11227,#11801,#13006,.T.);
#13006 = LINE('',#13007,#13008);
#13007 = CARTESIAN_POINT('',(-0.975451610081,-2.5,89.903926402016));
#13008 = VECTOR('',#13009,1.);
#13009 = DIRECTION('',(0.,1.,0.));
#13010 = ORIENTED_EDGE('',*,*,#11226,.F.);
#13011 = PLANE('',#13012);
#13012 = AXIS2_PLACEMENT_3D('',#13013,#13014,#13015);
#13013 = CARTESIAN_POINT('',(-0.490085701648,-2.5,89.975923633361));
#13014 = DIRECTION('',(-0.146730474455,0.,0.989176509965));
#13015 = DIRECTION('',(-0.989176509965,0.,-0.146730474455));
#13016 = ADVANCED_FACE('',(#13017),#13028,.F.);
#13017 = FACE_BOUND('',#13018,.F.);
#13018 = EDGE_LOOP('',(#13019,#13020,#13021,#13027));
#13019 = ORIENTED_EDGE('',*,*,#13005,.T.);
#13020 = ORIENTED_EDGE('',*,*,#11808,.T.);
#13021 = ORIENTED_EDGE('',*,*,#13022,.F.);
#13022 = EDGE_CURVE('',#11235,#11809,#13023,.T.);
#13023 = LINE('',#13024,#13025);
#13024 = CARTESIAN_POINT('',(-1.451423386272,-2.5,89.784701678661));
#13025 = VECTOR('',#13026,1.);
#13026 = DIRECTION('',(0.,1.,0.));
#13027 = ORIENTED_EDGE('',*,*,#11234,.F.);
#13028 = PLANE('',#13029);
#13029 = AXIS2_PLACEMENT_3D('',#13030,#13031,#13032);
#13030 = CARTESIAN_POINT('',(-0.975451610081,-2.5,89.903926402016));
#13031 = DIRECTION('',(-0.242980179903,0.,0.970031253195));
#13032 = DIRECTION('',(-0.970031253195,0.,-0.242980179903));
#13033 = ADVANCED_FACE('',(#13034),#13045,.F.);
#13034 = FACE_BOUND('',#13035,.F.);
#13035 = EDGE_LOOP('',(#13036,#13037,#13038,#13044));
#13036 = ORIENTED_EDGE('',*,*,#13022,.T.);
#13037 = ORIENTED_EDGE('',*,*,#11816,.T.);
#13038 = ORIENTED_EDGE('',*,*,#13039,.F.);
#13039 = EDGE_CURVE('',#11243,#11817,#13040,.T.);
#13040 = LINE('',#13041,#13042);
#13041 = CARTESIAN_POINT('',(-1.913417161825,-2.5,89.619397662556));
#13042 = VECTOR('',#13043,1.);
#13043 = DIRECTION('',(0.,1.,0.));
#13044 = ORIENTED_EDGE('',*,*,#11242,.F.);
#13045 = PLANE('',#13046);
#13046 = AXIS2_PLACEMENT_3D('',#13047,#13048,#13049);
#13047 = CARTESIAN_POINT('',(-1.451423386272,-2.5,89.784701678661));
#13048 = DIRECTION('',(-0.336889853392,0.,0.941544065183));
#13049 = DIRECTION('',(-0.941544065183,0.,-0.336889853392));
#13050 = ADVANCED_FACE('',(#13051),#13062,.F.);
#13051 = FACE_BOUND('',#13052,.F.);
#13052 = EDGE_LOOP('',(#13053,#13054,#13055,#13061));
#13053 = ORIENTED_EDGE('',*,*,#13039,.T.);
#13054 = ORIENTED_EDGE('',*,*,#11824,.T.);
#13055 = ORIENTED_EDGE('',*,*,#13056,.F.);
#13056 = EDGE_CURVE('',#11251,#11825,#13057,.T.);
#13057 = LINE('',#13058,#13059);
#13058 = CARTESIAN_POINT('',(-2.35698368413,-2.5,89.409606321742));
#13059 = VECTOR('',#13060,1.);
#13060 = DIRECTION('',(0.,1.,0.));
#13061 = ORIENTED_EDGE('',*,*,#11250,.F.);
#13062 = PLANE('',#13063);
#13063 = AXIS2_PLACEMENT_3D('',#13064,#13065,#13066);
#13064 = CARTESIAN_POINT('',(-1.913417161825,-2.5,89.619397662556));
#13065 = DIRECTION('',(-0.42755509343,0.,0.903989293123));
#13066 = DIRECTION('',(-0.903989293123,0.,-0.42755509343));
#13067 = ADVANCED_FACE('',(#13068),#13079,.F.);
#13068 = FACE_BOUND('',#13069,.F.);
#13069 = EDGE_LOOP('',(#13070,#13071,#13072,#13078));
#13070 = ORIENTED_EDGE('',*,*,#13056,.T.);
#13071 = ORIENTED_EDGE('',*,*,#11832,.T.);
#13072 = ORIENTED_EDGE('',*,*,#13073,.F.);
#13073 = EDGE_CURVE('',#11259,#11833,#13074,.T.);
#13074 = LINE('',#13075,#13076);
#13075 = CARTESIAN_POINT('',(-2.777851165098,-2.5,89.157348061513));
#13076 = VECTOR('',#13077,1.);
#13077 = DIRECTION('',(0.,1.,0.));
#13078 = ORIENTED_EDGE('',*,*,#11258,.F.);
#13079 = PLANE('',#13080);
#13080 = AXIS2_PLACEMENT_3D('',#13081,#13082,#13083);
#13081 = CARTESIAN_POINT('',(-2.35698368413,-2.5,89.409606321742));
#13082 = DIRECTION('',(-0.514102744193,0.,0.85772861));
#13083 = DIRECTION('',(-0.85772861,0.,-0.514102744193));
#13084 = ADVANCED_FACE('',(#13085),#13096,.F.);
#13085 = FACE_BOUND('',#13086,.F.);
#13086 = EDGE_LOOP('',(#13087,#13088,#13089,#13095));
#13087 = ORIENTED_EDGE('',*,*,#13073,.T.);
#13088 = ORIENTED_EDGE('',*,*,#11840,.T.);
#13089 = ORIENTED_EDGE('',*,*,#13090,.F.);
#13090 = EDGE_CURVE('',#11267,#11841,#13091,.T.);
#13091 = LINE('',#13092,#13093);
#13092 = CARTESIAN_POINT('',(-3.171966420818,-2.5,88.865052266814));
#13093 = VECTOR('',#13094,1.);
#13094 = DIRECTION('',(0.,1.,0.));
#13095 = ORIENTED_EDGE('',*,*,#11266,.F.);
#13096 = PLANE('',#13097);
#13097 = AXIS2_PLACEMENT_3D('',#13098,#13099,#13100);
#13098 = CARTESIAN_POINT('',(-2.777851165098,-2.5,89.157348061513));
#13099 = DIRECTION('',(-0.595699304492,0.,0.803207531481));
#13100 = DIRECTION('',(-0.803207531481,0.,-0.595699304492));
#13101 = ADVANCED_FACE('',(#13102),#13113,.F.);
#13102 = FACE_BOUND('',#13103,.F.);
#13103 = EDGE_LOOP('',(#13104,#13105,#13106,#13112));
#13104 = ORIENTED_EDGE('',*,*,#13090,.T.);
#13105 = ORIENTED_EDGE('',*,*,#11848,.T.);
#13106 = ORIENTED_EDGE('',*,*,#13107,.F.);
#13107 = EDGE_CURVE('',#11275,#11849,#13108,.T.);
#13108 = LINE('',#13109,#13110);
#13109 = CARTESIAN_POINT('',(-3.535533905933,-2.5,88.535533905933));
#13110 = VECTOR('',#13111,1.);
#13111 = DIRECTION('',(0.,1.,0.));
#13112 = ORIENTED_EDGE('',*,*,#11274,.F.);
#13113 = PLANE('',#13114);
#13114 = AXIS2_PLACEMENT_3D('',#13115,#13116,#13117);
#13115 = CARTESIAN_POINT('',(-3.171966420818,-2.5,88.865052266814));
#13116 = DIRECTION('',(-0.671558954847,0.,0.740951125355));
#13117 = DIRECTION('',(-0.740951125355,0.,-0.671558954847));
#13118 = ADVANCED_FACE('',(#13119),#13130,.F.);
#13119 = FACE_BOUND('',#13120,.F.);
#13120 = EDGE_LOOP('',(#13121,#13122,#13123,#13129));
#13121 = ORIENTED_EDGE('',*,*,#13107,.T.);
#13122 = ORIENTED_EDGE('',*,*,#11856,.T.);
#13123 = ORIENTED_EDGE('',*,*,#13124,.F.);
#13124 = EDGE_CURVE('',#11283,#11857,#13125,.T.);
#13125 = LINE('',#13126,#13127);
#13126 = CARTESIAN_POINT('',(-3.865052266814,-2.5,88.171966420818));
#13127 = VECTOR('',#13128,1.);
#13128 = DIRECTION('',(0.,1.,0.));
#13129 = ORIENTED_EDGE('',*,*,#11282,.F.);
#13130 = PLANE('',#13131);
#13131 = AXIS2_PLACEMENT_3D('',#13132,#13133,#13134);
#13132 = CARTESIAN_POINT('',(-3.535533905933,-2.5,88.535533905933));
#13133 = DIRECTION('',(-0.740951125355,0.,0.671558954847));
#13134 = DIRECTION('',(-0.671558954847,0.,-0.740951125355));
#13135 = ADVANCED_FACE('',(#13136),#13147,.F.);
#13136 = FACE_BOUND('',#13137,.F.);
#13137 = EDGE_LOOP('',(#13138,#13139,#13140,#13146));
#13138 = ORIENTED_EDGE('',*,*,#13124,.T.);
#13139 = ORIENTED_EDGE('',*,*,#11864,.T.);
#13140 = ORIENTED_EDGE('',*,*,#13141,.F.);
#13141 = EDGE_CURVE('',#11291,#11865,#13142,.T.);
#13142 = LINE('',#13143,#13144);
#13143 = CARTESIAN_POINT('',(-4.157348061513,-2.5,87.777851165098));
#13144 = VECTOR('',#13145,1.);
#13145 = DIRECTION('',(0.,1.,0.));
#13146 = ORIENTED_EDGE('',*,*,#11290,.F.);
#13147 = PLANE('',#13148);
#13148 = AXIS2_PLACEMENT_3D('',#13149,#13150,#13151);
#13149 = CARTESIAN_POINT('',(-3.865052266814,-2.5,88.171966420818));
#13150 = DIRECTION('',(-0.803207531481,0.,0.595699304492));
#13151 = DIRECTION('',(-0.595699304492,0.,-0.803207531481));
#13152 = ADVANCED_FACE('',(#13153),#13164,.F.);
#13153 = FACE_BOUND('',#13154,.F.);
#13154 = EDGE_LOOP('',(#13155,#13156,#13157,#13163));
#13155 = ORIENTED_EDGE('',*,*,#13141,.T.);
#13156 = ORIENTED_EDGE('',*,*,#11872,.T.);
#13157 = ORIENTED_EDGE('',*,*,#13158,.F.);
#13158 = EDGE_CURVE('',#11299,#11873,#13159,.T.);
#13159 = LINE('',#13160,#13161);
#13160 = CARTESIAN_POINT('',(-4.409606321742,-2.5,87.35698368413));
#13161 = VECTOR('',#13162,1.);
#13162 = DIRECTION('',(0.,1.,0.));
#13163 = ORIENTED_EDGE('',*,*,#11298,.F.);
#13164 = PLANE('',#13165);
#13165 = AXIS2_PLACEMENT_3D('',#13166,#13167,#13168);
#13166 = CARTESIAN_POINT('',(-4.157348061513,-2.5,87.777851165098));
#13167 = DIRECTION('',(-0.85772861,0.,0.514102744193));
#13168 = DIRECTION('',(-0.514102744193,0.,-0.85772861));
#13169 = ADVANCED_FACE('',(#13170),#13181,.F.);
#13170 = FACE_BOUND('',#13171,.F.);
#13171 = EDGE_LOOP('',(#13172,#13173,#13174,#13180));
#13172 = ORIENTED_EDGE('',*,*,#13158,.T.);
#13173 = ORIENTED_EDGE('',*,*,#11880,.T.);
#13174 = ORIENTED_EDGE('',*,*,#13175,.F.);
#13175 = EDGE_CURVE('',#11307,#11881,#13176,.T.);
#13176 = LINE('',#13177,#13178);
#13177 = CARTESIAN_POINT('',(-4.619397662556,-2.5,86.913417161825));
#13178 = VECTOR('',#13179,1.);
#13179 = DIRECTION('',(0.,1.,0.));
#13180 = ORIENTED_EDGE('',*,*,#11306,.F.);
#13181 = PLANE('',#13182);
#13182 = AXIS2_PLACEMENT_3D('',#13183,#13184,#13185);
#13183 = CARTESIAN_POINT('',(-4.409606321742,-2.5,87.35698368413));
#13184 = DIRECTION('',(-0.903989293123,0.,0.42755509343));
#13185 = DIRECTION('',(-0.42755509343,0.,-0.903989293123));
#13186 = ADVANCED_FACE('',(#13187),#13198,.F.);
#13187 = FACE_BOUND('',#13188,.F.);
#13188 = EDGE_LOOP('',(#13189,#13190,#13191,#13197));
#13189 = ORIENTED_EDGE('',*,*,#13175,.T.);
#13190 = ORIENTED_EDGE('',*,*,#11888,.T.);
#13191 = ORIENTED_EDGE('',*,*,#13192,.F.);
#13192 = EDGE_CURVE('',#11315,#11889,#13193,.T.);
#13193 = LINE('',#13194,#13195);
#13194 = CARTESIAN_POINT('',(-4.784701678661,-2.5,86.451423386272));
#13195 = VECTOR('',#13196,1.);
#13196 = DIRECTION('',(0.,1.,0.));
#13197 = ORIENTED_EDGE('',*,*,#11314,.F.);
#13198 = PLANE('',#13199);
#13199 = AXIS2_PLACEMENT_3D('',#13200,#13201,#13202);
#13200 = CARTESIAN_POINT('',(-4.619397662556,-2.5,86.913417161825));
#13201 = DIRECTION('',(-0.941544065183,0.,0.336889853392));
#13202 = DIRECTION('',(-0.336889853392,0.,-0.941544065183));
#13203 = ADVANCED_FACE('',(#13204),#13215,.F.);
#13204 = FACE_BOUND('',#13205,.F.);
#13205 = EDGE_LOOP('',(#13206,#13207,#13208,#13214));
#13206 = ORIENTED_EDGE('',*,*,#13192,.T.);
#13207 = ORIENTED_EDGE('',*,*,#11896,.T.);
#13208 = ORIENTED_EDGE('',*,*,#13209,.F.);
#13209 = EDGE_CURVE('',#11323,#11897,#13210,.T.);
#13210 = LINE('',#13211,#13212);
#13211 = CARTESIAN_POINT('',(-4.903926402016,-2.5,85.975451610081));
#13212 = VECTOR('',#13213,1.);
#13213 = DIRECTION('',(0.,1.,0.));
#13214 = ORIENTED_EDGE('',*,*,#11322,.F.);
#13215 = PLANE('',#13216);
#13216 = AXIS2_PLACEMENT_3D('',#13217,#13218,#13219);
#13217 = CARTESIAN_POINT('',(-4.784701678661,-2.5,86.451423386272));
#13218 = DIRECTION('',(-0.970031253195,0.,0.242980179903));
#13219 = DIRECTION('',(-0.242980179903,0.,-0.970031253195));
#13220 = ADVANCED_FACE('',(#13221),#13232,.F.);
#13221 = FACE_BOUND('',#13222,.F.);
#13222 = EDGE_LOOP('',(#13223,#13224,#13225,#13231));
#13223 = ORIENTED_EDGE('',*,*,#13209,.T.);
#13224 = ORIENTED_EDGE('',*,*,#11904,.T.);
#13225 = ORIENTED_EDGE('',*,*,#13226,.F.);
#13226 = EDGE_CURVE('',#11331,#11905,#13227,.T.);
#13227 = LINE('',#13228,#13229);
#13228 = CARTESIAN_POINT('',(-4.975923633361,-2.5,85.490085701648));
#13229 = VECTOR('',#13230,1.);
#13230 = DIRECTION('',(0.,1.,0.));
#13231 = ORIENTED_EDGE('',*,*,#11330,.F.);
#13232 = PLANE('',#13233);
#13233 = AXIS2_PLACEMENT_3D('',#13234,#13235,#13236);
#13234 = CARTESIAN_POINT('',(-4.903926402016,-2.5,85.975451610081));
#13235 = DIRECTION('',(-0.989176509965,0.,0.146730474455));
#13236 = DIRECTION('',(-0.146730474455,0.,-0.989176509965));
#13237 = ADVANCED_FACE('',(#13238),#13244,.F.);
#13238 = FACE_BOUND('',#13239,.F.);
#13239 = EDGE_LOOP('',(#13240,#13241,#13242,#13243));
#13240 = ORIENTED_EDGE('',*,*,#13226,.T.);
#13241 = ORIENTED_EDGE('',*,*,#11912,.T.);
#13242 = ORIENTED_EDGE('',*,*,#11361,.F.);
#13243 = ORIENTED_EDGE('',*,*,#11338,.F.);
#13244 = PLANE('',#13245);
#13245 = AXIS2_PLACEMENT_3D('',#13246,#13247,#13248);
#13246 = CARTESIAN_POINT('',(-4.975923633361,-2.5,85.490085701648));
#13247 = DIRECTION('',(-0.998795456205,0.,4.906767432742E-02));
#13248 = DIRECTION('',(-4.906767432742E-02,0.,-0.998795456205));
#13249 = ADVANCED_FACE('',(#13250),#13260,.F.);
#13250 = FACE_BOUND('',#13251,.F.);
#13251 = EDGE_LOOP('',(#13252,#13253,#13254,#13255,#13256,#13257,#13258,
    #13259));
#13252 = ORIENTED_EDGE('',*,*,#12158,.F.);
#13253 = ORIENTED_EDGE('',*,*,#11996,.T.);
#13254 = ORIENTED_EDGE('',*,*,#12013,.T.);
#13255 = ORIENTED_EDGE('',*,*,#12045,.F.);
#13256 = ORIENTED_EDGE('',*,*,#12060,.T.);
#13257 = ORIENTED_EDGE('',*,*,#12094,.T.);
#13258 = ORIENTED_EDGE('',*,*,#12118,.F.);
#13259 = ORIENTED_EDGE('',*,*,#12143,.F.);
#13260 = PLANE('',#13261);
#13261 = AXIS2_PLACEMENT_3D('',#13262,#13263,#13264);
#13262 = CARTESIAN_POINT('',(-43.1,-35.1,78.4));
#13263 = DIRECTION('',(0.,0.,1.));
#13264 = DIRECTION('',(1.,0.,-0.));
#13265 = ( GEOMETRIC_REPRESENTATION_CONTEXT(3)
GLOBAL_UNCERTAINTY_ASSIGNED_CONTEXT((#13269))
GLOBAL_UNIT_ASSIGNED_CONTEXT((#13266,#13267,#13268))
REPRESENTATION_CONTEXT('Context #1',
  '3D Context with UNIT and UNCERTAINTY') );
#13266 = ( LENGTH_UNIT() NAMED_UNIT(*) SI_UNIT(.MILLI.,.METRE.) );
#13267 = ( NAMED_UNIT(*) PLANE_ANGLE_UNIT() SI_UNIT($,.RADIAN.) );
#13268 = ( NAMED_UNIT(*) SI_UNIT($,.STERADIAN.) SOLID_ANGLE_UNIT() );
#13269 = UNCERTAINTY_MEASURE_WITH_UNIT(LENGTH_MEASURE(1.E-07),#13266,
  'distance_accuracy_value','confusion accuracy');
#13270 = CONTEXT_DEPENDENT_SHAPE_REPRESENTATION(#13271,#13273);
#13271 = ( REPRESENTATION_RELATIONSHIP('','',#10378,#10)
REPRESENTATION_RELATIONSHIP_WITH_TRANSFORMATION(#13272)
SHAPE_REPRESENTATION_RELATIONSHIP() );
#13272 = ITEM_DEFINED_TRANSFORMATION('','',#11,#27);
#13273 = PRODUCT_DEFINITION_SHAPE('Placement','Placement of an item',
  #13274);
#13274 = NEXT_ASSEMBLY_USAGE_OCCURRENCE('23',
  'Clearance-fit lid + loop handle','',#5,#10373,$);
#13275 = PRODUCT_RELATED_PRODUCT_CATEGORY('part',$,(#10375));
ENDSEC;
END-ISO-10303-21;
