ISO-10303-21;
HEADER;
FILE_DESCRIPTION(('FreeCAD Model'),'2;1');
FILE_NAME('Open CASCADE Shape Model','2026-10-08T21:26:29',('Author'),(
    ''),'Open CASCADE STEP processor 7.8','FreeCAD','Unknown');
FILE_SCHEMA(('AUTOMOTIVE_DESIGN { 1 0 10303 214 1 1 1 1 }'));
ENDSEC;
DATA;
#1 = APPLICATION_PROTOCOL_DEFINITION('international standard',
  'automotive_design',2000,#2);
#2 = APPLICATION_CONTEXT(
  'core data for automotive mechanical design processes');
#3 = SHAPE_DEFINITION_REPRESENTATION(#4,#10);
#4 = PRODUCT_DEFINITION_SHAPE('','',#5);
#5 = PRODUCT_DEFINITION('design','',#6,#9);
#6 = PRODUCT_DEFINITION_FORMATION('','',#7);
#7 = PRODUCT('Clearance-fit lid + loop handle',
  'Clearance-fit lid + loop handle','',(#8));
#8 = PRODUCT_CONTEXT('',#2,'mechanical');
#9 = PRODUCT_DEFINITION_CONTEXT('part definition',#2,'design');
#10 = ADVANCED_BREP_SHAPE_REPRESENTATION('',(#11,#15),#2901);
#11 = AXIS2_PLACEMENT_3D('',#12,#13,#14);
#12 = CARTESIAN_POINT('',(0.,0.,0.));
#13 = DIRECTION('',(0.,0.,1.));
#14 = DIRECTION('',(1.,0.,-0.));
#15 = MANIFOLD_SOLID_BREP('',#16);
#16 = CLOSED_SHELL('',(#17,#57,#192,#217,#242,#363,#380,#397,#414,#431,
    #443,#993,#1017,#1560,#1577,#1594,#1611,#1643,#1667,#1692,#1716,
    #1741,#1765,#1790,#1807,#1824,#1841,#1858,#1875,#1892,#1909,#1926,
    #1943,#1960,#1977,#1994,#2011,#2028,#2045,#2062,#2079,#2096,#2113,
    #2130,#2147,#2164,#2181,#2198,#2215,#2232,#2249,#2266,#2283,#2300,
    #2317,#2334,#2346,#2363,#2380,#2397,#2414,#2431,#2448,#2465,#2482,
    #2499,#2516,#2533,#2550,#2567,#2584,#2601,#2618,#2635,#2652,#2669,
    #2686,#2703,#2720,#2737,#2754,#2771,#2788,#2805,#2822,#2839,#2856,
    #2873,#2885));
#17 = ADVANCED_FACE('',(#18),#52,.F.);
#18 = FACE_BOUND('',#19,.F.);
#19 = EDGE_LOOP('',(#20,#30,#38,#46));
#20 = ORIENTED_EDGE('',*,*,#21,.F.);
#21 = EDGE_CURVE('',#22,#24,#26,.T.);
#22 = VERTEX_POINT('',#23);
#23 = CARTESIAN_POINT('',(-45.6,-29.1,80.));
#24 = VERTEX_POINT('',#25);
#25 = CARTESIAN_POINT('',(-45.6,29.1,80.));
#26 = LINE('',#27,#28);
#27 = CARTESIAN_POINT('',(-45.6,-37.6,80.));
#28 = VECTOR('',#29,1.);
#29 = DIRECTION('',(-0.,1.,0.));
#30 = ORIENTED_EDGE('',*,*,#31,.F.);
#31 = EDGE_CURVE('',#32,#22,#34,.T.);
#32 = VERTEX_POINT('',#33);
#33 = CARTESIAN_POINT('',(-45.6,-29.1,63.));
#34 = LINE('',#35,#36);
#35 = CARTESIAN_POINT('',(-45.6,-29.1,63.));
#36 = VECTOR('',#37,1.);
#37 = DIRECTION('',(0.,0.,1.));
#38 = ORIENTED_EDGE('',*,*,#39,.T.);
#39 = EDGE_CURVE('',#32,#40,#42,.T.);
#40 = VERTEX_POINT('',#41);
#41 = CARTESIAN_POINT('',(-45.6,29.1,63.));
#42 = LINE('',#43,#44);
#43 = CARTESIAN_POINT('',(-45.6,-37.6,63.));
#44 = VECTOR('',#45,1.);
#45 = DIRECTION('',(-0.,1.,0.));
#46 = ORIENTED_EDGE('',*,*,#47,.T.);
#47 = EDGE_CURVE('',#40,#24,#48,.T.);
#48 = LINE('',#49,#50);
#49 = CARTESIAN_POINT('',(-45.6,29.1,63.));
#50 = VECTOR('',#51,1.);
#51 = DIRECTION('',(0.,0.,1.));
#52 = PLANE('',#53);
#53 = AXIS2_PLACEMENT_3D('',#54,#55,#56);
#54 = CARTESIAN_POINT('',(-45.6,-37.6,63.));
#55 = DIRECTION('',(1.,0.,-0.));
#56 = DIRECTION('',(0.,0.,1.));
#57 = ADVANCED_FACE('',(#58,#119,#153),#187,.T.);
#58 = FACE_BOUND('',#59,.T.);
#59 = EDGE_LOOP('',(#60,#61,#70,#78,#87,#95,#104,#112));
#60 = ORIENTED_EDGE('',*,*,#21,.F.);
#61 = ORIENTED_EDGE('',*,*,#62,.T.);
#62 = EDGE_CURVE('',#22,#63,#65,.T.);
#63 = VERTEX_POINT('',#64);
#64 = CARTESIAN_POINT('',(-37.1,-37.6,80.));
#65 = CIRCLE('',#66,8.5);
#66 = AXIS2_PLACEMENT_3D('',#67,#68,#69);
#67 = CARTESIAN_POINT('',(-37.1,-29.1,80.));
#68 = DIRECTION('',(0.,0.,1.));
#69 = DIRECTION('',(0.,-1.,0.));
#70 = ORIENTED_EDGE('',*,*,#71,.T.);
#71 = EDGE_CURVE('',#63,#72,#74,.T.);
#72 = VERTEX_POINT('',#73);
#73 = CARTESIAN_POINT('',(37.1,-37.6,80.));
#74 = LINE('',#75,#76);
#75 = CARTESIAN_POINT('',(-45.6,-37.6,80.));
#76 = VECTOR('',#77,1.);
#77 = DIRECTION('',(1.,0.,-0.));
#78 = ORIENTED_EDGE('',*,*,#79,.F.);
#79 = EDGE_CURVE('',#80,#72,#82,.T.);
#80 = VERTEX_POINT('',#81);
#81 = CARTESIAN_POINT('',(45.6,-29.1,80.));
#82 = CIRCLE('',#83,8.5);
#83 = AXIS2_PLACEMENT_3D('',#84,#85,#86);
#84 = CARTESIAN_POINT('',(37.1,-29.1,80.));
#85 = DIRECTION('',(-0.,-0.,-1.));
#86 = DIRECTION('',(0.,-1.,0.));
#87 = ORIENTED_EDGE('',*,*,#88,.T.);
#88 = EDGE_CURVE('',#80,#89,#91,.T.);
#89 = VERTEX_POINT('',#90);
#90 = CARTESIAN_POINT('',(45.6,29.1,80.));
#91 = LINE('',#92,#93);
#92 = CARTESIAN_POINT('',(45.6,-37.6,80.));
#93 = VECTOR('',#94,1.);
#94 = DIRECTION('',(-0.,1.,0.));
#95 = ORIENTED_EDGE('',*,*,#96,.T.);
#96 = EDGE_CURVE('',#89,#97,#99,.T.);
#97 = VERTEX_POINT('',#98);
#98 = CARTESIAN_POINT('',(37.1,37.6,80.));
#99 = CIRCLE('',#100,8.5);
#100 = AXIS2_PLACEMENT_3D('',#101,#102,#103);
#101 = CARTESIAN_POINT('',(37.1,29.1,80.));
#102 = DIRECTION('',(0.,0.,1.));
#103 = DIRECTION('',(0.,-1.,0.));
#104 = ORIENTED_EDGE('',*,*,#105,.F.);
#105 = EDGE_CURVE('',#106,#97,#108,.T.);
#106 = VERTEX_POINT('',#107);
#107 = CARTESIAN_POINT('',(-37.1,37.6,80.));
#108 = LINE('',#109,#110);
#109 = CARTESIAN_POINT('',(-45.6,37.6,80.));
#110 = VECTOR('',#111,1.);
#111 = DIRECTION('',(1.,0.,-0.));
#112 = ORIENTED_EDGE('',*,*,#113,.F.);
#113 = EDGE_CURVE('',#24,#106,#114,.T.);
#114 = CIRCLE('',#115,8.5);
#115 = AXIS2_PLACEMENT_3D('',#116,#117,#118);
#116 = CARTESIAN_POINT('',(-37.1,29.1,80.));
#117 = DIRECTION('',(-0.,-0.,-1.));
#118 = DIRECTION('',(0.,-1.,0.));
#119 = FACE_BOUND('',#120,.T.);
#120 = EDGE_LOOP('',(#121,#131,#139,#147));
#121 = ORIENTED_EDGE('',*,*,#122,.T.);
#122 = EDGE_CURVE('',#123,#125,#127,.T.);
#123 = VERTEX_POINT('',#124);
#124 = CARTESIAN_POINT('',(-5.,-2.5,80.));
#125 = VERTEX_POINT('',#126);
#126 = CARTESIAN_POINT('',(-8.,-2.5,80.));
#127 = LINE('',#128,#129);
#128 = CARTESIAN_POINT('',(-5.,-2.5,80.));
#129 = VECTOR('',#130,1.);
#130 = DIRECTION('',(-1.,0.,0.));
#131 = ORIENTED_EDGE('',*,*,#132,.T.);
#132 = EDGE_CURVE('',#125,#133,#135,.T.);
#133 = VERTEX_POINT('',#134);
#134 = CARTESIAN_POINT('',(-8.,2.5,80.));
#135 = LINE('',#136,#137);
#136 = CARTESIAN_POINT('',(-8.,-2.5,80.));
#137 = VECTOR('',#138,1.);
#138 = DIRECTION('',(0.,1.,0.));
#139 = ORIENTED_EDGE('',*,*,#140,.F.);
#140 = EDGE_CURVE('',#141,#133,#143,.T.);
#141 = VERTEX_POINT('',#142);
#142 = CARTESIAN_POINT('',(-5.,2.5,80.));
#143 = LINE('',#144,#145);
#144 = CARTESIAN_POINT('',(-5.,2.5,80.));
#145 = VECTOR('',#146,1.);
#146 = DIRECTION('',(-1.,0.,0.));
#147 = ORIENTED_EDGE('',*,*,#148,.F.);
#148 = EDGE_CURVE('',#123,#141,#149,.T.);
#149 = LINE('',#150,#151);
#150 = CARTESIAN_POINT('',(-5.,-2.5,80.));
#151 = VECTOR('',#152,1.);
#152 = DIRECTION('',(0.,1.,0.));
#153 = FACE_BOUND('',#154,.T.);
#154 = EDGE_LOOP('',(#155,#165,#173,#181));
#155 = ORIENTED_EDGE('',*,*,#156,.F.);
#156 = EDGE_CURVE('',#157,#159,#161,.T.);
#157 = VERTEX_POINT('',#158);
#158 = CARTESIAN_POINT('',(8.,-2.5,80.));
#159 = VERTEX_POINT('',#160);
#160 = CARTESIAN_POINT('',(8.,2.5,80.));
#161 = LINE('',#162,#163);
#162 = CARTESIAN_POINT('',(8.,-2.5,80.));
#163 = VECTOR('',#164,1.);
#164 = DIRECTION('',(0.,1.,0.));
#165 = ORIENTED_EDGE('',*,*,#166,.T.);
#166 = EDGE_CURVE('',#157,#167,#169,.T.);
#167 = VERTEX_POINT('',#168);
#168 = CARTESIAN_POINT('',(5.,-2.5,80.));
#169 = LINE('',#170,#171);
#170 = CARTESIAN_POINT('',(8.,-2.5,80.));
#171 = VECTOR('',#172,1.);
#172 = DIRECTION('',(-1.,0.,0.));
#173 = ORIENTED_EDGE('',*,*,#174,.T.);
#174 = EDGE_CURVE('',#167,#175,#177,.T.);
#175 = VERTEX_POINT('',#176);
#176 = CARTESIAN_POINT('',(5.,2.5,80.));
#177 = LINE('',#178,#179);
#178 = CARTESIAN_POINT('',(5.,-2.5,80.));
#179 = VECTOR('',#180,1.);
#180 = DIRECTION('',(0.,1.,0.));
#181 = ORIENTED_EDGE('',*,*,#182,.F.);
#182 = EDGE_CURVE('',#159,#175,#183,.T.);
#183 = LINE('',#184,#185);
#184 = CARTESIAN_POINT('',(8.,2.5,80.));
#185 = VECTOR('',#186,1.);
#186 = DIRECTION('',(-1.,0.,0.));
#187 = PLANE('',#188);
#188 = AXIS2_PLACEMENT_3D('',#189,#190,#191);
#189 = CARTESIAN_POINT('',(-45.6,-37.6,80.));
#190 = DIRECTION('',(0.,0.,1.));
#191 = DIRECTION('',(1.,0.,-0.));
#192 = ADVANCED_FACE('',(#193),#212,.T.);
#193 = FACE_BOUND('',#194,.T.);
#194 = EDGE_LOOP('',(#195,#204,#210,#211));
#195 = ORIENTED_EDGE('',*,*,#196,.T.);
#196 = EDGE_CURVE('',#32,#197,#199,.T.);
#197 = VERTEX_POINT('',#198);
#198 = CARTESIAN_POINT('',(-37.1,-37.6,63.));
#199 = CIRCLE('',#200,8.5);
#200 = AXIS2_PLACEMENT_3D('',#201,#202,#203);
#201 = CARTESIAN_POINT('',(-37.1,-29.1,63.));
#202 = DIRECTION('',(0.,0.,1.));
#203 = DIRECTION('',(0.,-1.,0.));
#204 = ORIENTED_EDGE('',*,*,#205,.T.);
#205 = EDGE_CURVE('',#197,#63,#206,.T.);
#206 = LINE('',#207,#208);
#207 = CARTESIAN_POINT('',(-37.1,-37.6,63.));
#208 = VECTOR('',#209,1.);
#209 = DIRECTION('',(0.,0.,1.));
#210 = ORIENTED_EDGE('',*,*,#62,.F.);
#211 = ORIENTED_EDGE('',*,*,#31,.F.);
#212 = CYLINDRICAL_SURFACE('',#213,8.5);
#213 = AXIS2_PLACEMENT_3D('',#214,#215,#216);
#214 = CARTESIAN_POINT('',(-37.1,-29.1,63.));
#215 = DIRECTION('',(0.,0.,1.));
#216 = DIRECTION('',(-1.,-0.,0.));
#217 = ADVANCED_FACE('',(#218),#237,.T.);
#218 = FACE_BOUND('',#219,.F.);
#219 = EDGE_LOOP('',(#220,#229,#235,#236));
#220 = ORIENTED_EDGE('',*,*,#221,.T.);
#221 = EDGE_CURVE('',#40,#222,#224,.T.);
#222 = VERTEX_POINT('',#223);
#223 = CARTESIAN_POINT('',(-37.1,37.6,63.));
#224 = CIRCLE('',#225,8.5);
#225 = AXIS2_PLACEMENT_3D('',#226,#227,#228);
#226 = CARTESIAN_POINT('',(-37.1,29.1,63.));
#227 = DIRECTION('',(-0.,-0.,-1.));
#228 = DIRECTION('',(0.,-1.,0.));
#229 = ORIENTED_EDGE('',*,*,#230,.T.);
#230 = EDGE_CURVE('',#222,#106,#231,.T.);
#231 = LINE('',#232,#233);
#232 = CARTESIAN_POINT('',(-37.1,37.6,63.));
#233 = VECTOR('',#234,1.);
#234 = DIRECTION('',(0.,0.,1.));
#235 = ORIENTED_EDGE('',*,*,#113,.F.);
#236 = ORIENTED_EDGE('',*,*,#47,.F.);
#237 = CYLINDRICAL_SURFACE('',#238,8.5);
#238 = AXIS2_PLACEMENT_3D('',#239,#240,#241);
#239 = CARTESIAN_POINT('',(-37.1,29.1,63.));
#240 = DIRECTION('',(0.,0.,1.));
#241 = DIRECTION('',(-1.,-0.,0.));
#242 = ADVANCED_FACE('',(#243,#288),#358,.F.);
#243 = FACE_BOUND('',#244,.F.);
#244 = EDGE_LOOP('',(#245,#246,#247,#255,#264,#272,#281,#287));
#245 = ORIENTED_EDGE('',*,*,#39,.F.);
#246 = ORIENTED_EDGE('',*,*,#196,.T.);
#247 = ORIENTED_EDGE('',*,*,#248,.T.);
#248 = EDGE_CURVE('',#197,#249,#251,.T.);
#249 = VERTEX_POINT('',#250);
#250 = CARTESIAN_POINT('',(37.1,-37.6,63.));
#251 = LINE('',#252,#253);
#252 = CARTESIAN_POINT('',(-45.6,-37.6,63.));
#253 = VECTOR('',#254,1.);
#254 = DIRECTION('',(1.,0.,-0.));
#255 = ORIENTED_EDGE('',*,*,#256,.F.);
#256 = EDGE_CURVE('',#257,#249,#259,.T.);
#257 = VERTEX_POINT('',#258);
#258 = CARTESIAN_POINT('',(45.6,-29.1,63.));
#259 = CIRCLE('',#260,8.5);
#260 = AXIS2_PLACEMENT_3D('',#261,#262,#263);
#261 = CARTESIAN_POINT('',(37.1,-29.1,63.));
#262 = DIRECTION('',(-0.,-0.,-1.));
#263 = DIRECTION('',(0.,-1.,0.));
#264 = ORIENTED_EDGE('',*,*,#265,.T.);
#265 = EDGE_CURVE('',#257,#266,#268,.T.);
#266 = VERTEX_POINT('',#267);
#267 = CARTESIAN_POINT('',(45.6,29.1,63.));
#268 = LINE('',#269,#270);
#269 = CARTESIAN_POINT('',(45.6,-37.6,63.));
#270 = VECTOR('',#271,1.);
#271 = DIRECTION('',(-0.,1.,0.));
#272 = ORIENTED_EDGE('',*,*,#273,.T.);
#273 = EDGE_CURVE('',#266,#274,#276,.T.);
#274 = VERTEX_POINT('',#275);
#275 = CARTESIAN_POINT('',(37.1,37.6,63.));
#276 = CIRCLE('',#277,8.5);
#277 = AXIS2_PLACEMENT_3D('',#278,#279,#280);
#278 = CARTESIAN_POINT('',(37.1,29.1,63.));
#279 = DIRECTION('',(0.,0.,1.));
#280 = DIRECTION('',(0.,-1.,0.));
#281 = ORIENTED_EDGE('',*,*,#282,.F.);
#282 = EDGE_CURVE('',#222,#274,#283,.T.);
#283 = LINE('',#284,#285);
#284 = CARTESIAN_POINT('',(-45.6,37.6,63.));
#285 = VECTOR('',#286,1.);
#286 = DIRECTION('',(1.,0.,-0.));
#287 = ORIENTED_EDGE('',*,*,#221,.F.);
#288 = FACE_BOUND('',#289,.F.);
#289 = EDGE_LOOP('',(#290,#301,#309,#318,#326,#335,#343,#352));
#290 = ORIENTED_EDGE('',*,*,#291,.F.);
#291 = EDGE_CURVE('',#292,#294,#296,.T.);
#292 = VERTEX_POINT('',#293);
#293 = CARTESIAN_POINT('',(-43.1,-29.1,63.));
#294 = VERTEX_POINT('',#295);
#295 = CARTESIAN_POINT('',(-37.1,-35.1,63.));
#296 = CIRCLE('',#297,6.);
#297 = AXIS2_PLACEMENT_3D('',#298,#299,#300);
#298 = CARTESIAN_POINT('',(-37.1,-29.1,63.));
#299 = DIRECTION('',(0.,0.,1.));
#300 = DIRECTION('',(-1.,-0.,0.));
#301 = ORIENTED_EDGE('',*,*,#302,.T.);
#302 = EDGE_CURVE('',#292,#303,#305,.T.);
#303 = VERTEX_POINT('',#304);
#304 = CARTESIAN_POINT('',(-43.1,29.1,63.));
#305 = LINE('',#306,#307);
#306 = CARTESIAN_POINT('',(-43.1,-36.35,63.));
#307 = VECTOR('',#308,1.);
#308 = DIRECTION('',(-0.,1.,0.));
#309 = ORIENTED_EDGE('',*,*,#310,.F.);
#310 = EDGE_CURVE('',#311,#303,#313,.T.);
#311 = VERTEX_POINT('',#312);
#312 = CARTESIAN_POINT('',(-37.1,35.1,63.));
#313 = CIRCLE('',#314,6.);
#314 = AXIS2_PLACEMENT_3D('',#315,#316,#317);
#315 = CARTESIAN_POINT('',(-37.1,29.1,63.));
#316 = DIRECTION('',(0.,0.,1.));
#317 = DIRECTION('',(-1.,-0.,0.));
#318 = ORIENTED_EDGE('',*,*,#319,.F.);
#319 = EDGE_CURVE('',#320,#311,#322,.T.);
#320 = VERTEX_POINT('',#321);
#321 = CARTESIAN_POINT('',(37.1,35.1,63.));
#322 = LINE('',#323,#324);
#323 = CARTESIAN_POINT('',(-44.35,35.1,63.));
#324 = VECTOR('',#325,1.);
#325 = DIRECTION('',(-1.,-0.,0.));
#326 = ORIENTED_EDGE('',*,*,#327,.F.);
#327 = EDGE_CURVE('',#328,#320,#330,.T.);
#328 = VERTEX_POINT('',#329);
#329 = CARTESIAN_POINT('',(43.1,29.1,63.));
#330 = CIRCLE('',#331,6.);
#331 = AXIS2_PLACEMENT_3D('',#332,#333,#334);
#332 = CARTESIAN_POINT('',(37.1,29.1,63.));
#333 = DIRECTION('',(0.,0.,1.));
#334 = DIRECTION('',(1.,0.,-0.));
#335 = ORIENTED_EDGE('',*,*,#336,.F.);
#336 = EDGE_CURVE('',#337,#328,#339,.T.);
#337 = VERTEX_POINT('',#338);
#338 = CARTESIAN_POINT('',(43.1,-29.1,63.));
#339 = LINE('',#340,#341);
#340 = CARTESIAN_POINT('',(43.1,-36.35,63.));
#341 = VECTOR('',#342,1.);
#342 = DIRECTION('',(-0.,1.,0.));
#343 = ORIENTED_EDGE('',*,*,#344,.F.);
#344 = EDGE_CURVE('',#345,#337,#347,.T.);
#345 = VERTEX_POINT('',#346);
#346 = CARTESIAN_POINT('',(37.1,-35.1,63.));
#347 = CIRCLE('',#348,6.);
#348 = AXIS2_PLACEMENT_3D('',#349,#350,#351);
#349 = CARTESIAN_POINT('',(37.1,-29.1,63.));
#350 = DIRECTION('',(0.,0.,1.));
#351 = DIRECTION('',(1.,0.,-0.));
#352 = ORIENTED_EDGE('',*,*,#353,.T.);
#353 = EDGE_CURVE('',#345,#294,#354,.T.);
#354 = LINE('',#355,#356);
#355 = CARTESIAN_POINT('',(-44.35,-35.1,63.));
#356 = VECTOR('',#357,1.);
#357 = DIRECTION('',(-1.,-0.,0.));
#358 = PLANE('',#359);
#359 = AXIS2_PLACEMENT_3D('',#360,#361,#362);
#360 = CARTESIAN_POINT('',(-45.6,-37.6,63.));
#361 = DIRECTION('',(0.,0.,1.));
#362 = DIRECTION('',(1.,0.,-0.));
#363 = ADVANCED_FACE('',(#364),#375,.F.);
#364 = FACE_BOUND('',#365,.F.);
#365 = EDGE_LOOP('',(#366,#367,#368,#369));
#366 = ORIENTED_EDGE('',*,*,#248,.F.);
#367 = ORIENTED_EDGE('',*,*,#205,.T.);
#368 = ORIENTED_EDGE('',*,*,#71,.T.);
#369 = ORIENTED_EDGE('',*,*,#370,.F.);
#370 = EDGE_CURVE('',#249,#72,#371,.T.);
#371 = LINE('',#372,#373);
#372 = CARTESIAN_POINT('',(37.1,-37.6,63.));
#373 = VECTOR('',#374,1.);
#374 = DIRECTION('',(0.,0.,1.));
#375 = PLANE('',#376);
#376 = AXIS2_PLACEMENT_3D('',#377,#378,#379);
#377 = CARTESIAN_POINT('',(-45.6,-37.6,63.));
#378 = DIRECTION('',(-0.,1.,0.));
#379 = DIRECTION('',(0.,0.,1.));
#380 = ADVANCED_FACE('',(#381),#392,.T.);
#381 = FACE_BOUND('',#382,.T.);
#382 = EDGE_LOOP('',(#383,#384,#385,#386));
#383 = ORIENTED_EDGE('',*,*,#282,.F.);
#384 = ORIENTED_EDGE('',*,*,#230,.T.);
#385 = ORIENTED_EDGE('',*,*,#105,.T.);
#386 = ORIENTED_EDGE('',*,*,#387,.F.);
#387 = EDGE_CURVE('',#274,#97,#388,.T.);
#388 = LINE('',#389,#390);
#389 = CARTESIAN_POINT('',(37.1,37.6,63.));
#390 = VECTOR('',#391,1.);
#391 = DIRECTION('',(0.,0.,1.));
#392 = PLANE('',#393);
#393 = AXIS2_PLACEMENT_3D('',#394,#395,#396);
#394 = CARTESIAN_POINT('',(-45.6,37.6,63.));
#395 = DIRECTION('',(-0.,1.,0.));
#396 = DIRECTION('',(0.,0.,1.));
#397 = ADVANCED_FACE('',(#398),#409,.T.);
#398 = FACE_BOUND('',#399,.F.);
#399 = EDGE_LOOP('',(#400,#401,#402,#403));
#400 = ORIENTED_EDGE('',*,*,#256,.T.);
#401 = ORIENTED_EDGE('',*,*,#370,.T.);
#402 = ORIENTED_EDGE('',*,*,#79,.F.);
#403 = ORIENTED_EDGE('',*,*,#404,.F.);
#404 = EDGE_CURVE('',#257,#80,#405,.T.);
#405 = LINE('',#406,#407);
#406 = CARTESIAN_POINT('',(45.6,-29.1,63.));
#407 = VECTOR('',#408,1.);
#408 = DIRECTION('',(0.,0.,1.));
#409 = CYLINDRICAL_SURFACE('',#410,8.5);
#410 = AXIS2_PLACEMENT_3D('',#411,#412,#413);
#411 = CARTESIAN_POINT('',(37.1,-29.1,63.));
#412 = DIRECTION('',(0.,0.,1.));
#413 = DIRECTION('',(1.,0.,-0.));
#414 = ADVANCED_FACE('',(#415),#426,.T.);
#415 = FACE_BOUND('',#416,.T.);
#416 = EDGE_LOOP('',(#417,#418,#419,#420));
#417 = ORIENTED_EDGE('',*,*,#273,.T.);
#418 = ORIENTED_EDGE('',*,*,#387,.T.);
#419 = ORIENTED_EDGE('',*,*,#96,.F.);
#420 = ORIENTED_EDGE('',*,*,#421,.F.);
#421 = EDGE_CURVE('',#266,#89,#422,.T.);
#422 = LINE('',#423,#424);
#423 = CARTESIAN_POINT('',(45.6,29.1,63.));
#424 = VECTOR('',#425,1.);
#425 = DIRECTION('',(0.,0.,1.));
#426 = CYLINDRICAL_SURFACE('',#427,8.5);
#427 = AXIS2_PLACEMENT_3D('',#428,#429,#430);
#428 = CARTESIAN_POINT('',(37.1,29.1,63.));
#429 = DIRECTION('',(0.,0.,1.));
#430 = DIRECTION('',(1.,0.,-0.));
#431 = ADVANCED_FACE('',(#432),#438,.T.);
#432 = FACE_BOUND('',#433,.T.);
#433 = EDGE_LOOP('',(#434,#435,#436,#437));
#434 = ORIENTED_EDGE('',*,*,#88,.F.);
#435 = ORIENTED_EDGE('',*,*,#404,.F.);
#436 = ORIENTED_EDGE('',*,*,#265,.T.);
#437 = ORIENTED_EDGE('',*,*,#421,.T.);
#438 = PLANE('',#439);
#439 = AXIS2_PLACEMENT_3D('',#440,#441,#442);
#440 = CARTESIAN_POINT('',(45.6,-37.6,63.));
#441 = DIRECTION('',(1.,0.,-0.));
#442 = DIRECTION('',(0.,0.,1.));
#443 = ADVANCED_FACE('',(#444),#988,.F.);
#444 = FACE_BOUND('',#445,.F.);
#445 = EDGE_LOOP('',(#446,#454,#462,#470,#478,#486,#494,#502,#510,#518,
    #526,#534,#542,#550,#558,#566,#574,#582,#590,#598,#606,#614,#622,
    #630,#638,#646,#654,#662,#670,#678,#686,#694,#702,#710,#716,#717,
    #725,#733,#741,#749,#757,#765,#773,#781,#789,#797,#805,#813,#821,
    #829,#837,#845,#853,#861,#869,#877,#885,#893,#901,#909,#917,#925,
    #933,#941,#949,#957,#965,#973,#981,#987));
#446 = ORIENTED_EDGE('',*,*,#447,.T.);
#447 = EDGE_CURVE('',#125,#448,#450,.T.);
#448 = VERTEX_POINT('',#449);
#449 = CARTESIAN_POINT('',(-8.,-2.5,85.));
#450 = LINE('',#451,#452);
#451 = CARTESIAN_POINT('',(-8.,-2.5,80.));
#452 = VECTOR('',#453,1.);
#453 = DIRECTION('',(0.,0.,1.));
#454 = ORIENTED_EDGE('',*,*,#455,.T.);
#455 = EDGE_CURVE('',#448,#456,#458,.T.);
#456 = VERTEX_POINT('',#457);
#457 = CARTESIAN_POINT('',(-7.961477813378,-2.5,85.784137122636));
#458 = LINE('',#459,#460);
#459 = CARTESIAN_POINT('',(-8.,-2.5,85.));
#460 = VECTOR('',#461,1.);
#461 = DIRECTION('',(4.906767432742E-02,0.,0.998795456205));
#462 = ORIENTED_EDGE('',*,*,#463,.T.);
#463 = EDGE_CURVE('',#456,#464,#466,.T.);
#464 = VERTEX_POINT('',#465);
#465 = CARTESIAN_POINT('',(-7.846282243226,-2.5,86.560722576129));
#466 = LINE('',#467,#468);
#467 = CARTESIAN_POINT('',(-7.961477813378,-2.5,85.784137122636));
#468 = VECTOR('',#469,1.);
#469 = DIRECTION('',(0.146730474455,0.,0.989176509965));
#470 = ORIENTED_EDGE('',*,*,#471,.T.);
#471 = EDGE_CURVE('',#464,#472,#474,.T.);
#472 = VERTEX_POINT('',#473);
#473 = CARTESIAN_POINT('',(-7.655522685858,-2.5,87.322277418036));
#474 = LINE('',#475,#476);
#475 = CARTESIAN_POINT('',(-7.846282243226,-2.5,86.560722576129));
#476 = VECTOR('',#477,1.);
#477 = DIRECTION('',(0.242980179903,0.,0.970031253195));
#478 = ORIENTED_EDGE('',*,*,#479,.T.);
#479 = EDGE_CURVE('',#472,#480,#482,.T.);
#480 = VERTEX_POINT('',#481);
#481 = CARTESIAN_POINT('',(-7.39103626009,-2.5,88.061467458921));
#482 = LINE('',#483,#484);
#483 = CARTESIAN_POINT('',(-7.655522685858,-2.5,87.322277418036));
#484 = VECTOR('',#485,1.);
#485 = DIRECTION('',(0.336889853392,0.,0.941544065183));
#486 = ORIENTED_EDGE('',*,*,#487,.T.);
#487 = EDGE_CURVE('',#480,#488,#490,.T.);
#488 = VERTEX_POINT('',#489);
#489 = CARTESIAN_POINT('',(-7.055370114787,-2.5,88.771173894608));
#490 = LINE('',#491,#492);
#491 = CARTESIAN_POINT('',(-7.39103626009,-2.5,88.061467458921));
#492 = VECTOR('',#493,1.);
#493 = DIRECTION('',(0.42755509343,0.,0.903989293123));
#494 = ORIENTED_EDGE('',*,*,#495,.T.);
#495 = EDGE_CURVE('',#488,#496,#498,.T.);
#496 = VERTEX_POINT('',#497);
#497 = CARTESIAN_POINT('',(-6.65175689842,-2.5,89.444561864157));
#498 = LINE('',#499,#500);
#499 = CARTESIAN_POINT('',(-7.055370114787,-2.5,88.771173894608));
#500 = VECTOR('',#501,1.);
#501 = DIRECTION('',(0.514102744193,0.,0.85772861));
#502 = ORIENTED_EDGE('',*,*,#503,.T.);
#503 = EDGE_CURVE('',#496,#504,#506,.T.);
#504 = VERTEX_POINT('',#505);
#505 = CARTESIAN_POINT('',(-6.184083626902,-2.5,90.075146273309));
#506 = LINE('',#507,#508);
#507 = CARTESIAN_POINT('',(-6.65175689842,-2.5,89.444561864157));
#508 = VECTOR('',#509,1.);
#509 = DIRECTION('',(0.595699304492,0.,0.803207531481));
#510 = ORIENTED_EDGE('',*,*,#511,.T.);
#511 = EDGE_CURVE('',#504,#512,#514,.T.);
#512 = VERTEX_POINT('',#513);
#513 = CARTESIAN_POINT('',(-5.656854249492,-2.5,90.656854249492));
#514 = LINE('',#515,#516);
#515 = CARTESIAN_POINT('',(-6.184083626902,-2.5,90.075146273309));
#516 = VECTOR('',#517,1.);
#517 = DIRECTION('',(0.671558954847,0.,0.740951125355));
#518 = ORIENTED_EDGE('',*,*,#519,.T.);
#519 = EDGE_CURVE('',#512,#520,#522,.T.);
#520 = VERTEX_POINT('',#521);
#521 = CARTESIAN_POINT('',(-5.075146273309,-2.5,91.184083626902));
#522 = LINE('',#523,#524);
#523 = CARTESIAN_POINT('',(-5.656854249492,-2.5,90.656854249492));
#524 = VECTOR('',#525,1.);
#525 = DIRECTION('',(0.740951125355,0.,0.671558954847));
#526 = ORIENTED_EDGE('',*,*,#527,.T.);
#527 = EDGE_CURVE('',#520,#528,#530,.T.);
#528 = VERTEX_POINT('',#529);
#529 = CARTESIAN_POINT('',(-4.444561864157,-2.5,91.65175689842));
#530 = LINE('',#531,#532);
#531 = CARTESIAN_POINT('',(-5.075146273309,-2.5,91.184083626902));
#532 = VECTOR('',#533,1.);
#533 = DIRECTION('',(0.803207531481,0.,0.595699304492));
#534 = ORIENTED_EDGE('',*,*,#535,.T.);
#535 = EDGE_CURVE('',#528,#536,#538,.T.);
#536 = VERTEX_POINT('',#537);
#537 = CARTESIAN_POINT('',(-3.771173894608,-2.5,92.055370114787));
#538 = LINE('',#539,#540);
#539 = CARTESIAN_POINT('',(-4.444561864157,-2.5,91.65175689842));
#540 = VECTOR('',#541,1.);
#541 = DIRECTION('',(0.85772861,0.,0.514102744193));
#542 = ORIENTED_EDGE('',*,*,#543,.T.);
#543 = EDGE_CURVE('',#536,#544,#546,.T.);
#544 = VERTEX_POINT('',#545);
#545 = CARTESIAN_POINT('',(-3.061467458921,-2.5,92.39103626009));
#546 = LINE('',#547,#548);
#547 = CARTESIAN_POINT('',(-3.771173894608,-2.5,92.055370114787));
#548 = VECTOR('',#549,1.);
#549 = DIRECTION('',(0.903989293123,0.,0.42755509343));
#550 = ORIENTED_EDGE('',*,*,#551,.T.);
#551 = EDGE_CURVE('',#544,#552,#554,.T.);
#552 = VERTEX_POINT('',#553);
#553 = CARTESIAN_POINT('',(-2.322277418036,-2.5,92.655522685858));
#554 = LINE('',#555,#556);
#555 = CARTESIAN_POINT('',(-3.061467458921,-2.5,92.39103626009));
#556 = VECTOR('',#557,1.);
#557 = DIRECTION('',(0.941544065183,0.,0.336889853392));
#558 = ORIENTED_EDGE('',*,*,#559,.T.);
#559 = EDGE_CURVE('',#552,#560,#562,.T.);
#560 = VERTEX_POINT('',#561);
#561 = CARTESIAN_POINT('',(-1.560722576129,-2.5,92.846282243226));
#562 = LINE('',#563,#564);
#563 = CARTESIAN_POINT('',(-2.322277418036,-2.5,92.655522685858));
#564 = VECTOR('',#565,1.);
#565 = DIRECTION('',(0.970031253195,0.,0.242980179903));
#566 = ORIENTED_EDGE('',*,*,#567,.T.);
#567 = EDGE_CURVE('',#560,#568,#570,.T.);
#568 = VERTEX_POINT('',#569);
#569 = CARTESIAN_POINT('',(-0.784137122636,-2.5,92.961477813378));
#570 = LINE('',#571,#572);
#571 = CARTESIAN_POINT('',(-1.560722576129,-2.5,92.846282243226));
#572 = VECTOR('',#573,1.);
#573 = DIRECTION('',(0.989176509965,0.,0.146730474455));
#574 = ORIENTED_EDGE('',*,*,#575,.T.);
#575 = EDGE_CURVE('',#568,#576,#578,.T.);
#576 = VERTEX_POINT('',#577);
#577 = CARTESIAN_POINT('',(4.898587196589E-16,-2.5,93.));
#578 = LINE('',#579,#580);
#579 = CARTESIAN_POINT('',(-0.784137122636,-2.5,92.961477813378));
#580 = VECTOR('',#581,1.);
#581 = DIRECTION('',(0.998795456205,0.,4.906767432742E-02));
#582 = ORIENTED_EDGE('',*,*,#583,.T.);
#583 = EDGE_CURVE('',#576,#584,#586,.T.);
#584 = VERTEX_POINT('',#585);
#585 = CARTESIAN_POINT('',(0.784137122636,-2.5,92.961477813378));
#586 = LINE('',#587,#588);
#587 = CARTESIAN_POINT('',(4.898587196589E-16,-2.5,93.));
#588 = VECTOR('',#589,1.);
#589 = DIRECTION('',(0.998795456205,0.,-4.906767432742E-02));
#590 = ORIENTED_EDGE('',*,*,#591,.T.);
#591 = EDGE_CURVE('',#584,#592,#594,.T.);
#592 = VERTEX_POINT('',#593);
#593 = CARTESIAN_POINT('',(1.560722576129,-2.5,92.846282243226));
#594 = LINE('',#595,#596);
#595 = CARTESIAN_POINT('',(0.784137122636,-2.5,92.961477813378));
#596 = VECTOR('',#597,1.);
#597 = DIRECTION('',(0.989176509965,0.,-0.146730474455));
#598 = ORIENTED_EDGE('',*,*,#599,.T.);
#599 = EDGE_CURVE('',#592,#600,#602,.T.);
#600 = VERTEX_POINT('',#601);
#601 = CARTESIAN_POINT('',(2.322277418036,-2.5,92.655522685858));
#602 = LINE('',#603,#604);
#603 = CARTESIAN_POINT('',(1.560722576129,-2.5,92.846282243226));
#604 = VECTOR('',#605,1.);
#605 = DIRECTION('',(0.970031253195,0.,-0.242980179903));
#606 = ORIENTED_EDGE('',*,*,#607,.T.);
#607 = EDGE_CURVE('',#600,#608,#610,.T.);
#608 = VERTEX_POINT('',#609);
#609 = CARTESIAN_POINT('',(3.061467458921,-2.5,92.39103626009));
#610 = LINE('',#611,#612);
#611 = CARTESIAN_POINT('',(2.322277418036,-2.5,92.655522685858));
#612 = VECTOR('',#613,1.);
#613 = DIRECTION('',(0.941544065183,0.,-0.336889853392));
#614 = ORIENTED_EDGE('',*,*,#615,.T.);
#615 = EDGE_CURVE('',#608,#616,#618,.T.);
#616 = VERTEX_POINT('',#617);
#617 = CARTESIAN_POINT('',(3.771173894608,-2.5,92.055370114787));
#618 = LINE('',#619,#620);
#619 = CARTESIAN_POINT('',(3.061467458921,-2.5,92.39103626009));
#620 = VECTOR('',#621,1.);
#621 = DIRECTION('',(0.903989293123,0.,-0.42755509343));
#622 = ORIENTED_EDGE('',*,*,#623,.T.);
#623 = EDGE_CURVE('',#616,#624,#626,.T.);
#624 = VERTEX_POINT('',#625);
#625 = CARTESIAN_POINT('',(4.444561864157,-2.5,91.65175689842));
#626 = LINE('',#627,#628);
#627 = CARTESIAN_POINT('',(3.771173894608,-2.5,92.055370114787));
#628 = VECTOR('',#629,1.);
#629 = DIRECTION('',(0.85772861,0.,-0.514102744193));
#630 = ORIENTED_EDGE('',*,*,#631,.T.);
#631 = EDGE_CURVE('',#624,#632,#634,.T.);
#632 = VERTEX_POINT('',#633);
#633 = CARTESIAN_POINT('',(5.075146273309,-2.5,91.184083626902));
#634 = LINE('',#635,#636);
#635 = CARTESIAN_POINT('',(4.444561864157,-2.5,91.65175689842));
#636 = VECTOR('',#637,1.);
#637 = DIRECTION('',(0.803207531481,0.,-0.595699304492));
#638 = ORIENTED_EDGE('',*,*,#639,.T.);
#639 = EDGE_CURVE('',#632,#640,#642,.T.);
#640 = VERTEX_POINT('',#641);
#641 = CARTESIAN_POINT('',(5.656854249492,-2.5,90.656854249492));
#642 = LINE('',#643,#644);
#643 = CARTESIAN_POINT('',(5.075146273309,-2.5,91.184083626902));
#644 = VECTOR('',#645,1.);
#645 = DIRECTION('',(0.740951125355,0.,-0.671558954847));
#646 = ORIENTED_EDGE('',*,*,#647,.T.);
#647 = EDGE_CURVE('',#640,#648,#650,.T.);
#648 = VERTEX_POINT('',#649);
#649 = CARTESIAN_POINT('',(6.184083626902,-2.5,90.075146273309));
#650 = LINE('',#651,#652);
#651 = CARTESIAN_POINT('',(5.656854249492,-2.5,90.656854249492));
#652 = VECTOR('',#653,1.);
#653 = DIRECTION('',(0.671558954847,0.,-0.740951125355));
#654 = ORIENTED_EDGE('',*,*,#655,.T.);
#655 = EDGE_CURVE('',#648,#656,#658,.T.);
#656 = VERTEX_POINT('',#657);
#657 = CARTESIAN_POINT('',(6.65175689842,-2.5,89.444561864157));
#658 = LINE('',#659,#660);
#659 = CARTESIAN_POINT('',(6.184083626902,-2.5,90.075146273309));
#660 = VECTOR('',#661,1.);
#661 = DIRECTION('',(0.595699304492,0.,-0.803207531481));
#662 = ORIENTED_EDGE('',*,*,#663,.T.);
#663 = EDGE_CURVE('',#656,#664,#666,.T.);
#664 = VERTEX_POINT('',#665);
#665 = CARTESIAN_POINT('',(7.055370114787,-2.5,88.771173894608));
#666 = LINE('',#667,#668);
#667 = CARTESIAN_POINT('',(6.65175689842,-2.5,89.444561864157));
#668 = VECTOR('',#669,1.);
#669 = DIRECTION('',(0.514102744193,0.,-0.85772861));
#670 = ORIENTED_EDGE('',*,*,#671,.T.);
#671 = EDGE_CURVE('',#664,#672,#674,.T.);
#672 = VERTEX_POINT('',#673);
#673 = CARTESIAN_POINT('',(7.39103626009,-2.5,88.061467458921));
#674 = LINE('',#675,#676);
#675 = CARTESIAN_POINT('',(7.055370114787,-2.5,88.771173894608));
#676 = VECTOR('',#677,1.);
#677 = DIRECTION('',(0.42755509343,0.,-0.903989293123));
#678 = ORIENTED_EDGE('',*,*,#679,.T.);
#679 = EDGE_CURVE('',#672,#680,#682,.T.);
#680 = VERTEX_POINT('',#681);
#681 = CARTESIAN_POINT('',(7.655522685858,-2.5,87.322277418036));
#682 = LINE('',#683,#684);
#683 = CARTESIAN_POINT('',(7.39103626009,-2.5,88.061467458921));
#684 = VECTOR('',#685,1.);
#685 = DIRECTION('',(0.336889853392,0.,-0.941544065183));
#686 = ORIENTED_EDGE('',*,*,#687,.T.);
#687 = EDGE_CURVE('',#680,#688,#690,.T.);
#688 = VERTEX_POINT('',#689);
#689 = CARTESIAN_POINT('',(7.846282243226,-2.5,86.560722576129));
#690 = LINE('',#691,#692);
#691 = CARTESIAN_POINT('',(7.655522685858,-2.5,87.322277418036));
#692 = VECTOR('',#693,1.);
#693 = DIRECTION('',(0.242980179903,0.,-0.970031253195));
#694 = ORIENTED_EDGE('',*,*,#695,.T.);
#695 = EDGE_CURVE('',#688,#696,#698,.T.);
#696 = VERTEX_POINT('',#697);
#697 = CARTESIAN_POINT('',(7.961477813378,-2.5,85.784137122636));
#698 = LINE('',#699,#700);
#699 = CARTESIAN_POINT('',(7.846282243226,-2.5,86.560722576129));
#700 = VECTOR('',#701,1.);
#701 = DIRECTION('',(0.146730474455,0.,-0.989176509965));
#702 = ORIENTED_EDGE('',*,*,#703,.T.);
#703 = EDGE_CURVE('',#696,#704,#706,.T.);
#704 = VERTEX_POINT('',#705);
#705 = CARTESIAN_POINT('',(8.,-2.5,85.));
#706 = LINE('',#707,#708);
#707 = CARTESIAN_POINT('',(7.961477813378,-2.5,85.784137122636));
#708 = VECTOR('',#709,1.);
#709 = DIRECTION('',(4.906767432742E-02,0.,-0.998795456205));
#710 = ORIENTED_EDGE('',*,*,#711,.T.);
#711 = EDGE_CURVE('',#704,#157,#712,.T.);
#712 = LINE('',#713,#714);
#713 = CARTESIAN_POINT('',(8.,-2.5,85.));
#714 = VECTOR('',#715,1.);
#715 = DIRECTION('',(0.,0.,-1.));
#716 = ORIENTED_EDGE('',*,*,#166,.T.);
#717 = ORIENTED_EDGE('',*,*,#718,.T.);
#718 = EDGE_CURVE('',#167,#719,#721,.T.);
#719 = VERTEX_POINT('',#720);
#720 = CARTESIAN_POINT('',(5.,-2.5,85.));
#721 = LINE('',#722,#723);
#722 = CARTESIAN_POINT('',(5.,-2.5,80.));
#723 = VECTOR('',#724,1.);
#724 = DIRECTION('',(0.,0.,1.));
#725 = ORIENTED_EDGE('',*,*,#726,.T.);
#726 = EDGE_CURVE('',#719,#727,#729,.T.);
#727 = VERTEX_POINT('',#728);
#728 = CARTESIAN_POINT('',(4.975923633361,-2.5,85.490085701648));
#729 = LINE('',#730,#731);
#730 = CARTESIAN_POINT('',(5.,-2.5,85.));
#731 = VECTOR('',#732,1.);
#732 = DIRECTION('',(-4.906767432742E-02,0.,0.998795456205));
#733 = ORIENTED_EDGE('',*,*,#734,.T.);
#734 = EDGE_CURVE('',#727,#735,#737,.T.);
#735 = VERTEX_POINT('',#736);
#736 = CARTESIAN_POINT('',(4.903926402016,-2.5,85.975451610081));
#737 = LINE('',#738,#739);
#738 = CARTESIAN_POINT('',(4.975923633361,-2.5,85.490085701648));
#739 = VECTOR('',#740,1.);
#740 = DIRECTION('',(-0.146730474455,0.,0.989176509965));
#741 = ORIENTED_EDGE('',*,*,#742,.T.);
#742 = EDGE_CURVE('',#735,#743,#745,.T.);
#743 = VERTEX_POINT('',#744);
#744 = CARTESIAN_POINT('',(4.784701678661,-2.5,86.451423386272));
#745 = LINE('',#746,#747);
#746 = CARTESIAN_POINT('',(4.903926402016,-2.5,85.975451610081));
#747 = VECTOR('',#748,1.);
#748 = DIRECTION('',(-0.242980179903,0.,0.970031253195));
#749 = ORIENTED_EDGE('',*,*,#750,.T.);
#750 = EDGE_CURVE('',#743,#751,#753,.T.);
#751 = VERTEX_POINT('',#752);
#752 = CARTESIAN_POINT('',(4.619397662556,-2.5,86.913417161825));
#753 = LINE('',#754,#755);
#754 = CARTESIAN_POINT('',(4.784701678661,-2.5,86.451423386272));
#755 = VECTOR('',#756,1.);
#756 = DIRECTION('',(-0.336889853392,0.,0.941544065183));
#757 = ORIENTED_EDGE('',*,*,#758,.T.);
#758 = EDGE_CURVE('',#751,#759,#761,.T.);
#759 = VERTEX_POINT('',#760);
#760 = CARTESIAN_POINT('',(4.409606321742,-2.5,87.35698368413));
#761 = LINE('',#762,#763);
#762 = CARTESIAN_POINT('',(4.619397662556,-2.5,86.913417161825));
#763 = VECTOR('',#764,1.);
#764 = DIRECTION('',(-0.42755509343,0.,0.903989293123));
#765 = ORIENTED_EDGE('',*,*,#766,.T.);
#766 = EDGE_CURVE('',#759,#767,#769,.T.);
#767 = VERTEX_POINT('',#768);
#768 = CARTESIAN_POINT('',(4.157348061513,-2.5,87.777851165098));
#769 = LINE('',#770,#771);
#770 = CARTESIAN_POINT('',(4.409606321742,-2.5,87.35698368413));
#771 = VECTOR('',#772,1.);
#772 = DIRECTION('',(-0.514102744193,0.,0.85772861));
#773 = ORIENTED_EDGE('',*,*,#774,.T.);
#774 = EDGE_CURVE('',#767,#775,#777,.T.);
#775 = VERTEX_POINT('',#776);
#776 = CARTESIAN_POINT('',(3.865052266814,-2.5,88.171966420818));
#777 = LINE('',#778,#779);
#778 = CARTESIAN_POINT('',(4.157348061513,-2.5,87.777851165098));
#779 = VECTOR('',#780,1.);
#780 = DIRECTION('',(-0.595699304492,0.,0.803207531481));
#781 = ORIENTED_EDGE('',*,*,#782,.T.);
#782 = EDGE_CURVE('',#775,#783,#785,.T.);
#783 = VERTEX_POINT('',#784);
#784 = CARTESIAN_POINT('',(3.535533905933,-2.5,88.535533905933));
#785 = LINE('',#786,#787);
#786 = CARTESIAN_POINT('',(3.865052266814,-2.5,88.171966420818));
#787 = VECTOR('',#788,1.);
#788 = DIRECTION('',(-0.671558954847,0.,0.740951125355));
#789 = ORIENTED_EDGE('',*,*,#790,.T.);
#790 = EDGE_CURVE('',#783,#791,#793,.T.);
#791 = VERTEX_POINT('',#792);
#792 = CARTESIAN_POINT('',(3.171966420818,-2.5,88.865052266814));
#793 = LINE('',#794,#795);
#794 = CARTESIAN_POINT('',(3.535533905933,-2.5,88.535533905933));
#795 = VECTOR('',#796,1.);
#796 = DIRECTION('',(-0.740951125355,0.,0.671558954847));
#797 = ORIENTED_EDGE('',*,*,#798,.T.);
#798 = EDGE_CURVE('',#791,#799,#801,.T.);
#799 = VERTEX_POINT('',#800);
#800 = CARTESIAN_POINT('',(2.777851165098,-2.5,89.157348061513));
#801 = LINE('',#802,#803);
#802 = CARTESIAN_POINT('',(3.171966420818,-2.5,88.865052266814));
#803 = VECTOR('',#804,1.);
#804 = DIRECTION('',(-0.803207531481,0.,0.595699304492));
#805 = ORIENTED_EDGE('',*,*,#806,.T.);
#806 = EDGE_CURVE('',#799,#807,#809,.T.);
#807 = VERTEX_POINT('',#808);
#808 = CARTESIAN_POINT('',(2.35698368413,-2.5,89.409606321742));
#809 = LINE('',#810,#811);
#810 = CARTESIAN_POINT('',(2.777851165098,-2.5,89.157348061513));
#811 = VECTOR('',#812,1.);
#812 = DIRECTION('',(-0.85772861,0.,0.514102744193));
#813 = ORIENTED_EDGE('',*,*,#814,.T.);
#814 = EDGE_CURVE('',#807,#815,#817,.T.);
#815 = VERTEX_POINT('',#816);
#816 = CARTESIAN_POINT('',(1.913417161825,-2.5,89.619397662556));
#817 = LINE('',#818,#819);
#818 = CARTESIAN_POINT('',(2.35698368413,-2.5,89.409606321742));
#819 = VECTOR('',#820,1.);
#820 = DIRECTION('',(-0.903989293123,0.,0.42755509343));
#821 = ORIENTED_EDGE('',*,*,#822,.T.);
#822 = EDGE_CURVE('',#815,#823,#825,.T.);
#823 = VERTEX_POINT('',#824);
#824 = CARTESIAN_POINT('',(1.451423386272,-2.5,89.784701678661));
#825 = LINE('',#826,#827);
#826 = CARTESIAN_POINT('',(1.913417161825,-2.5,89.619397662556));
#827 = VECTOR('',#828,1.);
#828 = DIRECTION('',(-0.941544065183,0.,0.336889853392));
#829 = ORIENTED_EDGE('',*,*,#830,.T.);
#830 = EDGE_CURVE('',#823,#831,#833,.T.);
#831 = VERTEX_POINT('',#832);
#832 = CARTESIAN_POINT('',(0.975451610081,-2.5,89.903926402016));
#833 = LINE('',#834,#835);
#834 = CARTESIAN_POINT('',(1.451423386272,-2.5,89.784701678661));
#835 = VECTOR('',#836,1.);
#836 = DIRECTION('',(-0.970031253195,0.,0.242980179903));
#837 = ORIENTED_EDGE('',*,*,#838,.T.);
#838 = EDGE_CURVE('',#831,#839,#841,.T.);
#839 = VERTEX_POINT('',#840);
#840 = CARTESIAN_POINT('',(0.490085701648,-2.5,89.975923633361));
#841 = LINE('',#842,#843);
#842 = CARTESIAN_POINT('',(0.975451610081,-2.5,89.903926402016));
#843 = VECTOR('',#844,1.);
#844 = DIRECTION('',(-0.989176509965,0.,0.146730474455));
#845 = ORIENTED_EDGE('',*,*,#846,.T.);
#846 = EDGE_CURVE('',#839,#847,#849,.T.);
#847 = VERTEX_POINT('',#848);
#848 = CARTESIAN_POINT('',(3.061616997868E-16,-2.5,90.));
#849 = LINE('',#850,#851);
#850 = CARTESIAN_POINT('',(0.490085701648,-2.5,89.975923633361));
#851 = VECTOR('',#852,1.);
#852 = DIRECTION('',(-0.998795456205,0.,4.906767432743E-02));
#853 = ORIENTED_EDGE('',*,*,#854,.T.);
#854 = EDGE_CURVE('',#847,#855,#857,.T.);
#855 = VERTEX_POINT('',#856);
#856 = CARTESIAN_POINT('',(-0.490085701648,-2.5,89.975923633361));
#857 = LINE('',#858,#859);
#858 = CARTESIAN_POINT('',(3.061616997868E-16,-2.5,90.));
#859 = VECTOR('',#860,1.);
#860 = DIRECTION('',(-0.998795456205,0.,-4.90676743274E-02));
#861 = ORIENTED_EDGE('',*,*,#862,.T.);
#862 = EDGE_CURVE('',#855,#863,#865,.T.);
#863 = VERTEX_POINT('',#864);
#864 = CARTESIAN_POINT('',(-0.975451610081,-2.5,89.903926402016));
#865 = LINE('',#866,#867);
#866 = CARTESIAN_POINT('',(-0.490085701648,-2.5,89.975923633361));
#867 = VECTOR('',#868,1.);
#868 = DIRECTION('',(-0.989176509965,0.,-0.146730474455));
#869 = ORIENTED_EDGE('',*,*,#870,.T.);
#870 = EDGE_CURVE('',#863,#871,#873,.T.);
#871 = VERTEX_POINT('',#872);
#872 = CARTESIAN_POINT('',(-1.451423386272,-2.5,89.784701678661));
#873 = LINE('',#874,#875);
#874 = CARTESIAN_POINT('',(-0.975451610081,-2.5,89.903926402016));
#875 = VECTOR('',#876,1.);
#876 = DIRECTION('',(-0.970031253195,0.,-0.242980179903));
#877 = ORIENTED_EDGE('',*,*,#878,.T.);
#878 = EDGE_CURVE('',#871,#879,#881,.T.);
#879 = VERTEX_POINT('',#880);
#880 = CARTESIAN_POINT('',(-1.913417161825,-2.5,89.619397662556));
#881 = LINE('',#882,#883);
#882 = CARTESIAN_POINT('',(-1.451423386272,-2.5,89.784701678661));
#883 = VECTOR('',#884,1.);
#884 = DIRECTION('',(-0.941544065183,0.,-0.336889853392));
#885 = ORIENTED_EDGE('',*,*,#886,.T.);
#886 = EDGE_CURVE('',#879,#887,#889,.T.);
#887 = VERTEX_POINT('',#888);
#888 = CARTESIAN_POINT('',(-2.35698368413,-2.5,89.409606321742));
#889 = LINE('',#890,#891);
#890 = CARTESIAN_POINT('',(-1.913417161825,-2.5,89.619397662556));
#891 = VECTOR('',#892,1.);
#892 = DIRECTION('',(-0.903989293123,0.,-0.42755509343));
#893 = ORIENTED_EDGE('',*,*,#894,.T.);
#894 = EDGE_CURVE('',#887,#895,#897,.T.);
#895 = VERTEX_POINT('',#896);
#896 = CARTESIAN_POINT('',(-2.777851165098,-2.5,89.157348061513));
#897 = LINE('',#898,#899);
#898 = CARTESIAN_POINT('',(-2.35698368413,-2.5,89.409606321742));
#899 = VECTOR('',#900,1.);
#900 = DIRECTION('',(-0.85772861,0.,-0.514102744193));
#901 = ORIENTED_EDGE('',*,*,#902,.T.);
#902 = EDGE_CURVE('',#895,#903,#905,.T.);
#903 = VERTEX_POINT('',#904);
#904 = CARTESIAN_POINT('',(-3.171966420818,-2.5,88.865052266814));
#905 = LINE('',#906,#907);
#906 = CARTESIAN_POINT('',(-2.777851165098,-2.5,89.157348061513));
#907 = VECTOR('',#908,1.);
#908 = DIRECTION('',(-0.803207531481,0.,-0.595699304492));
#909 = ORIENTED_EDGE('',*,*,#910,.T.);
#910 = EDGE_CURVE('',#903,#911,#913,.T.);
#911 = VERTEX_POINT('',#912);
#912 = CARTESIAN_POINT('',(-3.535533905933,-2.5,88.535533905933));
#913 = LINE('',#914,#915);
#914 = CARTESIAN_POINT('',(-3.171966420818,-2.5,88.865052266814));
#915 = VECTOR('',#916,1.);
#916 = DIRECTION('',(-0.740951125355,0.,-0.671558954847));
#917 = ORIENTED_EDGE('',*,*,#918,.T.);
#918 = EDGE_CURVE('',#911,#919,#921,.T.);
#919 = VERTEX_POINT('',#920);
#920 = CARTESIAN_POINT('',(-3.865052266814,-2.5,88.171966420818));
#921 = LINE('',#922,#923);
#922 = CARTESIAN_POINT('',(-3.535533905933,-2.5,88.535533905933));
#923 = VECTOR('',#924,1.);
#924 = DIRECTION('',(-0.671558954847,0.,-0.740951125355));
#925 = ORIENTED_EDGE('',*,*,#926,.T.);
#926 = EDGE_CURVE('',#919,#927,#929,.T.);
#927 = VERTEX_POINT('',#928);
#928 = CARTESIAN_POINT('',(-4.157348061513,-2.5,87.777851165098));
#929 = LINE('',#930,#931);
#930 = CARTESIAN_POINT('',(-3.865052266814,-2.5,88.171966420818));
#931 = VECTOR('',#932,1.);
#932 = DIRECTION('',(-0.595699304492,0.,-0.803207531481));
#933 = ORIENTED_EDGE('',*,*,#934,.T.);
#934 = EDGE_CURVE('',#927,#935,#937,.T.);
#935 = VERTEX_POINT('',#936);
#936 = CARTESIAN_POINT('',(-4.409606321742,-2.5,87.35698368413));
#937 = LINE('',#938,#939);
#938 = CARTESIAN_POINT('',(-4.157348061513,-2.5,87.777851165098));
#939 = VECTOR('',#940,1.);
#940 = DIRECTION('',(-0.514102744193,0.,-0.85772861));
#941 = ORIENTED_EDGE('',*,*,#942,.T.);
#942 = EDGE_CURVE('',#935,#943,#945,.T.);
#943 = VERTEX_POINT('',#944);
#944 = CARTESIAN_POINT('',(-4.619397662556,-2.5,86.913417161825));
#945 = LINE('',#946,#947);
#946 = CARTESIAN_POINT('',(-4.409606321742,-2.5,87.35698368413));
#947 = VECTOR('',#948,1.);
#948 = DIRECTION('',(-0.42755509343,0.,-0.903989293123));
#949 = ORIENTED_EDGE('',*,*,#950,.T.);
#950 = EDGE_CURVE('',#943,#951,#953,.T.);
#951 = VERTEX_POINT('',#952);
#952 = CARTESIAN_POINT('',(-4.784701678661,-2.5,86.451423386272));
#953 = LINE('',#954,#955);
#954 = CARTESIAN_POINT('',(-4.619397662556,-2.5,86.913417161825));
#955 = VECTOR('',#956,1.);
#956 = DIRECTION('',(-0.336889853392,0.,-0.941544065183));
#957 = ORIENTED_EDGE('',*,*,#958,.T.);
#958 = EDGE_CURVE('',#951,#959,#961,.T.);
#959 = VERTEX_POINT('',#960);
#960 = CARTESIAN_POINT('',(-4.903926402016,-2.5,85.975451610081));
#961 = LINE('',#962,#963);
#962 = CARTESIAN_POINT('',(-4.784701678661,-2.5,86.451423386272));
#963 = VECTOR('',#964,1.);
#964 = DIRECTION('',(-0.242980179903,0.,-0.970031253195));
#965 = ORIENTED_EDGE('',*,*,#966,.T.);
#966 = EDGE_CURVE('',#959,#967,#969,.T.);
#967 = VERTEX_POINT('',#968);
#968 = CARTESIAN_POINT('',(-4.975923633361,-2.5,85.490085701648));
#969 = LINE('',#970,#971);
#970 = CARTESIAN_POINT('',(-4.903926402016,-2.5,85.975451610081));
#971 = VECTOR('',#972,1.);
#972 = DIRECTION('',(-0.146730474455,0.,-0.989176509965));
#973 = ORIENTED_EDGE('',*,*,#974,.T.);
#974 = EDGE_CURVE('',#967,#975,#977,.T.);
#975 = VERTEX_POINT('',#976);
#976 = CARTESIAN_POINT('',(-5.,-2.5,85.));
#977 = LINE('',#978,#979);
#978 = CARTESIAN_POINT('',(-4.975923633361,-2.5,85.490085701648));
#979 = VECTOR('',#980,1.);
#980 = DIRECTION('',(-4.906767432742E-02,0.,-0.998795456205));
#981 = ORIENTED_EDGE('',*,*,#982,.T.);
#982 = EDGE_CURVE('',#975,#123,#983,.T.);
#983 = LINE('',#984,#985);
#984 = CARTESIAN_POINT('',(-5.,-2.5,85.));
#985 = VECTOR('',#986,1.);
#986 = DIRECTION('',(0.,0.,-1.));
#987 = ORIENTED_EDGE('',*,*,#122,.T.);
#988 = PLANE('',#989);
#989 = AXIS2_PLACEMENT_3D('',#990,#991,#992);
#990 = CARTESIAN_POINT('',(-2.126599701502E-16,-2.5,86.463323728476));
#991 = DIRECTION('',(0.,1.,0.));
#992 = DIRECTION('',(0.,-0.,1.));
#993 = ADVANCED_FACE('',(#994),#1012,.F.);
#994 = FACE_BOUND('',#995,.F.);
#995 = EDGE_LOOP('',(#996,#1004,#1010,#1011));
#996 = ORIENTED_EDGE('',*,*,#997,.T.);
#997 = EDGE_CURVE('',#975,#998,#1000,.T.);
#998 = VERTEX_POINT('',#999);
#999 = CARTESIAN_POINT('',(-5.,2.5,85.));
#1000 = LINE('',#1001,#1002);
#1001 = CARTESIAN_POINT('',(-5.,-2.5,85.));
#1002 = VECTOR('',#1003,1.);
#1003 = DIRECTION('',(0.,1.,0.));
#1004 = ORIENTED_EDGE('',*,*,#1005,.T.);
#1005 = EDGE_CURVE('',#998,#141,#1006,.T.);
#1006 = LINE('',#1007,#1008);
#1007 = CARTESIAN_POINT('',(-5.,2.5,85.));
#1008 = VECTOR('',#1009,1.);
#1009 = DIRECTION('',(0.,0.,-1.));
#1010 = ORIENTED_EDGE('',*,*,#148,.F.);
#1011 = ORIENTED_EDGE('',*,*,#982,.F.);
#1012 = PLANE('',#1013);
#1013 = AXIS2_PLACEMENT_3D('',#1014,#1015,#1016);
#1014 = CARTESIAN_POINT('',(-5.,-2.5,85.));
#1015 = DIRECTION('',(-1.,0.,0.));
#1016 = DIRECTION('',(0.,0.,-1.));
#1017 = ADVANCED_FACE('',(#1018),#1555,.T.);
#1018 = FACE_BOUND('',#1019,.T.);
#1019 = EDGE_LOOP('',(#1020,#1028,#1036,#1044,#1052,#1060,#1068,#1076,
    #1084,#1092,#1100,#1108,#1116,#1124,#1132,#1140,#1148,#1156,#1164,
    #1172,#1180,#1188,#1196,#1204,#1212,#1220,#1228,#1236,#1244,#1252,
    #1260,#1268,#1276,#1284,#1290,#1291,#1299,#1307,#1315,#1323,#1331,
    #1339,#1347,#1355,#1363,#1371,#1379,#1387,#1395,#1403,#1411,#1419,
    #1427,#1435,#1443,#1451,#1459,#1467,#1475,#1483,#1491,#1499,#1507,
    #1515,#1523,#1531,#1539,#1547,#1553,#1554));
#1020 = ORIENTED_EDGE('',*,*,#1021,.T.);
#1021 = EDGE_CURVE('',#133,#1022,#1024,.T.);
#1022 = VERTEX_POINT('',#1023);
#1023 = CARTESIAN_POINT('',(-8.,2.5,85.));
#1024 = LINE('',#1025,#1026);
#1025 = CARTESIAN_POINT('',(-8.,2.5,80.));
#1026 = VECTOR('',#1027,1.);
#1027 = DIRECTION('',(0.,0.,1.));
#1028 = ORIENTED_EDGE('',*,*,#1029,.T.);
#1029 = EDGE_CURVE('',#1022,#1030,#1032,.T.);
#1030 = VERTEX_POINT('',#1031);
#1031 = CARTESIAN_POINT('',(-7.961477813378,2.5,85.784137122636));
#1032 = LINE('',#1033,#1034);
#1033 = CARTESIAN_POINT('',(-8.,2.5,85.));
#1034 = VECTOR('',#1035,1.);
#1035 = DIRECTION('',(4.906767432742E-02,0.,0.998795456205));
#1036 = ORIENTED_EDGE('',*,*,#1037,.T.);
#1037 = EDGE_CURVE('',#1030,#1038,#1040,.T.);
#1038 = VERTEX_POINT('',#1039);
#1039 = CARTESIAN_POINT('',(-7.846282243226,2.5,86.560722576129));
#1040 = LINE('',#1041,#1042);
#1041 = CARTESIAN_POINT('',(-7.961477813378,2.5,85.784137122636));
#1042 = VECTOR('',#1043,1.);
#1043 = DIRECTION('',(0.146730474455,0.,0.989176509965));
#1044 = ORIENTED_EDGE('',*,*,#1045,.T.);
#1045 = EDGE_CURVE('',#1038,#1046,#1048,.T.);
#1046 = VERTEX_POINT('',#1047);
#1047 = CARTESIAN_POINT('',(-7.655522685858,2.5,87.322277418036));
#1048 = LINE('',#1049,#1050);
#1049 = CARTESIAN_POINT('',(-7.846282243226,2.5,86.560722576129));
#1050 = VECTOR('',#1051,1.);
#1051 = DIRECTION('',(0.242980179903,0.,0.970031253195));
#1052 = ORIENTED_EDGE('',*,*,#1053,.T.);
#1053 = EDGE_CURVE('',#1046,#1054,#1056,.T.);
#1054 = VERTEX_POINT('',#1055);
#1055 = CARTESIAN_POINT('',(-7.39103626009,2.5,88.061467458921));
#1056 = LINE('',#1057,#1058);
#1057 = CARTESIAN_POINT('',(-7.655522685858,2.5,87.322277418036));
#1058 = VECTOR('',#1059,1.);
#1059 = DIRECTION('',(0.336889853392,0.,0.941544065183));
#1060 = ORIENTED_EDGE('',*,*,#1061,.T.);
#1061 = EDGE_CURVE('',#1054,#1062,#1064,.T.);
#1062 = VERTEX_POINT('',#1063);
#1063 = CARTESIAN_POINT('',(-7.055370114787,2.5,88.771173894608));
#1064 = LINE('',#1065,#1066);
#1065 = CARTESIAN_POINT('',(-7.39103626009,2.5,88.061467458921));
#1066 = VECTOR('',#1067,1.);
#1067 = DIRECTION('',(0.42755509343,0.,0.903989293123));
#1068 = ORIENTED_EDGE('',*,*,#1069,.T.);
#1069 = EDGE_CURVE('',#1062,#1070,#1072,.T.);
#1070 = VERTEX_POINT('',#1071);
#1071 = CARTESIAN_POINT('',(-6.65175689842,2.5,89.444561864157));
#1072 = LINE('',#1073,#1074);
#1073 = CARTESIAN_POINT('',(-7.055370114787,2.5,88.771173894608));
#1074 = VECTOR('',#1075,1.);
#1075 = DIRECTION('',(0.514102744193,0.,0.85772861));
#1076 = ORIENTED_EDGE('',*,*,#1077,.T.);
#1077 = EDGE_CURVE('',#1070,#1078,#1080,.T.);
#1078 = VERTEX_POINT('',#1079);
#1079 = CARTESIAN_POINT('',(-6.184083626902,2.5,90.075146273309));
#1080 = LINE('',#1081,#1082);
#1081 = CARTESIAN_POINT('',(-6.65175689842,2.5,89.444561864157));
#1082 = VECTOR('',#1083,1.);
#1083 = DIRECTION('',(0.595699304492,0.,0.803207531481));
#1084 = ORIENTED_EDGE('',*,*,#1085,.T.);
#1085 = EDGE_CURVE('',#1078,#1086,#1088,.T.);
#1086 = VERTEX_POINT('',#1087);
#1087 = CARTESIAN_POINT('',(-5.656854249492,2.5,90.656854249492));
#1088 = LINE('',#1089,#1090);
#1089 = CARTESIAN_POINT('',(-6.184083626902,2.5,90.075146273309));
#1090 = VECTOR('',#1091,1.);
#1091 = DIRECTION('',(0.671558954847,0.,0.740951125355));
#1092 = ORIENTED_EDGE('',*,*,#1093,.T.);
#1093 = EDGE_CURVE('',#1086,#1094,#1096,.T.);
#1094 = VERTEX_POINT('',#1095);
#1095 = CARTESIAN_POINT('',(-5.075146273309,2.5,91.184083626902));
#1096 = LINE('',#1097,#1098);
#1097 = CARTESIAN_POINT('',(-5.656854249492,2.5,90.656854249492));
#1098 = VECTOR('',#1099,1.);
#1099 = DIRECTION('',(0.740951125355,0.,0.671558954847));
#1100 = ORIENTED_EDGE('',*,*,#1101,.T.);
#1101 = EDGE_CURVE('',#1094,#1102,#1104,.T.);
#1102 = VERTEX_POINT('',#1103);
#1103 = CARTESIAN_POINT('',(-4.444561864157,2.5,91.65175689842));
#1104 = LINE('',#1105,#1106);
#1105 = CARTESIAN_POINT('',(-5.075146273309,2.5,91.184083626902));
#1106 = VECTOR('',#1107,1.);
#1107 = DIRECTION('',(0.803207531481,0.,0.595699304492));
#1108 = ORIENTED_EDGE('',*,*,#1109,.T.);
#1109 = EDGE_CURVE('',#1102,#1110,#1112,.T.);
#1110 = VERTEX_POINT('',#1111);
#1111 = CARTESIAN_POINT('',(-3.771173894608,2.5,92.055370114787));
#1112 = LINE('',#1113,#1114);
#1113 = CARTESIAN_POINT('',(-4.444561864157,2.5,91.65175689842));
#1114 = VECTOR('',#1115,1.);
#1115 = DIRECTION('',(0.85772861,0.,0.514102744193));
#1116 = ORIENTED_EDGE('',*,*,#1117,.T.);
#1117 = EDGE_CURVE('',#1110,#1118,#1120,.T.);
#1118 = VERTEX_POINT('',#1119);
#1119 = CARTESIAN_POINT('',(-3.061467458921,2.5,92.39103626009));
#1120 = LINE('',#1121,#1122);
#1121 = CARTESIAN_POINT('',(-3.771173894608,2.5,92.055370114787));
#1122 = VECTOR('',#1123,1.);
#1123 = DIRECTION('',(0.903989293123,0.,0.42755509343));
#1124 = ORIENTED_EDGE('',*,*,#1125,.T.);
#1125 = EDGE_CURVE('',#1118,#1126,#1128,.T.);
#1126 = VERTEX_POINT('',#1127);
#1127 = CARTESIAN_POINT('',(-2.322277418036,2.5,92.655522685858));
#1128 = LINE('',#1129,#1130);
#1129 = CARTESIAN_POINT('',(-3.061467458921,2.5,92.39103626009));
#1130 = VECTOR('',#1131,1.);
#1131 = DIRECTION('',(0.941544065183,0.,0.336889853392));
#1132 = ORIENTED_EDGE('',*,*,#1133,.T.);
#1133 = EDGE_CURVE('',#1126,#1134,#1136,.T.);
#1134 = VERTEX_POINT('',#1135);
#1135 = CARTESIAN_POINT('',(-1.560722576129,2.5,92.846282243226));
#1136 = LINE('',#1137,#1138);
#1137 = CARTESIAN_POINT('',(-2.322277418036,2.5,92.655522685858));
#1138 = VECTOR('',#1139,1.);
#1139 = DIRECTION('',(0.970031253195,0.,0.242980179903));
#1140 = ORIENTED_EDGE('',*,*,#1141,.T.);
#1141 = EDGE_CURVE('',#1134,#1142,#1144,.T.);
#1142 = VERTEX_POINT('',#1143);
#1143 = CARTESIAN_POINT('',(-0.784137122636,2.5,92.961477813378));
#1144 = LINE('',#1145,#1146);
#1145 = CARTESIAN_POINT('',(-1.560722576129,2.5,92.846282243226));
#1146 = VECTOR('',#1147,1.);
#1147 = DIRECTION('',(0.989176509965,0.,0.146730474455));
#1148 = ORIENTED_EDGE('',*,*,#1149,.T.);
#1149 = EDGE_CURVE('',#1142,#1150,#1152,.T.);
#1150 = VERTEX_POINT('',#1151);
#1151 = CARTESIAN_POINT('',(4.898587196589E-16,2.5,93.));
#1152 = LINE('',#1153,#1154);
#1153 = CARTESIAN_POINT('',(-0.784137122636,2.5,92.961477813378));
#1154 = VECTOR('',#1155,1.);
#1155 = DIRECTION('',(0.998795456205,0.,4.906767432742E-02));
#1156 = ORIENTED_EDGE('',*,*,#1157,.T.);
#1157 = EDGE_CURVE('',#1150,#1158,#1160,.T.);
#1158 = VERTEX_POINT('',#1159);
#1159 = CARTESIAN_POINT('',(0.784137122636,2.5,92.961477813378));
#1160 = LINE('',#1161,#1162);
#1161 = CARTESIAN_POINT('',(4.898587196589E-16,2.5,93.));
#1162 = VECTOR('',#1163,1.);
#1163 = DIRECTION('',(0.998795456205,0.,-4.906767432742E-02));
#1164 = ORIENTED_EDGE('',*,*,#1165,.T.);
#1165 = EDGE_CURVE('',#1158,#1166,#1168,.T.);
#1166 = VERTEX_POINT('',#1167);
#1167 = CARTESIAN_POINT('',(1.560722576129,2.5,92.846282243226));
#1168 = LINE('',#1169,#1170);
#1169 = CARTESIAN_POINT('',(0.784137122636,2.5,92.961477813378));
#1170 = VECTOR('',#1171,1.);
#1171 = DIRECTION('',(0.989176509965,0.,-0.146730474455));
#1172 = ORIENTED_EDGE('',*,*,#1173,.T.);
#1173 = EDGE_CURVE('',#1166,#1174,#1176,.T.);
#1174 = VERTEX_POINT('',#1175);
#1175 = CARTESIAN_POINT('',(2.322277418036,2.5,92.655522685858));
#1176 = LINE('',#1177,#1178);
#1177 = CARTESIAN_POINT('',(1.560722576129,2.5,92.846282243226));
#1178 = VECTOR('',#1179,1.);
#1179 = DIRECTION('',(0.970031253195,0.,-0.242980179903));
#1180 = ORIENTED_EDGE('',*,*,#1181,.T.);
#1181 = EDGE_CURVE('',#1174,#1182,#1184,.T.);
#1182 = VERTEX_POINT('',#1183);
#1183 = CARTESIAN_POINT('',(3.061467458921,2.5,92.39103626009));
#1184 = LINE('',#1185,#1186);
#1185 = CARTESIAN_POINT('',(2.322277418036,2.5,92.655522685858));
#1186 = VECTOR('',#1187,1.);
#1187 = DIRECTION('',(0.941544065183,0.,-0.336889853392));
#1188 = ORIENTED_EDGE('',*,*,#1189,.T.);
#1189 = EDGE_CURVE('',#1182,#1190,#1192,.T.);
#1190 = VERTEX_POINT('',#1191);
#1191 = CARTESIAN_POINT('',(3.771173894608,2.5,92.055370114787));
#1192 = LINE('',#1193,#1194);
#1193 = CARTESIAN_POINT('',(3.061467458921,2.5,92.39103626009));
#1194 = VECTOR('',#1195,1.);
#1195 = DIRECTION('',(0.903989293123,0.,-0.42755509343));
#1196 = ORIENTED_EDGE('',*,*,#1197,.T.);
#1197 = EDGE_CURVE('',#1190,#1198,#1200,.T.);
#1198 = VERTEX_POINT('',#1199);
#1199 = CARTESIAN_POINT('',(4.444561864157,2.5,91.65175689842));
#1200 = LINE('',#1201,#1202);
#1201 = CARTESIAN_POINT('',(3.771173894608,2.5,92.055370114787));
#1202 = VECTOR('',#1203,1.);
#1203 = DIRECTION('',(0.85772861,0.,-0.514102744193));
#1204 = ORIENTED_EDGE('',*,*,#1205,.T.);
#1205 = EDGE_CURVE('',#1198,#1206,#1208,.T.);
#1206 = VERTEX_POINT('',#1207);
#1207 = CARTESIAN_POINT('',(5.075146273309,2.5,91.184083626902));
#1208 = LINE('',#1209,#1210);
#1209 = CARTESIAN_POINT('',(4.444561864157,2.5,91.65175689842));
#1210 = VECTOR('',#1211,1.);
#1211 = DIRECTION('',(0.803207531481,0.,-0.595699304492));
#1212 = ORIENTED_EDGE('',*,*,#1213,.T.);
#1213 = EDGE_CURVE('',#1206,#1214,#1216,.T.);
#1214 = VERTEX_POINT('',#1215);
#1215 = CARTESIAN_POINT('',(5.656854249492,2.5,90.656854249492));
#1216 = LINE('',#1217,#1218);
#1217 = CARTESIAN_POINT('',(5.075146273309,2.5,91.184083626902));
#1218 = VECTOR('',#1219,1.);
#1219 = DIRECTION('',(0.740951125355,0.,-0.671558954847));
#1220 = ORIENTED_EDGE('',*,*,#1221,.T.);
#1221 = EDGE_CURVE('',#1214,#1222,#1224,.T.);
#1222 = VERTEX_POINT('',#1223);
#1223 = CARTESIAN_POINT('',(6.184083626902,2.5,90.075146273309));
#1224 = LINE('',#1225,#1226);
#1225 = CARTESIAN_POINT('',(5.656854249492,2.5,90.656854249492));
#1226 = VECTOR('',#1227,1.);
#1227 = DIRECTION('',(0.671558954847,0.,-0.740951125355));
#1228 = ORIENTED_EDGE('',*,*,#1229,.T.);
#1229 = EDGE_CURVE('',#1222,#1230,#1232,.T.);
#1230 = VERTEX_POINT('',#1231);
#1231 = CARTESIAN_POINT('',(6.65175689842,2.5,89.444561864157));
#1232 = LINE('',#1233,#1234);
#1233 = CARTESIAN_POINT('',(6.184083626902,2.5,90.075146273309));
#1234 = VECTOR('',#1235,1.);
#1235 = DIRECTION('',(0.595699304492,0.,-0.803207531481));
#1236 = ORIENTED_EDGE('',*,*,#1237,.T.);
#1237 = EDGE_CURVE('',#1230,#1238,#1240,.T.);
#1238 = VERTEX_POINT('',#1239);
#1239 = CARTESIAN_POINT('',(7.055370114787,2.5,88.771173894608));
#1240 = LINE('',#1241,#1242);
#1241 = CARTESIAN_POINT('',(6.65175689842,2.5,89.444561864157));
#1242 = VECTOR('',#1243,1.);
#1243 = DIRECTION('',(0.514102744193,0.,-0.85772861));
#1244 = ORIENTED_EDGE('',*,*,#1245,.T.);
#1245 = EDGE_CURVE('',#1238,#1246,#1248,.T.);
#1246 = VERTEX_POINT('',#1247);
#1247 = CARTESIAN_POINT('',(7.39103626009,2.5,88.061467458921));
#1248 = LINE('',#1249,#1250);
#1249 = CARTESIAN_POINT('',(7.055370114787,2.5,88.771173894608));
#1250 = VECTOR('',#1251,1.);
#1251 = DIRECTION('',(0.42755509343,0.,-0.903989293123));
#1252 = ORIENTED_EDGE('',*,*,#1253,.T.);
#1253 = EDGE_CURVE('',#1246,#1254,#1256,.T.);
#1254 = VERTEX_POINT('',#1255);
#1255 = CARTESIAN_POINT('',(7.655522685858,2.5,87.322277418036));
#1256 = LINE('',#1257,#1258);
#1257 = CARTESIAN_POINT('',(7.39103626009,2.5,88.061467458921));
#1258 = VECTOR('',#1259,1.);
#1259 = DIRECTION('',(0.336889853392,0.,-0.941544065183));
#1260 = ORIENTED_EDGE('',*,*,#1261,.T.);
#1261 = EDGE_CURVE('',#1254,#1262,#1264,.T.);
#1262 = VERTEX_POINT('',#1263);
#1263 = CARTESIAN_POINT('',(7.846282243226,2.5,86.560722576129));
#1264 = LINE('',#1265,#1266);
#1265 = CARTESIAN_POINT('',(7.655522685858,2.5,87.322277418036));
#1266 = VECTOR('',#1267,1.);
#1267 = DIRECTION('',(0.242980179903,0.,-0.970031253195));
#1268 = ORIENTED_EDGE('',*,*,#1269,.T.);
#1269 = EDGE_CURVE('',#1262,#1270,#1272,.T.);
#1270 = VERTEX_POINT('',#1271);
#1271 = CARTESIAN_POINT('',(7.961477813378,2.5,85.784137122636));
#1272 = LINE('',#1273,#1274);
#1273 = CARTESIAN_POINT('',(7.846282243226,2.5,86.560722576129));
#1274 = VECTOR('',#1275,1.);
#1275 = DIRECTION('',(0.146730474455,0.,-0.989176509965));
#1276 = ORIENTED_EDGE('',*,*,#1277,.T.);
#1277 = EDGE_CURVE('',#1270,#1278,#1280,.T.);
#1278 = VERTEX_POINT('',#1279);
#1279 = CARTESIAN_POINT('',(8.,2.5,85.));
#1280 = LINE('',#1281,#1282);
#1281 = CARTESIAN_POINT('',(7.961477813378,2.5,85.784137122636));
#1282 = VECTOR('',#1283,1.);
#1283 = DIRECTION('',(4.906767432742E-02,0.,-0.998795456205));
#1284 = ORIENTED_EDGE('',*,*,#1285,.T.);
#1285 = EDGE_CURVE('',#1278,#159,#1286,.T.);
#1286 = LINE('',#1287,#1288);
#1287 = CARTESIAN_POINT('',(8.,2.5,85.));
#1288 = VECTOR('',#1289,1.);
#1289 = DIRECTION('',(0.,0.,-1.));
#1290 = ORIENTED_EDGE('',*,*,#182,.T.);
#1291 = ORIENTED_EDGE('',*,*,#1292,.T.);
#1292 = EDGE_CURVE('',#175,#1293,#1295,.T.);
#1293 = VERTEX_POINT('',#1294);
#1294 = CARTESIAN_POINT('',(5.,2.5,85.));
#1295 = LINE('',#1296,#1297);
#1296 = CARTESIAN_POINT('',(5.,2.5,80.));
#1297 = VECTOR('',#1298,1.);
#1298 = DIRECTION('',(0.,0.,1.));
#1299 = ORIENTED_EDGE('',*,*,#1300,.T.);
#1300 = EDGE_CURVE('',#1293,#1301,#1303,.T.);
#1301 = VERTEX_POINT('',#1302);
#1302 = CARTESIAN_POINT('',(4.975923633361,2.5,85.490085701648));
#1303 = LINE('',#1304,#1305);
#1304 = CARTESIAN_POINT('',(5.,2.5,85.));
#1305 = VECTOR('',#1306,1.);
#1306 = DIRECTION('',(-4.906767432742E-02,0.,0.998795456205));
#1307 = ORIENTED_EDGE('',*,*,#1308,.T.);
#1308 = EDGE_CURVE('',#1301,#1309,#1311,.T.);
#1309 = VERTEX_POINT('',#1310);
#1310 = CARTESIAN_POINT('',(4.903926402016,2.5,85.975451610081));
#1311 = LINE('',#1312,#1313);
#1312 = CARTESIAN_POINT('',(4.975923633361,2.5,85.490085701648));
#1313 = VECTOR('',#1314,1.);
#1314 = DIRECTION('',(-0.146730474455,0.,0.989176509965));
#1315 = ORIENTED_EDGE('',*,*,#1316,.T.);
#1316 = EDGE_CURVE('',#1309,#1317,#1319,.T.);
#1317 = VERTEX_POINT('',#1318);
#1318 = CARTESIAN_POINT('',(4.784701678661,2.5,86.451423386272));
#1319 = LINE('',#1320,#1321);
#1320 = CARTESIAN_POINT('',(4.903926402016,2.5,85.975451610081));
#1321 = VECTOR('',#1322,1.);
#1322 = DIRECTION('',(-0.242980179903,0.,0.970031253195));
#1323 = ORIENTED_EDGE('',*,*,#1324,.T.);
#1324 = EDGE_CURVE('',#1317,#1325,#1327,.T.);
#1325 = VERTEX_POINT('',#1326);
#1326 = CARTESIAN_POINT('',(4.619397662556,2.5,86.913417161825));
#1327 = LINE('',#1328,#1329);
#1328 = CARTESIAN_POINT('',(4.784701678661,2.5,86.451423386272));
#1329 = VECTOR('',#1330,1.);
#1330 = DIRECTION('',(-0.336889853392,0.,0.941544065183));
#1331 = ORIENTED_EDGE('',*,*,#1332,.T.);
#1332 = EDGE_CURVE('',#1325,#1333,#1335,.T.);
#1333 = VERTEX_POINT('',#1334);
#1334 = CARTESIAN_POINT('',(4.409606321742,2.5,87.35698368413));
#1335 = LINE('',#1336,#1337);
#1336 = CARTESIAN_POINT('',(4.619397662556,2.5,86.913417161825));
#1337 = VECTOR('',#1338,1.);
#1338 = DIRECTION('',(-0.42755509343,0.,0.903989293123));
#1339 = ORIENTED_EDGE('',*,*,#1340,.T.);
#1340 = EDGE_CURVE('',#1333,#1341,#1343,.T.);
#1341 = VERTEX_POINT('',#1342);
#1342 = CARTESIAN_POINT('',(4.157348061513,2.5,87.777851165098));
#1343 = LINE('',#1344,#1345);
#1344 = CARTESIAN_POINT('',(4.409606321742,2.5,87.35698368413));
#1345 = VECTOR('',#1346,1.);
#1346 = DIRECTION('',(-0.514102744193,0.,0.85772861));
#1347 = ORIENTED_EDGE('',*,*,#1348,.T.);
#1348 = EDGE_CURVE('',#1341,#1349,#1351,.T.);
#1349 = VERTEX_POINT('',#1350);
#1350 = CARTESIAN_POINT('',(3.865052266814,2.5,88.171966420818));
#1351 = LINE('',#1352,#1353);
#1352 = CARTESIAN_POINT('',(4.157348061513,2.5,87.777851165098));
#1353 = VECTOR('',#1354,1.);
#1354 = DIRECTION('',(-0.595699304492,0.,0.803207531481));
#1355 = ORIENTED_EDGE('',*,*,#1356,.T.);
#1356 = EDGE_CURVE('',#1349,#1357,#1359,.T.);
#1357 = VERTEX_POINT('',#1358);
#1358 = CARTESIAN_POINT('',(3.535533905933,2.5,88.535533905933));
#1359 = LINE('',#1360,#1361);
#1360 = CARTESIAN_POINT('',(3.865052266814,2.5,88.171966420818));
#1361 = VECTOR('',#1362,1.);
#1362 = DIRECTION('',(-0.671558954847,0.,0.740951125355));
#1363 = ORIENTED_EDGE('',*,*,#1364,.T.);
#1364 = EDGE_CURVE('',#1357,#1365,#1367,.T.);
#1365 = VERTEX_POINT('',#1366);
#1366 = CARTESIAN_POINT('',(3.171966420818,2.5,88.865052266814));
#1367 = LINE('',#1368,#1369);
#1368 = CARTESIAN_POINT('',(3.535533905933,2.5,88.535533905933));
#1369 = VECTOR('',#1370,1.);
#1370 = DIRECTION('',(-0.740951125355,0.,0.671558954847));
#1371 = ORIENTED_EDGE('',*,*,#1372,.T.);
#1372 = EDGE_CURVE('',#1365,#1373,#1375,.T.);
#1373 = VERTEX_POINT('',#1374);
#1374 = CARTESIAN_POINT('',(2.777851165098,2.5,89.157348061513));
#1375 = LINE('',#1376,#1377);
#1376 = CARTESIAN_POINT('',(3.171966420818,2.5,88.865052266814));
#1377 = VECTOR('',#1378,1.);
#1378 = DIRECTION('',(-0.803207531481,0.,0.595699304492));
#1379 = ORIENTED_EDGE('',*,*,#1380,.T.);
#1380 = EDGE_CURVE('',#1373,#1381,#1383,.T.);
#1381 = VERTEX_POINT('',#1382);
#1382 = CARTESIAN_POINT('',(2.35698368413,2.5,89.409606321742));
#1383 = LINE('',#1384,#1385);
#1384 = CARTESIAN_POINT('',(2.777851165098,2.5,89.157348061513));
#1385 = VECTOR('',#1386,1.);
#1386 = DIRECTION('',(-0.85772861,0.,0.514102744193));
#1387 = ORIENTED_EDGE('',*,*,#1388,.T.);
#1388 = EDGE_CURVE('',#1381,#1389,#1391,.T.);
#1389 = VERTEX_POINT('',#1390);
#1390 = CARTESIAN_POINT('',(1.913417161825,2.5,89.619397662556));
#1391 = LINE('',#1392,#1393);
#1392 = CARTESIAN_POINT('',(2.35698368413,2.5,89.409606321742));
#1393 = VECTOR('',#1394,1.);
#1394 = DIRECTION('',(-0.903989293123,0.,0.42755509343));
#1395 = ORIENTED_EDGE('',*,*,#1396,.T.);
#1396 = EDGE_CURVE('',#1389,#1397,#1399,.T.);
#1397 = VERTEX_POINT('',#1398);
#1398 = CARTESIAN_POINT('',(1.451423386272,2.5,89.784701678661));
#1399 = LINE('',#1400,#1401);
#1400 = CARTESIAN_POINT('',(1.913417161825,2.5,89.619397662556));
#1401 = VECTOR('',#1402,1.);
#1402 = DIRECTION('',(-0.941544065183,0.,0.336889853392));
#1403 = ORIENTED_EDGE('',*,*,#1404,.T.);
#1404 = EDGE_CURVE('',#1397,#1405,#1407,.T.);
#1405 = VERTEX_POINT('',#1406);
#1406 = CARTESIAN_POINT('',(0.975451610081,2.5,89.903926402016));
#1407 = LINE('',#1408,#1409);
#1408 = CARTESIAN_POINT('',(1.451423386272,2.5,89.784701678661));
#1409 = VECTOR('',#1410,1.);
#1410 = DIRECTION('',(-0.970031253195,0.,0.242980179903));
#1411 = ORIENTED_EDGE('',*,*,#1412,.T.);
#1412 = EDGE_CURVE('',#1405,#1413,#1415,.T.);
#1413 = VERTEX_POINT('',#1414);
#1414 = CARTESIAN_POINT('',(0.490085701648,2.5,89.975923633361));
#1415 = LINE('',#1416,#1417);
#1416 = CARTESIAN_POINT('',(0.975451610081,2.5,89.903926402016));
#1417 = VECTOR('',#1418,1.);
#1418 = DIRECTION('',(-0.989176509965,0.,0.146730474455));
#1419 = ORIENTED_EDGE('',*,*,#1420,.T.);
#1420 = EDGE_CURVE('',#1413,#1421,#1423,.T.);
#1421 = VERTEX_POINT('',#1422);
#1422 = CARTESIAN_POINT('',(3.061616997868E-16,2.5,90.));
#1423 = LINE('',#1424,#1425);
#1424 = CARTESIAN_POINT('',(0.490085701648,2.5,89.975923633361));
#1425 = VECTOR('',#1426,1.);
#1426 = DIRECTION('',(-0.998795456205,0.,4.906767432743E-02));
#1427 = ORIENTED_EDGE('',*,*,#1428,.T.);
#1428 = EDGE_CURVE('',#1421,#1429,#1431,.T.);
#1429 = VERTEX_POINT('',#1430);
#1430 = CARTESIAN_POINT('',(-0.490085701648,2.5,89.975923633361));
#1431 = LINE('',#1432,#1433);
#1432 = CARTESIAN_POINT('',(3.061616997868E-16,2.5,90.));
#1433 = VECTOR('',#1434,1.);
#1434 = DIRECTION('',(-0.998795456205,0.,-4.90676743274E-02));
#1435 = ORIENTED_EDGE('',*,*,#1436,.T.);
#1436 = EDGE_CURVE('',#1429,#1437,#1439,.T.);
#1437 = VERTEX_POINT('',#1438);
#1438 = CARTESIAN_POINT('',(-0.975451610081,2.5,89.903926402016));
#1439 = LINE('',#1440,#1441);
#1440 = CARTESIAN_POINT('',(-0.490085701648,2.5,89.975923633361));
#1441 = VECTOR('',#1442,1.);
#1442 = DIRECTION('',(-0.989176509965,0.,-0.146730474455));
#1443 = ORIENTED_EDGE('',*,*,#1444,.T.);
#1444 = EDGE_CURVE('',#1437,#1445,#1447,.T.);
#1445 = VERTEX_POINT('',#1446);
#1446 = CARTESIAN_POINT('',(-1.451423386272,2.5,89.784701678661));
#1447 = LINE('',#1448,#1449);
#1448 = CARTESIAN_POINT('',(-0.975451610081,2.5,89.903926402016));
#1449 = VECTOR('',#1450,1.);
#1450 = DIRECTION('',(-0.970031253195,0.,-0.242980179903));
#1451 = ORIENTED_EDGE('',*,*,#1452,.T.);
#1452 = EDGE_CURVE('',#1445,#1453,#1455,.T.);
#1453 = VERTEX_POINT('',#1454);
#1454 = CARTESIAN_POINT('',(-1.913417161825,2.5,89.619397662556));
#1455 = LINE('',#1456,#1457);
#1456 = CARTESIAN_POINT('',(-1.451423386272,2.5,89.784701678661));
#1457 = VECTOR('',#1458,1.);
#1458 = DIRECTION('',(-0.941544065183,0.,-0.336889853392));
#1459 = ORIENTED_EDGE('',*,*,#1460,.T.);
#1460 = EDGE_CURVE('',#1453,#1461,#1463,.T.);
#1461 = VERTEX_POINT('',#1462);
#1462 = CARTESIAN_POINT('',(-2.35698368413,2.5,89.409606321742));
#1463 = LINE('',#1464,#1465);
#1464 = CARTESIAN_POINT('',(-1.913417161825,2.5,89.619397662556));
#1465 = VECTOR('',#1466,1.);
#1466 = DIRECTION('',(-0.903989293123,0.,-0.42755509343));
#1467 = ORIENTED_EDGE('',*,*,#1468,.T.);
#1468 = EDGE_CURVE('',#1461,#1469,#1471,.T.);
#1469 = VERTEX_POINT('',#1470);
#1470 = CARTESIAN_POINT('',(-2.777851165098,2.5,89.157348061513));
#1471 = LINE('',#1472,#1473);
#1472 = CARTESIAN_POINT('',(-2.35698368413,2.5,89.409606321742));
#1473 = VECTOR('',#1474,1.);
#1474 = DIRECTION('',(-0.85772861,0.,-0.514102744193));
#1475 = ORIENTED_EDGE('',*,*,#1476,.T.);
#1476 = EDGE_CURVE('',#1469,#1477,#1479,.T.);
#1477 = VERTEX_POINT('',#1478);
#1478 = CARTESIAN_POINT('',(-3.171966420818,2.5,88.865052266814));
#1479 = LINE('',#1480,#1481);
#1480 = CARTESIAN_POINT('',(-2.777851165098,2.5,89.157348061513));
#1481 = VECTOR('',#1482,1.);
#1482 = DIRECTION('',(-0.803207531481,0.,-0.595699304492));
#1483 = ORIENTED_EDGE('',*,*,#1484,.T.);
#1484 = EDGE_CURVE('',#1477,#1485,#1487,.T.);
#1485 = VERTEX_POINT('',#1486);
#1486 = CARTESIAN_POINT('',(-3.535533905933,2.5,88.535533905933));
#1487 = LINE('',#1488,#1489);
#1488 = CARTESIAN_POINT('',(-3.171966420818,2.5,88.865052266814));
#1489 = VECTOR('',#1490,1.);
#1490 = DIRECTION('',(-0.740951125355,0.,-0.671558954847));
#1491 = ORIENTED_EDGE('',*,*,#1492,.T.);
#1492 = EDGE_CURVE('',#1485,#1493,#1495,.T.);
#1493 = VERTEX_POINT('',#1494);
#1494 = CARTESIAN_POINT('',(-3.865052266814,2.5,88.171966420818));
#1495 = LINE('',#1496,#1497);
#1496 = CARTESIAN_POINT('',(-3.535533905933,2.5,88.535533905933));
#1497 = VECTOR('',#1498,1.);
#1498 = DIRECTION('',(-0.671558954847,0.,-0.740951125355));
#1499 = ORIENTED_EDGE('',*,*,#1500,.T.);
#1500 = EDGE_CURVE('',#1493,#1501,#1503,.T.);
#1501 = VERTEX_POINT('',#1502);
#1502 = CARTESIAN_POINT('',(-4.157348061513,2.5,87.777851165098));
#1503 = LINE('',#1504,#1505);
#1504 = CARTESIAN_POINT('',(-3.865052266814,2.5,88.171966420818));
#1505 = VECTOR('',#1506,1.);
#1506 = DIRECTION('',(-0.595699304492,0.,-0.803207531481));
#1507 = ORIENTED_EDGE('',*,*,#1508,.T.);
#1508 = EDGE_CURVE('',#1501,#1509,#1511,.T.);
#1509 = VERTEX_POINT('',#1510);
#1510 = CARTESIAN_POINT('',(-4.409606321742,2.5,87.35698368413));
#1511 = LINE('',#1512,#1513);
#1512 = CARTESIAN_POINT('',(-4.157348061513,2.5,87.777851165098));
#1513 = VECTOR('',#1514,1.);
#1514 = DIRECTION('',(-0.514102744193,0.,-0.85772861));
#1515 = ORIENTED_EDGE('',*,*,#1516,.T.);
#1516 = EDGE_CURVE('',#1509,#1517,#1519,.T.);
#1517 = VERTEX_POINT('',#1518);
#1518 = CARTESIAN_POINT('',(-4.619397662556,2.5,86.913417161825));
#1519 = LINE('',#1520,#1521);
#1520 = CARTESIAN_POINT('',(-4.409606321742,2.5,87.35698368413));
#1521 = VECTOR('',#1522,1.);
#1522 = DIRECTION('',(-0.42755509343,0.,-0.903989293123));
#1523 = ORIENTED_EDGE('',*,*,#1524,.T.);
#1524 = EDGE_CURVE('',#1517,#1525,#1527,.T.);
#1525 = VERTEX_POINT('',#1526);
#1526 = CARTESIAN_POINT('',(-4.784701678661,2.5,86.451423386272));
#1527 = LINE('',#1528,#1529);
#1528 = CARTESIAN_POINT('',(-4.619397662556,2.5,86.913417161825));
#1529 = VECTOR('',#1530,1.);
#1530 = DIRECTION('',(-0.336889853392,0.,-0.941544065183));
#1531 = ORIENTED_EDGE('',*,*,#1532,.T.);
#1532 = EDGE_CURVE('',#1525,#1533,#1535,.T.);
#1533 = VERTEX_POINT('',#1534);
#1534 = CARTESIAN_POINT('',(-4.903926402016,2.5,85.975451610081));
#1535 = LINE('',#1536,#1537);
#1536 = CARTESIAN_POINT('',(-4.784701678661,2.5,86.451423386272));
#1537 = VECTOR('',#1538,1.);
#1538 = DIRECTION('',(-0.242980179903,0.,-0.970031253195));
#1539 = ORIENTED_EDGE('',*,*,#1540,.T.);
#1540 = EDGE_CURVE('',#1533,#1541,#1543,.T.);
#1541 = VERTEX_POINT('',#1542);
#1542 = CARTESIAN_POINT('',(-4.975923633361,2.5,85.490085701648));
#1543 = LINE('',#1544,#1545);
#1544 = CARTESIAN_POINT('',(-4.903926402016,2.5,85.975451610081));
#1545 = VECTOR('',#1546,1.);
#1546 = DIRECTION('',(-0.146730474455,0.,-0.989176509965));
#1547 = ORIENTED_EDGE('',*,*,#1548,.T.);
#1548 = EDGE_CURVE('',#1541,#998,#1549,.T.);
#1549 = LINE('',#1550,#1551);
#1550 = CARTESIAN_POINT('',(-4.975923633361,2.5,85.490085701648));
#1551 = VECTOR('',#1552,1.);
#1552 = DIRECTION('',(-4.906767432742E-02,0.,-0.998795456205));
#1553 = ORIENTED_EDGE('',*,*,#1005,.T.);
#1554 = ORIENTED_EDGE('',*,*,#140,.T.);
#1555 = PLANE('',#1556);
#1556 = AXIS2_PLACEMENT_3D('',#1557,#1558,#1559);
#1557 = CARTESIAN_POINT('',(-2.126599701502E-16,2.5,86.463323728476));
#1558 = DIRECTION('',(0.,1.,0.));
#1559 = DIRECTION('',(0.,-0.,1.));
#1560 = ADVANCED_FACE('',(#1561),#1572,.F.);
#1561 = FACE_BOUND('',#1562,.F.);
#1562 = EDGE_LOOP('',(#1563,#1564,#1565,#1571));
#1563 = ORIENTED_EDGE('',*,*,#132,.T.);
#1564 = ORIENTED_EDGE('',*,*,#1021,.T.);
#1565 = ORIENTED_EDGE('',*,*,#1566,.F.);
#1566 = EDGE_CURVE('',#448,#1022,#1567,.T.);
#1567 = LINE('',#1568,#1569);
#1568 = CARTESIAN_POINT('',(-8.,-2.5,85.));
#1569 = VECTOR('',#1570,1.);
#1570 = DIRECTION('',(0.,1.,0.));
#1571 = ORIENTED_EDGE('',*,*,#447,.F.);
#1572 = PLANE('',#1573);
#1573 = AXIS2_PLACEMENT_3D('',#1574,#1575,#1576);
#1574 = CARTESIAN_POINT('',(-8.,-2.5,80.));
#1575 = DIRECTION('',(1.,0.,0.));
#1576 = DIRECTION('',(0.,0.,1.));
#1577 = ADVANCED_FACE('',(#1578),#1589,.F.);
#1578 = FACE_BOUND('',#1579,.F.);
#1579 = EDGE_LOOP('',(#1580,#1586,#1587,#1588));
#1580 = ORIENTED_EDGE('',*,*,#1581,.T.);
#1581 = EDGE_CURVE('',#704,#1278,#1582,.T.);
#1582 = LINE('',#1583,#1584);
#1583 = CARTESIAN_POINT('',(8.,-2.5,85.));
#1584 = VECTOR('',#1585,1.);
#1585 = DIRECTION('',(0.,1.,0.));
#1586 = ORIENTED_EDGE('',*,*,#1285,.T.);
#1587 = ORIENTED_EDGE('',*,*,#156,.F.);
#1588 = ORIENTED_EDGE('',*,*,#711,.F.);
#1589 = PLANE('',#1590);
#1590 = AXIS2_PLACEMENT_3D('',#1591,#1592,#1593);
#1591 = CARTESIAN_POINT('',(8.,-2.5,85.));
#1592 = DIRECTION('',(-1.,0.,0.));
#1593 = DIRECTION('',(0.,0.,-1.));
#1594 = ADVANCED_FACE('',(#1595),#1606,.F.);
#1595 = FACE_BOUND('',#1596,.F.);
#1596 = EDGE_LOOP('',(#1597,#1598,#1599,#1605));
#1597 = ORIENTED_EDGE('',*,*,#174,.T.);
#1598 = ORIENTED_EDGE('',*,*,#1292,.T.);
#1599 = ORIENTED_EDGE('',*,*,#1600,.F.);
#1600 = EDGE_CURVE('',#719,#1293,#1601,.T.);
#1601 = LINE('',#1602,#1603);
#1602 = CARTESIAN_POINT('',(5.,-2.5,85.));
#1603 = VECTOR('',#1604,1.);
#1604 = DIRECTION('',(0.,1.,0.));
#1605 = ORIENTED_EDGE('',*,*,#718,.F.);
#1606 = PLANE('',#1607);
#1607 = AXIS2_PLACEMENT_3D('',#1608,#1609,#1610);
#1608 = CARTESIAN_POINT('',(5.,-2.5,80.));
#1609 = DIRECTION('',(1.,0.,0.));
#1610 = DIRECTION('',(0.,0.,1.));
#1611 = ADVANCED_FACE('',(#1612),#1638,.F.);
#1612 = FACE_BOUND('',#1613,.F.);
#1613 = EDGE_LOOP('',(#1614,#1622,#1623,#1631));
#1614 = ORIENTED_EDGE('',*,*,#1615,.F.);
#1615 = EDGE_CURVE('',#292,#1616,#1618,.T.);
#1616 = VERTEX_POINT('',#1617);
#1617 = CARTESIAN_POINT('',(-43.1,-29.1,78.4));
#1618 = LINE('',#1619,#1620);
#1619 = CARTESIAN_POINT('',(-43.1,-29.1,62.9));
#1620 = VECTOR('',#1621,1.);
#1621 = DIRECTION('',(0.,0.,1.));
#1622 = ORIENTED_EDGE('',*,*,#291,.T.);
#1623 = ORIENTED_EDGE('',*,*,#1624,.T.);
#1624 = EDGE_CURVE('',#294,#1625,#1627,.T.);
#1625 = VERTEX_POINT('',#1626);
#1626 = CARTESIAN_POINT('',(-37.1,-35.1,78.4));
#1627 = LINE('',#1628,#1629);
#1628 = CARTESIAN_POINT('',(-37.1,-35.1,62.9));
#1629 = VECTOR('',#1630,1.);
#1630 = DIRECTION('',(0.,0.,1.));
#1631 = ORIENTED_EDGE('',*,*,#1632,.F.);
#1632 = EDGE_CURVE('',#1616,#1625,#1633,.T.);
#1633 = CIRCLE('',#1634,6.);
#1634 = AXIS2_PLACEMENT_3D('',#1635,#1636,#1637);
#1635 = CARTESIAN_POINT('',(-37.1,-29.1,78.4));
#1636 = DIRECTION('',(0.,0.,1.));
#1637 = DIRECTION('',(0.,-1.,0.));
#1638 = CYLINDRICAL_SURFACE('',#1639,6.);
#1639 = AXIS2_PLACEMENT_3D('',#1640,#1641,#1642);
#1640 = CARTESIAN_POINT('',(-37.1,-29.1,62.9));
#1641 = DIRECTION('',(0.,0.,1.));
#1642 = DIRECTION('',(-1.,-0.,0.));
#1643 = ADVANCED_FACE('',(#1644),#1662,.T.);
#1644 = FACE_BOUND('',#1645,.T.);
#1645 = EDGE_LOOP('',(#1646,#1647,#1648,#1656));
#1646 = ORIENTED_EDGE('',*,*,#353,.T.);
#1647 = ORIENTED_EDGE('',*,*,#1624,.T.);
#1648 = ORIENTED_EDGE('',*,*,#1649,.T.);
#1649 = EDGE_CURVE('',#1625,#1650,#1652,.T.);
#1650 = VERTEX_POINT('',#1651);
#1651 = CARTESIAN_POINT('',(37.1,-35.1,78.4));
#1652 = LINE('',#1653,#1654);
#1653 = CARTESIAN_POINT('',(-43.1,-35.1,78.4));
#1654 = VECTOR('',#1655,1.);
#1655 = DIRECTION('',(1.,0.,-0.));
#1656 = ORIENTED_EDGE('',*,*,#1657,.F.);
#1657 = EDGE_CURVE('',#345,#1650,#1658,.T.);
#1658 = LINE('',#1659,#1660);
#1659 = CARTESIAN_POINT('',(37.1,-35.1,62.9));
#1660 = VECTOR('',#1661,1.);
#1661 = DIRECTION('',(0.,0.,1.));
#1662 = PLANE('',#1663);
#1663 = AXIS2_PLACEMENT_3D('',#1664,#1665,#1666);
#1664 = CARTESIAN_POINT('',(-43.1,-35.1,62.9));
#1665 = DIRECTION('',(-0.,1.,0.));
#1666 = DIRECTION('',(0.,0.,1.));
#1667 = ADVANCED_FACE('',(#1668),#1687,.F.);
#1668 = FACE_BOUND('',#1669,.T.);
#1669 = EDGE_LOOP('',(#1670,#1678,#1679,#1680));
#1670 = ORIENTED_EDGE('',*,*,#1671,.F.);
#1671 = EDGE_CURVE('',#337,#1672,#1674,.T.);
#1672 = VERTEX_POINT('',#1673);
#1673 = CARTESIAN_POINT('',(43.1,-29.1,78.4));
#1674 = LINE('',#1675,#1676);
#1675 = CARTESIAN_POINT('',(43.1,-29.1,62.9));
#1676 = VECTOR('',#1677,1.);
#1677 = DIRECTION('',(0.,0.,1.));
#1678 = ORIENTED_EDGE('',*,*,#344,.F.);
#1679 = ORIENTED_EDGE('',*,*,#1657,.T.);
#1680 = ORIENTED_EDGE('',*,*,#1681,.F.);
#1681 = EDGE_CURVE('',#1672,#1650,#1682,.T.);
#1682 = CIRCLE('',#1683,6.);
#1683 = AXIS2_PLACEMENT_3D('',#1684,#1685,#1686);
#1684 = CARTESIAN_POINT('',(37.1,-29.1,78.4));
#1685 = DIRECTION('',(-0.,-0.,-1.));
#1686 = DIRECTION('',(0.,-1.,0.));
#1687 = CYLINDRICAL_SURFACE('',#1688,6.);
#1688 = AXIS2_PLACEMENT_3D('',#1689,#1690,#1691);
#1689 = CARTESIAN_POINT('',(37.1,-29.1,62.9));
#1690 = DIRECTION('',(0.,0.,1.));
#1691 = DIRECTION('',(1.,0.,-0.));
#1692 = ADVANCED_FACE('',(#1693),#1711,.F.);
#1693 = FACE_BOUND('',#1694,.F.);
#1694 = EDGE_LOOP('',(#1695,#1703,#1704,#1705));
#1695 = ORIENTED_EDGE('',*,*,#1696,.F.);
#1696 = EDGE_CURVE('',#1672,#1697,#1699,.T.);
#1697 = VERTEX_POINT('',#1698);
#1698 = CARTESIAN_POINT('',(43.1,29.1,78.4));
#1699 = LINE('',#1700,#1701);
#1700 = CARTESIAN_POINT('',(43.1,-35.1,78.4));
#1701 = VECTOR('',#1702,1.);
#1702 = DIRECTION('',(-0.,1.,0.));
#1703 = ORIENTED_EDGE('',*,*,#1671,.F.);
#1704 = ORIENTED_EDGE('',*,*,#336,.T.);
#1705 = ORIENTED_EDGE('',*,*,#1706,.T.);
#1706 = EDGE_CURVE('',#328,#1697,#1707,.T.);
#1707 = LINE('',#1708,#1709);
#1708 = CARTESIAN_POINT('',(43.1,29.1,62.9));
#1709 = VECTOR('',#1710,1.);
#1710 = DIRECTION('',(0.,0.,1.));
#1711 = PLANE('',#1712);
#1712 = AXIS2_PLACEMENT_3D('',#1713,#1714,#1715);
#1713 = CARTESIAN_POINT('',(43.1,-35.1,62.9));
#1714 = DIRECTION('',(1.,0.,-0.));
#1715 = DIRECTION('',(0.,0.,1.));
#1716 = ADVANCED_FACE('',(#1717),#1736,.F.);
#1717 = FACE_BOUND('',#1718,.F.);
#1718 = EDGE_LOOP('',(#1719,#1720,#1721,#1729));
#1719 = ORIENTED_EDGE('',*,*,#1706,.F.);
#1720 = ORIENTED_EDGE('',*,*,#327,.T.);
#1721 = ORIENTED_EDGE('',*,*,#1722,.T.);
#1722 = EDGE_CURVE('',#320,#1723,#1725,.T.);
#1723 = VERTEX_POINT('',#1724);
#1724 = CARTESIAN_POINT('',(37.1,35.1,78.4));
#1725 = LINE('',#1726,#1727);
#1726 = CARTESIAN_POINT('',(37.1,35.1,62.9));
#1727 = VECTOR('',#1728,1.);
#1728 = DIRECTION('',(0.,0.,1.));
#1729 = ORIENTED_EDGE('',*,*,#1730,.F.);
#1730 = EDGE_CURVE('',#1697,#1723,#1731,.T.);
#1731 = CIRCLE('',#1732,6.);
#1732 = AXIS2_PLACEMENT_3D('',#1733,#1734,#1735);
#1733 = CARTESIAN_POINT('',(37.1,29.1,78.4));
#1734 = DIRECTION('',(0.,0.,1.));
#1735 = DIRECTION('',(0.,-1.,0.));
#1736 = CYLINDRICAL_SURFACE('',#1737,6.);
#1737 = AXIS2_PLACEMENT_3D('',#1738,#1739,#1740);
#1738 = CARTESIAN_POINT('',(37.1,29.1,62.9));
#1739 = DIRECTION('',(0.,0.,1.));
#1740 = DIRECTION('',(1.,0.,-0.));
#1741 = ADVANCED_FACE('',(#1742),#1760,.F.);
#1742 = FACE_BOUND('',#1743,.F.);
#1743 = EDGE_LOOP('',(#1744,#1745,#1753,#1759));
#1744 = ORIENTED_EDGE('',*,*,#319,.T.);
#1745 = ORIENTED_EDGE('',*,*,#1746,.T.);
#1746 = EDGE_CURVE('',#311,#1747,#1749,.T.);
#1747 = VERTEX_POINT('',#1748);
#1748 = CARTESIAN_POINT('',(-37.1,35.1,78.4));
#1749 = LINE('',#1750,#1751);
#1750 = CARTESIAN_POINT('',(-37.1,35.1,62.9));
#1751 = VECTOR('',#1752,1.);
#1752 = DIRECTION('',(0.,0.,1.));
#1753 = ORIENTED_EDGE('',*,*,#1754,.T.);
#1754 = EDGE_CURVE('',#1747,#1723,#1755,.T.);
#1755 = LINE('',#1756,#1757);
#1756 = CARTESIAN_POINT('',(-43.1,35.1,78.4));
#1757 = VECTOR('',#1758,1.);
#1758 = DIRECTION('',(1.,0.,-0.));
#1759 = ORIENTED_EDGE('',*,*,#1722,.F.);
#1760 = PLANE('',#1761);
#1761 = AXIS2_PLACEMENT_3D('',#1762,#1763,#1764);
#1762 = CARTESIAN_POINT('',(-43.1,35.1,62.9));
#1763 = DIRECTION('',(-0.,1.,0.));
#1764 = DIRECTION('',(0.,0.,1.));
#1765 = ADVANCED_FACE('',(#1766),#1785,.F.);
#1766 = FACE_BOUND('',#1767,.T.);
#1767 = EDGE_LOOP('',(#1768,#1776,#1777,#1778));
#1768 = ORIENTED_EDGE('',*,*,#1769,.F.);
#1769 = EDGE_CURVE('',#303,#1770,#1772,.T.);
#1770 = VERTEX_POINT('',#1771);
#1771 = CARTESIAN_POINT('',(-43.1,29.1,78.4));
#1772 = LINE('',#1773,#1774);
#1773 = CARTESIAN_POINT('',(-43.1,29.1,62.9));
#1774 = VECTOR('',#1775,1.);
#1775 = DIRECTION('',(0.,0.,1.));
#1776 = ORIENTED_EDGE('',*,*,#310,.F.);
#1777 = ORIENTED_EDGE('',*,*,#1746,.T.);
#1778 = ORIENTED_EDGE('',*,*,#1779,.F.);
#1779 = EDGE_CURVE('',#1770,#1747,#1780,.T.);
#1780 = CIRCLE('',#1781,6.);
#1781 = AXIS2_PLACEMENT_3D('',#1782,#1783,#1784);
#1782 = CARTESIAN_POINT('',(-37.1,29.1,78.4));
#1783 = DIRECTION('',(-0.,-0.,-1.));
#1784 = DIRECTION('',(0.,-1.,0.));
#1785 = CYLINDRICAL_SURFACE('',#1786,6.);
#1786 = AXIS2_PLACEMENT_3D('',#1787,#1788,#1789);
#1787 = CARTESIAN_POINT('',(-37.1,29.1,62.9));
#1788 = DIRECTION('',(0.,0.,1.));
#1789 = DIRECTION('',(-1.,-0.,0.));
#1790 = ADVANCED_FACE('',(#1791),#1802,.T.);
#1791 = FACE_BOUND('',#1792,.T.);
#1792 = EDGE_LOOP('',(#1793,#1799,#1800,#1801));
#1793 = ORIENTED_EDGE('',*,*,#1794,.F.);
#1794 = EDGE_CURVE('',#1616,#1770,#1795,.T.);
#1795 = LINE('',#1796,#1797);
#1796 = CARTESIAN_POINT('',(-43.1,-35.1,78.4));
#1797 = VECTOR('',#1798,1.);
#1798 = DIRECTION('',(-0.,1.,0.));
#1799 = ORIENTED_EDGE('',*,*,#1615,.F.);
#1800 = ORIENTED_EDGE('',*,*,#302,.T.);
#1801 = ORIENTED_EDGE('',*,*,#1769,.T.);
#1802 = PLANE('',#1803);
#1803 = AXIS2_PLACEMENT_3D('',#1804,#1805,#1806);
#1804 = CARTESIAN_POINT('',(-43.1,-35.1,62.9));
#1805 = DIRECTION('',(1.,0.,-0.));
#1806 = DIRECTION('',(0.,0.,1.));
#1807 = ADVANCED_FACE('',(#1808),#1819,.F.);
#1808 = FACE_BOUND('',#1809,.F.);
#1809 = EDGE_LOOP('',(#1810,#1811,#1812,#1818));
#1810 = ORIENTED_EDGE('',*,*,#1566,.T.);
#1811 = ORIENTED_EDGE('',*,*,#1029,.T.);
#1812 = ORIENTED_EDGE('',*,*,#1813,.F.);
#1813 = EDGE_CURVE('',#456,#1030,#1814,.T.);
#1814 = LINE('',#1815,#1816);
#1815 = CARTESIAN_POINT('',(-7.961477813378,-2.5,85.784137122636));
#1816 = VECTOR('',#1817,1.);
#1817 = DIRECTION('',(0.,1.,0.));
#1818 = ORIENTED_EDGE('',*,*,#455,.F.);
#1819 = PLANE('',#1820);
#1820 = AXIS2_PLACEMENT_3D('',#1821,#1822,#1823);
#1821 = CARTESIAN_POINT('',(-8.,-2.5,85.));
#1822 = DIRECTION('',(0.998795456205,0.,-4.906767432742E-02));
#1823 = DIRECTION('',(4.906767432742E-02,0.,0.998795456205));
#1824 = ADVANCED_FACE('',(#1825),#1836,.F.);
#1825 = FACE_BOUND('',#1826,.F.);
#1826 = EDGE_LOOP('',(#1827,#1828,#1829,#1835));
#1827 = ORIENTED_EDGE('',*,*,#1813,.T.);
#1828 = ORIENTED_EDGE('',*,*,#1037,.T.);
#1829 = ORIENTED_EDGE('',*,*,#1830,.F.);
#1830 = EDGE_CURVE('',#464,#1038,#1831,.T.);
#1831 = LINE('',#1832,#1833);
#1832 = CARTESIAN_POINT('',(-7.846282243226,-2.5,86.560722576129));
#1833 = VECTOR('',#1834,1.);
#1834 = DIRECTION('',(0.,1.,0.));
#1835 = ORIENTED_EDGE('',*,*,#463,.F.);
#1836 = PLANE('',#1837);
#1837 = AXIS2_PLACEMENT_3D('',#1838,#1839,#1840);
#1838 = CARTESIAN_POINT('',(-7.961477813378,-2.5,85.784137122636));
#1839 = DIRECTION('',(0.989176509965,0.,-0.146730474455));
#1840 = DIRECTION('',(0.146730474455,0.,0.989176509965));
#1841 = ADVANCED_FACE('',(#1842),#1853,.F.);
#1842 = FACE_BOUND('',#1843,.F.);
#1843 = EDGE_LOOP('',(#1844,#1845,#1846,#1852));
#1844 = ORIENTED_EDGE('',*,*,#1830,.T.);
#1845 = ORIENTED_EDGE('',*,*,#1045,.T.);
#1846 = ORIENTED_EDGE('',*,*,#1847,.F.);
#1847 = EDGE_CURVE('',#472,#1046,#1848,.T.);
#1848 = LINE('',#1849,#1850);
#1849 = CARTESIAN_POINT('',(-7.655522685858,-2.5,87.322277418036));
#1850 = VECTOR('',#1851,1.);
#1851 = DIRECTION('',(0.,1.,0.));
#1852 = ORIENTED_EDGE('',*,*,#471,.F.);
#1853 = PLANE('',#1854);
#1854 = AXIS2_PLACEMENT_3D('',#1855,#1856,#1857);
#1855 = CARTESIAN_POINT('',(-7.846282243226,-2.5,86.560722576129));
#1856 = DIRECTION('',(0.970031253195,0.,-0.242980179903));
#1857 = DIRECTION('',(0.242980179903,0.,0.970031253195));
#1858 = ADVANCED_FACE('',(#1859),#1870,.F.);
#1859 = FACE_BOUND('',#1860,.F.);
#1860 = EDGE_LOOP('',(#1861,#1862,#1863,#1869));
#1861 = ORIENTED_EDGE('',*,*,#1847,.T.);
#1862 = ORIENTED_EDGE('',*,*,#1053,.T.);
#1863 = ORIENTED_EDGE('',*,*,#1864,.F.);
#1864 = EDGE_CURVE('',#480,#1054,#1865,.T.);
#1865 = LINE('',#1866,#1867);
#1866 = CARTESIAN_POINT('',(-7.39103626009,-2.5,88.061467458921));
#1867 = VECTOR('',#1868,1.);
#1868 = DIRECTION('',(0.,1.,0.));
#1869 = ORIENTED_EDGE('',*,*,#479,.F.);
#1870 = PLANE('',#1871);
#1871 = AXIS2_PLACEMENT_3D('',#1872,#1873,#1874);
#1872 = CARTESIAN_POINT('',(-7.655522685858,-2.5,87.322277418036));
#1873 = DIRECTION('',(0.941544065183,0.,-0.336889853392));
#1874 = DIRECTION('',(0.336889853392,0.,0.941544065183));
#1875 = ADVANCED_FACE('',(#1876),#1887,.F.);
#1876 = FACE_BOUND('',#1877,.F.);
#1877 = EDGE_LOOP('',(#1878,#1879,#1880,#1886));
#1878 = ORIENTED_EDGE('',*,*,#1864,.T.);
#1879 = ORIENTED_EDGE('',*,*,#1061,.T.);
#1880 = ORIENTED_EDGE('',*,*,#1881,.F.);
#1881 = EDGE_CURVE('',#488,#1062,#1882,.T.);
#1882 = LINE('',#1883,#1884);
#1883 = CARTESIAN_POINT('',(-7.055370114787,-2.5,88.771173894608));
#1884 = VECTOR('',#1885,1.);
#1885 = DIRECTION('',(0.,1.,0.));
#1886 = ORIENTED_EDGE('',*,*,#487,.F.);
#1887 = PLANE('',#1888);
#1888 = AXIS2_PLACEMENT_3D('',#1889,#1890,#1891);
#1889 = CARTESIAN_POINT('',(-7.39103626009,-2.5,88.061467458921));
#1890 = DIRECTION('',(0.903989293123,0.,-0.42755509343));
#1891 = DIRECTION('',(0.42755509343,0.,0.903989293123));
#1892 = ADVANCED_FACE('',(#1893),#1904,.F.);
#1893 = FACE_BOUND('',#1894,.F.);
#1894 = EDGE_LOOP('',(#1895,#1896,#1897,#1903));
#1895 = ORIENTED_EDGE('',*,*,#1881,.T.);
#1896 = ORIENTED_EDGE('',*,*,#1069,.T.);
#1897 = ORIENTED_EDGE('',*,*,#1898,.F.);
#1898 = EDGE_CURVE('',#496,#1070,#1899,.T.);
#1899 = LINE('',#1900,#1901);
#1900 = CARTESIAN_POINT('',(-6.65175689842,-2.5,89.444561864157));
#1901 = VECTOR('',#1902,1.);
#1902 = DIRECTION('',(0.,1.,0.));
#1903 = ORIENTED_EDGE('',*,*,#495,.F.);
#1904 = PLANE('',#1905);
#1905 = AXIS2_PLACEMENT_3D('',#1906,#1907,#1908);
#1906 = CARTESIAN_POINT('',(-7.055370114787,-2.5,88.771173894608));
#1907 = DIRECTION('',(0.85772861,0.,-0.514102744193));
#1908 = DIRECTION('',(0.514102744193,0.,0.85772861));
#1909 = ADVANCED_FACE('',(#1910),#1921,.F.);
#1910 = FACE_BOUND('',#1911,.F.);
#1911 = EDGE_LOOP('',(#1912,#1913,#1914,#1920));
#1912 = ORIENTED_EDGE('',*,*,#1898,.T.);
#1913 = ORIENTED_EDGE('',*,*,#1077,.T.);
#1914 = ORIENTED_EDGE('',*,*,#1915,.F.);
#1915 = EDGE_CURVE('',#504,#1078,#1916,.T.);
#1916 = LINE('',#1917,#1918);
#1917 = CARTESIAN_POINT('',(-6.184083626902,-2.5,90.075146273309));
#1918 = VECTOR('',#1919,1.);
#1919 = DIRECTION('',(0.,1.,0.));
#1920 = ORIENTED_EDGE('',*,*,#503,.F.);
#1921 = PLANE('',#1922);
#1922 = AXIS2_PLACEMENT_3D('',#1923,#1924,#1925);
#1923 = CARTESIAN_POINT('',(-6.65175689842,-2.5,89.444561864157));
#1924 = DIRECTION('',(0.803207531481,0.,-0.595699304492));
#1925 = DIRECTION('',(0.595699304492,0.,0.803207531481));
#1926 = ADVANCED_FACE('',(#1927),#1938,.F.);
#1927 = FACE_BOUND('',#1928,.F.);
#1928 = EDGE_LOOP('',(#1929,#1930,#1931,#1937));
#1929 = ORIENTED_EDGE('',*,*,#1915,.T.);
#1930 = ORIENTED_EDGE('',*,*,#1085,.T.);
#1931 = ORIENTED_EDGE('',*,*,#1932,.F.);
#1932 = EDGE_CURVE('',#512,#1086,#1933,.T.);
#1933 = LINE('',#1934,#1935);
#1934 = CARTESIAN_POINT('',(-5.656854249492,-2.5,90.656854249492));
#1935 = VECTOR('',#1936,1.);
#1936 = DIRECTION('',(0.,1.,0.));
#1937 = ORIENTED_EDGE('',*,*,#511,.F.);
#1938 = PLANE('',#1939);
#1939 = AXIS2_PLACEMENT_3D('',#1940,#1941,#1942);
#1940 = CARTESIAN_POINT('',(-6.184083626902,-2.5,90.075146273309));
#1941 = DIRECTION('',(0.740951125355,0.,-0.671558954847));
#1942 = DIRECTION('',(0.671558954847,0.,0.740951125355));
#1943 = ADVANCED_FACE('',(#1944),#1955,.F.);
#1944 = FACE_BOUND('',#1945,.F.);
#1945 = EDGE_LOOP('',(#1946,#1947,#1948,#1954));
#1946 = ORIENTED_EDGE('',*,*,#1932,.T.);
#1947 = ORIENTED_EDGE('',*,*,#1093,.T.);
#1948 = ORIENTED_EDGE('',*,*,#1949,.F.);
#1949 = EDGE_CURVE('',#520,#1094,#1950,.T.);
#1950 = LINE('',#1951,#1952);
#1951 = CARTESIAN_POINT('',(-5.075146273309,-2.5,91.184083626902));
#1952 = VECTOR('',#1953,1.);
#1953 = DIRECTION('',(0.,1.,0.));
#1954 = ORIENTED_EDGE('',*,*,#519,.F.);
#1955 = PLANE('',#1956);
#1956 = AXIS2_PLACEMENT_3D('',#1957,#1958,#1959);
#1957 = CARTESIAN_POINT('',(-5.656854249492,-2.5,90.656854249492));
#1958 = DIRECTION('',(0.671558954847,0.,-0.740951125355));
#1959 = DIRECTION('',(0.740951125355,0.,0.671558954847));
#1960 = ADVANCED_FACE('',(#1961),#1972,.F.);
#1961 = FACE_BOUND('',#1962,.F.);
#1962 = EDGE_LOOP('',(#1963,#1964,#1965,#1971));
#1963 = ORIENTED_EDGE('',*,*,#1949,.T.);
#1964 = ORIENTED_EDGE('',*,*,#1101,.T.);
#1965 = ORIENTED_EDGE('',*,*,#1966,.F.);
#1966 = EDGE_CURVE('',#528,#1102,#1967,.T.);
#1967 = LINE('',#1968,#1969);
#1968 = CARTESIAN_POINT('',(-4.444561864157,-2.5,91.65175689842));
#1969 = VECTOR('',#1970,1.);
#1970 = DIRECTION('',(0.,1.,0.));
#1971 = ORIENTED_EDGE('',*,*,#527,.F.);
#1972 = PLANE('',#1973);
#1973 = AXIS2_PLACEMENT_3D('',#1974,#1975,#1976);
#1974 = CARTESIAN_POINT('',(-5.075146273309,-2.5,91.184083626902));
#1975 = DIRECTION('',(0.595699304492,0.,-0.803207531481));
#1976 = DIRECTION('',(0.803207531481,0.,0.595699304492));
#1977 = ADVANCED_FACE('',(#1978),#1989,.F.);
#1978 = FACE_BOUND('',#1979,.F.);
#1979 = EDGE_LOOP('',(#1980,#1981,#1982,#1988));
#1980 = ORIENTED_EDGE('',*,*,#1966,.T.);
#1981 = ORIENTED_EDGE('',*,*,#1109,.T.);
#1982 = ORIENTED_EDGE('',*,*,#1983,.F.);
#1983 = EDGE_CURVE('',#536,#1110,#1984,.T.);
#1984 = LINE('',#1985,#1986);
#1985 = CARTESIAN_POINT('',(-3.771173894608,-2.5,92.055370114787));
#1986 = VECTOR('',#1987,1.);
#1987 = DIRECTION('',(0.,1.,0.));
#1988 = ORIENTED_EDGE('',*,*,#535,.F.);
#1989 = PLANE('',#1990);
#1990 = AXIS2_PLACEMENT_3D('',#1991,#1992,#1993);
#1991 = CARTESIAN_POINT('',(-4.444561864157,-2.5,91.65175689842));
#1992 = DIRECTION('',(0.514102744193,0.,-0.85772861));
#1993 = DIRECTION('',(0.85772861,0.,0.514102744193));
#1994 = ADVANCED_FACE('',(#1995),#2006,.F.);
#1995 = FACE_BOUND('',#1996,.F.);
#1996 = EDGE_LOOP('',(#1997,#1998,#1999,#2005));
#1997 = ORIENTED_EDGE('',*,*,#1983,.T.);
#1998 = ORIENTED_EDGE('',*,*,#1117,.T.);
#1999 = ORIENTED_EDGE('',*,*,#2000,.F.);
#2000 = EDGE_CURVE('',#544,#1118,#2001,.T.);
#2001 = LINE('',#2002,#2003);
#2002 = CARTESIAN_POINT('',(-3.061467458921,-2.5,92.39103626009));
#2003 = VECTOR('',#2004,1.);
#2004 = DIRECTION('',(0.,1.,0.));
#2005 = ORIENTED_EDGE('',*,*,#543,.F.);
#2006 = PLANE('',#2007);
#2007 = AXIS2_PLACEMENT_3D('',#2008,#2009,#2010);
#2008 = CARTESIAN_POINT('',(-3.771173894608,-2.5,92.055370114787));
#2009 = DIRECTION('',(0.42755509343,0.,-0.903989293123));
#2010 = DIRECTION('',(0.903989293123,0.,0.42755509343));
#2011 = ADVANCED_FACE('',(#2012),#2023,.F.);
#2012 = FACE_BOUND('',#2013,.F.);
#2013 = EDGE_LOOP('',(#2014,#2015,#2016,#2022));
#2014 = ORIENTED_EDGE('',*,*,#2000,.T.);
#2015 = ORIENTED_EDGE('',*,*,#1125,.T.);
#2016 = ORIENTED_EDGE('',*,*,#2017,.F.);
#2017 = EDGE_CURVE('',#552,#1126,#2018,.T.);
#2018 = LINE('',#2019,#2020);
#2019 = CARTESIAN_POINT('',(-2.322277418036,-2.5,92.655522685858));
#2020 = VECTOR('',#2021,1.);
#2021 = DIRECTION('',(0.,1.,0.));
#2022 = ORIENTED_EDGE('',*,*,#551,.F.);
#2023 = PLANE('',#2024);
#2024 = AXIS2_PLACEMENT_3D('',#2025,#2026,#2027);
#2025 = CARTESIAN_POINT('',(-3.061467458921,-2.5,92.39103626009));
#2026 = DIRECTION('',(0.336889853392,0.,-0.941544065183));
#2027 = DIRECTION('',(0.941544065183,0.,0.336889853392));
#2028 = ADVANCED_FACE('',(#2029),#2040,.F.);
#2029 = FACE_BOUND('',#2030,.F.);
#2030 = EDGE_LOOP('',(#2031,#2032,#2033,#2039));
#2031 = ORIENTED_EDGE('',*,*,#2017,.T.);
#2032 = ORIENTED_EDGE('',*,*,#1133,.T.);
#2033 = ORIENTED_EDGE('',*,*,#2034,.F.);
#2034 = EDGE_CURVE('',#560,#1134,#2035,.T.);
#2035 = LINE('',#2036,#2037);
#2036 = CARTESIAN_POINT('',(-1.560722576129,-2.5,92.846282243226));
#2037 = VECTOR('',#2038,1.);
#2038 = DIRECTION('',(0.,1.,0.));
#2039 = ORIENTED_EDGE('',*,*,#559,.F.);
#2040 = PLANE('',#2041);
#2041 = AXIS2_PLACEMENT_3D('',#2042,#2043,#2044);
#2042 = CARTESIAN_POINT('',(-2.322277418036,-2.5,92.655522685858));
#2043 = DIRECTION('',(0.242980179903,0.,-0.970031253195));
#2044 = DIRECTION('',(0.970031253195,0.,0.242980179903));
#2045 = ADVANCED_FACE('',(#2046),#2057,.F.);
#2046 = FACE_BOUND('',#2047,.F.);
#2047 = EDGE_LOOP('',(#2048,#2049,#2050,#2056));
#2048 = ORIENTED_EDGE('',*,*,#2034,.T.);
#2049 = ORIENTED_EDGE('',*,*,#1141,.T.);
#2050 = ORIENTED_EDGE('',*,*,#2051,.F.);
#2051 = EDGE_CURVE('',#568,#1142,#2052,.T.);
#2052 = LINE('',#2053,#2054);
#2053 = CARTESIAN_POINT('',(-0.784137122636,-2.5,92.961477813378));
#2054 = VECTOR('',#2055,1.);
#2055 = DIRECTION('',(0.,1.,0.));
#2056 = ORIENTED_EDGE('',*,*,#567,.F.);
#2057 = PLANE('',#2058);
#2058 = AXIS2_PLACEMENT_3D('',#2059,#2060,#2061);
#2059 = CARTESIAN_POINT('',(-1.560722576129,-2.5,92.846282243226));
#2060 = DIRECTION('',(0.146730474455,0.,-0.989176509965));
#2061 = DIRECTION('',(0.989176509965,0.,0.146730474455));
#2062 = ADVANCED_FACE('',(#2063),#2074,.F.);
#2063 = FACE_BOUND('',#2064,.F.);
#2064 = EDGE_LOOP('',(#2065,#2066,#2067,#2073));
#2065 = ORIENTED_EDGE('',*,*,#2051,.T.);
#2066 = ORIENTED_EDGE('',*,*,#1149,.T.);
#2067 = ORIENTED_EDGE('',*,*,#2068,.F.);
#2068 = EDGE_CURVE('',#576,#1150,#2069,.T.);
#2069 = LINE('',#2070,#2071);
#2070 = CARTESIAN_POINT('',(4.898587196589E-16,-2.5,93.));
#2071 = VECTOR('',#2072,1.);
#2072 = DIRECTION('',(0.,1.,0.));
#2073 = ORIENTED_EDGE('',*,*,#575,.F.);
#2074 = PLANE('',#2075);
#2075 = AXIS2_PLACEMENT_3D('',#2076,#2077,#2078);
#2076 = CARTESIAN_POINT('',(-0.784137122636,-2.5,92.961477813378));
#2077 = DIRECTION('',(4.906767432742E-02,0.,-0.998795456205));
#2078 = DIRECTION('',(0.998795456205,0.,4.906767432742E-02));
#2079 = ADVANCED_FACE('',(#2080),#2091,.F.);
#2080 = FACE_BOUND('',#2081,.F.);
#2081 = EDGE_LOOP('',(#2082,#2083,#2084,#2090));
#2082 = ORIENTED_EDGE('',*,*,#2068,.T.);
#2083 = ORIENTED_EDGE('',*,*,#1157,.T.);
#2084 = ORIENTED_EDGE('',*,*,#2085,.F.);
#2085 = EDGE_CURVE('',#584,#1158,#2086,.T.);
#2086 = LINE('',#2087,#2088);
#2087 = CARTESIAN_POINT('',(0.784137122636,-2.5,92.961477813378));
#2088 = VECTOR('',#2089,1.);
#2089 = DIRECTION('',(0.,1.,0.));
#2090 = ORIENTED_EDGE('',*,*,#583,.F.);
#2091 = PLANE('',#2092);
#2092 = AXIS2_PLACEMENT_3D('',#2093,#2094,#2095);
#2093 = CARTESIAN_POINT('',(4.898587196589E-16,-2.5,93.));
#2094 = DIRECTION('',(-4.906767432742E-02,0.,-0.998795456205));
#2095 = DIRECTION('',(0.998795456205,0.,-4.906767432742E-02));
#2096 = ADVANCED_FACE('',(#2097),#2108,.F.);
#2097 = FACE_BOUND('',#2098,.F.);
#2098 = EDGE_LOOP('',(#2099,#2100,#2101,#2107));
#2099 = ORIENTED_EDGE('',*,*,#2085,.T.);
#2100 = ORIENTED_EDGE('',*,*,#1165,.T.);
#2101 = ORIENTED_EDGE('',*,*,#2102,.F.);
#2102 = EDGE_CURVE('',#592,#1166,#2103,.T.);
#2103 = LINE('',#2104,#2105);
#2104 = CARTESIAN_POINT('',(1.560722576129,-2.5,92.846282243226));
#2105 = VECTOR('',#2106,1.);
#2106 = DIRECTION('',(0.,1.,0.));
#2107 = ORIENTED_EDGE('',*,*,#591,.F.);
#2108 = PLANE('',#2109);
#2109 = AXIS2_PLACEMENT_3D('',#2110,#2111,#2112);
#2110 = CARTESIAN_POINT('',(0.784137122636,-2.5,92.961477813378));
#2111 = DIRECTION('',(-0.146730474455,0.,-0.989176509965));
#2112 = DIRECTION('',(0.989176509965,0.,-0.146730474455));
#2113 = ADVANCED_FACE('',(#2114),#2125,.F.);
#2114 = FACE_BOUND('',#2115,.F.);
#2115 = EDGE_LOOP('',(#2116,#2117,#2118,#2124));
#2116 = ORIENTED_EDGE('',*,*,#2102,.T.);
#2117 = ORIENTED_EDGE('',*,*,#1173,.T.);
#2118 = ORIENTED_EDGE('',*,*,#2119,.F.);
#2119 = EDGE_CURVE('',#600,#1174,#2120,.T.);
#2120 = LINE('',#2121,#2122);
#2121 = CARTESIAN_POINT('',(2.322277418036,-2.5,92.655522685858));
#2122 = VECTOR('',#2123,1.);
#2123 = DIRECTION('',(0.,1.,0.));
#2124 = ORIENTED_EDGE('',*,*,#599,.F.);
#2125 = PLANE('',#2126);
#2126 = AXIS2_PLACEMENT_3D('',#2127,#2128,#2129);
#2127 = CARTESIAN_POINT('',(1.560722576129,-2.5,92.846282243226));
#2128 = DIRECTION('',(-0.242980179903,0.,-0.970031253195));
#2129 = DIRECTION('',(0.970031253195,0.,-0.242980179903));
#2130 = ADVANCED_FACE('',(#2131),#2142,.F.);
#2131 = FACE_BOUND('',#2132,.F.);
#2132 = EDGE_LOOP('',(#2133,#2134,#2135,#2141));
#2133 = ORIENTED_EDGE('',*,*,#2119,.T.);
#2134 = ORIENTED_EDGE('',*,*,#1181,.T.);
#2135 = ORIENTED_EDGE('',*,*,#2136,.F.);
#2136 = EDGE_CURVE('',#608,#1182,#2137,.T.);
#2137 = LINE('',#2138,#2139);
#2138 = CARTESIAN_POINT('',(3.061467458921,-2.5,92.39103626009));
#2139 = VECTOR('',#2140,1.);
#2140 = DIRECTION('',(0.,1.,0.));
#2141 = ORIENTED_EDGE('',*,*,#607,.F.);
#2142 = PLANE('',#2143);
#2143 = AXIS2_PLACEMENT_3D('',#2144,#2145,#2146);
#2144 = CARTESIAN_POINT('',(2.322277418036,-2.5,92.655522685858));
#2145 = DIRECTION('',(-0.336889853392,0.,-0.941544065183));
#2146 = DIRECTION('',(0.941544065183,0.,-0.336889853392));
#2147 = ADVANCED_FACE('',(#2148),#2159,.F.);
#2148 = FACE_BOUND('',#2149,.F.);
#2149 = EDGE_LOOP('',(#2150,#2151,#2152,#2158));
#2150 = ORIENTED_EDGE('',*,*,#2136,.T.);
#2151 = ORIENTED_EDGE('',*,*,#1189,.T.);
#2152 = ORIENTED_EDGE('',*,*,#2153,.F.);
#2153 = EDGE_CURVE('',#616,#1190,#2154,.T.);
#2154 = LINE('',#2155,#2156);
#2155 = CARTESIAN_POINT('',(3.771173894608,-2.5,92.055370114787));
#2156 = VECTOR('',#2157,1.);
#2157 = DIRECTION('',(0.,1.,0.));
#2158 = ORIENTED_EDGE('',*,*,#615,.F.);
#2159 = PLANE('',#2160);
#2160 = AXIS2_PLACEMENT_3D('',#2161,#2162,#2163);
#2161 = CARTESIAN_POINT('',(3.061467458921,-2.5,92.39103626009));
#2162 = DIRECTION('',(-0.42755509343,0.,-0.903989293123));
#2163 = DIRECTION('',(0.903989293123,0.,-0.42755509343));
#2164 = ADVANCED_FACE('',(#2165),#2176,.F.);
#2165 = FACE_BOUND('',#2166,.F.);
#2166 = EDGE_LOOP('',(#2167,#2168,#2169,#2175));
#2167 = ORIENTED_EDGE('',*,*,#2153,.T.);
#2168 = ORIENTED_EDGE('',*,*,#1197,.T.);
#2169 = ORIENTED_EDGE('',*,*,#2170,.F.);
#2170 = EDGE_CURVE('',#624,#1198,#2171,.T.);
#2171 = LINE('',#2172,#2173);
#2172 = CARTESIAN_POINT('',(4.444561864157,-2.5,91.65175689842));
#2173 = VECTOR('',#2174,1.);
#2174 = DIRECTION('',(0.,1.,0.));
#2175 = ORIENTED_EDGE('',*,*,#623,.F.);
#2176 = PLANE('',#2177);
#2177 = AXIS2_PLACEMENT_3D('',#2178,#2179,#2180);
#2178 = CARTESIAN_POINT('',(3.771173894608,-2.5,92.055370114787));
#2179 = DIRECTION('',(-0.514102744193,0.,-0.85772861));
#2180 = DIRECTION('',(0.85772861,0.,-0.514102744193));
#2181 = ADVANCED_FACE('',(#2182),#2193,.F.);
#2182 = FACE_BOUND('',#2183,.F.);
#2183 = EDGE_LOOP('',(#2184,#2185,#2186,#2192));
#2184 = ORIENTED_EDGE('',*,*,#2170,.T.);
#2185 = ORIENTED_EDGE('',*,*,#1205,.T.);
#2186 = ORIENTED_EDGE('',*,*,#2187,.F.);
#2187 = EDGE_CURVE('',#632,#1206,#2188,.T.);
#2188 = LINE('',#2189,#2190);
#2189 = CARTESIAN_POINT('',(5.075146273309,-2.5,91.184083626902));
#2190 = VECTOR('',#2191,1.);
#2191 = DIRECTION('',(0.,1.,0.));
#2192 = ORIENTED_EDGE('',*,*,#631,.F.);
#2193 = PLANE('',#2194);
#2194 = AXIS2_PLACEMENT_3D('',#2195,#2196,#2197);
#2195 = CARTESIAN_POINT('',(4.444561864157,-2.5,91.65175689842));
#2196 = DIRECTION('',(-0.595699304492,0.,-0.803207531481));
#2197 = DIRECTION('',(0.803207531481,0.,-0.595699304492));
#2198 = ADVANCED_FACE('',(#2199),#2210,.F.);
#2199 = FACE_BOUND('',#2200,.F.);
#2200 = EDGE_LOOP('',(#2201,#2202,#2203,#2209));
#2201 = ORIENTED_EDGE('',*,*,#2187,.T.);
#2202 = ORIENTED_EDGE('',*,*,#1213,.T.);
#2203 = ORIENTED_EDGE('',*,*,#2204,.F.);
#2204 = EDGE_CURVE('',#640,#1214,#2205,.T.);
#2205 = LINE('',#2206,#2207);
#2206 = CARTESIAN_POINT('',(5.656854249492,-2.5,90.656854249492));
#2207 = VECTOR('',#2208,1.);
#2208 = DIRECTION('',(0.,1.,0.));
#2209 = ORIENTED_EDGE('',*,*,#639,.F.);
#2210 = PLANE('',#2211);
#2211 = AXIS2_PLACEMENT_3D('',#2212,#2213,#2214);
#2212 = CARTESIAN_POINT('',(5.075146273309,-2.5,91.184083626902));
#2213 = DIRECTION('',(-0.671558954847,0.,-0.740951125355));
#2214 = DIRECTION('',(0.740951125355,0.,-0.671558954847));
#2215 = ADVANCED_FACE('',(#2216),#2227,.F.);
#2216 = FACE_BOUND('',#2217,.F.);
#2217 = EDGE_LOOP('',(#2218,#2219,#2220,#2226));
#2218 = ORIENTED_EDGE('',*,*,#2204,.T.);
#2219 = ORIENTED_EDGE('',*,*,#1221,.T.);
#2220 = ORIENTED_EDGE('',*,*,#2221,.F.);
#2221 = EDGE_CURVE('',#648,#1222,#2222,.T.);
#2222 = LINE('',#2223,#2224);
#2223 = CARTESIAN_POINT('',(6.184083626902,-2.5,90.075146273309));
#2224 = VECTOR('',#2225,1.);
#2225 = DIRECTION('',(0.,1.,0.));
#2226 = ORIENTED_EDGE('',*,*,#647,.F.);
#2227 = PLANE('',#2228);
#2228 = AXIS2_PLACEMENT_3D('',#2229,#2230,#2231);
#2229 = CARTESIAN_POINT('',(5.656854249492,-2.5,90.656854249492));
#2230 = DIRECTION('',(-0.740951125355,0.,-0.671558954847));
#2231 = DIRECTION('',(0.671558954847,0.,-0.740951125355));
#2232 = ADVANCED_FACE('',(#2233),#2244,.F.);
#2233 = FACE_BOUND('',#2234,.F.);
#2234 = EDGE_LOOP('',(#2235,#2236,#2237,#2243));
#2235 = ORIENTED_EDGE('',*,*,#2221,.T.);
#2236 = ORIENTED_EDGE('',*,*,#1229,.T.);
#2237 = ORIENTED_EDGE('',*,*,#2238,.F.);
#2238 = EDGE_CURVE('',#656,#1230,#2239,.T.);
#2239 = LINE('',#2240,#2241);
#2240 = CARTESIAN_POINT('',(6.65175689842,-2.5,89.444561864157));
#2241 = VECTOR('',#2242,1.);
#2242 = DIRECTION('',(0.,1.,0.));
#2243 = ORIENTED_EDGE('',*,*,#655,.F.);
#2244 = PLANE('',#2245);
#2245 = AXIS2_PLACEMENT_3D('',#2246,#2247,#2248);
#2246 = CARTESIAN_POINT('',(6.184083626902,-2.5,90.075146273309));
#2247 = DIRECTION('',(-0.803207531481,0.,-0.595699304492));
#2248 = DIRECTION('',(0.595699304492,0.,-0.803207531481));
#2249 = ADVANCED_FACE('',(#2250),#2261,.F.);
#2250 = FACE_BOUND('',#2251,.F.);
#2251 = EDGE_LOOP('',(#2252,#2253,#2254,#2260));
#2252 = ORIENTED_EDGE('',*,*,#2238,.T.);
#2253 = ORIENTED_EDGE('',*,*,#1237,.T.);
#2254 = ORIENTED_EDGE('',*,*,#2255,.F.);
#2255 = EDGE_CURVE('',#664,#1238,#2256,.T.);
#2256 = LINE('',#2257,#2258);
#2257 = CARTESIAN_POINT('',(7.055370114787,-2.5,88.771173894608));
#2258 = VECTOR('',#2259,1.);
#2259 = DIRECTION('',(0.,1.,0.));
#2260 = ORIENTED_EDGE('',*,*,#663,.F.);
#2261 = PLANE('',#2262);
#2262 = AXIS2_PLACEMENT_3D('',#2263,#2264,#2265);
#2263 = CARTESIAN_POINT('',(6.65175689842,-2.5,89.444561864157));
#2264 = DIRECTION('',(-0.85772861,0.,-0.514102744193));
#2265 = DIRECTION('',(0.514102744193,0.,-0.85772861));
#2266 = ADVANCED_FACE('',(#2267),#2278,.F.);
#2267 = FACE_BOUND('',#2268,.F.);
#2268 = EDGE_LOOP('',(#2269,#2270,#2271,#2277));
#2269 = ORIENTED_EDGE('',*,*,#2255,.T.);
#2270 = ORIENTED_EDGE('',*,*,#1245,.T.);
#2271 = ORIENTED_EDGE('',*,*,#2272,.F.);
#2272 = EDGE_CURVE('',#672,#1246,#2273,.T.);
#2273 = LINE('',#2274,#2275);
#2274 = CARTESIAN_POINT('',(7.39103626009,-2.5,88.061467458921));
#2275 = VECTOR('',#2276,1.);
#2276 = DIRECTION('',(0.,1.,0.));
#2277 = ORIENTED_EDGE('',*,*,#671,.F.);
#2278 = PLANE('',#2279);
#2279 = AXIS2_PLACEMENT_3D('',#2280,#2281,#2282);
#2280 = CARTESIAN_POINT('',(7.055370114787,-2.5,88.771173894608));
#2281 = DIRECTION('',(-0.903989293123,0.,-0.42755509343));
#2282 = DIRECTION('',(0.42755509343,0.,-0.903989293123));
#2283 = ADVANCED_FACE('',(#2284),#2295,.F.);
#2284 = FACE_BOUND('',#2285,.F.);
#2285 = EDGE_LOOP('',(#2286,#2287,#2288,#2294));
#2286 = ORIENTED_EDGE('',*,*,#2272,.T.);
#2287 = ORIENTED_EDGE('',*,*,#1253,.T.);
#2288 = ORIENTED_EDGE('',*,*,#2289,.F.);
#2289 = EDGE_CURVE('',#680,#1254,#2290,.T.);
#2290 = LINE('',#2291,#2292);
#2291 = CARTESIAN_POINT('',(7.655522685858,-2.5,87.322277418036));
#2292 = VECTOR('',#2293,1.);
#2293 = DIRECTION('',(0.,1.,0.));
#2294 = ORIENTED_EDGE('',*,*,#679,.F.);
#2295 = PLANE('',#2296);
#2296 = AXIS2_PLACEMENT_3D('',#2297,#2298,#2299);
#2297 = CARTESIAN_POINT('',(7.39103626009,-2.5,88.061467458921));
#2298 = DIRECTION('',(-0.941544065183,0.,-0.336889853392));
#2299 = DIRECTION('',(0.336889853392,0.,-0.941544065183));
#2300 = ADVANCED_FACE('',(#2301),#2312,.F.);
#2301 = FACE_BOUND('',#2302,.F.);
#2302 = EDGE_LOOP('',(#2303,#2304,#2305,#2311));
#2303 = ORIENTED_EDGE('',*,*,#2289,.T.);
#2304 = ORIENTED_EDGE('',*,*,#1261,.T.);
#2305 = ORIENTED_EDGE('',*,*,#2306,.F.);
#2306 = EDGE_CURVE('',#688,#1262,#2307,.T.);
#2307 = LINE('',#2308,#2309);
#2308 = CARTESIAN_POINT('',(7.846282243226,-2.5,86.560722576129));
#2309 = VECTOR('',#2310,1.);
#2310 = DIRECTION('',(0.,1.,0.));
#2311 = ORIENTED_EDGE('',*,*,#687,.F.);
#2312 = PLANE('',#2313);
#2313 = AXIS2_PLACEMENT_3D('',#2314,#2315,#2316);
#2314 = CARTESIAN_POINT('',(7.655522685858,-2.5,87.322277418036));
#2315 = DIRECTION('',(-0.970031253195,0.,-0.242980179903));
#2316 = DIRECTION('',(0.242980179903,0.,-0.970031253195));
#2317 = ADVANCED_FACE('',(#2318),#2329,.F.);
#2318 = FACE_BOUND('',#2319,.F.);
#2319 = EDGE_LOOP('',(#2320,#2321,#2322,#2328));
#2320 = ORIENTED_EDGE('',*,*,#2306,.T.);
#2321 = ORIENTED_EDGE('',*,*,#1269,.T.);
#2322 = ORIENTED_EDGE('',*,*,#2323,.F.);
#2323 = EDGE_CURVE('',#696,#1270,#2324,.T.);
#2324 = LINE('',#2325,#2326);
#2325 = CARTESIAN_POINT('',(7.961477813378,-2.5,85.784137122636));
#2326 = VECTOR('',#2327,1.);
#2327 = DIRECTION('',(0.,1.,0.));
#2328 = ORIENTED_EDGE('',*,*,#695,.F.);
#2329 = PLANE('',#2330);
#2330 = AXIS2_PLACEMENT_3D('',#2331,#2332,#2333);
#2331 = CARTESIAN_POINT('',(7.846282243226,-2.5,86.560722576129));
#2332 = DIRECTION('',(-0.989176509965,0.,-0.146730474455));
#2333 = DIRECTION('',(0.146730474455,0.,-0.989176509965));
#2334 = ADVANCED_FACE('',(#2335),#2341,.F.);
#2335 = FACE_BOUND('',#2336,.F.);
#2336 = EDGE_LOOP('',(#2337,#2338,#2339,#2340));
#2337 = ORIENTED_EDGE('',*,*,#2323,.T.);
#2338 = ORIENTED_EDGE('',*,*,#1277,.T.);
#2339 = ORIENTED_EDGE('',*,*,#1581,.F.);
#2340 = ORIENTED_EDGE('',*,*,#703,.F.);
#2341 = PLANE('',#2342);
#2342 = AXIS2_PLACEMENT_3D('',#2343,#2344,#2345);
#2343 = CARTESIAN_POINT('',(7.961477813378,-2.5,85.784137122636));
#2344 = DIRECTION('',(-0.998795456205,0.,-4.906767432742E-02));
#2345 = DIRECTION('',(4.906767432742E-02,0.,-0.998795456205));
#2346 = ADVANCED_FACE('',(#2347),#2358,.F.);
#2347 = FACE_BOUND('',#2348,.F.);
#2348 = EDGE_LOOP('',(#2349,#2350,#2351,#2357));
#2349 = ORIENTED_EDGE('',*,*,#1600,.T.);
#2350 = ORIENTED_EDGE('',*,*,#1300,.T.);
#2351 = ORIENTED_EDGE('',*,*,#2352,.F.);
#2352 = EDGE_CURVE('',#727,#1301,#2353,.T.);
#2353 = LINE('',#2354,#2355);
#2354 = CARTESIAN_POINT('',(4.975923633361,-2.5,85.490085701648));
#2355 = VECTOR('',#2356,1.);
#2356 = DIRECTION('',(0.,1.,0.));
#2357 = ORIENTED_EDGE('',*,*,#726,.F.);
#2358 = PLANE('',#2359);
#2359 = AXIS2_PLACEMENT_3D('',#2360,#2361,#2362);
#2360 = CARTESIAN_POINT('',(5.,-2.5,85.));
#2361 = DIRECTION('',(0.998795456205,-0.,4.906767432742E-02));
#2362 = DIRECTION('',(-4.906767432742E-02,0.,0.998795456205));
#2363 = ADVANCED_FACE('',(#2364),#2375,.F.);
#2364 = FACE_BOUND('',#2365,.F.);
#2365 = EDGE_LOOP('',(#2366,#2367,#2368,#2374));
#2366 = ORIENTED_EDGE('',*,*,#2352,.T.);
#2367 = ORIENTED_EDGE('',*,*,#1308,.T.);
#2368 = ORIENTED_EDGE('',*,*,#2369,.F.);
#2369 = EDGE_CURVE('',#735,#1309,#2370,.T.);
#2370 = LINE('',#2371,#2372);
#2371 = CARTESIAN_POINT('',(4.903926402016,-2.5,85.975451610081));
#2372 = VECTOR('',#2373,1.);
#2373 = DIRECTION('',(0.,1.,0.));
#2374 = ORIENTED_EDGE('',*,*,#734,.F.);
#2375 = PLANE('',#2376);
#2376 = AXIS2_PLACEMENT_3D('',#2377,#2378,#2379);
#2377 = CARTESIAN_POINT('',(4.975923633361,-2.5,85.490085701648));
#2378 = DIRECTION('',(0.989176509965,-0.,0.146730474455));
#2379 = DIRECTION('',(-0.146730474455,0.,0.989176509965));
#2380 = ADVANCED_FACE('',(#2381),#2392,.F.);
#2381 = FACE_BOUND('',#2382,.F.);
#2382 = EDGE_LOOP('',(#2383,#2384,#2385,#2391));
#2383 = ORIENTED_EDGE('',*,*,#2369,.T.);
#2384 = ORIENTED_EDGE('',*,*,#1316,.T.);
#2385 = ORIENTED_EDGE('',*,*,#2386,.F.);
#2386 = EDGE_CURVE('',#743,#1317,#2387,.T.);
#2387 = LINE('',#2388,#2389);
#2388 = CARTESIAN_POINT('',(4.784701678661,-2.5,86.451423386272));
#2389 = VECTOR('',#2390,1.);
#2390 = DIRECTION('',(0.,1.,0.));
#2391 = ORIENTED_EDGE('',*,*,#742,.F.);
#2392 = PLANE('',#2393);
#2393 = AXIS2_PLACEMENT_3D('',#2394,#2395,#2396);
#2394 = CARTESIAN_POINT('',(4.903926402016,-2.5,85.975451610081));
#2395 = DIRECTION('',(0.970031253195,-0.,0.242980179903));
#2396 = DIRECTION('',(-0.242980179903,0.,0.970031253195));
#2397 = ADVANCED_FACE('',(#2398),#2409,.F.);
#2398 = FACE_BOUND('',#2399,.F.);
#2399 = EDGE_LOOP('',(#2400,#2401,#2402,#2408));
#2400 = ORIENTED_EDGE('',*,*,#2386,.T.);
#2401 = ORIENTED_EDGE('',*,*,#1324,.T.);
#2402 = ORIENTED_EDGE('',*,*,#2403,.F.);
#2403 = EDGE_CURVE('',#751,#1325,#2404,.T.);
#2404 = LINE('',#2405,#2406);
#2405 = CARTESIAN_POINT('',(4.619397662556,-2.5,86.913417161825));
#2406 = VECTOR('',#2407,1.);
#2407 = DIRECTION('',(0.,1.,0.));
#2408 = ORIENTED_EDGE('',*,*,#750,.F.);
#2409 = PLANE('',#2410);
#2410 = AXIS2_PLACEMENT_3D('',#2411,#2412,#2413);
#2411 = CARTESIAN_POINT('',(4.784701678661,-2.5,86.451423386272));
#2412 = DIRECTION('',(0.941544065183,-0.,0.336889853392));
#2413 = DIRECTION('',(-0.336889853392,0.,0.941544065183));
#2414 = ADVANCED_FACE('',(#2415),#2426,.F.);
#2415 = FACE_BOUND('',#2416,.F.);
#2416 = EDGE_LOOP('',(#2417,#2418,#2419,#2425));
#2417 = ORIENTED_EDGE('',*,*,#2403,.T.);
#2418 = ORIENTED_EDGE('',*,*,#1332,.T.);
#2419 = ORIENTED_EDGE('',*,*,#2420,.F.);
#2420 = EDGE_CURVE('',#759,#1333,#2421,.T.);
#2421 = LINE('',#2422,#2423);
#2422 = CARTESIAN_POINT('',(4.409606321742,-2.5,87.35698368413));
#2423 = VECTOR('',#2424,1.);
#2424 = DIRECTION('',(0.,1.,0.));
#2425 = ORIENTED_EDGE('',*,*,#758,.F.);
#2426 = PLANE('',#2427);
#2427 = AXIS2_PLACEMENT_3D('',#2428,#2429,#2430);
#2428 = CARTESIAN_POINT('',(4.619397662556,-2.5,86.913417161825));
#2429 = DIRECTION('',(0.903989293123,-0.,0.42755509343));
#2430 = DIRECTION('',(-0.42755509343,0.,0.903989293123));
#2431 = ADVANCED_FACE('',(#2432),#2443,.F.);
#2432 = FACE_BOUND('',#2433,.F.);
#2433 = EDGE_LOOP('',(#2434,#2435,#2436,#2442));
#2434 = ORIENTED_EDGE('',*,*,#2420,.T.);
#2435 = ORIENTED_EDGE('',*,*,#1340,.T.);
#2436 = ORIENTED_EDGE('',*,*,#2437,.F.);
#2437 = EDGE_CURVE('',#767,#1341,#2438,.T.);
#2438 = LINE('',#2439,#2440);
#2439 = CARTESIAN_POINT('',(4.157348061513,-2.5,87.777851165098));
#2440 = VECTOR('',#2441,1.);
#2441 = DIRECTION('',(0.,1.,0.));
#2442 = ORIENTED_EDGE('',*,*,#766,.F.);
#2443 = PLANE('',#2444);
#2444 = AXIS2_PLACEMENT_3D('',#2445,#2446,#2447);
#2445 = CARTESIAN_POINT('',(4.409606321742,-2.5,87.35698368413));
#2446 = DIRECTION('',(0.85772861,-0.,0.514102744193));
#2447 = DIRECTION('',(-0.514102744193,0.,0.85772861));
#2448 = ADVANCED_FACE('',(#2449),#2460,.F.);
#2449 = FACE_BOUND('',#2450,.F.);
#2450 = EDGE_LOOP('',(#2451,#2452,#2453,#2459));
#2451 = ORIENTED_EDGE('',*,*,#2437,.T.);
#2452 = ORIENTED_EDGE('',*,*,#1348,.T.);
#2453 = ORIENTED_EDGE('',*,*,#2454,.F.);
#2454 = EDGE_CURVE('',#775,#1349,#2455,.T.);
#2455 = LINE('',#2456,#2457);
#2456 = CARTESIAN_POINT('',(3.865052266814,-2.5,88.171966420818));
#2457 = VECTOR('',#2458,1.);
#2458 = DIRECTION('',(0.,1.,0.));
#2459 = ORIENTED_EDGE('',*,*,#774,.F.);
#2460 = PLANE('',#2461);
#2461 = AXIS2_PLACEMENT_3D('',#2462,#2463,#2464);
#2462 = CARTESIAN_POINT('',(4.157348061513,-2.5,87.777851165098));
#2463 = DIRECTION('',(0.803207531481,-0.,0.595699304492));
#2464 = DIRECTION('',(-0.595699304492,0.,0.803207531481));
#2465 = ADVANCED_FACE('',(#2466),#2477,.F.);
#2466 = FACE_BOUND('',#2467,.F.);
#2467 = EDGE_LOOP('',(#2468,#2469,#2470,#2476));
#2468 = ORIENTED_EDGE('',*,*,#2454,.T.);
#2469 = ORIENTED_EDGE('',*,*,#1356,.T.);
#2470 = ORIENTED_EDGE('',*,*,#2471,.F.);
#2471 = EDGE_CURVE('',#783,#1357,#2472,.T.);
#2472 = LINE('',#2473,#2474);
#2473 = CARTESIAN_POINT('',(3.535533905933,-2.5,88.535533905933));
#2474 = VECTOR('',#2475,1.);
#2475 = DIRECTION('',(0.,1.,0.));
#2476 = ORIENTED_EDGE('',*,*,#782,.F.);
#2477 = PLANE('',#2478);
#2478 = AXIS2_PLACEMENT_3D('',#2479,#2480,#2481);
#2479 = CARTESIAN_POINT('',(3.865052266814,-2.5,88.171966420818));
#2480 = DIRECTION('',(0.740951125355,-0.,0.671558954847));
#2481 = DIRECTION('',(-0.671558954847,0.,0.740951125355));
#2482 = ADVANCED_FACE('',(#2483),#2494,.F.);
#2483 = FACE_BOUND('',#2484,.F.);
#2484 = EDGE_LOOP('',(#2485,#2486,#2487,#2493));
#2485 = ORIENTED_EDGE('',*,*,#2471,.T.);
#2486 = ORIENTED_EDGE('',*,*,#1364,.T.);
#2487 = ORIENTED_EDGE('',*,*,#2488,.F.);
#2488 = EDGE_CURVE('',#791,#1365,#2489,.T.);
#2489 = LINE('',#2490,#2491);
#2490 = CARTESIAN_POINT('',(3.171966420818,-2.5,88.865052266814));
#2491 = VECTOR('',#2492,1.);
#2492 = DIRECTION('',(0.,1.,0.));
#2493 = ORIENTED_EDGE('',*,*,#790,.F.);
#2494 = PLANE('',#2495);
#2495 = AXIS2_PLACEMENT_3D('',#2496,#2497,#2498);
#2496 = CARTESIAN_POINT('',(3.535533905933,-2.5,88.535533905933));
#2497 = DIRECTION('',(0.671558954847,-0.,0.740951125355));
#2498 = DIRECTION('',(-0.740951125355,0.,0.671558954847));
#2499 = ADVANCED_FACE('',(#2500),#2511,.F.);
#2500 = FACE_BOUND('',#2501,.F.);
#2501 = EDGE_LOOP('',(#2502,#2503,#2504,#2510));
#2502 = ORIENTED_EDGE('',*,*,#2488,.T.);
#2503 = ORIENTED_EDGE('',*,*,#1372,.T.);
#2504 = ORIENTED_EDGE('',*,*,#2505,.F.);
#2505 = EDGE_CURVE('',#799,#1373,#2506,.T.);
#2506 = LINE('',#2507,#2508);
#2507 = CARTESIAN_POINT('',(2.777851165098,-2.5,89.157348061513));
#2508 = VECTOR('',#2509,1.);
#2509 = DIRECTION('',(0.,1.,0.));
#2510 = ORIENTED_EDGE('',*,*,#798,.F.);
#2511 = PLANE('',#2512);
#2512 = AXIS2_PLACEMENT_3D('',#2513,#2514,#2515);
#2513 = CARTESIAN_POINT('',(3.171966420818,-2.5,88.865052266814));
#2514 = DIRECTION('',(0.595699304492,-0.,0.803207531481));
#2515 = DIRECTION('',(-0.803207531481,0.,0.595699304492));
#2516 = ADVANCED_FACE('',(#2517),#2528,.F.);
#2517 = FACE_BOUND('',#2518,.F.);
#2518 = EDGE_LOOP('',(#2519,#2520,#2521,#2527));
#2519 = ORIENTED_EDGE('',*,*,#2505,.T.);
#2520 = ORIENTED_EDGE('',*,*,#1380,.T.);
#2521 = ORIENTED_EDGE('',*,*,#2522,.F.);
#2522 = EDGE_CURVE('',#807,#1381,#2523,.T.);
#2523 = LINE('',#2524,#2525);
#2524 = CARTESIAN_POINT('',(2.35698368413,-2.5,89.409606321742));
#2525 = VECTOR('',#2526,1.);
#2526 = DIRECTION('',(0.,1.,0.));
#2527 = ORIENTED_EDGE('',*,*,#806,.F.);
#2528 = PLANE('',#2529);
#2529 = AXIS2_PLACEMENT_3D('',#2530,#2531,#2532);
#2530 = CARTESIAN_POINT('',(2.777851165098,-2.5,89.157348061513));
#2531 = DIRECTION('',(0.514102744193,-0.,0.85772861));
#2532 = DIRECTION('',(-0.85772861,0.,0.514102744193));
#2533 = ADVANCED_FACE('',(#2534),#2545,.F.);
#2534 = FACE_BOUND('',#2535,.F.);
#2535 = EDGE_LOOP('',(#2536,#2537,#2538,#2544));
#2536 = ORIENTED_EDGE('',*,*,#2522,.T.);
#2537 = ORIENTED_EDGE('',*,*,#1388,.T.);
#2538 = ORIENTED_EDGE('',*,*,#2539,.F.);
#2539 = EDGE_CURVE('',#815,#1389,#2540,.T.);
#2540 = LINE('',#2541,#2542);
#2541 = CARTESIAN_POINT('',(1.913417161825,-2.5,89.619397662556));
#2542 = VECTOR('',#2543,1.);
#2543 = DIRECTION('',(0.,1.,0.));
#2544 = ORIENTED_EDGE('',*,*,#814,.F.);
#2545 = PLANE('',#2546);
#2546 = AXIS2_PLACEMENT_3D('',#2547,#2548,#2549);
#2547 = CARTESIAN_POINT('',(2.35698368413,-2.5,89.409606321742));
#2548 = DIRECTION('',(0.42755509343,-0.,0.903989293123));
#2549 = DIRECTION('',(-0.903989293123,0.,0.42755509343));
#2550 = ADVANCED_FACE('',(#2551),#2562,.F.);
#2551 = FACE_BOUND('',#2552,.F.);
#2552 = EDGE_LOOP('',(#2553,#2554,#2555,#2561));
#2553 = ORIENTED_EDGE('',*,*,#2539,.T.);
#2554 = ORIENTED_EDGE('',*,*,#1396,.T.);
#2555 = ORIENTED_EDGE('',*,*,#2556,.F.);
#2556 = EDGE_CURVE('',#823,#1397,#2557,.T.);
#2557 = LINE('',#2558,#2559);
#2558 = CARTESIAN_POINT('',(1.451423386272,-2.5,89.784701678661));
#2559 = VECTOR('',#2560,1.);
#2560 = DIRECTION('',(0.,1.,0.));
#2561 = ORIENTED_EDGE('',*,*,#822,.F.);
#2562 = PLANE('',#2563);
#2563 = AXIS2_PLACEMENT_3D('',#2564,#2565,#2566);
#2564 = CARTESIAN_POINT('',(1.913417161825,-2.5,89.619397662556));
#2565 = DIRECTION('',(0.336889853392,-0.,0.941544065183));
#2566 = DIRECTION('',(-0.941544065183,0.,0.336889853392));
#2567 = ADVANCED_FACE('',(#2568),#2579,.F.);
#2568 = FACE_BOUND('',#2569,.F.);
#2569 = EDGE_LOOP('',(#2570,#2571,#2572,#2578));
#2570 = ORIENTED_EDGE('',*,*,#2556,.T.);
#2571 = ORIENTED_EDGE('',*,*,#1404,.T.);
#2572 = ORIENTED_EDGE('',*,*,#2573,.F.);
#2573 = EDGE_CURVE('',#831,#1405,#2574,.T.);
#2574 = LINE('',#2575,#2576);
#2575 = CARTESIAN_POINT('',(0.975451610081,-2.5,89.903926402016));
#2576 = VECTOR('',#2577,1.);
#2577 = DIRECTION('',(0.,1.,0.));
#2578 = ORIENTED_EDGE('',*,*,#830,.F.);
#2579 = PLANE('',#2580);
#2580 = AXIS2_PLACEMENT_3D('',#2581,#2582,#2583);
#2581 = CARTESIAN_POINT('',(1.451423386272,-2.5,89.784701678661));
#2582 = DIRECTION('',(0.242980179903,-0.,0.970031253195));
#2583 = DIRECTION('',(-0.970031253195,0.,0.242980179903));
#2584 = ADVANCED_FACE('',(#2585),#2596,.F.);
#2585 = FACE_BOUND('',#2586,.F.);
#2586 = EDGE_LOOP('',(#2587,#2588,#2589,#2595));
#2587 = ORIENTED_EDGE('',*,*,#2573,.T.);
#2588 = ORIENTED_EDGE('',*,*,#1412,.T.);
#2589 = ORIENTED_EDGE('',*,*,#2590,.F.);
#2590 = EDGE_CURVE('',#839,#1413,#2591,.T.);
#2591 = LINE('',#2592,#2593);
#2592 = CARTESIAN_POINT('',(0.490085701648,-2.5,89.975923633361));
#2593 = VECTOR('',#2594,1.);
#2594 = DIRECTION('',(0.,1.,0.));
#2595 = ORIENTED_EDGE('',*,*,#838,.F.);
#2596 = PLANE('',#2597);
#2597 = AXIS2_PLACEMENT_3D('',#2598,#2599,#2600);
#2598 = CARTESIAN_POINT('',(0.975451610081,-2.5,89.903926402016));
#2599 = DIRECTION('',(0.146730474455,-0.,0.989176509965));
#2600 = DIRECTION('',(-0.989176509965,0.,0.146730474455));
#2601 = ADVANCED_FACE('',(#2602),#2613,.F.);
#2602 = FACE_BOUND('',#2603,.F.);
#2603 = EDGE_LOOP('',(#2604,#2605,#2606,#2612));
#2604 = ORIENTED_EDGE('',*,*,#2590,.T.);
#2605 = ORIENTED_EDGE('',*,*,#1420,.T.);
#2606 = ORIENTED_EDGE('',*,*,#2607,.F.);
#2607 = EDGE_CURVE('',#847,#1421,#2608,.T.);
#2608 = LINE('',#2609,#2610);
#2609 = CARTESIAN_POINT('',(3.061616997868E-16,-2.5,90.));
#2610 = VECTOR('',#2611,1.);
#2611 = DIRECTION('',(0.,1.,0.));
#2612 = ORIENTED_EDGE('',*,*,#846,.F.);
#2613 = PLANE('',#2614);
#2614 = AXIS2_PLACEMENT_3D('',#2615,#2616,#2617);
#2615 = CARTESIAN_POINT('',(0.490085701648,-2.5,89.975923633361));
#2616 = DIRECTION('',(4.906767432743E-02,-0.,0.998795456205));
#2617 = DIRECTION('',(-0.998795456205,0.,4.906767432743E-02));
#2618 = ADVANCED_FACE('',(#2619),#2630,.F.);
#2619 = FACE_BOUND('',#2620,.F.);
#2620 = EDGE_LOOP('',(#2621,#2622,#2623,#2629));
#2621 = ORIENTED_EDGE('',*,*,#2607,.T.);
#2622 = ORIENTED_EDGE('',*,*,#1428,.T.);
#2623 = ORIENTED_EDGE('',*,*,#2624,.F.);
#2624 = EDGE_CURVE('',#855,#1429,#2625,.T.);
#2625 = LINE('',#2626,#2627);
#2626 = CARTESIAN_POINT('',(-0.490085701648,-2.5,89.975923633361));
#2627 = VECTOR('',#2628,1.);
#2628 = DIRECTION('',(0.,1.,0.));
#2629 = ORIENTED_EDGE('',*,*,#854,.F.);
#2630 = PLANE('',#2631);
#2631 = AXIS2_PLACEMENT_3D('',#2632,#2633,#2634);
#2632 = CARTESIAN_POINT('',(3.061616997868E-16,-2.5,90.));
#2633 = DIRECTION('',(-4.90676743274E-02,0.,0.998795456205));
#2634 = DIRECTION('',(-0.998795456205,0.,-4.90676743274E-02));
#2635 = ADVANCED_FACE('',(#2636),#2647,.F.);
#2636 = FACE_BOUND('',#2637,.F.);
#2637 = EDGE_LOOP('',(#2638,#2639,#2640,#2646));
#2638 = ORIENTED_EDGE('',*,*,#2624,.T.);
#2639 = ORIENTED_EDGE('',*,*,#1436,.T.);
#2640 = ORIENTED_EDGE('',*,*,#2641,.F.);
#2641 = EDGE_CURVE('',#863,#1437,#2642,.T.);
#2642 = LINE('',#2643,#2644);
#2643 = CARTESIAN_POINT('',(-0.975451610081,-2.5,89.903926402016));
#2644 = VECTOR('',#2645,1.);
#2645 = DIRECTION('',(0.,1.,0.));
#2646 = ORIENTED_EDGE('',*,*,#862,.F.);
#2647 = PLANE('',#2648);
#2648 = AXIS2_PLACEMENT_3D('',#2649,#2650,#2651);
#2649 = CARTESIAN_POINT('',(-0.490085701648,-2.5,89.975923633361));
#2650 = DIRECTION('',(-0.146730474455,0.,0.989176509965));
#2651 = DIRECTION('',(-0.989176509965,0.,-0.146730474455));
#2652 = ADVANCED_FACE('',(#2653),#2664,.F.);
#2653 = FACE_BOUND('',#2654,.F.);
#2654 = EDGE_LOOP('',(#2655,#2656,#2657,#2663));
#2655 = ORIENTED_EDGE('',*,*,#2641,.T.);
#2656 = ORIENTED_EDGE('',*,*,#1444,.T.);
#2657 = ORIENTED_EDGE('',*,*,#2658,.F.);
#2658 = EDGE_CURVE('',#871,#1445,#2659,.T.);
#2659 = LINE('',#2660,#2661);
#2660 = CARTESIAN_POINT('',(-1.451423386272,-2.5,89.784701678661));
#2661 = VECTOR('',#2662,1.);
#2662 = DIRECTION('',(0.,1.,0.));
#2663 = ORIENTED_EDGE('',*,*,#870,.F.);
#2664 = PLANE('',#2665);
#2665 = AXIS2_PLACEMENT_3D('',#2666,#2667,#2668);
#2666 = CARTESIAN_POINT('',(-0.975451610081,-2.5,89.903926402016));
#2667 = DIRECTION('',(-0.242980179903,0.,0.970031253195));
#2668 = DIRECTION('',(-0.970031253195,0.,-0.242980179903));
#2669 = ADVANCED_FACE('',(#2670),#2681,.F.);
#2670 = FACE_BOUND('',#2671,.F.);
#2671 = EDGE_LOOP('',(#2672,#2673,#2674,#2680));
#2672 = ORIENTED_EDGE('',*,*,#2658,.T.);
#2673 = ORIENTED_EDGE('',*,*,#1452,.T.);
#2674 = ORIENTED_EDGE('',*,*,#2675,.F.);
#2675 = EDGE_CURVE('',#879,#1453,#2676,.T.);
#2676 = LINE('',#2677,#2678);
#2677 = CARTESIAN_POINT('',(-1.913417161825,-2.5,89.619397662556));
#2678 = VECTOR('',#2679,1.);
#2679 = DIRECTION('',(0.,1.,0.));
#2680 = ORIENTED_EDGE('',*,*,#878,.F.);
#2681 = PLANE('',#2682);
#2682 = AXIS2_PLACEMENT_3D('',#2683,#2684,#2685);
#2683 = CARTESIAN_POINT('',(-1.451423386272,-2.5,89.784701678661));
#2684 = DIRECTION('',(-0.336889853392,0.,0.941544065183));
#2685 = DIRECTION('',(-0.941544065183,0.,-0.336889853392));
#2686 = ADVANCED_FACE('',(#2687),#2698,.F.);
#2687 = FACE_BOUND('',#2688,.F.);
#2688 = EDGE_LOOP('',(#2689,#2690,#2691,#2697));
#2689 = ORIENTED_EDGE('',*,*,#2675,.T.);
#2690 = ORIENTED_EDGE('',*,*,#1460,.T.);
#2691 = ORIENTED_EDGE('',*,*,#2692,.F.);
#2692 = EDGE_CURVE('',#887,#1461,#2693,.T.);
#2693 = LINE('',#2694,#2695);
#2694 = CARTESIAN_POINT('',(-2.35698368413,-2.5,89.409606321742));
#2695 = VECTOR('',#2696,1.);
#2696 = DIRECTION('',(0.,1.,0.));
#2697 = ORIENTED_EDGE('',*,*,#886,.F.);
#2698 = PLANE('',#2699);
#2699 = AXIS2_PLACEMENT_3D('',#2700,#2701,#2702);
#2700 = CARTESIAN_POINT('',(-1.913417161825,-2.5,89.619397662556));
#2701 = DIRECTION('',(-0.42755509343,0.,0.903989293123));
#2702 = DIRECTION('',(-0.903989293123,0.,-0.42755509343));
#2703 = ADVANCED_FACE('',(#2704),#2715,.F.);
#2704 = FACE_BOUND('',#2705,.F.);
#2705 = EDGE_LOOP('',(#2706,#2707,#2708,#2714));
#2706 = ORIENTED_EDGE('',*,*,#2692,.T.);
#2707 = ORIENTED_EDGE('',*,*,#1468,.T.);
#2708 = ORIENTED_EDGE('',*,*,#2709,.F.);
#2709 = EDGE_CURVE('',#895,#1469,#2710,.T.);
#2710 = LINE('',#2711,#2712);
#2711 = CARTESIAN_POINT('',(-2.777851165098,-2.5,89.157348061513));
#2712 = VECTOR('',#2713,1.);
#2713 = DIRECTION('',(0.,1.,0.));
#2714 = ORIENTED_EDGE('',*,*,#894,.F.);
#2715 = PLANE('',#2716);
#2716 = AXIS2_PLACEMENT_3D('',#2717,#2718,#2719);
#2717 = CARTESIAN_POINT('',(-2.35698368413,-2.5,89.409606321742));
#2718 = DIRECTION('',(-0.514102744193,0.,0.85772861));
#2719 = DIRECTION('',(-0.85772861,0.,-0.514102744193));
#2720 = ADVANCED_FACE('',(#2721),#2732,.F.);
#2721 = FACE_BOUND('',#2722,.F.);
#2722 = EDGE_LOOP('',(#2723,#2724,#2725,#2731));
#2723 = ORIENTED_EDGE('',*,*,#2709,.T.);
#2724 = ORIENTED_EDGE('',*,*,#1476,.T.);
#2725 = ORIENTED_EDGE('',*,*,#2726,.F.);
#2726 = EDGE_CURVE('',#903,#1477,#2727,.T.);
#2727 = LINE('',#2728,#2729);
#2728 = CARTESIAN_POINT('',(-3.171966420818,-2.5,88.865052266814));
#2729 = VECTOR('',#2730,1.);
#2730 = DIRECTION('',(0.,1.,0.));
#2731 = ORIENTED_EDGE('',*,*,#902,.F.);
#2732 = PLANE('',#2733);
#2733 = AXIS2_PLACEMENT_3D('',#2734,#2735,#2736);
#2734 = CARTESIAN_POINT('',(-2.777851165098,-2.5,89.157348061513));
#2735 = DIRECTION('',(-0.595699304492,0.,0.803207531481));
#2736 = DIRECTION('',(-0.803207531481,0.,-0.595699304492));
#2737 = ADVANCED_FACE('',(#2738),#2749,.F.);
#2738 = FACE_BOUND('',#2739,.F.);
#2739 = EDGE_LOOP('',(#2740,#2741,#2742,#2748));
#2740 = ORIENTED_EDGE('',*,*,#2726,.T.);
#2741 = ORIENTED_EDGE('',*,*,#1484,.T.);
#2742 = ORIENTED_EDGE('',*,*,#2743,.F.);
#2743 = EDGE_CURVE('',#911,#1485,#2744,.T.);
#2744 = LINE('',#2745,#2746);
#2745 = CARTESIAN_POINT('',(-3.535533905933,-2.5,88.535533905933));
#2746 = VECTOR('',#2747,1.);
#2747 = DIRECTION('',(0.,1.,0.));
#2748 = ORIENTED_EDGE('',*,*,#910,.F.);
#2749 = PLANE('',#2750);
#2750 = AXIS2_PLACEMENT_3D('',#2751,#2752,#2753);
#2751 = CARTESIAN_POINT('',(-3.171966420818,-2.5,88.865052266814));
#2752 = DIRECTION('',(-0.671558954847,0.,0.740951125355));
#2753 = DIRECTION('',(-0.740951125355,0.,-0.671558954847));
#2754 = ADVANCED_FACE('',(#2755),#2766,.F.);
#2755 = FACE_BOUND('',#2756,.F.);
#2756 = EDGE_LOOP('',(#2757,#2758,#2759,#2765));
#2757 = ORIENTED_EDGE('',*,*,#2743,.T.);
#2758 = ORIENTED_EDGE('',*,*,#1492,.T.);
#2759 = ORIENTED_EDGE('',*,*,#2760,.F.);
#2760 = EDGE_CURVE('',#919,#1493,#2761,.T.);
#2761 = LINE('',#2762,#2763);
#2762 = CARTESIAN_POINT('',(-3.865052266814,-2.5,88.171966420818));
#2763 = VECTOR('',#2764,1.);
#2764 = DIRECTION('',(0.,1.,0.));
#2765 = ORIENTED_EDGE('',*,*,#918,.F.);
#2766 = PLANE('',#2767);
#2767 = AXIS2_PLACEMENT_3D('',#2768,#2769,#2770);
#2768 = CARTESIAN_POINT('',(-3.535533905933,-2.5,88.535533905933));
#2769 = DIRECTION('',(-0.740951125355,0.,0.671558954847));
#2770 = DIRECTION('',(-0.671558954847,0.,-0.740951125355));
#2771 = ADVANCED_FACE('',(#2772),#2783,.F.);
#2772 = FACE_BOUND('',#2773,.F.);
#2773 = EDGE_LOOP('',(#2774,#2775,#2776,#2782));
#2774 = ORIENTED_EDGE('',*,*,#2760,.T.);
#2775 = ORIENTED_EDGE('',*,*,#1500,.T.);
#2776 = ORIENTED_EDGE('',*,*,#2777,.F.);
#2777 = EDGE_CURVE('',#927,#1501,#2778,.T.);
#2778 = LINE('',#2779,#2780);
#2779 = CARTESIAN_POINT('',(-4.157348061513,-2.5,87.777851165098));
#2780 = VECTOR('',#2781,1.);
#2781 = DIRECTION('',(0.,1.,0.));
#2782 = ORIENTED_EDGE('',*,*,#926,.F.);
#2783 = PLANE('',#2784);
#2784 = AXIS2_PLACEMENT_3D('',#2785,#2786,#2787);
#2785 = CARTESIAN_POINT('',(-3.865052266814,-2.5,88.171966420818));
#2786 = DIRECTION('',(-0.803207531481,0.,0.595699304492));
#2787 = DIRECTION('',(-0.595699304492,0.,-0.803207531481));
#2788 = ADVANCED_FACE('',(#2789),#2800,.F.);
#2789 = FACE_BOUND('',#2790,.F.);
#2790 = EDGE_LOOP('',(#2791,#2792,#2793,#2799));
#2791 = ORIENTED_EDGE('',*,*,#2777,.T.);
#2792 = ORIENTED_EDGE('',*,*,#1508,.T.);
#2793 = ORIENTED_EDGE('',*,*,#2794,.F.);
#2794 = EDGE_CURVE('',#935,#1509,#2795,.T.);
#2795 = LINE('',#2796,#2797);
#2796 = CARTESIAN_POINT('',(-4.409606321742,-2.5,87.35698368413));
#2797 = VECTOR('',#2798,1.);
#2798 = DIRECTION('',(0.,1.,0.));
#2799 = ORIENTED_EDGE('',*,*,#934,.F.);
#2800 = PLANE('',#2801);
#2801 = AXIS2_PLACEMENT_3D('',#2802,#2803,#2804);
#2802 = CARTESIAN_POINT('',(-4.157348061513,-2.5,87.777851165098));
#2803 = DIRECTION('',(-0.85772861,0.,0.514102744193));
#2804 = DIRECTION('',(-0.514102744193,0.,-0.85772861));
#2805 = ADVANCED_FACE('',(#2806),#2817,.F.);
#2806 = FACE_BOUND('',#2807,.F.);
#2807 = EDGE_LOOP('',(#2808,#2809,#2810,#2816));
#2808 = ORIENTED_EDGE('',*,*,#2794,.T.);
#2809 = ORIENTED_EDGE('',*,*,#1516,.T.);
#2810 = ORIENTED_EDGE('',*,*,#2811,.F.);
#2811 = EDGE_CURVE('',#943,#1517,#2812,.T.);
#2812 = LINE('',#2813,#2814);
#2813 = CARTESIAN_POINT('',(-4.619397662556,-2.5,86.913417161825));
#2814 = VECTOR('',#2815,1.);
#2815 = DIRECTION('',(0.,1.,0.));
#2816 = ORIENTED_EDGE('',*,*,#942,.F.);
#2817 = PLANE('',#2818);
#2818 = AXIS2_PLACEMENT_3D('',#2819,#2820,#2821);
#2819 = CARTESIAN_POINT('',(-4.409606321742,-2.5,87.35698368413));
#2820 = DIRECTION('',(-0.903989293123,0.,0.42755509343));
#2821 = DIRECTION('',(-0.42755509343,0.,-0.903989293123));
#2822 = ADVANCED_FACE('',(#2823),#2834,.F.);
#2823 = FACE_BOUND('',#2824,.F.);
#2824 = EDGE_LOOP('',(#2825,#2826,#2827,#2833));
#2825 = ORIENTED_EDGE('',*,*,#2811,.T.);
#2826 = ORIENTED_EDGE('',*,*,#1524,.T.);
#2827 = ORIENTED_EDGE('',*,*,#2828,.F.);
#2828 = EDGE_CURVE('',#951,#1525,#2829,.T.);
#2829 = LINE('',#2830,#2831);
#2830 = CARTESIAN_POINT('',(-4.784701678661,-2.5,86.451423386272));
#2831 = VECTOR('',#2832,1.);
#2832 = DIRECTION('',(0.,1.,0.));
#2833 = ORIENTED_EDGE('',*,*,#950,.F.);
#2834 = PLANE('',#2835);
#2835 = AXIS2_PLACEMENT_3D('',#2836,#2837,#2838);
#2836 = CARTESIAN_POINT('',(-4.619397662556,-2.5,86.913417161825));
#2837 = DIRECTION('',(-0.941544065183,0.,0.336889853392));
#2838 = DIRECTION('',(-0.336889853392,0.,-0.941544065183));
#2839 = ADVANCED_FACE('',(#2840),#2851,.F.);
#2840 = FACE_BOUND('',#2841,.F.);
#2841 = EDGE_LOOP('',(#2842,#2843,#2844,#2850));
#2842 = ORIENTED_EDGE('',*,*,#2828,.T.);
#2843 = ORIENTED_EDGE('',*,*,#1532,.T.);
#2844 = ORIENTED_EDGE('',*,*,#2845,.F.);
#2845 = EDGE_CURVE('',#959,#1533,#2846,.T.);
#2846 = LINE('',#2847,#2848);
#2847 = CARTESIAN_POINT('',(-4.903926402016,-2.5,85.975451610081));
#2848 = VECTOR('',#2849,1.);
#2849 = DIRECTION('',(0.,1.,0.));
#2850 = ORIENTED_EDGE('',*,*,#958,.F.);
#2851 = PLANE('',#2852);
#2852 = AXIS2_PLACEMENT_3D('',#2853,#2854,#2855);
#2853 = CARTESIAN_POINT('',(-4.784701678661,-2.5,86.451423386272));
#2854 = DIRECTION('',(-0.970031253195,0.,0.242980179903));
#2855 = DIRECTION('',(-0.242980179903,0.,-0.970031253195));
#2856 = ADVANCED_FACE('',(#2857),#2868,.F.);
#2857 = FACE_BOUND('',#2858,.F.);
#2858 = EDGE_LOOP('',(#2859,#2860,#2861,#2867));
#2859 = ORIENTED_EDGE('',*,*,#2845,.T.);
#2860 = ORIENTED_EDGE('',*,*,#1540,.T.);
#2861 = ORIENTED_EDGE('',*,*,#2862,.F.);
#2862 = EDGE_CURVE('',#967,#1541,#2863,.T.);
#2863 = LINE('',#2864,#2865);
#2864 = CARTESIAN_POINT('',(-4.975923633361,-2.5,85.490085701648));
#2865 = VECTOR('',#2866,1.);
#2866 = DIRECTION('',(0.,1.,0.));
#2867 = ORIENTED_EDGE('',*,*,#966,.F.);
#2868 = PLANE('',#2869);
#2869 = AXIS2_PLACEMENT_3D('',#2870,#2871,#2872);
#2870 = CARTESIAN_POINT('',(-4.903926402016,-2.5,85.975451610081));
#2871 = DIRECTION('',(-0.989176509965,0.,0.146730474455));
#2872 = DIRECTION('',(-0.146730474455,0.,-0.989176509965));
#2873 = ADVANCED_FACE('',(#2874),#2880,.F.);
#2874 = FACE_BOUND('',#2875,.F.);
#2875 = EDGE_LOOP('',(#2876,#2877,#2878,#2879));
#2876 = ORIENTED_EDGE('',*,*,#2862,.T.);
#2877 = ORIENTED_EDGE('',*,*,#1548,.T.);
#2878 = ORIENTED_EDGE('',*,*,#997,.F.);
#2879 = ORIENTED_EDGE('',*,*,#974,.F.);
#2880 = PLANE('',#2881);
#2881 = AXIS2_PLACEMENT_3D('',#2882,#2883,#2884);
#2882 = CARTESIAN_POINT('',(-4.975923633361,-2.5,85.490085701648));
#2883 = DIRECTION('',(-0.998795456205,0.,4.906767432742E-02));
#2884 = DIRECTION('',(-4.906767432742E-02,0.,-0.998795456205));
#2885 = ADVANCED_FACE('',(#2886),#2896,.F.);
#2886 = FACE_BOUND('',#2887,.F.);
#2887 = EDGE_LOOP('',(#2888,#2889,#2890,#2891,#2892,#2893,#2894,#2895));
#2888 = ORIENTED_EDGE('',*,*,#1794,.F.);
#2889 = ORIENTED_EDGE('',*,*,#1632,.T.);
#2890 = ORIENTED_EDGE('',*,*,#1649,.T.);
#2891 = ORIENTED_EDGE('',*,*,#1681,.F.);
#2892 = ORIENTED_EDGE('',*,*,#1696,.T.);
#2893 = ORIENTED_EDGE('',*,*,#1730,.T.);
#2894 = ORIENTED_EDGE('',*,*,#1754,.F.);
#2895 = ORIENTED_EDGE('',*,*,#1779,.F.);
#2896 = PLANE('',#2897);
#2897 = AXIS2_PLACEMENT_3D('',#2898,#2899,#2900);
#2898 = CARTESIAN_POINT('',(-43.1,-35.1,78.4));
#2899 = DIRECTION('',(0.,0.,1.));
#2900 = DIRECTION('',(1.,0.,-0.));
#2901 = ( GEOMETRIC_REPRESENTATION_CONTEXT(3)
GLOBAL_UNCERTAINTY_ASSIGNED_CONTEXT((#2905))
GLOBAL_UNIT_ASSIGNED_CONTEXT((#2902,#2903,#2904)) REPRESENTATION_CONTEXT
('Context #1','3D Context with UNIT and UNCERTAINTY') );
#2902 = ( LENGTH_UNIT() NAMED_UNIT(*) SI_UNIT(.MILLI.,.METRE.) );
#2903 = ( NAMED_UNIT(*) PLANE_ANGLE_UNIT() SI_UNIT($,.RADIAN.) );
#2904 = ( NAMED_UNIT(*) SI_UNIT($,.STERADIAN.) SOLID_ANGLE_UNIT() );
#2905 = UNCERTAINTY_MEASURE_WITH_UNIT(LENGTH_MEASURE(1.E-07),#2902,
  'distance_accuracy_value','confusion accuracy');
#2906 = PRODUCT_RELATED_PRODUCT_CATEGORY('part',$,(#7));
ENDSEC;
END-ISO-10303-21;
