ISO-10303-21;
HEADER;
FILE_DESCRIPTION(('FreeCAD Model'),'2;1');
FILE_NAME('Open CASCADE Shape Model','2026-10-08T21:26:29',('Author'),(
    ''),'Open CASCADE STEP processor 7.8','FreeCAD','Unknown');
FILE_SCHEMA(('AUTOMOTIVE_DESIGN { 1 0 10303 214 1 1 1 1 }'));
ENDSEC;
DATA;
#1 = APPLICATION_PROTOCOL_DEFINITION('international standard',
  'automotive_design',2000,#2);
#2 = APPLICATION_CONTEXT(
  'core data for automotive mechanical design processes');
#3 = SHAPE_DEFINITION_REPRESENTATION(#4,#10);
#4 = PRODUCT_DEFINITION_SHAPE('','',#5);
#5 = PRODUCT_DEFINITION('design','',#6,#9);
#6 = PRODUCT_DEFINITION_FORMATION('','',#7);
#7 = PRODUCT('Ribbed station / arched entries',
  'Ribbed station / arched entries','',(#8));
#8 = PRODUCT_CONTEXT('',#2,'mechanical');
#9 = PRODUCT_DEFINITION_CONTEXT('part definition',#2,'design');
#10 = ADVANCED_BREP_SHAPE_REPRESENTATION('',(#11,#15),#9391);
#11 = AXIS2_PLACEMENT_3D('',#12,#13,#14);
#12 = CARTESIAN_POINT('',(0.,0.,0.));
#13 = DIRECTION('',(0.,0.,1.));
#14 = DIRECTION('',(1.,0.,-0.));
#15 = MANIFOLD_SOLID_BREP('',#16);
#16 = CLOSED_SHELL('',(#17,#57,#194,#219,#348,#365,#382,#399,#416,#433,
    #445,#477,#589,#614,#638,#663,#775,#800,#817,#848,#873,#898,#922,
    #946,#971,#996,#1013,#1029,#1156,#1180,#1300,#1427,#1451,#1571,#1698
    ,#1722,#1842,#1969,#1993,#2113,#2199,#2239,#2331,#2430,#2462,#2561,
    #2593,#2692,#2724,#2814,#2872,#2955,#2979,#3062,#3086,#3169,#3193,
    #3276,#3300,#3383,#3407,#3483,#3523,#3554,#3587,#3618,#3651,#3682,
    #3715,#3737,#3754,#3771,#3788,#3805,#3822,#3839,#3856,#3873,#3890,
    #3907,#3919,#3959,#4058,#4090,#4189,#4221,#4320,#4352,#4442,#4525,
    #4549,#4632,#4656,#4739,#4763,#4846,#4870,#4953,#4977,#5053,#5077,
    #5100,#5123,#5146,#5220,#5237,#5254,#5271,#5288,#5305,#5349,#5380,
    #5413,#5444,#5477,#5508,#5541,#5572,#5603,#5620,#5637,#5654,#5671,
    #5688,#5705,#5722,#5739,#5756,#5773,#5785,#5808,#5831,#5854,#5878,
    #5895,#5912,#5929,#5946,#5963,#5994,#6019,#6043,#6068,#6092,#6117,
    #6141,#6159,#6184,#6304,#6321,#6343,#6355,#6372,#6384,#6396,#6413,
    #6430,#6442,#6464,#6476,#6488,#6505,#6522,#6534,#6592,#6609,#6626,
    #6648,#6660,#6677,#6689,#6701,#6718,#6735,#6747,#6769,#6781,#6793,
    #6810,#6827,#6839,#6861,#6873,#6885,#6902,#6919,#6931,#6948,#6965,
    #6977,#6994,#7011,#7023,#7040,#7057,#7069,#7086,#7098,#7115,#7127,
    #7144,#7161,#7173,#7190,#7207,#7219,#7236,#7253,#7265,#7282,#7299,
    #7311,#7328,#7345,#7357,#7443,#7474,#7499,#7524,#7548,#7572,#7597,
    #7622,#7639,#7670,#7695,#7720,#7744,#7768,#7793,#7818,#7835,#7921,
    #8007,#8038,#8063,#8087,#8112,#8136,#8161,#8185,#8203,#8234,#8259,
    #8283,#8308,#8332,#8357,#8381,#8399,#8485,#8571,#8602,#8627,#8652,
    #8676,#8700,#8725,#8750,#8767,#8798,#8823,#8848,#8872,#8896,#8921,
    #8946,#8963,#9049,#9135,#9157,#9174,#9191,#9208,#9225,#9242,#9259,
    #9271,#9301,#9331,#9361));
#17 = ADVANCED_FACE('',(#18),#52,.F.);
#18 = FACE_BOUND('',#19,.F.);
#19 = EDGE_LOOP('',(#20,#30,#38,#46));
#20 = ORIENTED_EDGE('',*,*,#21,.F.);
#21 = EDGE_CURVE('',#22,#24,#26,.T.);
#22 = VERTEX_POINT('',#23);
#23 = CARTESIAN_POINT('',(-41.,-27.,67.));
#24 = VERTEX_POINT('',#25);
#25 = CARTESIAN_POINT('',(-41.,27.,67.));
#26 = LINE('',#27,#28);
#27 = CARTESIAN_POINT('',(-41.,-33.,67.));
#28 = VECTOR('',#29,1.);
#29 = DIRECTION('',(-0.,1.,0.));
#30 = ORIENTED_EDGE('',*,*,#31,.F.);
#31 = EDGE_CURVE('',#32,#22,#34,.T.);
#32 = VERTEX_POINT('',#33);
#33 = CARTESIAN_POINT('',(-41.,-27.,51.75));
#34 = LINE('',#35,#36);
#35 = CARTESIAN_POINT('',(-41.,-27.,0.));
#36 = VECTOR('',#37,1.);
#37 = DIRECTION('',(0.,0.,1.));
#38 = ORIENTED_EDGE('',*,*,#39,.F.);
#39 = EDGE_CURVE('',#40,#32,#42,.T.);
#40 = VERTEX_POINT('',#41);
#41 = CARTESIAN_POINT('',(-41.,27.,51.75));
#42 = LINE('',#43,#44);
#43 = CARTESIAN_POINT('',(-41.,-33.8,51.75));
#44 = VECTOR('',#45,1.);
#45 = DIRECTION('',(0.,-1.,0.));
#46 = ORIENTED_EDGE('',*,*,#47,.T.);
#47 = EDGE_CURVE('',#40,#24,#48,.T.);
#48 = LINE('',#49,#50);
#49 = CARTESIAN_POINT('',(-41.,27.,0.));
#50 = VECTOR('',#51,1.);
#51 = DIRECTION('',(0.,0.,1.));
#52 = PLANE('',#53);
#53 = AXIS2_PLACEMENT_3D('',#54,#55,#56);
#54 = CARTESIAN_POINT('',(-41.,-33.,0.));
#55 = DIRECTION('',(1.,0.,-0.));
#56 = DIRECTION('',(0.,0.,1.));
#57 = ADVANCED_FACE('',(#58,#119),#189,.T.);
#58 = FACE_BOUND('',#59,.T.);
#59 = EDGE_LOOP('',(#60,#61,#70,#78,#87,#95,#104,#112));
#60 = ORIENTED_EDGE('',*,*,#21,.F.);
#61 = ORIENTED_EDGE('',*,*,#62,.T.);
#62 = EDGE_CURVE('',#22,#63,#65,.T.);
#63 = VERTEX_POINT('',#64);
#64 = CARTESIAN_POINT('',(-35.,-33.,67.));
#65 = CIRCLE('',#66,6.);
#66 = AXIS2_PLACEMENT_3D('',#67,#68,#69);
#67 = CARTESIAN_POINT('',(-35.,-27.,67.));
#68 = DIRECTION('',(0.,0.,1.));
#69 = DIRECTION('',(0.,-1.,0.));
#70 = ORIENTED_EDGE('',*,*,#71,.T.);
#71 = EDGE_CURVE('',#63,#72,#74,.T.);
#72 = VERTEX_POINT('',#73);
#73 = CARTESIAN_POINT('',(35.,-33.,67.));
#74 = LINE('',#75,#76);
#75 = CARTESIAN_POINT('',(-41.,-33.,67.));
#76 = VECTOR('',#77,1.);
#77 = DIRECTION('',(1.,0.,-0.));
#78 = ORIENTED_EDGE('',*,*,#79,.F.);
#79 = EDGE_CURVE('',#80,#72,#82,.T.);
#80 = VERTEX_POINT('',#81);
#81 = CARTESIAN_POINT('',(41.,-27.,67.));
#82 = CIRCLE('',#83,6.);
#83 = AXIS2_PLACEMENT_3D('',#84,#85,#86);
#84 = CARTESIAN_POINT('',(35.,-27.,67.));
#85 = DIRECTION('',(-0.,-0.,-1.));
#86 = DIRECTION('',(0.,-1.,0.));
#87 = ORIENTED_EDGE('',*,*,#88,.T.);
#88 = EDGE_CURVE('',#80,#89,#91,.T.);
#89 = VERTEX_POINT('',#90);
#90 = CARTESIAN_POINT('',(41.,27.,67.));
#91 = LINE('',#92,#93);
#92 = CARTESIAN_POINT('',(41.,-33.,67.));
#93 = VECTOR('',#94,1.);
#94 = DIRECTION('',(-0.,1.,0.));
#95 = ORIENTED_EDGE('',*,*,#96,.T.);
#96 = EDGE_CURVE('',#89,#97,#99,.T.);
#97 = VERTEX_POINT('',#98);
#98 = CARTESIAN_POINT('',(35.,33.,67.));
#99 = CIRCLE('',#100,6.);
#100 = AXIS2_PLACEMENT_3D('',#101,#102,#103);
#101 = CARTESIAN_POINT('',(35.,27.,67.));
#102 = DIRECTION('',(0.,0.,1.));
#103 = DIRECTION('',(0.,-1.,0.));
#104 = ORIENTED_EDGE('',*,*,#105,.F.);
#105 = EDGE_CURVE('',#106,#97,#108,.T.);
#106 = VERTEX_POINT('',#107);
#107 = CARTESIAN_POINT('',(-35.,33.,67.));
#108 = LINE('',#109,#110);
#109 = CARTESIAN_POINT('',(-41.,33.,67.));
#110 = VECTOR('',#111,1.);
#111 = DIRECTION('',(1.,0.,-0.));
#112 = ORIENTED_EDGE('',*,*,#113,.F.);
#113 = EDGE_CURVE('',#24,#106,#114,.T.);
#114 = CIRCLE('',#115,6.);
#115 = AXIS2_PLACEMENT_3D('',#116,#117,#118);
#116 = CARTESIAN_POINT('',(-35.,27.,67.));
#117 = DIRECTION('',(-0.,-0.,-1.));
#118 = DIRECTION('',(0.,-1.,0.));
#119 = FACE_BOUND('',#120,.T.);
#120 = EDGE_LOOP('',(#121,#132,#140,#149,#157,#166,#174,#183));
#121 = ORIENTED_EDGE('',*,*,#122,.F.);
#122 = EDGE_CURVE('',#123,#125,#127,.T.);
#123 = VERTEX_POINT('',#124);
#124 = CARTESIAN_POINT('',(-38.2,-27.,67.));
#125 = VERTEX_POINT('',#126);
#126 = CARTESIAN_POINT('',(-35.,-30.2,67.));
#127 = CIRCLE('',#128,3.2);
#128 = AXIS2_PLACEMENT_3D('',#129,#130,#131);
#129 = CARTESIAN_POINT('',(-35.,-27.,67.));
#130 = DIRECTION('',(0.,0.,1.));
#131 = DIRECTION('',(-1.,-0.,0.));
#132 = ORIENTED_EDGE('',*,*,#133,.T.);
#133 = EDGE_CURVE('',#123,#134,#136,.T.);
#134 = VERTEX_POINT('',#135);
#135 = CARTESIAN_POINT('',(-38.2,27.,67.));
#136 = LINE('',#137,#138);
#137 = CARTESIAN_POINT('',(-38.2,-31.6,67.));
#138 = VECTOR('',#139,1.);
#139 = DIRECTION('',(-0.,1.,0.));
#140 = ORIENTED_EDGE('',*,*,#141,.F.);
#141 = EDGE_CURVE('',#142,#134,#144,.T.);
#142 = VERTEX_POINT('',#143);
#143 = CARTESIAN_POINT('',(-35.,30.2,67.));
#144 = CIRCLE('',#145,3.2);
#145 = AXIS2_PLACEMENT_3D('',#146,#147,#148);
#146 = CARTESIAN_POINT('',(-35.,27.,67.));
#147 = DIRECTION('',(0.,0.,1.));
#148 = DIRECTION('',(-1.,-0.,0.));
#149 = ORIENTED_EDGE('',*,*,#150,.F.);
#150 = EDGE_CURVE('',#151,#142,#153,.T.);
#151 = VERTEX_POINT('',#152);
#152 = CARTESIAN_POINT('',(35.,30.2,67.));
#153 = LINE('',#154,#155);
#154 = CARTESIAN_POINT('',(-39.6,30.2,67.));
#155 = VECTOR('',#156,1.);
#156 = DIRECTION('',(-1.,-0.,0.));
#157 = ORIENTED_EDGE('',*,*,#158,.F.);
#158 = EDGE_CURVE('',#159,#151,#161,.T.);
#159 = VERTEX_POINT('',#160);
#160 = CARTESIAN_POINT('',(38.2,27.,67.));
#161 = CIRCLE('',#162,3.2);
#162 = AXIS2_PLACEMENT_3D('',#163,#164,#165);
#163 = CARTESIAN_POINT('',(35.,27.,67.));
#164 = DIRECTION('',(0.,0.,1.));
#165 = DIRECTION('',(1.,0.,-0.));
#166 = ORIENTED_EDGE('',*,*,#167,.F.);
#167 = EDGE_CURVE('',#168,#159,#170,.T.);
#168 = VERTEX_POINT('',#169);
#169 = CARTESIAN_POINT('',(38.2,-27.,67.));
#170 = LINE('',#171,#172);
#171 = CARTESIAN_POINT('',(38.2,-31.6,67.));
#172 = VECTOR('',#173,1.);
#173 = DIRECTION('',(-0.,1.,0.));
#174 = ORIENTED_EDGE('',*,*,#175,.F.);
#175 = EDGE_CURVE('',#176,#168,#178,.T.);
#176 = VERTEX_POINT('',#177);
#177 = CARTESIAN_POINT('',(35.,-30.2,67.));
#178 = CIRCLE('',#179,3.2);
#179 = AXIS2_PLACEMENT_3D('',#180,#181,#182);
#180 = CARTESIAN_POINT('',(35.,-27.,67.));
#181 = DIRECTION('',(0.,0.,1.));
#182 = DIRECTION('',(1.,0.,-0.));
#183 = ORIENTED_EDGE('',*,*,#184,.T.);
#184 = EDGE_CURVE('',#176,#125,#185,.T.);
#185 = LINE('',#186,#187);
#186 = CARTESIAN_POINT('',(-39.6,-30.2,67.));
#187 = VECTOR('',#188,1.);
#188 = DIRECTION('',(-1.,-0.,0.));
#189 = PLANE('',#190);
#190 = AXIS2_PLACEMENT_3D('',#191,#192,#193);
#191 = CARTESIAN_POINT('',(-41.,-33.,67.));
#192 = DIRECTION('',(0.,0.,1.));
#193 = DIRECTION('',(1.,0.,-0.));
#194 = ADVANCED_FACE('',(#195),#214,.T.);
#195 = FACE_BOUND('',#196,.F.);
#196 = EDGE_LOOP('',(#197,#198,#207,#213));
#197 = ORIENTED_EDGE('',*,*,#47,.F.);
#198 = ORIENTED_EDGE('',*,*,#199,.F.);
#199 = EDGE_CURVE('',#200,#40,#202,.T.);
#200 = VERTEX_POINT('',#201);
#201 = CARTESIAN_POINT('',(-35.,33.,51.75));
#202 = CIRCLE('',#203,6.);
#203 = AXIS2_PLACEMENT_3D('',#204,#205,#206);
#204 = CARTESIAN_POINT('',(-35.,27.,51.75));
#205 = DIRECTION('',(0.,0.,1.));
#206 = DIRECTION('',(-1.,-0.,0.));
#207 = ORIENTED_EDGE('',*,*,#208,.T.);
#208 = EDGE_CURVE('',#200,#106,#209,.T.);
#209 = LINE('',#210,#211);
#210 = CARTESIAN_POINT('',(-35.,33.,0.));
#211 = VECTOR('',#212,1.);
#212 = DIRECTION('',(0.,0.,1.));
#213 = ORIENTED_EDGE('',*,*,#113,.F.);
#214 = CYLINDRICAL_SURFACE('',#215,6.);
#215 = AXIS2_PLACEMENT_3D('',#216,#217,#218);
#216 = CARTESIAN_POINT('',(-35.,27.,0.));
#217 = DIRECTION('',(0.,0.,1.));
#218 = DIRECTION('',(-1.,-0.,0.));
#219 = ADVANCED_FACE('',(#220,#290),#343,.T.);
#220 = FACE_BOUND('',#221,.T.);
#221 = EDGE_LOOP('',(#222,#232,#241,#249,#258,#266,#275,#283));
#222 = ORIENTED_EDGE('',*,*,#223,.F.);
#223 = EDGE_CURVE('',#224,#226,#228,.T.);
#224 = VERTEX_POINT('',#225);
#225 = CARTESIAN_POINT('',(-42.6,-27.6,51.75));
#226 = VERTEX_POINT('',#227);
#227 = CARTESIAN_POINT('',(-42.6,27.6,51.75));
#228 = LINE('',#229,#230);
#229 = CARTESIAN_POINT('',(-42.6,-34.6,51.75));
#230 = VECTOR('',#231,1.);
#231 = DIRECTION('',(-0.,1.,0.));
#232 = ORIENTED_EDGE('',*,*,#233,.T.);
#233 = EDGE_CURVE('',#224,#234,#236,.T.);
#234 = VERTEX_POINT('',#235);
#235 = CARTESIAN_POINT('',(-35.6,-34.6,51.75));
#236 = CIRCLE('',#237,7.);
#237 = AXIS2_PLACEMENT_3D('',#238,#239,#240);
#238 = CARTESIAN_POINT('',(-35.6,-27.6,51.75));
#239 = DIRECTION('',(0.,0.,1.));
#240 = DIRECTION('',(0.,-1.,0.));
#241 = ORIENTED_EDGE('',*,*,#242,.T.);
#242 = EDGE_CURVE('',#234,#243,#245,.T.);
#243 = VERTEX_POINT('',#244);
#244 = CARTESIAN_POINT('',(35.6,-34.6,51.75));
#245 = LINE('',#246,#247);
#246 = CARTESIAN_POINT('',(-42.6,-34.6,51.75));
#247 = VECTOR('',#248,1.);
#248 = DIRECTION('',(1.,0.,-0.));
#249 = ORIENTED_EDGE('',*,*,#250,.F.);
#250 = EDGE_CURVE('',#251,#243,#253,.T.);
#251 = VERTEX_POINT('',#252);
#252 = CARTESIAN_POINT('',(42.6,-27.6,51.75));
#253 = CIRCLE('',#254,7.);
#254 = AXIS2_PLACEMENT_3D('',#255,#256,#257);
#255 = CARTESIAN_POINT('',(35.6,-27.6,51.75));
#256 = DIRECTION('',(-0.,-0.,-1.));
#257 = DIRECTION('',(0.,-1.,0.));
#258 = ORIENTED_EDGE('',*,*,#259,.T.);
#259 = EDGE_CURVE('',#251,#260,#262,.T.);
#260 = VERTEX_POINT('',#261);
#261 = CARTESIAN_POINT('',(42.6,27.6,51.75));
#262 = LINE('',#263,#264);
#263 = CARTESIAN_POINT('',(42.6,-34.6,51.75));
#264 = VECTOR('',#265,1.);
#265 = DIRECTION('',(-0.,1.,0.));
#266 = ORIENTED_EDGE('',*,*,#267,.T.);
#267 = EDGE_CURVE('',#260,#268,#270,.T.);
#268 = VERTEX_POINT('',#269);
#269 = CARTESIAN_POINT('',(35.6,34.6,51.75));
#270 = CIRCLE('',#271,7.);
#271 = AXIS2_PLACEMENT_3D('',#272,#273,#274);
#272 = CARTESIAN_POINT('',(35.6,27.6,51.75));
#273 = DIRECTION('',(0.,0.,1.));
#274 = DIRECTION('',(0.,-1.,0.));
#275 = ORIENTED_EDGE('',*,*,#276,.F.);
#276 = EDGE_CURVE('',#277,#268,#279,.T.);
#277 = VERTEX_POINT('',#278);
#278 = CARTESIAN_POINT('',(-35.6,34.6,51.75));
#279 = LINE('',#280,#281);
#280 = CARTESIAN_POINT('',(-42.6,34.6,51.75));
#281 = VECTOR('',#282,1.);
#282 = DIRECTION('',(1.,0.,-0.));
#283 = ORIENTED_EDGE('',*,*,#284,.F.);
#284 = EDGE_CURVE('',#226,#277,#285,.T.);
#285 = CIRCLE('',#286,7.);
#286 = AXIS2_PLACEMENT_3D('',#287,#288,#289);
#287 = CARTESIAN_POINT('',(-35.6,27.6,51.75));
#288 = DIRECTION('',(-0.,-0.,-1.));
#289 = DIRECTION('',(0.,-1.,0.));
#290 = FACE_BOUND('',#291,.T.);
#291 = EDGE_LOOP('',(#292,#293,#294,#302,#311,#319,#328,#336));
#292 = ORIENTED_EDGE('',*,*,#39,.F.);
#293 = ORIENTED_EDGE('',*,*,#199,.F.);
#294 = ORIENTED_EDGE('',*,*,#295,.T.);
#295 = EDGE_CURVE('',#200,#296,#298,.T.);
#296 = VERTEX_POINT('',#297);
#297 = CARTESIAN_POINT('',(35.,33.,51.75));
#298 = LINE('',#299,#300);
#299 = CARTESIAN_POINT('',(-41.8,33.,51.75));
#300 = VECTOR('',#301,1.);
#301 = DIRECTION('',(1.,0.,-0.));
#302 = ORIENTED_EDGE('',*,*,#303,.F.);
#303 = EDGE_CURVE('',#304,#296,#306,.T.);
#304 = VERTEX_POINT('',#305);
#305 = CARTESIAN_POINT('',(41.,27.,51.75));
#306 = CIRCLE('',#307,6.);
#307 = AXIS2_PLACEMENT_3D('',#308,#309,#310);
#308 = CARTESIAN_POINT('',(35.,27.,51.75));
#309 = DIRECTION('',(0.,0.,1.));
#310 = DIRECTION('',(1.,0.,-0.));
#311 = ORIENTED_EDGE('',*,*,#312,.T.);
#312 = EDGE_CURVE('',#304,#313,#315,.T.);
#313 = VERTEX_POINT('',#314);
#314 = CARTESIAN_POINT('',(41.,-27.,51.75));
#315 = LINE('',#316,#317);
#316 = CARTESIAN_POINT('',(41.,-33.8,51.75));
#317 = VECTOR('',#318,1.);
#318 = DIRECTION('',(0.,-1.,0.));
#319 = ORIENTED_EDGE('',*,*,#320,.F.);
#320 = EDGE_CURVE('',#321,#313,#323,.T.);
#321 = VERTEX_POINT('',#322);
#322 = CARTESIAN_POINT('',(35.,-33.,51.75));
#323 = CIRCLE('',#324,6.);
#324 = AXIS2_PLACEMENT_3D('',#325,#326,#327);
#325 = CARTESIAN_POINT('',(35.,-27.,51.75));
#326 = DIRECTION('',(0.,0.,1.));
#327 = DIRECTION('',(1.,0.,-0.));
#328 = ORIENTED_EDGE('',*,*,#329,.F.);
#329 = EDGE_CURVE('',#330,#321,#332,.T.);
#330 = VERTEX_POINT('',#331);
#331 = CARTESIAN_POINT('',(-35.,-33.,51.75));
#332 = LINE('',#333,#334);
#333 = CARTESIAN_POINT('',(-41.8,-33.,51.75));
#334 = VECTOR('',#335,1.);
#335 = DIRECTION('',(1.,0.,-0.));
#336 = ORIENTED_EDGE('',*,*,#337,.F.);
#337 = EDGE_CURVE('',#32,#330,#338,.T.);
#338 = CIRCLE('',#339,6.);
#339 = AXIS2_PLACEMENT_3D('',#340,#341,#342);
#340 = CARTESIAN_POINT('',(-35.,-27.,51.75));
#341 = DIRECTION('',(0.,0.,1.));
#342 = DIRECTION('',(-1.,-0.,0.));
#343 = PLANE('',#344);
#344 = AXIS2_PLACEMENT_3D('',#345,#346,#347);
#345 = CARTESIAN_POINT('',(-42.6,-34.6,51.75));
#346 = DIRECTION('',(0.,0.,1.));
#347 = DIRECTION('',(1.,0.,-0.));
#348 = ADVANCED_FACE('',(#349),#360,.T.);
#349 = FACE_BOUND('',#350,.T.);
#350 = EDGE_LOOP('',(#351,#352,#353,#359));
#351 = ORIENTED_EDGE('',*,*,#31,.F.);
#352 = ORIENTED_EDGE('',*,*,#337,.T.);
#353 = ORIENTED_EDGE('',*,*,#354,.T.);
#354 = EDGE_CURVE('',#330,#63,#355,.T.);
#355 = LINE('',#356,#357);
#356 = CARTESIAN_POINT('',(-35.,-33.,0.));
#357 = VECTOR('',#358,1.);
#358 = DIRECTION('',(0.,0.,1.));
#359 = ORIENTED_EDGE('',*,*,#62,.F.);
#360 = CYLINDRICAL_SURFACE('',#361,6.);
#361 = AXIS2_PLACEMENT_3D('',#362,#363,#364);
#362 = CARTESIAN_POINT('',(-35.,-27.,0.));
#363 = DIRECTION('',(0.,0.,1.));
#364 = DIRECTION('',(-1.,-0.,0.));
#365 = ADVANCED_FACE('',(#366),#377,.F.);
#366 = FACE_BOUND('',#367,.F.);
#367 = EDGE_LOOP('',(#368,#369,#370,#371));
#368 = ORIENTED_EDGE('',*,*,#329,.F.);
#369 = ORIENTED_EDGE('',*,*,#354,.T.);
#370 = ORIENTED_EDGE('',*,*,#71,.T.);
#371 = ORIENTED_EDGE('',*,*,#372,.F.);
#372 = EDGE_CURVE('',#321,#72,#373,.T.);
#373 = LINE('',#374,#375);
#374 = CARTESIAN_POINT('',(35.,-33.,0.));
#375 = VECTOR('',#376,1.);
#376 = DIRECTION('',(0.,0.,1.));
#377 = PLANE('',#378);
#378 = AXIS2_PLACEMENT_3D('',#379,#380,#381);
#379 = CARTESIAN_POINT('',(-41.,-33.,0.));
#380 = DIRECTION('',(-0.,1.,0.));
#381 = DIRECTION('',(0.,0.,1.));
#382 = ADVANCED_FACE('',(#383),#394,.T.);
#383 = FACE_BOUND('',#384,.T.);
#384 = EDGE_LOOP('',(#385,#386,#387,#388));
#385 = ORIENTED_EDGE('',*,*,#295,.F.);
#386 = ORIENTED_EDGE('',*,*,#208,.T.);
#387 = ORIENTED_EDGE('',*,*,#105,.T.);
#388 = ORIENTED_EDGE('',*,*,#389,.F.);
#389 = EDGE_CURVE('',#296,#97,#390,.T.);
#390 = LINE('',#391,#392);
#391 = CARTESIAN_POINT('',(35.,33.,0.));
#392 = VECTOR('',#393,1.);
#393 = DIRECTION('',(0.,0.,1.));
#394 = PLANE('',#395);
#395 = AXIS2_PLACEMENT_3D('',#396,#397,#398);
#396 = CARTESIAN_POINT('',(-41.,33.,0.));
#397 = DIRECTION('',(-0.,1.,0.));
#398 = DIRECTION('',(0.,0.,1.));
#399 = ADVANCED_FACE('',(#400),#411,.T.);
#400 = FACE_BOUND('',#401,.F.);
#401 = EDGE_LOOP('',(#402,#408,#409,#410));
#402 = ORIENTED_EDGE('',*,*,#403,.F.);
#403 = EDGE_CURVE('',#313,#80,#404,.T.);
#404 = LINE('',#405,#406);
#405 = CARTESIAN_POINT('',(41.,-27.,0.));
#406 = VECTOR('',#407,1.);
#407 = DIRECTION('',(0.,0.,1.));
#408 = ORIENTED_EDGE('',*,*,#320,.F.);
#409 = ORIENTED_EDGE('',*,*,#372,.T.);
#410 = ORIENTED_EDGE('',*,*,#79,.F.);
#411 = CYLINDRICAL_SURFACE('',#412,6.);
#412 = AXIS2_PLACEMENT_3D('',#413,#414,#415);
#413 = CARTESIAN_POINT('',(35.,-27.,0.));
#414 = DIRECTION('',(0.,0.,1.));
#415 = DIRECTION('',(1.,0.,-0.));
#416 = ADVANCED_FACE('',(#417),#428,.T.);
#417 = FACE_BOUND('',#418,.T.);
#418 = EDGE_LOOP('',(#419,#425,#426,#427));
#419 = ORIENTED_EDGE('',*,*,#420,.F.);
#420 = EDGE_CURVE('',#304,#89,#421,.T.);
#421 = LINE('',#422,#423);
#422 = CARTESIAN_POINT('',(41.,27.,0.));
#423 = VECTOR('',#424,1.);
#424 = DIRECTION('',(0.,0.,1.));
#425 = ORIENTED_EDGE('',*,*,#303,.T.);
#426 = ORIENTED_EDGE('',*,*,#389,.T.);
#427 = ORIENTED_EDGE('',*,*,#96,.F.);
#428 = CYLINDRICAL_SURFACE('',#429,6.);
#429 = AXIS2_PLACEMENT_3D('',#430,#431,#432);
#430 = CARTESIAN_POINT('',(35.,27.,0.));
#431 = DIRECTION('',(0.,0.,1.));
#432 = DIRECTION('',(1.,0.,-0.));
#433 = ADVANCED_FACE('',(#434),#440,.T.);
#434 = FACE_BOUND('',#435,.T.);
#435 = EDGE_LOOP('',(#436,#437,#438,#439));
#436 = ORIENTED_EDGE('',*,*,#88,.F.);
#437 = ORIENTED_EDGE('',*,*,#403,.F.);
#438 = ORIENTED_EDGE('',*,*,#312,.F.);
#439 = ORIENTED_EDGE('',*,*,#420,.T.);
#440 = PLANE('',#441);
#441 = AXIS2_PLACEMENT_3D('',#442,#443,#444);
#442 = CARTESIAN_POINT('',(41.,-33.,0.));
#443 = DIRECTION('',(1.,0.,-0.));
#444 = DIRECTION('',(0.,0.,1.));
#445 = ADVANCED_FACE('',(#446),#472,.F.);
#446 = FACE_BOUND('',#447,.F.);
#447 = EDGE_LOOP('',(#448,#456,#465,#471));
#448 = ORIENTED_EDGE('',*,*,#449,.F.);
#449 = EDGE_CURVE('',#450,#123,#452,.T.);
#450 = VERTEX_POINT('',#451);
#451 = CARTESIAN_POINT('',(-38.2,-27.,3.2));
#452 = LINE('',#453,#454);
#453 = CARTESIAN_POINT('',(-38.2,-27.,3.2));
#454 = VECTOR('',#455,1.);
#455 = DIRECTION('',(0.,0.,1.));
#456 = ORIENTED_EDGE('',*,*,#457,.T.);
#457 = EDGE_CURVE('',#450,#458,#460,.T.);
#458 = VERTEX_POINT('',#459);
#459 = CARTESIAN_POINT('',(-35.,-30.2,3.2));
#460 = CIRCLE('',#461,3.2);
#461 = AXIS2_PLACEMENT_3D('',#462,#463,#464);
#462 = CARTESIAN_POINT('',(-35.,-27.,3.2));
#463 = DIRECTION('',(0.,0.,1.));
#464 = DIRECTION('',(0.,-1.,0.));
#465 = ORIENTED_EDGE('',*,*,#466,.T.);
#466 = EDGE_CURVE('',#458,#125,#467,.T.);
#467 = LINE('',#468,#469);
#468 = CARTESIAN_POINT('',(-35.,-30.2,3.2));
#469 = VECTOR('',#470,1.);
#470 = DIRECTION('',(0.,0.,1.));
#471 = ORIENTED_EDGE('',*,*,#122,.F.);
#472 = CYLINDRICAL_SURFACE('',#473,3.2);
#473 = AXIS2_PLACEMENT_3D('',#474,#475,#476);
#474 = CARTESIAN_POINT('',(-35.,-27.,3.2));
#475 = DIRECTION('',(0.,0.,1.));
#476 = DIRECTION('',(-1.,-0.,0.));
#477 = ADVANCED_FACE('',(#478,#496,#540),#584,.T.);
#478 = FACE_BOUND('',#479,.T.);
#479 = EDGE_LOOP('',(#480,#488,#489,#490));
#480 = ORIENTED_EDGE('',*,*,#481,.F.);
#481 = EDGE_CURVE('',#458,#482,#484,.T.);
#482 = VERTEX_POINT('',#483);
#483 = CARTESIAN_POINT('',(35.,-30.2,3.2));
#484 = LINE('',#485,#486);
#485 = CARTESIAN_POINT('',(-38.2,-30.2,3.2));
#486 = VECTOR('',#487,1.);
#487 = DIRECTION('',(1.,0.,-0.));
#488 = ORIENTED_EDGE('',*,*,#466,.T.);
#489 = ORIENTED_EDGE('',*,*,#184,.F.);
#490 = ORIENTED_EDGE('',*,*,#491,.F.);
#491 = EDGE_CURVE('',#482,#176,#492,.T.);
#492 = LINE('',#493,#494);
#493 = CARTESIAN_POINT('',(35.,-30.2,3.2));
#494 = VECTOR('',#495,1.);
#495 = DIRECTION('',(0.,0.,1.));
#496 = FACE_BOUND('',#497,.T.);
#497 = EDGE_LOOP('',(#498,#509,#517,#525,#533));
#498 = ORIENTED_EDGE('',*,*,#499,.F.);
#499 = EDGE_CURVE('',#500,#502,#504,.T.);
#500 = VERTEX_POINT('',#501);
#501 = CARTESIAN_POINT('',(-32.,-30.2,22.));
#502 = VERTEX_POINT('',#503);
#503 = CARTESIAN_POINT('',(-24.,-30.2,30.));
#504 = CIRCLE('',#505,8.);
#505 = AXIS2_PLACEMENT_3D('',#506,#507,#508);
#506 = CARTESIAN_POINT('',(-24.,-30.2,22.));
#507 = DIRECTION('',(0.,1.,0.));
#508 = DIRECTION('',(0.,-0.,1.));
#509 = ORIENTED_EDGE('',*,*,#510,.T.);
#510 = EDGE_CURVE('',#500,#511,#513,.T.);
#511 = VERTEX_POINT('',#512);
#512 = CARTESIAN_POINT('',(-32.,-30.2,7.));
#513 = LINE('',#514,#515);
#514 = CARTESIAN_POINT('',(-32.,-30.2,5.1));
#515 = VECTOR('',#516,1.);
#516 = DIRECTION('',(-0.,0.,-1.));
#517 = ORIENTED_EDGE('',*,*,#518,.T.);
#518 = EDGE_CURVE('',#511,#519,#521,.T.);
#519 = VERTEX_POINT('',#520);
#520 = CARTESIAN_POINT('',(-16.,-30.2,7.));
#521 = LINE('',#522,#523);
#522 = CARTESIAN_POINT('',(-35.1,-30.2,7.));
#523 = VECTOR('',#524,1.);
#524 = DIRECTION('',(1.,0.,-0.));
#525 = ORIENTED_EDGE('',*,*,#526,.F.);
#526 = EDGE_CURVE('',#527,#519,#529,.T.);
#527 = VERTEX_POINT('',#528);
#528 = CARTESIAN_POINT('',(-16.,-30.2,22.));
#529 = LINE('',#530,#531);
#530 = CARTESIAN_POINT('',(-16.,-30.2,5.1));
#531 = VECTOR('',#532,1.);
#532 = DIRECTION('',(-0.,0.,-1.));
#533 = ORIENTED_EDGE('',*,*,#534,.F.);
#534 = EDGE_CURVE('',#502,#527,#535,.T.);
#535 = CIRCLE('',#536,8.);
#536 = AXIS2_PLACEMENT_3D('',#537,#538,#539);
#537 = CARTESIAN_POINT('',(-24.,-30.2,22.));
#538 = DIRECTION('',(0.,1.,0.));
#539 = DIRECTION('',(0.,-0.,1.));
#540 = FACE_BOUND('',#541,.T.);
#541 = EDGE_LOOP('',(#542,#553,#561,#569,#577));
#542 = ORIENTED_EDGE('',*,*,#543,.F.);
#543 = EDGE_CURVE('',#544,#546,#548,.T.);
#544 = VERTEX_POINT('',#545);
#545 = CARTESIAN_POINT('',(16.,-30.2,22.));
#546 = VERTEX_POINT('',#547);
#547 = CARTESIAN_POINT('',(24.,-30.2,30.));
#548 = CIRCLE('',#549,8.);
#549 = AXIS2_PLACEMENT_3D('',#550,#551,#552);
#550 = CARTESIAN_POINT('',(24.,-30.2,22.));
#551 = DIRECTION('',(0.,1.,0.));
#552 = DIRECTION('',(0.,-0.,1.));
#553 = ORIENTED_EDGE('',*,*,#554,.T.);
#554 = EDGE_CURVE('',#544,#555,#557,.T.);
#555 = VERTEX_POINT('',#556);
#556 = CARTESIAN_POINT('',(16.,-30.2,7.));
#557 = LINE('',#558,#559);
#558 = CARTESIAN_POINT('',(16.,-30.2,5.1));
#559 = VECTOR('',#560,1.);
#560 = DIRECTION('',(-0.,0.,-1.));
#561 = ORIENTED_EDGE('',*,*,#562,.T.);
#562 = EDGE_CURVE('',#555,#563,#565,.T.);
#563 = VERTEX_POINT('',#564);
#564 = CARTESIAN_POINT('',(32.,-30.2,7.));
#565 = LINE('',#566,#567);
#566 = CARTESIAN_POINT('',(-11.1,-30.2,7.));
#567 = VECTOR('',#568,1.);
#568 = DIRECTION('',(1.,0.,-0.));
#569 = ORIENTED_EDGE('',*,*,#570,.F.);
#570 = EDGE_CURVE('',#571,#563,#573,.T.);
#571 = VERTEX_POINT('',#572);
#572 = CARTESIAN_POINT('',(32.,-30.2,22.));
#573 = LINE('',#574,#575);
#574 = CARTESIAN_POINT('',(32.,-30.2,5.1));
#575 = VECTOR('',#576,1.);
#576 = DIRECTION('',(-0.,0.,-1.));
#577 = ORIENTED_EDGE('',*,*,#578,.F.);
#578 = EDGE_CURVE('',#546,#571,#579,.T.);
#579 = CIRCLE('',#580,8.);
#580 = AXIS2_PLACEMENT_3D('',#581,#582,#583);
#581 = CARTESIAN_POINT('',(24.,-30.2,22.));
#582 = DIRECTION('',(0.,1.,0.));
#583 = DIRECTION('',(0.,-0.,1.));
#584 = PLANE('',#585);
#585 = AXIS2_PLACEMENT_3D('',#586,#587,#588);
#586 = CARTESIAN_POINT('',(-38.2,-30.2,3.2));
#587 = DIRECTION('',(-0.,1.,0.));
#588 = DIRECTION('',(0.,0.,1.));
#589 = ADVANCED_FACE('',(#590),#609,.F.);
#590 = FACE_BOUND('',#591,.T.);
#591 = EDGE_LOOP('',(#592,#600,#607,#608));
#592 = ORIENTED_EDGE('',*,*,#593,.F.);
#593 = EDGE_CURVE('',#594,#168,#596,.T.);
#594 = VERTEX_POINT('',#595);
#595 = CARTESIAN_POINT('',(38.2,-27.,3.2));
#596 = LINE('',#597,#598);
#597 = CARTESIAN_POINT('',(38.2,-27.,3.2));
#598 = VECTOR('',#599,1.);
#599 = DIRECTION('',(0.,0.,1.));
#600 = ORIENTED_EDGE('',*,*,#601,.T.);
#601 = EDGE_CURVE('',#594,#482,#602,.T.);
#602 = CIRCLE('',#603,3.2);
#603 = AXIS2_PLACEMENT_3D('',#604,#605,#606);
#604 = CARTESIAN_POINT('',(35.,-27.,3.2));
#605 = DIRECTION('',(-0.,-0.,-1.));
#606 = DIRECTION('',(0.,-1.,0.));
#607 = ORIENTED_EDGE('',*,*,#491,.T.);
#608 = ORIENTED_EDGE('',*,*,#175,.T.);
#609 = CYLINDRICAL_SURFACE('',#610,3.2);
#610 = AXIS2_PLACEMENT_3D('',#611,#612,#613);
#611 = CARTESIAN_POINT('',(35.,-27.,3.2));
#612 = DIRECTION('',(0.,0.,1.));
#613 = DIRECTION('',(1.,0.,-0.));
#614 = ADVANCED_FACE('',(#615),#633,.F.);
#615 = FACE_BOUND('',#616,.F.);
#616 = EDGE_LOOP('',(#617,#618,#619,#627));
#617 = ORIENTED_EDGE('',*,*,#167,.F.);
#618 = ORIENTED_EDGE('',*,*,#593,.F.);
#619 = ORIENTED_EDGE('',*,*,#620,.T.);
#620 = EDGE_CURVE('',#594,#621,#623,.T.);
#621 = VERTEX_POINT('',#622);
#622 = CARTESIAN_POINT('',(38.2,27.,3.2));
#623 = LINE('',#624,#625);
#624 = CARTESIAN_POINT('',(38.2,-30.2,3.2));
#625 = VECTOR('',#626,1.);
#626 = DIRECTION('',(-0.,1.,0.));
#627 = ORIENTED_EDGE('',*,*,#628,.T.);
#628 = EDGE_CURVE('',#621,#159,#629,.T.);
#629 = LINE('',#630,#631);
#630 = CARTESIAN_POINT('',(38.2,27.,3.2));
#631 = VECTOR('',#632,1.);
#632 = DIRECTION('',(0.,0.,1.));
#633 = PLANE('',#634);
#634 = AXIS2_PLACEMENT_3D('',#635,#636,#637);
#635 = CARTESIAN_POINT('',(38.2,-30.2,3.2));
#636 = DIRECTION('',(1.,0.,-0.));
#637 = DIRECTION('',(0.,0.,1.));
#638 = ADVANCED_FACE('',(#639),#658,.F.);
#639 = FACE_BOUND('',#640,.F.);
#640 = EDGE_LOOP('',(#641,#642,#651,#657));
#641 = ORIENTED_EDGE('',*,*,#628,.F.);
#642 = ORIENTED_EDGE('',*,*,#643,.T.);
#643 = EDGE_CURVE('',#621,#644,#646,.T.);
#644 = VERTEX_POINT('',#645);
#645 = CARTESIAN_POINT('',(35.,30.2,3.2));
#646 = CIRCLE('',#647,3.2);
#647 = AXIS2_PLACEMENT_3D('',#648,#649,#650);
#648 = CARTESIAN_POINT('',(35.,27.,3.2));
#649 = DIRECTION('',(0.,0.,1.));
#650 = DIRECTION('',(0.,-1.,0.));
#651 = ORIENTED_EDGE('',*,*,#652,.T.);
#652 = EDGE_CURVE('',#644,#151,#653,.T.);
#653 = LINE('',#654,#655);
#654 = CARTESIAN_POINT('',(35.,30.2,3.2));
#655 = VECTOR('',#656,1.);
#656 = DIRECTION('',(0.,0.,1.));
#657 = ORIENTED_EDGE('',*,*,#158,.F.);
#658 = CYLINDRICAL_SURFACE('',#659,3.2);
#659 = AXIS2_PLACEMENT_3D('',#660,#661,#662);
#660 = CARTESIAN_POINT('',(35.,27.,3.2));
#661 = DIRECTION('',(0.,0.,1.));
#662 = DIRECTION('',(1.,0.,-0.));
#663 = ADVANCED_FACE('',(#664,#682,#726),#770,.F.);
#664 = FACE_BOUND('',#665,.F.);
#665 = EDGE_LOOP('',(#666,#674,#680,#681));
#666 = ORIENTED_EDGE('',*,*,#667,.F.);
#667 = EDGE_CURVE('',#668,#644,#670,.T.);
#668 = VERTEX_POINT('',#669);
#669 = CARTESIAN_POINT('',(-35.,30.2,3.2));
#670 = LINE('',#671,#672);
#671 = CARTESIAN_POINT('',(-38.2,30.2,3.2));
#672 = VECTOR('',#673,1.);
#673 = DIRECTION('',(1.,0.,-0.));
#674 = ORIENTED_EDGE('',*,*,#675,.T.);
#675 = EDGE_CURVE('',#668,#142,#676,.T.);
#676 = LINE('',#677,#678);
#677 = CARTESIAN_POINT('',(-35.,30.2,3.2));
#678 = VECTOR('',#679,1.);
#679 = DIRECTION('',(0.,0.,1.));
#680 = ORIENTED_EDGE('',*,*,#150,.F.);
#681 = ORIENTED_EDGE('',*,*,#652,.F.);
#682 = FACE_BOUND('',#683,.F.);
#683 = EDGE_LOOP('',(#684,#695,#703,#711,#719));
#684 = ORIENTED_EDGE('',*,*,#685,.F.);
#685 = EDGE_CURVE('',#686,#688,#690,.T.);
#686 = VERTEX_POINT('',#687);
#687 = CARTESIAN_POINT('',(-32.,30.2,22.));
#688 = VERTEX_POINT('',#689);
#689 = CARTESIAN_POINT('',(-24.,30.2,30.));
#690 = CIRCLE('',#691,8.);
#691 = AXIS2_PLACEMENT_3D('',#692,#693,#694);
#692 = CARTESIAN_POINT('',(-24.,30.2,22.));
#693 = DIRECTION('',(0.,1.,0.));
#694 = DIRECTION('',(0.,-0.,1.));
#695 = ORIENTED_EDGE('',*,*,#696,.T.);
#696 = EDGE_CURVE('',#686,#697,#699,.T.);
#697 = VERTEX_POINT('',#698);
#698 = CARTESIAN_POINT('',(-32.,30.2,7.));
#699 = LINE('',#700,#701);
#700 = CARTESIAN_POINT('',(-32.,30.2,5.1));
#701 = VECTOR('',#702,1.);
#702 = DIRECTION('',(-0.,0.,-1.));
#703 = ORIENTED_EDGE('',*,*,#704,.T.);
#704 = EDGE_CURVE('',#697,#705,#707,.T.);
#705 = VERTEX_POINT('',#706);
#706 = CARTESIAN_POINT('',(-16.,30.2,7.));
#707 = LINE('',#708,#709);
#708 = CARTESIAN_POINT('',(-35.1,30.2,7.));
#709 = VECTOR('',#710,1.);
#710 = DIRECTION('',(1.,0.,-0.));
#711 = ORIENTED_EDGE('',*,*,#712,.F.);
#712 = EDGE_CURVE('',#713,#705,#715,.T.);
#713 = VERTEX_POINT('',#714);
#714 = CARTESIAN_POINT('',(-16.,30.2,22.));
#715 = LINE('',#716,#717);
#716 = CARTESIAN_POINT('',(-16.,30.2,5.1));
#717 = VECTOR('',#718,1.);
#718 = DIRECTION('',(-0.,0.,-1.));
#719 = ORIENTED_EDGE('',*,*,#720,.F.);
#720 = EDGE_CURVE('',#688,#713,#721,.T.);
#721 = CIRCLE('',#722,8.);
#722 = AXIS2_PLACEMENT_3D('',#723,#724,#725);
#723 = CARTESIAN_POINT('',(-24.,30.2,22.));
#724 = DIRECTION('',(0.,1.,0.));
#725 = DIRECTION('',(0.,-0.,1.));
#726 = FACE_BOUND('',#727,.F.);
#727 = EDGE_LOOP('',(#728,#739,#747,#755,#763));
#728 = ORIENTED_EDGE('',*,*,#729,.F.);
#729 = EDGE_CURVE('',#730,#732,#734,.T.);
#730 = VERTEX_POINT('',#731);
#731 = CARTESIAN_POINT('',(16.,30.2,22.));
#732 = VERTEX_POINT('',#733);
#733 = CARTESIAN_POINT('',(24.,30.2,30.));
#734 = CIRCLE('',#735,8.);
#735 = AXIS2_PLACEMENT_3D('',#736,#737,#738);
#736 = CARTESIAN_POINT('',(24.,30.2,22.));
#737 = DIRECTION('',(0.,1.,0.));
#738 = DIRECTION('',(0.,-0.,1.));
#739 = ORIENTED_EDGE('',*,*,#740,.T.);
#740 = EDGE_CURVE('',#730,#741,#743,.T.);
#741 = VERTEX_POINT('',#742);
#742 = CARTESIAN_POINT('',(16.,30.2,7.));
#743 = LINE('',#744,#745);
#744 = CARTESIAN_POINT('',(16.,30.2,5.1));
#745 = VECTOR('',#746,1.);
#746 = DIRECTION('',(-0.,0.,-1.));
#747 = ORIENTED_EDGE('',*,*,#748,.T.);
#748 = EDGE_CURVE('',#741,#749,#751,.T.);
#749 = VERTEX_POINT('',#750);
#750 = CARTESIAN_POINT('',(32.,30.2,7.));
#751 = LINE('',#752,#753);
#752 = CARTESIAN_POINT('',(-11.1,30.2,7.));
#753 = VECTOR('',#754,1.);
#754 = DIRECTION('',(1.,0.,-0.));
#755 = ORIENTED_EDGE('',*,*,#756,.F.);
#756 = EDGE_CURVE('',#757,#749,#759,.T.);
#757 = VERTEX_POINT('',#758);
#758 = CARTESIAN_POINT('',(32.,30.2,22.));
#759 = LINE('',#760,#761);
#760 = CARTESIAN_POINT('',(32.,30.2,5.1));
#761 = VECTOR('',#762,1.);
#762 = DIRECTION('',(-0.,0.,-1.));
#763 = ORIENTED_EDGE('',*,*,#764,.F.);
#764 = EDGE_CURVE('',#732,#757,#765,.T.);
#765 = CIRCLE('',#766,8.);
#766 = AXIS2_PLACEMENT_3D('',#767,#768,#769);
#767 = CARTESIAN_POINT('',(24.,30.2,22.));
#768 = DIRECTION('',(0.,1.,0.));
#769 = DIRECTION('',(0.,-0.,1.));
#770 = PLANE('',#771);
#771 = AXIS2_PLACEMENT_3D('',#772,#773,#774);
#772 = CARTESIAN_POINT('',(-38.2,30.2,3.2));
#773 = DIRECTION('',(-0.,1.,0.));
#774 = DIRECTION('',(0.,0.,1.));
#775 = ADVANCED_FACE('',(#776),#795,.F.);
#776 = FACE_BOUND('',#777,.T.);
#777 = EDGE_LOOP('',(#778,#786,#793,#794));
#778 = ORIENTED_EDGE('',*,*,#779,.F.);
#779 = EDGE_CURVE('',#780,#134,#782,.T.);
#780 = VERTEX_POINT('',#781);
#781 = CARTESIAN_POINT('',(-38.2,27.,3.2));
#782 = LINE('',#783,#784);
#783 = CARTESIAN_POINT('',(-38.2,27.,3.2));
#784 = VECTOR('',#785,1.);
#785 = DIRECTION('',(0.,0.,1.));
#786 = ORIENTED_EDGE('',*,*,#787,.T.);
#787 = EDGE_CURVE('',#780,#668,#788,.T.);
#788 = CIRCLE('',#789,3.2);
#789 = AXIS2_PLACEMENT_3D('',#790,#791,#792);
#790 = CARTESIAN_POINT('',(-35.,27.,3.2));
#791 = DIRECTION('',(-0.,-0.,-1.));
#792 = DIRECTION('',(0.,-1.,0.));
#793 = ORIENTED_EDGE('',*,*,#675,.T.);
#794 = ORIENTED_EDGE('',*,*,#141,.T.);
#795 = CYLINDRICAL_SURFACE('',#796,3.2);
#796 = AXIS2_PLACEMENT_3D('',#797,#798,#799);
#797 = CARTESIAN_POINT('',(-35.,27.,3.2));
#798 = DIRECTION('',(0.,0.,1.));
#799 = DIRECTION('',(-1.,-0.,0.));
#800 = ADVANCED_FACE('',(#801),#812,.T.);
#801 = FACE_BOUND('',#802,.T.);
#802 = EDGE_LOOP('',(#803,#804,#805,#811));
#803 = ORIENTED_EDGE('',*,*,#133,.F.);
#804 = ORIENTED_EDGE('',*,*,#449,.F.);
#805 = ORIENTED_EDGE('',*,*,#806,.T.);
#806 = EDGE_CURVE('',#450,#780,#807,.T.);
#807 = LINE('',#808,#809);
#808 = CARTESIAN_POINT('',(-38.2,-30.2,3.2));
#809 = VECTOR('',#810,1.);
#810 = DIRECTION('',(-0.,1.,0.));
#811 = ORIENTED_EDGE('',*,*,#779,.T.);
#812 = PLANE('',#813);
#813 = AXIS2_PLACEMENT_3D('',#814,#815,#816);
#814 = CARTESIAN_POINT('',(-38.2,-30.2,3.2));
#815 = DIRECTION('',(1.,0.,-0.));
#816 = DIRECTION('',(0.,0.,1.));
#817 = ADVANCED_FACE('',(#818),#843,.F.);
#818 = FACE_BOUND('',#819,.F.);
#819 = EDGE_LOOP('',(#820,#821,#829,#837));
#820 = ORIENTED_EDGE('',*,*,#223,.F.);
#821 = ORIENTED_EDGE('',*,*,#822,.F.);
#822 = EDGE_CURVE('',#823,#224,#825,.T.);
#823 = VERTEX_POINT('',#824);
#824 = CARTESIAN_POINT('',(-42.6,-27.6,50.6));
#825 = LINE('',#826,#827);
#826 = CARTESIAN_POINT('',(-42.6,-27.6,50.6));
#827 = VECTOR('',#828,1.);
#828 = DIRECTION('',(0.,0.,1.));
#829 = ORIENTED_EDGE('',*,*,#830,.T.);
#830 = EDGE_CURVE('',#823,#831,#833,.T.);
#831 = VERTEX_POINT('',#832);
#832 = CARTESIAN_POINT('',(-42.6,27.6,50.6));
#833 = LINE('',#834,#835);
#834 = CARTESIAN_POINT('',(-42.6,-34.6,50.6));
#835 = VECTOR('',#836,1.);
#836 = DIRECTION('',(-0.,1.,0.));
#837 = ORIENTED_EDGE('',*,*,#838,.T.);
#838 = EDGE_CURVE('',#831,#226,#839,.T.);
#839 = LINE('',#840,#841);
#840 = CARTESIAN_POINT('',(-42.6,27.6,50.6));
#841 = VECTOR('',#842,1.);
#842 = DIRECTION('',(0.,0.,1.));
#843 = PLANE('',#844);
#844 = AXIS2_PLACEMENT_3D('',#845,#846,#847);
#845 = CARTESIAN_POINT('',(-42.6,-34.6,50.6));
#846 = DIRECTION('',(1.,0.,-0.));
#847 = DIRECTION('',(0.,0.,1.));
#848 = ADVANCED_FACE('',(#849),#868,.T.);
#849 = FACE_BOUND('',#850,.T.);
#850 = EDGE_LOOP('',(#851,#860,#866,#867));
#851 = ORIENTED_EDGE('',*,*,#852,.T.);
#852 = EDGE_CURVE('',#823,#853,#855,.T.);
#853 = VERTEX_POINT('',#854);
#854 = CARTESIAN_POINT('',(-35.6,-34.6,50.6));
#855 = CIRCLE('',#856,7.);
#856 = AXIS2_PLACEMENT_3D('',#857,#858,#859);
#857 = CARTESIAN_POINT('',(-35.6,-27.6,50.6));
#858 = DIRECTION('',(0.,0.,1.));
#859 = DIRECTION('',(0.,-1.,0.));
#860 = ORIENTED_EDGE('',*,*,#861,.T.);
#861 = EDGE_CURVE('',#853,#234,#862,.T.);
#862 = LINE('',#863,#864);
#863 = CARTESIAN_POINT('',(-35.6,-34.6,50.6));
#864 = VECTOR('',#865,1.);
#865 = DIRECTION('',(0.,0.,1.));
#866 = ORIENTED_EDGE('',*,*,#233,.F.);
#867 = ORIENTED_EDGE('',*,*,#822,.F.);
#868 = CYLINDRICAL_SURFACE('',#869,7.);
#869 = AXIS2_PLACEMENT_3D('',#870,#871,#872);
#870 = CARTESIAN_POINT('',(-35.6,-27.6,50.6));
#871 = DIRECTION('',(0.,0.,1.));
#872 = DIRECTION('',(-1.,-0.,0.));
#873 = ADVANCED_FACE('',(#874),#893,.T.);
#874 = FACE_BOUND('',#875,.F.);
#875 = EDGE_LOOP('',(#876,#885,#891,#892));
#876 = ORIENTED_EDGE('',*,*,#877,.T.);
#877 = EDGE_CURVE('',#831,#878,#880,.T.);
#878 = VERTEX_POINT('',#879);
#879 = CARTESIAN_POINT('',(-35.6,34.6,50.6));
#880 = CIRCLE('',#881,7.);
#881 = AXIS2_PLACEMENT_3D('',#882,#883,#884);
#882 = CARTESIAN_POINT('',(-35.6,27.6,50.6));
#883 = DIRECTION('',(-0.,-0.,-1.));
#884 = DIRECTION('',(0.,-1.,0.));
#885 = ORIENTED_EDGE('',*,*,#886,.T.);
#886 = EDGE_CURVE('',#878,#277,#887,.T.);
#887 = LINE('',#888,#889);
#888 = CARTESIAN_POINT('',(-35.6,34.6,50.6));
#889 = VECTOR('',#890,1.);
#890 = DIRECTION('',(0.,0.,1.));
#891 = ORIENTED_EDGE('',*,*,#284,.F.);
#892 = ORIENTED_EDGE('',*,*,#838,.F.);
#893 = CYLINDRICAL_SURFACE('',#894,7.);
#894 = AXIS2_PLACEMENT_3D('',#895,#896,#897);
#895 = CARTESIAN_POINT('',(-35.6,27.6,50.6));
#896 = DIRECTION('',(0.,0.,1.));
#897 = DIRECTION('',(-1.,-0.,0.));
#898 = ADVANCED_FACE('',(#899),#917,.F.);
#899 = FACE_BOUND('',#900,.F.);
#900 = EDGE_LOOP('',(#901,#909,#910,#911));
#901 = ORIENTED_EDGE('',*,*,#902,.F.);
#902 = EDGE_CURVE('',#853,#903,#905,.T.);
#903 = VERTEX_POINT('',#904);
#904 = CARTESIAN_POINT('',(35.6,-34.6,50.6));
#905 = LINE('',#906,#907);
#906 = CARTESIAN_POINT('',(-42.6,-34.6,50.6));
#907 = VECTOR('',#908,1.);
#908 = DIRECTION('',(1.,0.,-0.));
#909 = ORIENTED_EDGE('',*,*,#861,.T.);
#910 = ORIENTED_EDGE('',*,*,#242,.T.);
#911 = ORIENTED_EDGE('',*,*,#912,.F.);
#912 = EDGE_CURVE('',#903,#243,#913,.T.);
#913 = LINE('',#914,#915);
#914 = CARTESIAN_POINT('',(35.6,-34.6,50.6));
#915 = VECTOR('',#916,1.);
#916 = DIRECTION('',(0.,0.,1.));
#917 = PLANE('',#918);
#918 = AXIS2_PLACEMENT_3D('',#919,#920,#921);
#919 = CARTESIAN_POINT('',(-42.6,-34.6,50.6));
#920 = DIRECTION('',(-0.,1.,0.));
#921 = DIRECTION('',(0.,0.,1.));
#922 = ADVANCED_FACE('',(#923),#941,.T.);
#923 = FACE_BOUND('',#924,.T.);
#924 = EDGE_LOOP('',(#925,#933,#934,#935));
#925 = ORIENTED_EDGE('',*,*,#926,.F.);
#926 = EDGE_CURVE('',#878,#927,#929,.T.);
#927 = VERTEX_POINT('',#928);
#928 = CARTESIAN_POINT('',(35.6,34.6,50.6));
#929 = LINE('',#930,#931);
#930 = CARTESIAN_POINT('',(-42.6,34.6,50.6));
#931 = VECTOR('',#932,1.);
#932 = DIRECTION('',(1.,0.,-0.));
#933 = ORIENTED_EDGE('',*,*,#886,.T.);
#934 = ORIENTED_EDGE('',*,*,#276,.T.);
#935 = ORIENTED_EDGE('',*,*,#936,.F.);
#936 = EDGE_CURVE('',#927,#268,#937,.T.);
#937 = LINE('',#938,#939);
#938 = CARTESIAN_POINT('',(35.6,34.6,50.6));
#939 = VECTOR('',#940,1.);
#940 = DIRECTION('',(0.,0.,1.));
#941 = PLANE('',#942);
#942 = AXIS2_PLACEMENT_3D('',#943,#944,#945);
#943 = CARTESIAN_POINT('',(-42.6,34.6,50.6));
#944 = DIRECTION('',(-0.,1.,0.));
#945 = DIRECTION('',(0.,0.,1.));
#946 = ADVANCED_FACE('',(#947),#966,.T.);
#947 = FACE_BOUND('',#948,.F.);
#948 = EDGE_LOOP('',(#949,#958,#959,#960));
#949 = ORIENTED_EDGE('',*,*,#950,.T.);
#950 = EDGE_CURVE('',#951,#903,#953,.T.);
#951 = VERTEX_POINT('',#952);
#952 = CARTESIAN_POINT('',(42.6,-27.6,50.6));
#953 = CIRCLE('',#954,7.);
#954 = AXIS2_PLACEMENT_3D('',#955,#956,#957);
#955 = CARTESIAN_POINT('',(35.6,-27.6,50.6));
#956 = DIRECTION('',(-0.,-0.,-1.));
#957 = DIRECTION('',(0.,-1.,0.));
#958 = ORIENTED_EDGE('',*,*,#912,.T.);
#959 = ORIENTED_EDGE('',*,*,#250,.F.);
#960 = ORIENTED_EDGE('',*,*,#961,.F.);
#961 = EDGE_CURVE('',#951,#251,#962,.T.);
#962 = LINE('',#963,#964);
#963 = CARTESIAN_POINT('',(42.6,-27.6,50.6));
#964 = VECTOR('',#965,1.);
#965 = DIRECTION('',(0.,0.,1.));
#966 = CYLINDRICAL_SURFACE('',#967,7.);
#967 = AXIS2_PLACEMENT_3D('',#968,#969,#970);
#968 = CARTESIAN_POINT('',(35.6,-27.6,50.6));
#969 = DIRECTION('',(0.,0.,1.));
#970 = DIRECTION('',(1.,0.,-0.));
#971 = ADVANCED_FACE('',(#972),#991,.T.);
#972 = FACE_BOUND('',#973,.T.);
#973 = EDGE_LOOP('',(#974,#983,#984,#985));
#974 = ORIENTED_EDGE('',*,*,#975,.T.);
#975 = EDGE_CURVE('',#976,#927,#978,.T.);
#976 = VERTEX_POINT('',#977);
#977 = CARTESIAN_POINT('',(42.6,27.6,50.6));
#978 = CIRCLE('',#979,7.);
#979 = AXIS2_PLACEMENT_3D('',#980,#981,#982);
#980 = CARTESIAN_POINT('',(35.6,27.6,50.6));
#981 = DIRECTION('',(0.,0.,1.));
#982 = DIRECTION('',(0.,-1.,0.));
#983 = ORIENTED_EDGE('',*,*,#936,.T.);
#984 = ORIENTED_EDGE('',*,*,#267,.F.);
#985 = ORIENTED_EDGE('',*,*,#986,.F.);
#986 = EDGE_CURVE('',#976,#260,#987,.T.);
#987 = LINE('',#988,#989);
#988 = CARTESIAN_POINT('',(42.6,27.6,50.6));
#989 = VECTOR('',#990,1.);
#990 = DIRECTION('',(0.,0.,1.));
#991 = CYLINDRICAL_SURFACE('',#992,7.);
#992 = AXIS2_PLACEMENT_3D('',#993,#994,#995);
#993 = CARTESIAN_POINT('',(35.6,27.6,50.6));
#994 = DIRECTION('',(0.,0.,1.));
#995 = DIRECTION('',(1.,0.,-0.));
#996 = ADVANCED_FACE('',(#997),#1008,.T.);
#997 = FACE_BOUND('',#998,.T.);
#998 = EDGE_LOOP('',(#999,#1000,#1001,#1007));
#999 = ORIENTED_EDGE('',*,*,#259,.F.);
#1000 = ORIENTED_EDGE('',*,*,#961,.F.);
#1001 = ORIENTED_EDGE('',*,*,#1002,.T.);
#1002 = EDGE_CURVE('',#951,#976,#1003,.T.);
#1003 = LINE('',#1004,#1005);
#1004 = CARTESIAN_POINT('',(42.6,-34.6,50.6));
#1005 = VECTOR('',#1006,1.);
#1006 = DIRECTION('',(-0.,1.,0.));
#1007 = ORIENTED_EDGE('',*,*,#986,.T.);
#1008 = PLANE('',#1009);
#1009 = AXIS2_PLACEMENT_3D('',#1010,#1011,#1012);
#1010 = CARTESIAN_POINT('',(42.6,-34.6,50.6));
#1011 = DIRECTION('',(1.,0.,-0.));
#1012 = DIRECTION('',(0.,0.,1.));
#1013 = ADVANCED_FACE('',(#1014),#1024,.T.);
#1014 = FACE_BOUND('',#1015,.T.);
#1015 = EDGE_LOOP('',(#1016,#1017,#1018,#1019,#1020,#1021,#1022,#1023));
#1016 = ORIENTED_EDGE('',*,*,#806,.F.);
#1017 = ORIENTED_EDGE('',*,*,#457,.T.);
#1018 = ORIENTED_EDGE('',*,*,#481,.T.);
#1019 = ORIENTED_EDGE('',*,*,#601,.F.);
#1020 = ORIENTED_EDGE('',*,*,#620,.T.);
#1021 = ORIENTED_EDGE('',*,*,#643,.T.);
#1022 = ORIENTED_EDGE('',*,*,#667,.F.);
#1023 = ORIENTED_EDGE('',*,*,#787,.F.);
#1024 = PLANE('',#1025);
#1025 = AXIS2_PLACEMENT_3D('',#1026,#1027,#1028);
#1026 = CARTESIAN_POINT('',(-38.2,-30.2,3.2));
#1027 = DIRECTION('',(0.,0.,1.));
#1028 = DIRECTION('',(1.,0.,-0.));
#1029 = ADVANCED_FACE('',(#1030),#1151,.T.);
#1030 = FACE_BOUND('',#1031,.T.);
#1031 = EDGE_LOOP('',(#1032,#1042,#1048,#1049,#1057,#1065,#1073,#1081,
    #1089,#1097,#1105,#1113,#1121,#1129,#1137,#1145));
#1032 = ORIENTED_EDGE('',*,*,#1033,.T.);
#1033 = EDGE_CURVE('',#1034,#1036,#1038,.T.);
#1034 = VERTEX_POINT('',#1035);
#1035 = CARTESIAN_POINT('',(-32.,-33.,11.));
#1036 = VERTEX_POINT('',#1037);
#1037 = CARTESIAN_POINT('',(-32.,-33.,7.));
#1038 = LINE('',#1039,#1040);
#1039 = CARTESIAN_POINT('',(-32.,-33.,3.5));
#1040 = VECTOR('',#1041,1.);
#1041 = DIRECTION('',(-0.,0.,-1.));
#1042 = ORIENTED_EDGE('',*,*,#1043,.T.);
#1043 = EDGE_CURVE('',#1036,#511,#1044,.T.);
#1044 = LINE('',#1045,#1046);
#1045 = CARTESIAN_POINT('',(-32.,-40.,7.));
#1046 = VECTOR('',#1047,1.);
#1047 = DIRECTION('',(-0.,1.,0.));
#1048 = ORIENTED_EDGE('',*,*,#510,.F.);
#1049 = ORIENTED_EDGE('',*,*,#1050,.F.);
#1050 = EDGE_CURVE('',#1051,#500,#1053,.T.);
#1051 = VERTEX_POINT('',#1052);
#1052 = CARTESIAN_POINT('',(-32.,-33.,22.));
#1053 = LINE('',#1054,#1055);
#1054 = CARTESIAN_POINT('',(-32.,-40.,22.));
#1055 = VECTOR('',#1056,1.);
#1056 = DIRECTION('',(-0.,1.,0.));
#1057 = ORIENTED_EDGE('',*,*,#1058,.T.);
#1058 = EDGE_CURVE('',#1051,#1059,#1061,.T.);
#1059 = VERTEX_POINT('',#1060);
#1060 = CARTESIAN_POINT('',(-32.,-33.,20.95));
#1061 = LINE('',#1062,#1063);
#1062 = CARTESIAN_POINT('',(-32.,-33.,3.5));
#1063 = VECTOR('',#1064,1.);
#1064 = DIRECTION('',(-0.,0.,-1.));
#1065 = ORIENTED_EDGE('',*,*,#1066,.F.);
#1066 = EDGE_CURVE('',#1067,#1059,#1069,.T.);
#1067 = VERTEX_POINT('',#1068);
#1068 = CARTESIAN_POINT('',(-32.,-34.6,20.95));
#1069 = LINE('',#1070,#1071);
#1070 = CARTESIAN_POINT('',(-32.,-37.3,20.95));
#1071 = VECTOR('',#1072,1.);
#1072 = DIRECTION('',(-0.,1.,0.));
#1073 = ORIENTED_EDGE('',*,*,#1074,.T.);
#1074 = EDGE_CURVE('',#1067,#1075,#1077,.T.);
#1075 = VERTEX_POINT('',#1076);
#1076 = CARTESIAN_POINT('',(-32.,-34.6,19.8));
#1077 = LINE('',#1078,#1079);
#1078 = CARTESIAN_POINT('',(-32.,-34.6,13.4));
#1079 = VECTOR('',#1080,1.);
#1080 = DIRECTION('',(-0.,0.,-1.));
#1081 = ORIENTED_EDGE('',*,*,#1082,.T.);
#1082 = EDGE_CURVE('',#1075,#1083,#1085,.T.);
#1083 = VERTEX_POINT('',#1084);
#1084 = CARTESIAN_POINT('',(-32.,-33.,19.8));
#1085 = LINE('',#1086,#1087);
#1086 = CARTESIAN_POINT('',(-32.,-37.3,19.8));
#1087 = VECTOR('',#1088,1.);
#1088 = DIRECTION('',(-0.,1.,0.));
#1089 = ORIENTED_EDGE('',*,*,#1090,.T.);
#1090 = EDGE_CURVE('',#1083,#1091,#1093,.T.);
#1091 = VERTEX_POINT('',#1092);
#1092 = CARTESIAN_POINT('',(-32.,-33.,16.55));
#1093 = LINE('',#1094,#1095);
#1094 = CARTESIAN_POINT('',(-32.,-33.,3.5));
#1095 = VECTOR('',#1096,1.);
#1096 = DIRECTION('',(-0.,0.,-1.));
#1097 = ORIENTED_EDGE('',*,*,#1098,.F.);
#1098 = EDGE_CURVE('',#1099,#1091,#1101,.T.);
#1099 = VERTEX_POINT('',#1100);
#1100 = CARTESIAN_POINT('',(-32.,-34.6,16.55));
#1101 = LINE('',#1102,#1103);
#1102 = CARTESIAN_POINT('',(-32.,-37.3,16.55));
#1103 = VECTOR('',#1104,1.);
#1104 = DIRECTION('',(-0.,1.,0.));
#1105 = ORIENTED_EDGE('',*,*,#1106,.T.);
#1106 = EDGE_CURVE('',#1099,#1107,#1109,.T.);
#1107 = VERTEX_POINT('',#1108);
#1108 = CARTESIAN_POINT('',(-32.,-34.6,15.4));
#1109 = LINE('',#1110,#1111);
#1110 = CARTESIAN_POINT('',(-32.,-34.6,11.2));
#1111 = VECTOR('',#1112,1.);
#1112 = DIRECTION('',(-0.,0.,-1.));
#1113 = ORIENTED_EDGE('',*,*,#1114,.T.);
#1114 = EDGE_CURVE('',#1107,#1115,#1117,.T.);
#1115 = VERTEX_POINT('',#1116);
#1116 = CARTESIAN_POINT('',(-32.,-33.,15.4));
#1117 = LINE('',#1118,#1119);
#1118 = CARTESIAN_POINT('',(-32.,-37.3,15.4));
#1119 = VECTOR('',#1120,1.);
#1120 = DIRECTION('',(-0.,1.,0.));
#1121 = ORIENTED_EDGE('',*,*,#1122,.T.);
#1122 = EDGE_CURVE('',#1115,#1123,#1125,.T.);
#1123 = VERTEX_POINT('',#1124);
#1124 = CARTESIAN_POINT('',(-32.,-33.,12.15));
#1125 = LINE('',#1126,#1127);
#1126 = CARTESIAN_POINT('',(-32.,-33.,3.5));
#1127 = VECTOR('',#1128,1.);
#1128 = DIRECTION('',(-0.,0.,-1.));
#1129 = ORIENTED_EDGE('',*,*,#1130,.F.);
#1130 = EDGE_CURVE('',#1131,#1123,#1133,.T.);
#1131 = VERTEX_POINT('',#1132);
#1132 = CARTESIAN_POINT('',(-32.,-34.6,12.15));
#1133 = LINE('',#1134,#1135);
#1134 = CARTESIAN_POINT('',(-32.,-37.3,12.15));
#1135 = VECTOR('',#1136,1.);
#1136 = DIRECTION('',(-0.,1.,0.));
#1137 = ORIENTED_EDGE('',*,*,#1138,.T.);
#1138 = EDGE_CURVE('',#1131,#1139,#1141,.T.);
#1139 = VERTEX_POINT('',#1140);
#1140 = CARTESIAN_POINT('',(-32.,-34.6,11.));
#1141 = LINE('',#1142,#1143);
#1142 = CARTESIAN_POINT('',(-32.,-34.6,9.));
#1143 = VECTOR('',#1144,1.);
#1144 = DIRECTION('',(-0.,0.,-1.));
#1145 = ORIENTED_EDGE('',*,*,#1146,.T.);
#1146 = EDGE_CURVE('',#1139,#1034,#1147,.T.);
#1147 = LINE('',#1148,#1149);
#1148 = CARTESIAN_POINT('',(-32.,-37.3,11.));
#1149 = VECTOR('',#1150,1.);
#1150 = DIRECTION('',(-0.,1.,0.));
#1151 = PLANE('',#1152);
#1152 = AXIS2_PLACEMENT_3D('',#1153,#1154,#1155);
#1153 = CARTESIAN_POINT('',(-32.,-40.,7.));
#1154 = DIRECTION('',(1.,0.,-0.));
#1155 = DIRECTION('',(0.,0.,1.));
#1156 = ADVANCED_FACE('',(#1157),#1175,.T.);
#1157 = FACE_BOUND('',#1158,.T.);
#1158 = EDGE_LOOP('',(#1159,#1160,#1168,#1174));
#1159 = ORIENTED_EDGE('',*,*,#1043,.F.);
#1160 = ORIENTED_EDGE('',*,*,#1161,.T.);
#1161 = EDGE_CURVE('',#1036,#1162,#1164,.T.);
#1162 = VERTEX_POINT('',#1163);
#1163 = CARTESIAN_POINT('',(-16.,-33.,7.));
#1164 = LINE('',#1165,#1166);
#1165 = CARTESIAN_POINT('',(-36.5,-33.,7.));
#1166 = VECTOR('',#1167,1.);
#1167 = DIRECTION('',(1.,0.,-0.));
#1168 = ORIENTED_EDGE('',*,*,#1169,.T.);
#1169 = EDGE_CURVE('',#1162,#519,#1170,.T.);
#1170 = LINE('',#1171,#1172);
#1171 = CARTESIAN_POINT('',(-16.,-40.,7.));
#1172 = VECTOR('',#1173,1.);
#1173 = DIRECTION('',(-0.,1.,0.));
#1174 = ORIENTED_EDGE('',*,*,#518,.F.);
#1175 = PLANE('',#1176);
#1176 = AXIS2_PLACEMENT_3D('',#1177,#1178,#1179);
#1177 = CARTESIAN_POINT('',(-32.,-40.,7.));
#1178 = DIRECTION('',(0.,0.,1.));
#1179 = DIRECTION('',(1.,0.,-0.));
#1180 = ADVANCED_FACE('',(#1181),#1295,.F.);
#1181 = FACE_BOUND('',#1182,.F.);
#1182 = EDGE_LOOP('',(#1183,#1191,#1192,#1193,#1201,#1209,#1217,#1225,
    #1233,#1241,#1249,#1257,#1265,#1273,#1281,#1289));
#1183 = ORIENTED_EDGE('',*,*,#1184,.T.);
#1184 = EDGE_CURVE('',#1185,#1162,#1187,.T.);
#1185 = VERTEX_POINT('',#1186);
#1186 = CARTESIAN_POINT('',(-16.,-33.,11.));
#1187 = LINE('',#1188,#1189);
#1188 = CARTESIAN_POINT('',(-16.,-33.,3.5));
#1189 = VECTOR('',#1190,1.);
#1190 = DIRECTION('',(-0.,0.,-1.));
#1191 = ORIENTED_EDGE('',*,*,#1169,.T.);
#1192 = ORIENTED_EDGE('',*,*,#526,.F.);
#1193 = ORIENTED_EDGE('',*,*,#1194,.F.);
#1194 = EDGE_CURVE('',#1195,#527,#1197,.T.);
#1195 = VERTEX_POINT('',#1196);
#1196 = CARTESIAN_POINT('',(-16.,-33.,22.));
#1197 = LINE('',#1198,#1199);
#1198 = CARTESIAN_POINT('',(-16.,-40.,22.));
#1199 = VECTOR('',#1200,1.);
#1200 = DIRECTION('',(-0.,1.,0.));
#1201 = ORIENTED_EDGE('',*,*,#1202,.T.);
#1202 = EDGE_CURVE('',#1195,#1203,#1205,.T.);
#1203 = VERTEX_POINT('',#1204);
#1204 = CARTESIAN_POINT('',(-16.,-33.,20.95));
#1205 = LINE('',#1206,#1207);
#1206 = CARTESIAN_POINT('',(-16.,-33.,3.5));
#1207 = VECTOR('',#1208,1.);
#1208 = DIRECTION('',(-0.,0.,-1.));
#1209 = ORIENTED_EDGE('',*,*,#1210,.F.);
#1210 = EDGE_CURVE('',#1211,#1203,#1213,.T.);
#1211 = VERTEX_POINT('',#1212);
#1212 = CARTESIAN_POINT('',(-16.,-34.6,20.95));
#1213 = LINE('',#1214,#1215);
#1214 = CARTESIAN_POINT('',(-16.,-37.3,20.95));
#1215 = VECTOR('',#1216,1.);
#1216 = DIRECTION('',(-0.,1.,0.));
#1217 = ORIENTED_EDGE('',*,*,#1218,.T.);
#1218 = EDGE_CURVE('',#1211,#1219,#1221,.T.);
#1219 = VERTEX_POINT('',#1220);
#1220 = CARTESIAN_POINT('',(-16.,-34.6,19.8));
#1221 = LINE('',#1222,#1223);
#1222 = CARTESIAN_POINT('',(-16.,-34.6,13.4));
#1223 = VECTOR('',#1224,1.);
#1224 = DIRECTION('',(-0.,0.,-1.));
#1225 = ORIENTED_EDGE('',*,*,#1226,.T.);
#1226 = EDGE_CURVE('',#1219,#1227,#1229,.T.);
#1227 = VERTEX_POINT('',#1228);
#1228 = CARTESIAN_POINT('',(-16.,-33.,19.8));
#1229 = LINE('',#1230,#1231);
#1230 = CARTESIAN_POINT('',(-16.,-37.3,19.8));
#1231 = VECTOR('',#1232,1.);
#1232 = DIRECTION('',(-0.,1.,0.));
#1233 = ORIENTED_EDGE('',*,*,#1234,.T.);
#1234 = EDGE_CURVE('',#1227,#1235,#1237,.T.);
#1235 = VERTEX_POINT('',#1236);
#1236 = CARTESIAN_POINT('',(-16.,-33.,16.55));
#1237 = LINE('',#1238,#1239);
#1238 = CARTESIAN_POINT('',(-16.,-33.,3.5));
#1239 = VECTOR('',#1240,1.);
#1240 = DIRECTION('',(-0.,0.,-1.));
#1241 = ORIENTED_EDGE('',*,*,#1242,.F.);
#1242 = EDGE_CURVE('',#1243,#1235,#1245,.T.);
#1243 = VERTEX_POINT('',#1244);
#1244 = CARTESIAN_POINT('',(-16.,-34.6,16.55));
#1245 = LINE('',#1246,#1247);
#1246 = CARTESIAN_POINT('',(-16.,-37.3,16.55));
#1247 = VECTOR('',#1248,1.);
#1248 = DIRECTION('',(-0.,1.,0.));
#1249 = ORIENTED_EDGE('',*,*,#1250,.T.);
#1250 = EDGE_CURVE('',#1243,#1251,#1253,.T.);
#1251 = VERTEX_POINT('',#1252);
#1252 = CARTESIAN_POINT('',(-16.,-34.6,15.4));
#1253 = LINE('',#1254,#1255);
#1254 = CARTESIAN_POINT('',(-16.,-34.6,11.2));
#1255 = VECTOR('',#1256,1.);
#1256 = DIRECTION('',(-0.,0.,-1.));
#1257 = ORIENTED_EDGE('',*,*,#1258,.T.);
#1258 = EDGE_CURVE('',#1251,#1259,#1261,.T.);
#1259 = VERTEX_POINT('',#1260);
#1260 = CARTESIAN_POINT('',(-16.,-33.,15.4));
#1261 = LINE('',#1262,#1263);
#1262 = CARTESIAN_POINT('',(-16.,-37.3,15.4));
#1263 = VECTOR('',#1264,1.);
#1264 = DIRECTION('',(-0.,1.,0.));
#1265 = ORIENTED_EDGE('',*,*,#1266,.T.);
#1266 = EDGE_CURVE('',#1259,#1267,#1269,.T.);
#1267 = VERTEX_POINT('',#1268);
#1268 = CARTESIAN_POINT('',(-16.,-33.,12.15));
#1269 = LINE('',#1270,#1271);
#1270 = CARTESIAN_POINT('',(-16.,-33.,3.5));
#1271 = VECTOR('',#1272,1.);
#1272 = DIRECTION('',(-0.,0.,-1.));
#1273 = ORIENTED_EDGE('',*,*,#1274,.F.);
#1274 = EDGE_CURVE('',#1275,#1267,#1277,.T.);
#1275 = VERTEX_POINT('',#1276);
#1276 = CARTESIAN_POINT('',(-16.,-34.6,12.15));
#1277 = LINE('',#1278,#1279);
#1278 = CARTESIAN_POINT('',(-16.,-37.3,12.15));
#1279 = VECTOR('',#1280,1.);
#1280 = DIRECTION('',(-0.,1.,0.));
#1281 = ORIENTED_EDGE('',*,*,#1282,.T.);
#1282 = EDGE_CURVE('',#1275,#1283,#1285,.T.);
#1283 = VERTEX_POINT('',#1284);
#1284 = CARTESIAN_POINT('',(-16.,-34.6,11.));
#1285 = LINE('',#1286,#1287);
#1286 = CARTESIAN_POINT('',(-16.,-34.6,9.));
#1287 = VECTOR('',#1288,1.);
#1288 = DIRECTION('',(-0.,0.,-1.));
#1289 = ORIENTED_EDGE('',*,*,#1290,.T.);
#1290 = EDGE_CURVE('',#1283,#1185,#1291,.T.);
#1291 = LINE('',#1292,#1293);
#1292 = CARTESIAN_POINT('',(-16.,-37.3,11.));
#1293 = VECTOR('',#1294,1.);
#1294 = DIRECTION('',(-0.,1.,0.));
#1295 = PLANE('',#1296);
#1296 = AXIS2_PLACEMENT_3D('',#1297,#1298,#1299);
#1297 = CARTESIAN_POINT('',(-16.,-40.,7.));
#1298 = DIRECTION('',(1.,0.,-0.));
#1299 = DIRECTION('',(0.,0.,1.));
#1300 = ADVANCED_FACE('',(#1301),#1422,.F.);
#1301 = FACE_BOUND('',#1302,.F.);
#1302 = EDGE_LOOP('',(#1303,#1313,#1319,#1320,#1328,#1336,#1344,#1352,
    #1360,#1368,#1376,#1384,#1392,#1400,#1408,#1416));
#1303 = ORIENTED_EDGE('',*,*,#1304,.T.);
#1304 = EDGE_CURVE('',#1305,#1307,#1309,.T.);
#1305 = VERTEX_POINT('',#1306);
#1306 = CARTESIAN_POINT('',(32.,-33.,11.));
#1307 = VERTEX_POINT('',#1308);
#1308 = CARTESIAN_POINT('',(32.,-33.,7.));
#1309 = LINE('',#1310,#1311);
#1310 = CARTESIAN_POINT('',(32.,-33.,3.5));
#1311 = VECTOR('',#1312,1.);
#1312 = DIRECTION('',(-0.,0.,-1.));
#1313 = ORIENTED_EDGE('',*,*,#1314,.T.);
#1314 = EDGE_CURVE('',#1307,#563,#1315,.T.);
#1315 = LINE('',#1316,#1317);
#1316 = CARTESIAN_POINT('',(32.,-40.,7.));
#1317 = VECTOR('',#1318,1.);
#1318 = DIRECTION('',(-0.,1.,0.));
#1319 = ORIENTED_EDGE('',*,*,#570,.F.);
#1320 = ORIENTED_EDGE('',*,*,#1321,.F.);
#1321 = EDGE_CURVE('',#1322,#571,#1324,.T.);
#1322 = VERTEX_POINT('',#1323);
#1323 = CARTESIAN_POINT('',(32.,-33.,22.));
#1324 = LINE('',#1325,#1326);
#1325 = CARTESIAN_POINT('',(32.,-40.,22.));
#1326 = VECTOR('',#1327,1.);
#1327 = DIRECTION('',(-0.,1.,0.));
#1328 = ORIENTED_EDGE('',*,*,#1329,.T.);
#1329 = EDGE_CURVE('',#1322,#1330,#1332,.T.);
#1330 = VERTEX_POINT('',#1331);
#1331 = CARTESIAN_POINT('',(32.,-33.,20.95));
#1332 = LINE('',#1333,#1334);
#1333 = CARTESIAN_POINT('',(32.,-33.,3.5));
#1334 = VECTOR('',#1335,1.);
#1335 = DIRECTION('',(-0.,0.,-1.));
#1336 = ORIENTED_EDGE('',*,*,#1337,.F.);
#1337 = EDGE_CURVE('',#1338,#1330,#1340,.T.);
#1338 = VERTEX_POINT('',#1339);
#1339 = CARTESIAN_POINT('',(32.,-34.6,20.95));
#1340 = LINE('',#1341,#1342);
#1341 = CARTESIAN_POINT('',(32.,-37.3,20.95));
#1342 = VECTOR('',#1343,1.);
#1343 = DIRECTION('',(-0.,1.,0.));
#1344 = ORIENTED_EDGE('',*,*,#1345,.T.);
#1345 = EDGE_CURVE('',#1338,#1346,#1348,.T.);
#1346 = VERTEX_POINT('',#1347);
#1347 = CARTESIAN_POINT('',(32.,-34.6,19.8));
#1348 = LINE('',#1349,#1350);
#1349 = CARTESIAN_POINT('',(32.,-34.6,13.4));
#1350 = VECTOR('',#1351,1.);
#1351 = DIRECTION('',(-0.,0.,-1.));
#1352 = ORIENTED_EDGE('',*,*,#1353,.T.);
#1353 = EDGE_CURVE('',#1346,#1354,#1356,.T.);
#1354 = VERTEX_POINT('',#1355);
#1355 = CARTESIAN_POINT('',(32.,-33.,19.8));
#1356 = LINE('',#1357,#1358);
#1357 = CARTESIAN_POINT('',(32.,-37.3,19.8));
#1358 = VECTOR('',#1359,1.);
#1359 = DIRECTION('',(-0.,1.,0.));
#1360 = ORIENTED_EDGE('',*,*,#1361,.T.);
#1361 = EDGE_CURVE('',#1354,#1362,#1364,.T.);
#1362 = VERTEX_POINT('',#1363);
#1363 = CARTESIAN_POINT('',(32.,-33.,16.55));
#1364 = LINE('',#1365,#1366);
#1365 = CARTESIAN_POINT('',(32.,-33.,3.5));
#1366 = VECTOR('',#1367,1.);
#1367 = DIRECTION('',(-0.,0.,-1.));
#1368 = ORIENTED_EDGE('',*,*,#1369,.F.);
#1369 = EDGE_CURVE('',#1370,#1362,#1372,.T.);
#1370 = VERTEX_POINT('',#1371);
#1371 = CARTESIAN_POINT('',(32.,-34.6,16.55));
#1372 = LINE('',#1373,#1374);
#1373 = CARTESIAN_POINT('',(32.,-37.3,16.55));
#1374 = VECTOR('',#1375,1.);
#1375 = DIRECTION('',(-0.,1.,0.));
#1376 = ORIENTED_EDGE('',*,*,#1377,.T.);
#1377 = EDGE_CURVE('',#1370,#1378,#1380,.T.);
#1378 = VERTEX_POINT('',#1379);
#1379 = CARTESIAN_POINT('',(32.,-34.6,15.4));
#1380 = LINE('',#1381,#1382);
#1381 = CARTESIAN_POINT('',(32.,-34.6,11.2));
#1382 = VECTOR('',#1383,1.);
#1383 = DIRECTION('',(-0.,0.,-1.));
#1384 = ORIENTED_EDGE('',*,*,#1385,.T.);
#1385 = EDGE_CURVE('',#1378,#1386,#1388,.T.);
#1386 = VERTEX_POINT('',#1387);
#1387 = CARTESIAN_POINT('',(32.,-33.,15.4));
#1388 = LINE('',#1389,#1390);
#1389 = CARTESIAN_POINT('',(32.,-37.3,15.4));
#1390 = VECTOR('',#1391,1.);
#1391 = DIRECTION('',(-0.,1.,0.));
#1392 = ORIENTED_EDGE('',*,*,#1393,.T.);
#1393 = EDGE_CURVE('',#1386,#1394,#1396,.T.);
#1394 = VERTEX_POINT('',#1395);
#1395 = CARTESIAN_POINT('',(32.,-33.,12.15));
#1396 = LINE('',#1397,#1398);
#1397 = CARTESIAN_POINT('',(32.,-33.,3.5));
#1398 = VECTOR('',#1399,1.);
#1399 = DIRECTION('',(-0.,0.,-1.));
#1400 = ORIENTED_EDGE('',*,*,#1401,.F.);
#1401 = EDGE_CURVE('',#1402,#1394,#1404,.T.);
#1402 = VERTEX_POINT('',#1403);
#1403 = CARTESIAN_POINT('',(32.,-34.6,12.15));
#1404 = LINE('',#1405,#1406);
#1405 = CARTESIAN_POINT('',(32.,-37.3,12.15));
#1406 = VECTOR('',#1407,1.);
#1407 = DIRECTION('',(-0.,1.,0.));
#1408 = ORIENTED_EDGE('',*,*,#1409,.T.);
#1409 = EDGE_CURVE('',#1402,#1410,#1412,.T.);
#1410 = VERTEX_POINT('',#1411);
#1411 = CARTESIAN_POINT('',(32.,-34.6,11.));
#1412 = LINE('',#1413,#1414);
#1413 = CARTESIAN_POINT('',(32.,-34.6,9.));
#1414 = VECTOR('',#1415,1.);
#1415 = DIRECTION('',(-0.,0.,-1.));
#1416 = ORIENTED_EDGE('',*,*,#1417,.T.);
#1417 = EDGE_CURVE('',#1410,#1305,#1418,.T.);
#1418 = LINE('',#1419,#1420);
#1419 = CARTESIAN_POINT('',(32.,-37.3,11.));
#1420 = VECTOR('',#1421,1.);
#1421 = DIRECTION('',(-0.,1.,0.));
#1422 = PLANE('',#1423);
#1423 = AXIS2_PLACEMENT_3D('',#1424,#1425,#1426);
#1424 = CARTESIAN_POINT('',(32.,-40.,7.));
#1425 = DIRECTION('',(1.,0.,-0.));
#1426 = DIRECTION('',(0.,0.,1.));
#1427 = ADVANCED_FACE('',(#1428),#1446,.T.);
#1428 = FACE_BOUND('',#1429,.T.);
#1429 = EDGE_LOOP('',(#1430,#1438,#1444,#1445));
#1430 = ORIENTED_EDGE('',*,*,#1431,.F.);
#1431 = EDGE_CURVE('',#1432,#555,#1434,.T.);
#1432 = VERTEX_POINT('',#1433);
#1433 = CARTESIAN_POINT('',(16.,-33.,7.));
#1434 = LINE('',#1435,#1436);
#1435 = CARTESIAN_POINT('',(16.,-40.,7.));
#1436 = VECTOR('',#1437,1.);
#1437 = DIRECTION('',(-0.,1.,0.));
#1438 = ORIENTED_EDGE('',*,*,#1439,.T.);
#1439 = EDGE_CURVE('',#1432,#1307,#1440,.T.);
#1440 = LINE('',#1441,#1442);
#1441 = CARTESIAN_POINT('',(-12.5,-33.,7.));
#1442 = VECTOR('',#1443,1.);
#1443 = DIRECTION('',(1.,0.,-0.));
#1444 = ORIENTED_EDGE('',*,*,#1314,.T.);
#1445 = ORIENTED_EDGE('',*,*,#562,.F.);
#1446 = PLANE('',#1447);
#1447 = AXIS2_PLACEMENT_3D('',#1448,#1449,#1450);
#1448 = CARTESIAN_POINT('',(16.,-40.,7.));
#1449 = DIRECTION('',(0.,0.,1.));
#1450 = DIRECTION('',(1.,0.,-0.));
#1451 = ADVANCED_FACE('',(#1452),#1566,.T.);
#1452 = FACE_BOUND('',#1453,.T.);
#1453 = EDGE_LOOP('',(#1454,#1462,#1463,#1464,#1472,#1480,#1488,#1496,
    #1504,#1512,#1520,#1528,#1536,#1544,#1552,#1560));
#1454 = ORIENTED_EDGE('',*,*,#1455,.T.);
#1455 = EDGE_CURVE('',#1456,#1432,#1458,.T.);
#1456 = VERTEX_POINT('',#1457);
#1457 = CARTESIAN_POINT('',(16.,-33.,11.));
#1458 = LINE('',#1459,#1460);
#1459 = CARTESIAN_POINT('',(16.,-33.,3.5));
#1460 = VECTOR('',#1461,1.);
#1461 = DIRECTION('',(-0.,0.,-1.));
#1462 = ORIENTED_EDGE('',*,*,#1431,.T.);
#1463 = ORIENTED_EDGE('',*,*,#554,.F.);
#1464 = ORIENTED_EDGE('',*,*,#1465,.F.);
#1465 = EDGE_CURVE('',#1466,#544,#1468,.T.);
#1466 = VERTEX_POINT('',#1467);
#1467 = CARTESIAN_POINT('',(16.,-33.,22.));
#1468 = LINE('',#1469,#1470);
#1469 = CARTESIAN_POINT('',(16.,-40.,22.));
#1470 = VECTOR('',#1471,1.);
#1471 = DIRECTION('',(-0.,1.,0.));
#1472 = ORIENTED_EDGE('',*,*,#1473,.T.);
#1473 = EDGE_CURVE('',#1466,#1474,#1476,.T.);
#1474 = VERTEX_POINT('',#1475);
#1475 = CARTESIAN_POINT('',(16.,-33.,20.95));
#1476 = LINE('',#1477,#1478);
#1477 = CARTESIAN_POINT('',(16.,-33.,3.5));
#1478 = VECTOR('',#1479,1.);
#1479 = DIRECTION('',(-0.,0.,-1.));
#1480 = ORIENTED_EDGE('',*,*,#1481,.F.);
#1481 = EDGE_CURVE('',#1482,#1474,#1484,.T.);
#1482 = VERTEX_POINT('',#1483);
#1483 = CARTESIAN_POINT('',(16.,-34.6,20.95));
#1484 = LINE('',#1485,#1486);
#1485 = CARTESIAN_POINT('',(16.,-37.3,20.95));
#1486 = VECTOR('',#1487,1.);
#1487 = DIRECTION('',(-0.,1.,0.));
#1488 = ORIENTED_EDGE('',*,*,#1489,.T.);
#1489 = EDGE_CURVE('',#1482,#1490,#1492,.T.);
#1490 = VERTEX_POINT('',#1491);
#1491 = CARTESIAN_POINT('',(16.,-34.6,19.8));
#1492 = LINE('',#1493,#1494);
#1493 = CARTESIAN_POINT('',(16.,-34.6,13.4));
#1494 = VECTOR('',#1495,1.);
#1495 = DIRECTION('',(-0.,0.,-1.));
#1496 = ORIENTED_EDGE('',*,*,#1497,.T.);
#1497 = EDGE_CURVE('',#1490,#1498,#1500,.T.);
#1498 = VERTEX_POINT('',#1499);
#1499 = CARTESIAN_POINT('',(16.,-33.,19.8));
#1500 = LINE('',#1501,#1502);
#1501 = CARTESIAN_POINT('',(16.,-37.3,19.8));
#1502 = VECTOR('',#1503,1.);
#1503 = DIRECTION('',(-0.,1.,0.));
#1504 = ORIENTED_EDGE('',*,*,#1505,.T.);
#1505 = EDGE_CURVE('',#1498,#1506,#1508,.T.);
#1506 = VERTEX_POINT('',#1507);
#1507 = CARTESIAN_POINT('',(16.,-33.,16.55));
#1508 = LINE('',#1509,#1510);
#1509 = CARTESIAN_POINT('',(16.,-33.,3.5));
#1510 = VECTOR('',#1511,1.);
#1511 = DIRECTION('',(-0.,0.,-1.));
#1512 = ORIENTED_EDGE('',*,*,#1513,.F.);
#1513 = EDGE_CURVE('',#1514,#1506,#1516,.T.);
#1514 = VERTEX_POINT('',#1515);
#1515 = CARTESIAN_POINT('',(16.,-34.6,16.55));
#1516 = LINE('',#1517,#1518);
#1517 = CARTESIAN_POINT('',(16.,-37.3,16.55));
#1518 = VECTOR('',#1519,1.);
#1519 = DIRECTION('',(-0.,1.,0.));
#1520 = ORIENTED_EDGE('',*,*,#1521,.T.);
#1521 = EDGE_CURVE('',#1514,#1522,#1524,.T.);
#1522 = VERTEX_POINT('',#1523);
#1523 = CARTESIAN_POINT('',(16.,-34.6,15.4));
#1524 = LINE('',#1525,#1526);
#1525 = CARTESIAN_POINT('',(16.,-34.6,11.2));
#1526 = VECTOR('',#1527,1.);
#1527 = DIRECTION('',(-0.,0.,-1.));
#1528 = ORIENTED_EDGE('',*,*,#1529,.T.);
#1529 = EDGE_CURVE('',#1522,#1530,#1532,.T.);
#1530 = VERTEX_POINT('',#1531);
#1531 = CARTESIAN_POINT('',(16.,-33.,15.4));
#1532 = LINE('',#1533,#1534);
#1533 = CARTESIAN_POINT('',(16.,-37.3,15.4));
#1534 = VECTOR('',#1535,1.);
#1535 = DIRECTION('',(-0.,1.,0.));
#1536 = ORIENTED_EDGE('',*,*,#1537,.T.);
#1537 = EDGE_CURVE('',#1530,#1538,#1540,.T.);
#1538 = VERTEX_POINT('',#1539);
#1539 = CARTESIAN_POINT('',(16.,-33.,12.15));
#1540 = LINE('',#1541,#1542);
#1541 = CARTESIAN_POINT('',(16.,-33.,3.5));
#1542 = VECTOR('',#1543,1.);
#1543 = DIRECTION('',(-0.,0.,-1.));
#1544 = ORIENTED_EDGE('',*,*,#1545,.F.);
#1545 = EDGE_CURVE('',#1546,#1538,#1548,.T.);
#1546 = VERTEX_POINT('',#1547);
#1547 = CARTESIAN_POINT('',(16.,-34.6,12.15));
#1548 = LINE('',#1549,#1550);
#1549 = CARTESIAN_POINT('',(16.,-37.3,12.15));
#1550 = VECTOR('',#1551,1.);
#1551 = DIRECTION('',(-0.,1.,0.));
#1552 = ORIENTED_EDGE('',*,*,#1553,.T.);
#1553 = EDGE_CURVE('',#1546,#1554,#1556,.T.);
#1554 = VERTEX_POINT('',#1555);
#1555 = CARTESIAN_POINT('',(16.,-34.6,11.));
#1556 = LINE('',#1557,#1558);
#1557 = CARTESIAN_POINT('',(16.,-34.6,9.));
#1558 = VECTOR('',#1559,1.);
#1559 = DIRECTION('',(-0.,0.,-1.));
#1560 = ORIENTED_EDGE('',*,*,#1561,.T.);
#1561 = EDGE_CURVE('',#1554,#1456,#1562,.T.);
#1562 = LINE('',#1563,#1564);
#1563 = CARTESIAN_POINT('',(16.,-37.3,11.));
#1564 = VECTOR('',#1565,1.);
#1565 = DIRECTION('',(-0.,1.,0.));
#1566 = PLANE('',#1567);
#1567 = AXIS2_PLACEMENT_3D('',#1568,#1569,#1570);
#1568 = CARTESIAN_POINT('',(16.,-40.,7.));
#1569 = DIRECTION('',(1.,0.,-0.));
#1570 = DIRECTION('',(0.,0.,1.));
#1571 = ADVANCED_FACE('',(#1572),#1693,.T.);
#1572 = FACE_BOUND('',#1573,.T.);
#1573 = EDGE_LOOP('',(#1574,#1575,#1583,#1591,#1599,#1607,#1615,#1623,
    #1631,#1639,#1647,#1655,#1663,#1671,#1679,#1687));
#1574 = ORIENTED_EDGE('',*,*,#696,.T.);
#1575 = ORIENTED_EDGE('',*,*,#1576,.T.);
#1576 = EDGE_CURVE('',#697,#1577,#1579,.T.);
#1577 = VERTEX_POINT('',#1578);
#1578 = CARTESIAN_POINT('',(-32.,33.,7.));
#1579 = LINE('',#1580,#1581);
#1580 = CARTESIAN_POINT('',(-32.,-40.,7.));
#1581 = VECTOR('',#1582,1.);
#1582 = DIRECTION('',(-0.,1.,0.));
#1583 = ORIENTED_EDGE('',*,*,#1584,.F.);
#1584 = EDGE_CURVE('',#1585,#1577,#1587,.T.);
#1585 = VERTEX_POINT('',#1586);
#1586 = CARTESIAN_POINT('',(-32.,33.,11.));
#1587 = LINE('',#1588,#1589);
#1588 = CARTESIAN_POINT('',(-32.,33.,3.5));
#1589 = VECTOR('',#1590,1.);
#1590 = DIRECTION('',(-0.,0.,-1.));
#1591 = ORIENTED_EDGE('',*,*,#1592,.T.);
#1592 = EDGE_CURVE('',#1585,#1593,#1595,.T.);
#1593 = VERTEX_POINT('',#1594);
#1594 = CARTESIAN_POINT('',(-32.,34.6,11.));
#1595 = LINE('',#1596,#1597);
#1596 = CARTESIAN_POINT('',(-32.,-37.3,11.));
#1597 = VECTOR('',#1598,1.);
#1598 = DIRECTION('',(-0.,1.,0.));
#1599 = ORIENTED_EDGE('',*,*,#1600,.F.);
#1600 = EDGE_CURVE('',#1601,#1593,#1603,.T.);
#1601 = VERTEX_POINT('',#1602);
#1602 = CARTESIAN_POINT('',(-32.,34.6,12.15));
#1603 = LINE('',#1604,#1605);
#1604 = CARTESIAN_POINT('',(-32.,34.6,9.));
#1605 = VECTOR('',#1606,1.);
#1606 = DIRECTION('',(-0.,0.,-1.));
#1607 = ORIENTED_EDGE('',*,*,#1608,.F.);
#1608 = EDGE_CURVE('',#1609,#1601,#1611,.T.);
#1609 = VERTEX_POINT('',#1610);
#1610 = CARTESIAN_POINT('',(-32.,33.,12.15));
#1611 = LINE('',#1612,#1613);
#1612 = CARTESIAN_POINT('',(-32.,-37.3,12.15));
#1613 = VECTOR('',#1614,1.);
#1614 = DIRECTION('',(-0.,1.,0.));
#1615 = ORIENTED_EDGE('',*,*,#1616,.F.);
#1616 = EDGE_CURVE('',#1617,#1609,#1619,.T.);
#1617 = VERTEX_POINT('',#1618);
#1618 = CARTESIAN_POINT('',(-32.,33.,15.4));
#1619 = LINE('',#1620,#1621);
#1620 = CARTESIAN_POINT('',(-32.,33.,3.5));
#1621 = VECTOR('',#1622,1.);
#1622 = DIRECTION('',(-0.,0.,-1.));
#1623 = ORIENTED_EDGE('',*,*,#1624,.T.);
#1624 = EDGE_CURVE('',#1617,#1625,#1627,.T.);
#1625 = VERTEX_POINT('',#1626);
#1626 = CARTESIAN_POINT('',(-32.,34.6,15.4));
#1627 = LINE('',#1628,#1629);
#1628 = CARTESIAN_POINT('',(-32.,-37.3,15.4));
#1629 = VECTOR('',#1630,1.);
#1630 = DIRECTION('',(-0.,1.,0.));
#1631 = ORIENTED_EDGE('',*,*,#1632,.F.);
#1632 = EDGE_CURVE('',#1633,#1625,#1635,.T.);
#1633 = VERTEX_POINT('',#1634);
#1634 = CARTESIAN_POINT('',(-32.,34.6,16.55));
#1635 = LINE('',#1636,#1637);
#1636 = CARTESIAN_POINT('',(-32.,34.6,11.2));
#1637 = VECTOR('',#1638,1.);
#1638 = DIRECTION('',(-0.,0.,-1.));
#1639 = ORIENTED_EDGE('',*,*,#1640,.F.);
#1640 = EDGE_CURVE('',#1641,#1633,#1643,.T.);
#1641 = VERTEX_POINT('',#1642);
#1642 = CARTESIAN_POINT('',(-32.,33.,16.55));
#1643 = LINE('',#1644,#1645);
#1644 = CARTESIAN_POINT('',(-32.,-37.3,16.55));
#1645 = VECTOR('',#1646,1.);
#1646 = DIRECTION('',(-0.,1.,0.));
#1647 = ORIENTED_EDGE('',*,*,#1648,.F.);
#1648 = EDGE_CURVE('',#1649,#1641,#1651,.T.);
#1649 = VERTEX_POINT('',#1650);
#1650 = CARTESIAN_POINT('',(-32.,33.,19.8));
#1651 = LINE('',#1652,#1653);
#1652 = CARTESIAN_POINT('',(-32.,33.,3.5));
#1653 = VECTOR('',#1654,1.);
#1654 = DIRECTION('',(-0.,0.,-1.));
#1655 = ORIENTED_EDGE('',*,*,#1656,.T.);
#1656 = EDGE_CURVE('',#1649,#1657,#1659,.T.);
#1657 = VERTEX_POINT('',#1658);
#1658 = CARTESIAN_POINT('',(-32.,34.6,19.8));
#1659 = LINE('',#1660,#1661);
#1660 = CARTESIAN_POINT('',(-32.,-37.3,19.8));
#1661 = VECTOR('',#1662,1.);
#1662 = DIRECTION('',(-0.,1.,0.));
#1663 = ORIENTED_EDGE('',*,*,#1664,.F.);
#1664 = EDGE_CURVE('',#1665,#1657,#1667,.T.);
#1665 = VERTEX_POINT('',#1666);
#1666 = CARTESIAN_POINT('',(-32.,34.6,20.95));
#1667 = LINE('',#1668,#1669);
#1668 = CARTESIAN_POINT('',(-32.,34.6,13.4));
#1669 = VECTOR('',#1670,1.);
#1670 = DIRECTION('',(-0.,0.,-1.));
#1671 = ORIENTED_EDGE('',*,*,#1672,.F.);
#1672 = EDGE_CURVE('',#1673,#1665,#1675,.T.);
#1673 = VERTEX_POINT('',#1674);
#1674 = CARTESIAN_POINT('',(-32.,33.,20.95));
#1675 = LINE('',#1676,#1677);
#1676 = CARTESIAN_POINT('',(-32.,-37.3,20.95));
#1677 = VECTOR('',#1678,1.);
#1678 = DIRECTION('',(-0.,1.,0.));
#1679 = ORIENTED_EDGE('',*,*,#1680,.F.);
#1680 = EDGE_CURVE('',#1681,#1673,#1683,.T.);
#1681 = VERTEX_POINT('',#1682);
#1682 = CARTESIAN_POINT('',(-32.,33.,22.));
#1683 = LINE('',#1684,#1685);
#1684 = CARTESIAN_POINT('',(-32.,33.,3.5));
#1685 = VECTOR('',#1686,1.);
#1686 = DIRECTION('',(-0.,0.,-1.));
#1687 = ORIENTED_EDGE('',*,*,#1688,.F.);
#1688 = EDGE_CURVE('',#686,#1681,#1689,.T.);
#1689 = LINE('',#1690,#1691);
#1690 = CARTESIAN_POINT('',(-32.,-40.,22.));
#1691 = VECTOR('',#1692,1.);
#1692 = DIRECTION('',(-0.,1.,0.));
#1693 = PLANE('',#1694);
#1694 = AXIS2_PLACEMENT_3D('',#1695,#1696,#1697);
#1695 = CARTESIAN_POINT('',(-32.,-40.,7.));
#1696 = DIRECTION('',(1.,0.,-0.));
#1697 = DIRECTION('',(0.,0.,1.));
#1698 = ADVANCED_FACE('',(#1699),#1717,.T.);
#1699 = FACE_BOUND('',#1700,.T.);
#1700 = EDGE_LOOP('',(#1701,#1702,#1703,#1711));
#1701 = ORIENTED_EDGE('',*,*,#1576,.F.);
#1702 = ORIENTED_EDGE('',*,*,#704,.T.);
#1703 = ORIENTED_EDGE('',*,*,#1704,.T.);
#1704 = EDGE_CURVE('',#705,#1705,#1707,.T.);
#1705 = VERTEX_POINT('',#1706);
#1706 = CARTESIAN_POINT('',(-16.,33.,7.));
#1707 = LINE('',#1708,#1709);
#1708 = CARTESIAN_POINT('',(-16.,-40.,7.));
#1709 = VECTOR('',#1710,1.);
#1710 = DIRECTION('',(-0.,1.,0.));
#1711 = ORIENTED_EDGE('',*,*,#1712,.F.);
#1712 = EDGE_CURVE('',#1577,#1705,#1713,.T.);
#1713 = LINE('',#1714,#1715);
#1714 = CARTESIAN_POINT('',(-36.5,33.,7.));
#1715 = VECTOR('',#1716,1.);
#1716 = DIRECTION('',(1.,0.,-0.));
#1717 = PLANE('',#1718);
#1718 = AXIS2_PLACEMENT_3D('',#1719,#1720,#1721);
#1719 = CARTESIAN_POINT('',(-32.,-40.,7.));
#1720 = DIRECTION('',(0.,0.,1.));
#1721 = DIRECTION('',(1.,0.,-0.));
#1722 = ADVANCED_FACE('',(#1723),#1837,.F.);
#1723 = FACE_BOUND('',#1724,.F.);
#1724 = EDGE_LOOP('',(#1725,#1726,#1727,#1735,#1743,#1751,#1759,#1767,
    #1775,#1783,#1791,#1799,#1807,#1815,#1823,#1831));
#1725 = ORIENTED_EDGE('',*,*,#712,.T.);
#1726 = ORIENTED_EDGE('',*,*,#1704,.T.);
#1727 = ORIENTED_EDGE('',*,*,#1728,.F.);
#1728 = EDGE_CURVE('',#1729,#1705,#1731,.T.);
#1729 = VERTEX_POINT('',#1730);
#1730 = CARTESIAN_POINT('',(-16.,33.,11.));
#1731 = LINE('',#1732,#1733);
#1732 = CARTESIAN_POINT('',(-16.,33.,3.5));
#1733 = VECTOR('',#1734,1.);
#1734 = DIRECTION('',(-0.,0.,-1.));
#1735 = ORIENTED_EDGE('',*,*,#1736,.T.);
#1736 = EDGE_CURVE('',#1729,#1737,#1739,.T.);
#1737 = VERTEX_POINT('',#1738);
#1738 = CARTESIAN_POINT('',(-16.,34.6,11.));
#1739 = LINE('',#1740,#1741);
#1740 = CARTESIAN_POINT('',(-16.,-37.3,11.));
#1741 = VECTOR('',#1742,1.);
#1742 = DIRECTION('',(-0.,1.,0.));
#1743 = ORIENTED_EDGE('',*,*,#1744,.F.);
#1744 = EDGE_CURVE('',#1745,#1737,#1747,.T.);
#1745 = VERTEX_POINT('',#1746);
#1746 = CARTESIAN_POINT('',(-16.,34.6,12.15));
#1747 = LINE('',#1748,#1749);
#1748 = CARTESIAN_POINT('',(-16.,34.6,9.));
#1749 = VECTOR('',#1750,1.);
#1750 = DIRECTION('',(-0.,0.,-1.));
#1751 = ORIENTED_EDGE('',*,*,#1752,.F.);
#1752 = EDGE_CURVE('',#1753,#1745,#1755,.T.);
#1753 = VERTEX_POINT('',#1754);
#1754 = CARTESIAN_POINT('',(-16.,33.,12.15));
#1755 = LINE('',#1756,#1757);
#1756 = CARTESIAN_POINT('',(-16.,-37.3,12.15));
#1757 = VECTOR('',#1758,1.);
#1758 = DIRECTION('',(-0.,1.,0.));
#1759 = ORIENTED_EDGE('',*,*,#1760,.F.);
#1760 = EDGE_CURVE('',#1761,#1753,#1763,.T.);
#1761 = VERTEX_POINT('',#1762);
#1762 = CARTESIAN_POINT('',(-16.,33.,15.4));
#1763 = LINE('',#1764,#1765);
#1764 = CARTESIAN_POINT('',(-16.,33.,3.5));
#1765 = VECTOR('',#1766,1.);
#1766 = DIRECTION('',(-0.,0.,-1.));
#1767 = ORIENTED_EDGE('',*,*,#1768,.T.);
#1768 = EDGE_CURVE('',#1761,#1769,#1771,.T.);
#1769 = VERTEX_POINT('',#1770);
#1770 = CARTESIAN_POINT('',(-16.,34.6,15.4));
#1771 = LINE('',#1772,#1773);
#1772 = CARTESIAN_POINT('',(-16.,-37.3,15.4));
#1773 = VECTOR('',#1774,1.);
#1774 = DIRECTION('',(-0.,1.,0.));
#1775 = ORIENTED_EDGE('',*,*,#1776,.F.);
#1776 = EDGE_CURVE('',#1777,#1769,#1779,.T.);
#1777 = VERTEX_POINT('',#1778);
#1778 = CARTESIAN_POINT('',(-16.,34.6,16.55));
#1779 = LINE('',#1780,#1781);
#1780 = CARTESIAN_POINT('',(-16.,34.6,11.2));
#1781 = VECTOR('',#1782,1.);
#1782 = DIRECTION('',(-0.,0.,-1.));
#1783 = ORIENTED_EDGE('',*,*,#1784,.F.);
#1784 = EDGE_CURVE('',#1785,#1777,#1787,.T.);
#1785 = VERTEX_POINT('',#1786);
#1786 = CARTESIAN_POINT('',(-16.,33.,16.55));
#1787 = LINE('',#1788,#1789);
#1788 = CARTESIAN_POINT('',(-16.,-37.3,16.55));
#1789 = VECTOR('',#1790,1.);
#1790 = DIRECTION('',(-0.,1.,0.));
#1791 = ORIENTED_EDGE('',*,*,#1792,.F.);
#1792 = EDGE_CURVE('',#1793,#1785,#1795,.T.);
#1793 = VERTEX_POINT('',#1794);
#1794 = CARTESIAN_POINT('',(-16.,33.,19.8));
#1795 = LINE('',#1796,#1797);
#1796 = CARTESIAN_POINT('',(-16.,33.,3.5));
#1797 = VECTOR('',#1798,1.);
#1798 = DIRECTION('',(-0.,0.,-1.));
#1799 = ORIENTED_EDGE('',*,*,#1800,.T.);
#1800 = EDGE_CURVE('',#1793,#1801,#1803,.T.);
#1801 = VERTEX_POINT('',#1802);
#1802 = CARTESIAN_POINT('',(-16.,34.6,19.8));
#1803 = LINE('',#1804,#1805);
#1804 = CARTESIAN_POINT('',(-16.,-37.3,19.8));
#1805 = VECTOR('',#1806,1.);
#1806 = DIRECTION('',(-0.,1.,0.));
#1807 = ORIENTED_EDGE('',*,*,#1808,.F.);
#1808 = EDGE_CURVE('',#1809,#1801,#1811,.T.);
#1809 = VERTEX_POINT('',#1810);
#1810 = CARTESIAN_POINT('',(-16.,34.6,20.95));
#1811 = LINE('',#1812,#1813);
#1812 = CARTESIAN_POINT('',(-16.,34.6,13.4));
#1813 = VECTOR('',#1814,1.);
#1814 = DIRECTION('',(-0.,0.,-1.));
#1815 = ORIENTED_EDGE('',*,*,#1816,.F.);
#1816 = EDGE_CURVE('',#1817,#1809,#1819,.T.);
#1817 = VERTEX_POINT('',#1818);
#1818 = CARTESIAN_POINT('',(-16.,33.,20.95));
#1819 = LINE('',#1820,#1821);
#1820 = CARTESIAN_POINT('',(-16.,-37.3,20.95));
#1821 = VECTOR('',#1822,1.);
#1822 = DIRECTION('',(-0.,1.,0.));
#1823 = ORIENTED_EDGE('',*,*,#1824,.F.);
#1824 = EDGE_CURVE('',#1825,#1817,#1827,.T.);
#1825 = VERTEX_POINT('',#1826);
#1826 = CARTESIAN_POINT('',(-16.,33.,22.));
#1827 = LINE('',#1828,#1829);
#1828 = CARTESIAN_POINT('',(-16.,33.,3.5));
#1829 = VECTOR('',#1830,1.);
#1830 = DIRECTION('',(-0.,0.,-1.));
#1831 = ORIENTED_EDGE('',*,*,#1832,.F.);
#1832 = EDGE_CURVE('',#713,#1825,#1833,.T.);
#1833 = LINE('',#1834,#1835);
#1834 = CARTESIAN_POINT('',(-16.,-40.,22.));
#1835 = VECTOR('',#1836,1.);
#1836 = DIRECTION('',(-0.,1.,0.));
#1837 = PLANE('',#1838);
#1838 = AXIS2_PLACEMENT_3D('',#1839,#1840,#1841);
#1839 = CARTESIAN_POINT('',(-16.,-40.,7.));
#1840 = DIRECTION('',(1.,0.,-0.));
#1841 = DIRECTION('',(0.,0.,1.));
#1842 = ADVANCED_FACE('',(#1843),#1964,.F.);
#1843 = FACE_BOUND('',#1844,.F.);
#1844 = EDGE_LOOP('',(#1845,#1846,#1854,#1862,#1870,#1878,#1886,#1894,
    #1902,#1910,#1918,#1926,#1934,#1942,#1950,#1958));
#1845 = ORIENTED_EDGE('',*,*,#756,.T.);
#1846 = ORIENTED_EDGE('',*,*,#1847,.T.);
#1847 = EDGE_CURVE('',#749,#1848,#1850,.T.);
#1848 = VERTEX_POINT('',#1849);
#1849 = CARTESIAN_POINT('',(32.,33.,7.));
#1850 = LINE('',#1851,#1852);
#1851 = CARTESIAN_POINT('',(32.,-40.,7.));
#1852 = VECTOR('',#1853,1.);
#1853 = DIRECTION('',(-0.,1.,0.));
#1854 = ORIENTED_EDGE('',*,*,#1855,.F.);
#1855 = EDGE_CURVE('',#1856,#1848,#1858,.T.);
#1856 = VERTEX_POINT('',#1857);
#1857 = CARTESIAN_POINT('',(32.,33.,11.));
#1858 = LINE('',#1859,#1860);
#1859 = CARTESIAN_POINT('',(32.,33.,3.5));
#1860 = VECTOR('',#1861,1.);
#1861 = DIRECTION('',(-0.,0.,-1.));
#1862 = ORIENTED_EDGE('',*,*,#1863,.T.);
#1863 = EDGE_CURVE('',#1856,#1864,#1866,.T.);
#1864 = VERTEX_POINT('',#1865);
#1865 = CARTESIAN_POINT('',(32.,34.6,11.));
#1866 = LINE('',#1867,#1868);
#1867 = CARTESIAN_POINT('',(32.,-37.3,11.));
#1868 = VECTOR('',#1869,1.);
#1869 = DIRECTION('',(-0.,1.,0.));
#1870 = ORIENTED_EDGE('',*,*,#1871,.F.);
#1871 = EDGE_CURVE('',#1872,#1864,#1874,.T.);
#1872 = VERTEX_POINT('',#1873);
#1873 = CARTESIAN_POINT('',(32.,34.6,12.15));
#1874 = LINE('',#1875,#1876);
#1875 = CARTESIAN_POINT('',(32.,34.6,9.));
#1876 = VECTOR('',#1877,1.);
#1877 = DIRECTION('',(-0.,0.,-1.));
#1878 = ORIENTED_EDGE('',*,*,#1879,.F.);
#1879 = EDGE_CURVE('',#1880,#1872,#1882,.T.);
#1880 = VERTEX_POINT('',#1881);
#1881 = CARTESIAN_POINT('',(32.,33.,12.15));
#1882 = LINE('',#1883,#1884);
#1883 = CARTESIAN_POINT('',(32.,-37.3,12.15));
#1884 = VECTOR('',#1885,1.);
#1885 = DIRECTION('',(-0.,1.,0.));
#1886 = ORIENTED_EDGE('',*,*,#1887,.F.);
#1887 = EDGE_CURVE('',#1888,#1880,#1890,.T.);
#1888 = VERTEX_POINT('',#1889);
#1889 = CARTESIAN_POINT('',(32.,33.,15.4));
#1890 = LINE('',#1891,#1892);
#1891 = CARTESIAN_POINT('',(32.,33.,3.5));
#1892 = VECTOR('',#1893,1.);
#1893 = DIRECTION('',(-0.,0.,-1.));
#1894 = ORIENTED_EDGE('',*,*,#1895,.T.);
#1895 = EDGE_CURVE('',#1888,#1896,#1898,.T.);
#1896 = VERTEX_POINT('',#1897);
#1897 = CARTESIAN_POINT('',(32.,34.6,15.4));
#1898 = LINE('',#1899,#1900);
#1899 = CARTESIAN_POINT('',(32.,-37.3,15.4));
#1900 = VECTOR('',#1901,1.);
#1901 = DIRECTION('',(-0.,1.,0.));
#1902 = ORIENTED_EDGE('',*,*,#1903,.F.);
#1903 = EDGE_CURVE('',#1904,#1896,#1906,.T.);
#1904 = VERTEX_POINT('',#1905);
#1905 = CARTESIAN_POINT('',(32.,34.6,16.55));
#1906 = LINE('',#1907,#1908);
#1907 = CARTESIAN_POINT('',(32.,34.6,11.2));
#1908 = VECTOR('',#1909,1.);
#1909 = DIRECTION('',(-0.,0.,-1.));
#1910 = ORIENTED_EDGE('',*,*,#1911,.F.);
#1911 = EDGE_CURVE('',#1912,#1904,#1914,.T.);
#1912 = VERTEX_POINT('',#1913);
#1913 = CARTESIAN_POINT('',(32.,33.,16.55));
#1914 = LINE('',#1915,#1916);
#1915 = CARTESIAN_POINT('',(32.,-37.3,16.55));
#1916 = VECTOR('',#1917,1.);
#1917 = DIRECTION('',(-0.,1.,0.));
#1918 = ORIENTED_EDGE('',*,*,#1919,.F.);
#1919 = EDGE_CURVE('',#1920,#1912,#1922,.T.);
#1920 = VERTEX_POINT('',#1921);
#1921 = CARTESIAN_POINT('',(32.,33.,19.8));
#1922 = LINE('',#1923,#1924);
#1923 = CARTESIAN_POINT('',(32.,33.,3.5));
#1924 = VECTOR('',#1925,1.);
#1925 = DIRECTION('',(-0.,0.,-1.));
#1926 = ORIENTED_EDGE('',*,*,#1927,.T.);
#1927 = EDGE_CURVE('',#1920,#1928,#1930,.T.);
#1928 = VERTEX_POINT('',#1929);
#1929 = CARTESIAN_POINT('',(32.,34.6,19.8));
#1930 = LINE('',#1931,#1932);
#1931 = CARTESIAN_POINT('',(32.,-37.3,19.8));
#1932 = VECTOR('',#1933,1.);
#1933 = DIRECTION('',(-0.,1.,0.));
#1934 = ORIENTED_EDGE('',*,*,#1935,.F.);
#1935 = EDGE_CURVE('',#1936,#1928,#1938,.T.);
#1936 = VERTEX_POINT('',#1937);
#1937 = CARTESIAN_POINT('',(32.,34.6,20.95));
#1938 = LINE('',#1939,#1940);
#1939 = CARTESIAN_POINT('',(32.,34.6,13.4));
#1940 = VECTOR('',#1941,1.);
#1941 = DIRECTION('',(-0.,0.,-1.));
#1942 = ORIENTED_EDGE('',*,*,#1943,.F.);
#1943 = EDGE_CURVE('',#1944,#1936,#1946,.T.);
#1944 = VERTEX_POINT('',#1945);
#1945 = CARTESIAN_POINT('',(32.,33.,20.95));
#1946 = LINE('',#1947,#1948);
#1947 = CARTESIAN_POINT('',(32.,-37.3,20.95));
#1948 = VECTOR('',#1949,1.);
#1949 = DIRECTION('',(-0.,1.,0.));
#1950 = ORIENTED_EDGE('',*,*,#1951,.F.);
#1951 = EDGE_CURVE('',#1952,#1944,#1954,.T.);
#1952 = VERTEX_POINT('',#1953);
#1953 = CARTESIAN_POINT('',(32.,33.,22.));
#1954 = LINE('',#1955,#1956);
#1955 = CARTESIAN_POINT('',(32.,33.,3.5));
#1956 = VECTOR('',#1957,1.);
#1957 = DIRECTION('',(-0.,0.,-1.));
#1958 = ORIENTED_EDGE('',*,*,#1959,.F.);
#1959 = EDGE_CURVE('',#757,#1952,#1960,.T.);
#1960 = LINE('',#1961,#1962);
#1961 = CARTESIAN_POINT('',(32.,-40.,22.));
#1962 = VECTOR('',#1963,1.);
#1963 = DIRECTION('',(-0.,1.,0.));
#1964 = PLANE('',#1965);
#1965 = AXIS2_PLACEMENT_3D('',#1966,#1967,#1968);
#1966 = CARTESIAN_POINT('',(32.,-40.,7.));
#1967 = DIRECTION('',(1.,0.,-0.));
#1968 = DIRECTION('',(0.,0.,1.));
#1969 = ADVANCED_FACE('',(#1970),#1988,.T.);
#1970 = FACE_BOUND('',#1971,.T.);
#1971 = EDGE_LOOP('',(#1972,#1980,#1981,#1982));
#1972 = ORIENTED_EDGE('',*,*,#1973,.F.);
#1973 = EDGE_CURVE('',#741,#1974,#1976,.T.);
#1974 = VERTEX_POINT('',#1975);
#1975 = CARTESIAN_POINT('',(16.,33.,7.));
#1976 = LINE('',#1977,#1978);
#1977 = CARTESIAN_POINT('',(16.,-40.,7.));
#1978 = VECTOR('',#1979,1.);
#1979 = DIRECTION('',(-0.,1.,0.));
#1980 = ORIENTED_EDGE('',*,*,#748,.T.);
#1981 = ORIENTED_EDGE('',*,*,#1847,.T.);
#1982 = ORIENTED_EDGE('',*,*,#1983,.F.);
#1983 = EDGE_CURVE('',#1974,#1848,#1984,.T.);
#1984 = LINE('',#1985,#1986);
#1985 = CARTESIAN_POINT('',(-12.5,33.,7.));
#1986 = VECTOR('',#1987,1.);
#1987 = DIRECTION('',(1.,0.,-0.));
#1988 = PLANE('',#1989);
#1989 = AXIS2_PLACEMENT_3D('',#1990,#1991,#1992);
#1990 = CARTESIAN_POINT('',(16.,-40.,7.));
#1991 = DIRECTION('',(0.,0.,1.));
#1992 = DIRECTION('',(1.,0.,-0.));
#1993 = ADVANCED_FACE('',(#1994),#2108,.T.);
#1994 = FACE_BOUND('',#1995,.T.);
#1995 = EDGE_LOOP('',(#1996,#1997,#1998,#2006,#2014,#2022,#2030,#2038,
    #2046,#2054,#2062,#2070,#2078,#2086,#2094,#2102));
#1996 = ORIENTED_EDGE('',*,*,#740,.T.);
#1997 = ORIENTED_EDGE('',*,*,#1973,.T.);
#1998 = ORIENTED_EDGE('',*,*,#1999,.F.);
#1999 = EDGE_CURVE('',#2000,#1974,#2002,.T.);
#2000 = VERTEX_POINT('',#2001);
#2001 = CARTESIAN_POINT('',(16.,33.,11.));
#2002 = LINE('',#2003,#2004);
#2003 = CARTESIAN_POINT('',(16.,33.,3.5));
#2004 = VECTOR('',#2005,1.);
#2005 = DIRECTION('',(-0.,0.,-1.));
#2006 = ORIENTED_EDGE('',*,*,#2007,.T.);
#2007 = EDGE_CURVE('',#2000,#2008,#2010,.T.);
#2008 = VERTEX_POINT('',#2009);
#2009 = CARTESIAN_POINT('',(16.,34.6,11.));
#2010 = LINE('',#2011,#2012);
#2011 = CARTESIAN_POINT('',(16.,-37.3,11.));
#2012 = VECTOR('',#2013,1.);
#2013 = DIRECTION('',(-0.,1.,0.));
#2014 = ORIENTED_EDGE('',*,*,#2015,.F.);
#2015 = EDGE_CURVE('',#2016,#2008,#2018,.T.);
#2016 = VERTEX_POINT('',#2017);
#2017 = CARTESIAN_POINT('',(16.,34.6,12.15));
#2018 = LINE('',#2019,#2020);
#2019 = CARTESIAN_POINT('',(16.,34.6,9.));
#2020 = VECTOR('',#2021,1.);
#2021 = DIRECTION('',(-0.,0.,-1.));
#2022 = ORIENTED_EDGE('',*,*,#2023,.F.);
#2023 = EDGE_CURVE('',#2024,#2016,#2026,.T.);
#2024 = VERTEX_POINT('',#2025);
#2025 = CARTESIAN_POINT('',(16.,33.,12.15));
#2026 = LINE('',#2027,#2028);
#2027 = CARTESIAN_POINT('',(16.,-37.3,12.15));
#2028 = VECTOR('',#2029,1.);
#2029 = DIRECTION('',(-0.,1.,0.));
#2030 = ORIENTED_EDGE('',*,*,#2031,.F.);
#2031 = EDGE_CURVE('',#2032,#2024,#2034,.T.);
#2032 = VERTEX_POINT('',#2033);
#2033 = CARTESIAN_POINT('',(16.,33.,15.4));
#2034 = LINE('',#2035,#2036);
#2035 = CARTESIAN_POINT('',(16.,33.,3.5));
#2036 = VECTOR('',#2037,1.);
#2037 = DIRECTION('',(-0.,0.,-1.));
#2038 = ORIENTED_EDGE('',*,*,#2039,.T.);
#2039 = EDGE_CURVE('',#2032,#2040,#2042,.T.);
#2040 = VERTEX_POINT('',#2041);
#2041 = CARTESIAN_POINT('',(16.,34.6,15.4));
#2042 = LINE('',#2043,#2044);
#2043 = CARTESIAN_POINT('',(16.,-37.3,15.4));
#2044 = VECTOR('',#2045,1.);
#2045 = DIRECTION('',(-0.,1.,0.));
#2046 = ORIENTED_EDGE('',*,*,#2047,.F.);
#2047 = EDGE_CURVE('',#2048,#2040,#2050,.T.);
#2048 = VERTEX_POINT('',#2049);
#2049 = CARTESIAN_POINT('',(16.,34.6,16.55));
#2050 = LINE('',#2051,#2052);
#2051 = CARTESIAN_POINT('',(16.,34.6,11.2));
#2052 = VECTOR('',#2053,1.);
#2053 = DIRECTION('',(-0.,0.,-1.));
#2054 = ORIENTED_EDGE('',*,*,#2055,.F.);
#2055 = EDGE_CURVE('',#2056,#2048,#2058,.T.);
#2056 = VERTEX_POINT('',#2057);
#2057 = CARTESIAN_POINT('',(16.,33.,16.55));
#2058 = LINE('',#2059,#2060);
#2059 = CARTESIAN_POINT('',(16.,-37.3,16.55));
#2060 = VECTOR('',#2061,1.);
#2061 = DIRECTION('',(-0.,1.,0.));
#2062 = ORIENTED_EDGE('',*,*,#2063,.F.);
#2063 = EDGE_CURVE('',#2064,#2056,#2066,.T.);
#2064 = VERTEX_POINT('',#2065);
#2065 = CARTESIAN_POINT('',(16.,33.,19.8));
#2066 = LINE('',#2067,#2068);
#2067 = CARTESIAN_POINT('',(16.,33.,3.5));
#2068 = VECTOR('',#2069,1.);
#2069 = DIRECTION('',(-0.,0.,-1.));
#2070 = ORIENTED_EDGE('',*,*,#2071,.T.);
#2071 = EDGE_CURVE('',#2064,#2072,#2074,.T.);
#2072 = VERTEX_POINT('',#2073);
#2073 = CARTESIAN_POINT('',(16.,34.6,19.8));
#2074 = LINE('',#2075,#2076);
#2075 = CARTESIAN_POINT('',(16.,-37.3,19.8));
#2076 = VECTOR('',#2077,1.);
#2077 = DIRECTION('',(-0.,1.,0.));
#2078 = ORIENTED_EDGE('',*,*,#2079,.F.);
#2079 = EDGE_CURVE('',#2080,#2072,#2082,.T.);
#2080 = VERTEX_POINT('',#2081);
#2081 = CARTESIAN_POINT('',(16.,34.6,20.95));
#2082 = LINE('',#2083,#2084);
#2083 = CARTESIAN_POINT('',(16.,34.6,13.4));
#2084 = VECTOR('',#2085,1.);
#2085 = DIRECTION('',(-0.,0.,-1.));
#2086 = ORIENTED_EDGE('',*,*,#2087,.F.);
#2087 = EDGE_CURVE('',#2088,#2080,#2090,.T.);
#2088 = VERTEX_POINT('',#2089);
#2089 = CARTESIAN_POINT('',(16.,33.,20.95));
#2090 = LINE('',#2091,#2092);
#2091 = CARTESIAN_POINT('',(16.,-37.3,20.95));
#2092 = VECTOR('',#2093,1.);
#2093 = DIRECTION('',(-0.,1.,0.));
#2094 = ORIENTED_EDGE('',*,*,#2095,.F.);
#2095 = EDGE_CURVE('',#2096,#2088,#2098,.T.);
#2096 = VERTEX_POINT('',#2097);
#2097 = CARTESIAN_POINT('',(16.,33.,22.));
#2098 = LINE('',#2099,#2100);
#2099 = CARTESIAN_POINT('',(16.,33.,3.5));
#2100 = VECTOR('',#2101,1.);
#2101 = DIRECTION('',(-0.,0.,-1.));
#2102 = ORIENTED_EDGE('',*,*,#2103,.F.);
#2103 = EDGE_CURVE('',#730,#2096,#2104,.T.);
#2104 = LINE('',#2105,#2106);
#2105 = CARTESIAN_POINT('',(16.,-40.,22.));
#2106 = VECTOR('',#2107,1.);
#2107 = DIRECTION('',(-0.,1.,0.));
#2108 = PLANE('',#2109);
#2109 = AXIS2_PLACEMENT_3D('',#2110,#2111,#2112);
#2110 = CARTESIAN_POINT('',(16.,-40.,7.));
#2111 = DIRECTION('',(1.,0.,-0.));
#2112 = DIRECTION('',(0.,0.,1.));
#2113 = ADVANCED_FACE('',(#2114,#2124),#2194,.F.);
#2114 = FACE_BOUND('',#2115,.F.);
#2115 = EDGE_LOOP('',(#2116,#2117,#2118,#2119,#2120,#2121,#2122,#2123));
#2116 = ORIENTED_EDGE('',*,*,#830,.F.);
#2117 = ORIENTED_EDGE('',*,*,#852,.T.);
#2118 = ORIENTED_EDGE('',*,*,#902,.T.);
#2119 = ORIENTED_EDGE('',*,*,#950,.F.);
#2120 = ORIENTED_EDGE('',*,*,#1002,.T.);
#2121 = ORIENTED_EDGE('',*,*,#975,.T.);
#2122 = ORIENTED_EDGE('',*,*,#926,.F.);
#2123 = ORIENTED_EDGE('',*,*,#877,.F.);
#2124 = FACE_BOUND('',#2125,.F.);
#2125 = EDGE_LOOP('',(#2126,#2136,#2145,#2153,#2162,#2170,#2179,#2187));
#2126 = ORIENTED_EDGE('',*,*,#2127,.F.);
#2127 = EDGE_CURVE('',#2128,#2130,#2132,.T.);
#2128 = VERTEX_POINT('',#2129);
#2129 = CARTESIAN_POINT('',(-41.,27.,50.6));
#2130 = VERTEX_POINT('',#2131);
#2131 = CARTESIAN_POINT('',(-41.,-27.,50.6));
#2132 = LINE('',#2133,#2134);
#2133 = CARTESIAN_POINT('',(-41.,-33.8,50.6));
#2134 = VECTOR('',#2135,1.);
#2135 = DIRECTION('',(0.,-1.,0.));
#2136 = ORIENTED_EDGE('',*,*,#2137,.F.);
#2137 = EDGE_CURVE('',#2138,#2128,#2140,.T.);
#2138 = VERTEX_POINT('',#2139);
#2139 = CARTESIAN_POINT('',(-35.,33.,50.6));
#2140 = CIRCLE('',#2141,6.);
#2141 = AXIS2_PLACEMENT_3D('',#2142,#2143,#2144);
#2142 = CARTESIAN_POINT('',(-35.,27.,50.6));
#2143 = DIRECTION('',(0.,0.,1.));
#2144 = DIRECTION('',(-1.,-0.,0.));
#2145 = ORIENTED_EDGE('',*,*,#2146,.T.);
#2146 = EDGE_CURVE('',#2138,#2147,#2149,.T.);
#2147 = VERTEX_POINT('',#2148);
#2148 = CARTESIAN_POINT('',(35.,33.,50.6));
#2149 = LINE('',#2150,#2151);
#2150 = CARTESIAN_POINT('',(-41.8,33.,50.6));
#2151 = VECTOR('',#2152,1.);
#2152 = DIRECTION('',(1.,0.,-0.));
#2153 = ORIENTED_EDGE('',*,*,#2154,.F.);
#2154 = EDGE_CURVE('',#2155,#2147,#2157,.T.);
#2155 = VERTEX_POINT('',#2156);
#2156 = CARTESIAN_POINT('',(41.,27.,50.6));
#2157 = CIRCLE('',#2158,6.);
#2158 = AXIS2_PLACEMENT_3D('',#2159,#2160,#2161);
#2159 = CARTESIAN_POINT('',(35.,27.,50.6));
#2160 = DIRECTION('',(0.,0.,1.));
#2161 = DIRECTION('',(1.,0.,-0.));
#2162 = ORIENTED_EDGE('',*,*,#2163,.T.);
#2163 = EDGE_CURVE('',#2155,#2164,#2166,.T.);
#2164 = VERTEX_POINT('',#2165);
#2165 = CARTESIAN_POINT('',(41.,-27.,50.6));
#2166 = LINE('',#2167,#2168);
#2167 = CARTESIAN_POINT('',(41.,-33.8,50.6));
#2168 = VECTOR('',#2169,1.);
#2169 = DIRECTION('',(0.,-1.,0.));
#2170 = ORIENTED_EDGE('',*,*,#2171,.F.);
#2171 = EDGE_CURVE('',#2172,#2164,#2174,.T.);
#2172 = VERTEX_POINT('',#2173);
#2173 = CARTESIAN_POINT('',(35.,-33.,50.6));
#2174 = CIRCLE('',#2175,6.);
#2175 = AXIS2_PLACEMENT_3D('',#2176,#2177,#2178);
#2176 = CARTESIAN_POINT('',(35.,-27.,50.6));
#2177 = DIRECTION('',(0.,0.,1.));
#2178 = DIRECTION('',(1.,0.,-0.));
#2179 = ORIENTED_EDGE('',*,*,#2180,.F.);
#2180 = EDGE_CURVE('',#2181,#2172,#2183,.T.);
#2181 = VERTEX_POINT('',#2182);
#2182 = CARTESIAN_POINT('',(-35.,-33.,50.6));
#2183 = LINE('',#2184,#2185);
#2184 = CARTESIAN_POINT('',(-41.8,-33.,50.6));
#2185 = VECTOR('',#2186,1.);
#2186 = DIRECTION('',(1.,0.,-0.));
#2187 = ORIENTED_EDGE('',*,*,#2188,.F.);
#2188 = EDGE_CURVE('',#2130,#2181,#2189,.T.);
#2189 = CIRCLE('',#2190,6.);
#2190 = AXIS2_PLACEMENT_3D('',#2191,#2192,#2193);
#2191 = CARTESIAN_POINT('',(-35.,-27.,50.6));
#2192 = DIRECTION('',(0.,0.,1.));
#2193 = DIRECTION('',(-1.,-0.,0.));
#2194 = PLANE('',#2195);
#2195 = AXIS2_PLACEMENT_3D('',#2196,#2197,#2198);
#2196 = CARTESIAN_POINT('',(-42.6,-34.6,50.6));
#2197 = DIRECTION('',(0.,0.,1.));
#2198 = DIRECTION('',(1.,0.,-0.));
#2199 = ADVANCED_FACE('',(#2200),#2234,.F.);
#2200 = FACE_BOUND('',#2201,.F.);
#2201 = EDGE_LOOP('',(#2202,#2210,#2218,#2226,#2233));
#2202 = ORIENTED_EDGE('',*,*,#2203,.F.);
#2203 = EDGE_CURVE('',#2204,#1059,#2206,.T.);
#2204 = VERTEX_POINT('',#2205);
#2205 = CARTESIAN_POINT('',(-35.,-33.,20.95));
#2206 = LINE('',#2207,#2208);
#2207 = CARTESIAN_POINT('',(-41.8,-33.,20.95));
#2208 = VECTOR('',#2209,1.);
#2209 = DIRECTION('',(1.,0.,-0.));
#2210 = ORIENTED_EDGE('',*,*,#2211,.T.);
#2211 = EDGE_CURVE('',#2204,#2212,#2214,.T.);
#2212 = VERTEX_POINT('',#2213);
#2213 = CARTESIAN_POINT('',(-35.,-33.,24.2));
#2214 = LINE('',#2215,#2216);
#2215 = CARTESIAN_POINT('',(-35.,-33.,0.));
#2216 = VECTOR('',#2217,1.);
#2217 = DIRECTION('',(0.,0.,1.));
#2218 = ORIENTED_EDGE('',*,*,#2219,.T.);
#2219 = EDGE_CURVE('',#2212,#2220,#2222,.T.);
#2220 = VERTEX_POINT('',#2221);
#2221 = CARTESIAN_POINT('',(-31.69155380921,-33.,24.2));
#2222 = LINE('',#2223,#2224);
#2223 = CARTESIAN_POINT('',(-41.8,-33.,24.2));
#2224 = VECTOR('',#2225,1.);
#2225 = DIRECTION('',(1.,0.,-0.));
#2226 = ORIENTED_EDGE('',*,*,#2227,.F.);
#2227 = EDGE_CURVE('',#1051,#2220,#2228,.T.);
#2228 = CIRCLE('',#2229,8.);
#2229 = AXIS2_PLACEMENT_3D('',#2230,#2231,#2232);
#2230 = CARTESIAN_POINT('',(-24.,-33.,22.));
#2231 = DIRECTION('',(0.,1.,0.));
#2232 = DIRECTION('',(0.,-0.,1.));
#2233 = ORIENTED_EDGE('',*,*,#1058,.T.);
#2234 = PLANE('',#2235);
#2235 = AXIS2_PLACEMENT_3D('',#2236,#2237,#2238);
#2236 = CARTESIAN_POINT('',(-41.,-33.,0.));
#2237 = DIRECTION('',(-0.,1.,0.));
#2238 = DIRECTION('',(0.,0.,1.));
#2239 = ADVANCED_FACE('',(#2240),#2326,.F.);
#2240 = FACE_BOUND('',#2241,.F.);
#2241 = EDGE_LOOP('',(#2242,#2252,#2260,#2268,#2276,#2284,#2293,#2302,
    #2310,#2319));
#2242 = ORIENTED_EDGE('',*,*,#2243,.F.);
#2243 = EDGE_CURVE('',#2244,#2246,#2248,.T.);
#2244 = VERTEX_POINT('',#2245);
#2245 = CARTESIAN_POINT('',(-35.,-33.,29.75));
#2246 = VERTEX_POINT('',#2247);
#2247 = CARTESIAN_POINT('',(-25.98431348329,-33.,29.75));
#2248 = LINE('',#2249,#2250);
#2249 = CARTESIAN_POINT('',(-41.8,-33.,29.75));
#2250 = VECTOR('',#2251,1.);
#2251 = DIRECTION('',(1.,0.,-0.));
#2252 = ORIENTED_EDGE('',*,*,#2253,.T.);
#2253 = EDGE_CURVE('',#2244,#2254,#2256,.T.);
#2254 = VERTEX_POINT('',#2255);
#2255 = CARTESIAN_POINT('',(-35.,-33.,33.));
#2256 = LINE('',#2257,#2258);
#2257 = CARTESIAN_POINT('',(-35.,-33.,0.));
#2258 = VECTOR('',#2259,1.);
#2259 = DIRECTION('',(0.,0.,1.));
#2260 = ORIENTED_EDGE('',*,*,#2261,.T.);
#2261 = EDGE_CURVE('',#2254,#2262,#2264,.T.);
#2262 = VERTEX_POINT('',#2263);
#2263 = CARTESIAN_POINT('',(35.,-33.,33.));
#2264 = LINE('',#2265,#2266);
#2265 = CARTESIAN_POINT('',(-41.8,-33.,33.));
#2266 = VECTOR('',#2267,1.);
#2267 = DIRECTION('',(1.,0.,-0.));
#2268 = ORIENTED_EDGE('',*,*,#2269,.F.);
#2269 = EDGE_CURVE('',#2270,#2262,#2272,.T.);
#2270 = VERTEX_POINT('',#2271);
#2271 = CARTESIAN_POINT('',(35.,-33.,29.75));
#2272 = LINE('',#2273,#2274);
#2273 = CARTESIAN_POINT('',(35.,-33.,0.));
#2274 = VECTOR('',#2275,1.);
#2275 = DIRECTION('',(0.,0.,1.));
#2276 = ORIENTED_EDGE('',*,*,#2277,.F.);
#2277 = EDGE_CURVE('',#2278,#2270,#2280,.T.);
#2278 = VERTEX_POINT('',#2279);
#2279 = CARTESIAN_POINT('',(25.984313483298,-33.,29.75));
#2280 = LINE('',#2281,#2282);
#2281 = CARTESIAN_POINT('',(-41.8,-33.,29.75));
#2282 = VECTOR('',#2283,1.);
#2283 = DIRECTION('',(1.,0.,-0.));
#2284 = ORIENTED_EDGE('',*,*,#2285,.F.);
#2285 = EDGE_CURVE('',#2286,#2278,#2288,.T.);
#2286 = VERTEX_POINT('',#2287);
#2287 = CARTESIAN_POINT('',(24.,-33.,30.));
#2288 = CIRCLE('',#2289,8.);
#2289 = AXIS2_PLACEMENT_3D('',#2290,#2291,#2292);
#2290 = CARTESIAN_POINT('',(24.,-33.,22.));
#2291 = DIRECTION('',(0.,1.,0.));
#2292 = DIRECTION('',(0.,-0.,1.));
#2293 = ORIENTED_EDGE('',*,*,#2294,.F.);
#2294 = EDGE_CURVE('',#2295,#2286,#2297,.T.);
#2295 = VERTEX_POINT('',#2296);
#2296 = CARTESIAN_POINT('',(22.015686516702,-33.,29.75));
#2297 = CIRCLE('',#2298,8.);
#2298 = AXIS2_PLACEMENT_3D('',#2299,#2300,#2301);
#2299 = CARTESIAN_POINT('',(24.,-33.,22.));
#2300 = DIRECTION('',(0.,1.,0.));
#2301 = DIRECTION('',(0.,-0.,1.));
#2302 = ORIENTED_EDGE('',*,*,#2303,.F.);
#2303 = EDGE_CURVE('',#2304,#2295,#2306,.T.);
#2304 = VERTEX_POINT('',#2305);
#2305 = CARTESIAN_POINT('',(-22.0156865167,-33.,29.75));
#2306 = LINE('',#2307,#2308);
#2307 = CARTESIAN_POINT('',(-41.8,-33.,29.75));
#2308 = VECTOR('',#2309,1.);
#2309 = DIRECTION('',(1.,0.,-0.));
#2310 = ORIENTED_EDGE('',*,*,#2311,.F.);
#2311 = EDGE_CURVE('',#2312,#2304,#2314,.T.);
#2312 = VERTEX_POINT('',#2313);
#2313 = CARTESIAN_POINT('',(-24.,-33.,30.));
#2314 = CIRCLE('',#2315,8.);
#2315 = AXIS2_PLACEMENT_3D('',#2316,#2317,#2318);
#2316 = CARTESIAN_POINT('',(-24.,-33.,22.));
#2317 = DIRECTION('',(0.,1.,0.));
#2318 = DIRECTION('',(0.,-0.,1.));
#2319 = ORIENTED_EDGE('',*,*,#2320,.F.);
#2320 = EDGE_CURVE('',#2246,#2312,#2321,.T.);
#2321 = CIRCLE('',#2322,8.);
#2322 = AXIS2_PLACEMENT_3D('',#2323,#2324,#2325);
#2323 = CARTESIAN_POINT('',(-24.,-33.,22.));
#2324 = DIRECTION('',(0.,1.,0.));
#2325 = DIRECTION('',(0.,-0.,1.));
#2326 = PLANE('',#2327);
#2327 = AXIS2_PLACEMENT_3D('',#2328,#2329,#2330);
#2328 = CARTESIAN_POINT('',(-41.,-33.,0.));
#2329 = DIRECTION('',(-0.,1.,0.));
#2330 = DIRECTION('',(0.,0.,1.));
#2331 = ADVANCED_FACE('',(#2332),#2425,.T.);
#2332 = FACE_BOUND('',#2333,.T.);
#2333 = EDGE_LOOP('',(#2334,#2344,#2353,#2361,#2367,#2368,#2377,#2385,
    #2394,#2402,#2410,#2418));
#2334 = ORIENTED_EDGE('',*,*,#2335,.F.);
#2335 = EDGE_CURVE('',#2336,#2338,#2340,.T.);
#2336 = VERTEX_POINT('',#2337);
#2337 = CARTESIAN_POINT('',(-42.6,-27.6,29.75));
#2338 = VERTEX_POINT('',#2339);
#2339 = CARTESIAN_POINT('',(-42.6,27.6,29.75));
#2340 = LINE('',#2341,#2342);
#2341 = CARTESIAN_POINT('',(-42.6,-34.6,29.75));
#2342 = VECTOR('',#2343,1.);
#2343 = DIRECTION('',(-0.,1.,0.));
#2344 = ORIENTED_EDGE('',*,*,#2345,.T.);
#2345 = EDGE_CURVE('',#2336,#2346,#2348,.T.);
#2346 = VERTEX_POINT('',#2347);
#2347 = CARTESIAN_POINT('',(-35.6,-34.6,29.75));
#2348 = CIRCLE('',#2349,7.);
#2349 = AXIS2_PLACEMENT_3D('',#2350,#2351,#2352);
#2350 = CARTESIAN_POINT('',(-35.6,-27.6,29.75));
#2351 = DIRECTION('',(0.,0.,1.));
#2352 = DIRECTION('',(0.,-1.,0.));
#2353 = ORIENTED_EDGE('',*,*,#2354,.T.);
#2354 = EDGE_CURVE('',#2346,#2355,#2357,.T.);
#2355 = VERTEX_POINT('',#2356);
#2356 = CARTESIAN_POINT('',(-25.98431348329,-34.6,29.75));
#2357 = LINE('',#2358,#2359);
#2358 = CARTESIAN_POINT('',(-42.6,-34.6,29.75));
#2359 = VECTOR('',#2360,1.);
#2360 = DIRECTION('',(1.,0.,-0.));
#2361 = ORIENTED_EDGE('',*,*,#2362,.T.);
#2362 = EDGE_CURVE('',#2355,#2246,#2363,.T.);
#2363 = LINE('',#2364,#2365);
#2364 = CARTESIAN_POINT('',(-25.98431348329,-40.,29.75));
#2365 = VECTOR('',#2366,1.);
#2366 = DIRECTION('',(0.,1.,0.));
#2367 = ORIENTED_EDGE('',*,*,#2243,.F.);
#2368 = ORIENTED_EDGE('',*,*,#2369,.F.);
#2369 = EDGE_CURVE('',#2370,#2244,#2372,.T.);
#2370 = VERTEX_POINT('',#2371);
#2371 = CARTESIAN_POINT('',(-41.,-27.,29.75));
#2372 = CIRCLE('',#2373,6.);
#2373 = AXIS2_PLACEMENT_3D('',#2374,#2375,#2376);
#2374 = CARTESIAN_POINT('',(-35.,-27.,29.75));
#2375 = DIRECTION('',(0.,0.,1.));
#2376 = DIRECTION('',(-1.,-0.,0.));
#2377 = ORIENTED_EDGE('',*,*,#2378,.F.);
#2378 = EDGE_CURVE('',#2379,#2370,#2381,.T.);
#2379 = VERTEX_POINT('',#2380);
#2380 = CARTESIAN_POINT('',(-41.,27.,29.75));
#2381 = LINE('',#2382,#2383);
#2382 = CARTESIAN_POINT('',(-41.,-33.8,29.75));
#2383 = VECTOR('',#2384,1.);
#2384 = DIRECTION('',(0.,-1.,0.));
#2385 = ORIENTED_EDGE('',*,*,#2386,.F.);
#2386 = EDGE_CURVE('',#2387,#2379,#2389,.T.);
#2387 = VERTEX_POINT('',#2388);
#2388 = CARTESIAN_POINT('',(-35.,33.,29.75));
#2389 = CIRCLE('',#2390,6.);
#2390 = AXIS2_PLACEMENT_3D('',#2391,#2392,#2393);
#2391 = CARTESIAN_POINT('',(-35.,27.,29.75));
#2392 = DIRECTION('',(0.,0.,1.));
#2393 = DIRECTION('',(-1.,-0.,0.));
#2394 = ORIENTED_EDGE('',*,*,#2395,.T.);
#2395 = EDGE_CURVE('',#2387,#2396,#2398,.T.);
#2396 = VERTEX_POINT('',#2397);
#2397 = CARTESIAN_POINT('',(-25.98431348329,33.,29.75));
#2398 = LINE('',#2399,#2400);
#2399 = CARTESIAN_POINT('',(-41.8,33.,29.75));
#2400 = VECTOR('',#2401,1.);
#2401 = DIRECTION('',(1.,0.,-0.));
#2402 = ORIENTED_EDGE('',*,*,#2403,.T.);
#2403 = EDGE_CURVE('',#2396,#2404,#2406,.T.);
#2404 = VERTEX_POINT('',#2405);
#2405 = CARTESIAN_POINT('',(-25.98431348329,34.6,29.75));
#2406 = LINE('',#2407,#2408);
#2407 = CARTESIAN_POINT('',(-25.98431348329,-40.,29.75));
#2408 = VECTOR('',#2409,1.);
#2409 = DIRECTION('',(0.,1.,0.));
#2410 = ORIENTED_EDGE('',*,*,#2411,.F.);
#2411 = EDGE_CURVE('',#2412,#2404,#2414,.T.);
#2412 = VERTEX_POINT('',#2413);
#2413 = CARTESIAN_POINT('',(-35.6,34.6,29.75));
#2414 = LINE('',#2415,#2416);
#2415 = CARTESIAN_POINT('',(-42.6,34.6,29.75));
#2416 = VECTOR('',#2417,1.);
#2417 = DIRECTION('',(1.,0.,-0.));
#2418 = ORIENTED_EDGE('',*,*,#2419,.F.);
#2419 = EDGE_CURVE('',#2338,#2412,#2420,.T.);
#2420 = CIRCLE('',#2421,7.);
#2421 = AXIS2_PLACEMENT_3D('',#2422,#2423,#2424);
#2422 = CARTESIAN_POINT('',(-35.6,27.6,29.75));
#2423 = DIRECTION('',(-0.,-0.,-1.));
#2424 = DIRECTION('',(0.,-1.,0.));
#2425 = PLANE('',#2426);
#2426 = AXIS2_PLACEMENT_3D('',#2427,#2428,#2429);
#2427 = CARTESIAN_POINT('',(-42.6,-34.6,29.75));
#2428 = DIRECTION('',(0.,0.,1.));
#2429 = DIRECTION('',(1.,0.,-0.));
#2430 = ADVANCED_FACE('',(#2431),#2457,.F.);
#2431 = FACE_BOUND('',#2432,.F.);
#2432 = EDGE_LOOP('',(#2433,#2443,#2449,#2450));
#2433 = ORIENTED_EDGE('',*,*,#2434,.F.);
#2434 = EDGE_CURVE('',#2435,#2437,#2439,.T.);
#2435 = VERTEX_POINT('',#2436);
#2436 = CARTESIAN_POINT('',(-35.6,-34.6,28.6));
#2437 = VERTEX_POINT('',#2438);
#2438 = CARTESIAN_POINT('',(-28.52106182218,-34.6,28.6));
#2439 = LINE('',#2440,#2441);
#2440 = CARTESIAN_POINT('',(-42.6,-34.6,28.6));
#2441 = VECTOR('',#2442,1.);
#2442 = DIRECTION('',(1.,0.,-0.));
#2443 = ORIENTED_EDGE('',*,*,#2444,.T.);
#2444 = EDGE_CURVE('',#2435,#2346,#2445,.T.);
#2445 = LINE('',#2446,#2447);
#2446 = CARTESIAN_POINT('',(-35.6,-34.6,28.6));
#2447 = VECTOR('',#2448,1.);
#2448 = DIRECTION('',(0.,0.,1.));
#2449 = ORIENTED_EDGE('',*,*,#2354,.T.);
#2450 = ORIENTED_EDGE('',*,*,#2451,.F.);
#2451 = EDGE_CURVE('',#2437,#2355,#2452,.T.);
#2452 = CIRCLE('',#2453,8.);
#2453 = AXIS2_PLACEMENT_3D('',#2454,#2455,#2456);
#2454 = CARTESIAN_POINT('',(-24.,-34.6,22.));
#2455 = DIRECTION('',(0.,1.,0.));
#2456 = DIRECTION('',(0.,-0.,1.));
#2457 = PLANE('',#2458);
#2458 = AXIS2_PLACEMENT_3D('',#2459,#2460,#2461);
#2459 = CARTESIAN_POINT('',(-42.6,-34.6,28.6));
#2460 = DIRECTION('',(-0.,1.,0.));
#2461 = DIRECTION('',(0.,0.,1.));
#2462 = ADVANCED_FACE('',(#2463),#2556,.F.);
#2463 = FACE_BOUND('',#2464,.F.);
#2464 = EDGE_LOOP('',(#2465,#2475,#2482,#2483,#2491,#2499,#2508,#2516,
    #2525,#2533,#2541,#2549));
#2465 = ORIENTED_EDGE('',*,*,#2466,.F.);
#2466 = EDGE_CURVE('',#2467,#2469,#2471,.T.);
#2467 = VERTEX_POINT('',#2468);
#2468 = CARTESIAN_POINT('',(-42.6,-27.6,28.6));
#2469 = VERTEX_POINT('',#2470);
#2470 = CARTESIAN_POINT('',(-42.6,27.6,28.6));
#2471 = LINE('',#2472,#2473);
#2472 = CARTESIAN_POINT('',(-42.6,-34.6,28.6));
#2473 = VECTOR('',#2474,1.);
#2474 = DIRECTION('',(-0.,1.,0.));
#2475 = ORIENTED_EDGE('',*,*,#2476,.T.);
#2476 = EDGE_CURVE('',#2467,#2435,#2477,.T.);
#2477 = CIRCLE('',#2478,7.);
#2478 = AXIS2_PLACEMENT_3D('',#2479,#2480,#2481);
#2479 = CARTESIAN_POINT('',(-35.6,-27.6,28.6));
#2480 = DIRECTION('',(0.,0.,1.));
#2481 = DIRECTION('',(0.,-1.,0.));
#2482 = ORIENTED_EDGE('',*,*,#2434,.T.);
#2483 = ORIENTED_EDGE('',*,*,#2484,.T.);
#2484 = EDGE_CURVE('',#2437,#2485,#2487,.T.);
#2485 = VERTEX_POINT('',#2486);
#2486 = CARTESIAN_POINT('',(-28.52106182218,-33.,28.6));
#2487 = LINE('',#2488,#2489);
#2488 = CARTESIAN_POINT('',(-28.52106182218,-40.,28.6));
#2489 = VECTOR('',#2490,1.);
#2490 = DIRECTION('',(0.,1.,0.));
#2491 = ORIENTED_EDGE('',*,*,#2492,.F.);
#2492 = EDGE_CURVE('',#2493,#2485,#2495,.T.);
#2493 = VERTEX_POINT('',#2494);
#2494 = CARTESIAN_POINT('',(-35.,-33.,28.6));
#2495 = LINE('',#2496,#2497);
#2496 = CARTESIAN_POINT('',(-41.8,-33.,28.6));
#2497 = VECTOR('',#2498,1.);
#2498 = DIRECTION('',(1.,0.,-0.));
#2499 = ORIENTED_EDGE('',*,*,#2500,.F.);
#2500 = EDGE_CURVE('',#2501,#2493,#2503,.T.);
#2501 = VERTEX_POINT('',#2502);
#2502 = CARTESIAN_POINT('',(-41.,-27.,28.6));
#2503 = CIRCLE('',#2504,6.);
#2504 = AXIS2_PLACEMENT_3D('',#2505,#2506,#2507);
#2505 = CARTESIAN_POINT('',(-35.,-27.,28.6));
#2506 = DIRECTION('',(0.,0.,1.));
#2507 = DIRECTION('',(-1.,-0.,0.));
#2508 = ORIENTED_EDGE('',*,*,#2509,.F.);
#2509 = EDGE_CURVE('',#2510,#2501,#2512,.T.);
#2510 = VERTEX_POINT('',#2511);
#2511 = CARTESIAN_POINT('',(-41.,27.,28.6));
#2512 = LINE('',#2513,#2514);
#2513 = CARTESIAN_POINT('',(-41.,-33.8,28.6));
#2514 = VECTOR('',#2515,1.);
#2515 = DIRECTION('',(0.,-1.,0.));
#2516 = ORIENTED_EDGE('',*,*,#2517,.F.);
#2517 = EDGE_CURVE('',#2518,#2510,#2520,.T.);
#2518 = VERTEX_POINT('',#2519);
#2519 = CARTESIAN_POINT('',(-35.,33.,28.6));
#2520 = CIRCLE('',#2521,6.);
#2521 = AXIS2_PLACEMENT_3D('',#2522,#2523,#2524);
#2522 = CARTESIAN_POINT('',(-35.,27.,28.6));
#2523 = DIRECTION('',(0.,0.,1.));
#2524 = DIRECTION('',(-1.,-0.,0.));
#2525 = ORIENTED_EDGE('',*,*,#2526,.T.);
#2526 = EDGE_CURVE('',#2518,#2527,#2529,.T.);
#2527 = VERTEX_POINT('',#2528);
#2528 = CARTESIAN_POINT('',(-28.52106182218,33.,28.6));
#2529 = LINE('',#2530,#2531);
#2530 = CARTESIAN_POINT('',(-41.8,33.,28.6));
#2531 = VECTOR('',#2532,1.);
#2532 = DIRECTION('',(1.,0.,-0.));
#2533 = ORIENTED_EDGE('',*,*,#2534,.T.);
#2534 = EDGE_CURVE('',#2527,#2535,#2537,.T.);
#2535 = VERTEX_POINT('',#2536);
#2536 = CARTESIAN_POINT('',(-28.52106182218,34.6,28.6));
#2537 = LINE('',#2538,#2539);
#2538 = CARTESIAN_POINT('',(-28.52106182218,-40.,28.6));
#2539 = VECTOR('',#2540,1.);
#2540 = DIRECTION('',(0.,1.,0.));
#2541 = ORIENTED_EDGE('',*,*,#2542,.F.);
#2542 = EDGE_CURVE('',#2543,#2535,#2545,.T.);
#2543 = VERTEX_POINT('',#2544);
#2544 = CARTESIAN_POINT('',(-35.6,34.6,28.6));
#2545 = LINE('',#2546,#2547);
#2546 = CARTESIAN_POINT('',(-42.6,34.6,28.6));
#2547 = VECTOR('',#2548,1.);
#2548 = DIRECTION('',(1.,0.,-0.));
#2549 = ORIENTED_EDGE('',*,*,#2550,.F.);
#2550 = EDGE_CURVE('',#2469,#2543,#2551,.T.);
#2551 = CIRCLE('',#2552,7.);
#2552 = AXIS2_PLACEMENT_3D('',#2553,#2554,#2555);
#2553 = CARTESIAN_POINT('',(-35.6,27.6,28.6));
#2554 = DIRECTION('',(-0.,-0.,-1.));
#2555 = DIRECTION('',(0.,-1.,0.));
#2556 = PLANE('',#2557);
#2557 = AXIS2_PLACEMENT_3D('',#2558,#2559,#2560);
#2558 = CARTESIAN_POINT('',(-42.6,-34.6,28.6));
#2559 = DIRECTION('',(0.,0.,1.));
#2560 = DIRECTION('',(1.,0.,-0.));
#2561 = ADVANCED_FACE('',(#2562),#2588,.F.);
#2562 = FACE_BOUND('',#2563,.F.);
#2563 = EDGE_LOOP('',(#2564,#2574,#2580,#2581));
#2564 = ORIENTED_EDGE('',*,*,#2565,.F.);
#2565 = EDGE_CURVE('',#2566,#2568,#2570,.T.);
#2566 = VERTEX_POINT('',#2567);
#2567 = CARTESIAN_POINT('',(-35.,-33.,25.35));
#2568 = VERTEX_POINT('',#2569);
#2569 = CARTESIAN_POINT('',(-31.26481245456,-33.,25.35));
#2570 = LINE('',#2571,#2572);
#2571 = CARTESIAN_POINT('',(-41.8,-33.,25.35));
#2572 = VECTOR('',#2573,1.);
#2573 = DIRECTION('',(1.,0.,-0.));
#2574 = ORIENTED_EDGE('',*,*,#2575,.T.);
#2575 = EDGE_CURVE('',#2566,#2493,#2576,.T.);
#2576 = LINE('',#2577,#2578);
#2577 = CARTESIAN_POINT('',(-35.,-33.,0.));
#2578 = VECTOR('',#2579,1.);
#2579 = DIRECTION('',(0.,0.,1.));
#2580 = ORIENTED_EDGE('',*,*,#2492,.T.);
#2581 = ORIENTED_EDGE('',*,*,#2582,.F.);
#2582 = EDGE_CURVE('',#2568,#2485,#2583,.T.);
#2583 = CIRCLE('',#2584,8.);
#2584 = AXIS2_PLACEMENT_3D('',#2585,#2586,#2587);
#2585 = CARTESIAN_POINT('',(-24.,-33.,22.));
#2586 = DIRECTION('',(0.,1.,0.));
#2587 = DIRECTION('',(0.,-0.,1.));
#2588 = PLANE('',#2589);
#2589 = AXIS2_PLACEMENT_3D('',#2590,#2591,#2592);
#2590 = CARTESIAN_POINT('',(-41.,-33.,0.));
#2591 = DIRECTION('',(-0.,1.,0.));
#2592 = DIRECTION('',(0.,0.,1.));
#2593 = ADVANCED_FACE('',(#2594),#2687,.T.);
#2594 = FACE_BOUND('',#2595,.T.);
#2595 = EDGE_LOOP('',(#2596,#2606,#2615,#2623,#2629,#2630,#2639,#2647,
    #2656,#2664,#2672,#2680));
#2596 = ORIENTED_EDGE('',*,*,#2597,.F.);
#2597 = EDGE_CURVE('',#2598,#2600,#2602,.T.);
#2598 = VERTEX_POINT('',#2599);
#2599 = CARTESIAN_POINT('',(-42.6,-27.6,25.35));
#2600 = VERTEX_POINT('',#2601);
#2601 = CARTESIAN_POINT('',(-42.6,27.6,25.35));
#2602 = LINE('',#2603,#2604);
#2603 = CARTESIAN_POINT('',(-42.6,-34.6,25.35));
#2604 = VECTOR('',#2605,1.);
#2605 = DIRECTION('',(-0.,1.,0.));
#2606 = ORIENTED_EDGE('',*,*,#2607,.T.);
#2607 = EDGE_CURVE('',#2598,#2608,#2610,.T.);
#2608 = VERTEX_POINT('',#2609);
#2609 = CARTESIAN_POINT('',(-35.6,-34.6,25.35));
#2610 = CIRCLE('',#2611,7.);
#2611 = AXIS2_PLACEMENT_3D('',#2612,#2613,#2614);
#2612 = CARTESIAN_POINT('',(-35.6,-27.6,25.35));
#2613 = DIRECTION('',(0.,0.,1.));
#2614 = DIRECTION('',(0.,-1.,0.));
#2615 = ORIENTED_EDGE('',*,*,#2616,.T.);
#2616 = EDGE_CURVE('',#2608,#2617,#2619,.T.);
#2617 = VERTEX_POINT('',#2618);
#2618 = CARTESIAN_POINT('',(-31.26481245456,-34.6,25.35));
#2619 = LINE('',#2620,#2621);
#2620 = CARTESIAN_POINT('',(-42.6,-34.6,25.35));
#2621 = VECTOR('',#2622,1.);
#2622 = DIRECTION('',(1.,0.,-0.));
#2623 = ORIENTED_EDGE('',*,*,#2624,.T.);
#2624 = EDGE_CURVE('',#2617,#2568,#2625,.T.);
#2625 = LINE('',#2626,#2627);
#2626 = CARTESIAN_POINT('',(-31.26481245456,-40.,25.35));
#2627 = VECTOR('',#2628,1.);
#2628 = DIRECTION('',(0.,1.,0.));
#2629 = ORIENTED_EDGE('',*,*,#2565,.F.);
#2630 = ORIENTED_EDGE('',*,*,#2631,.F.);
#2631 = EDGE_CURVE('',#2632,#2566,#2634,.T.);
#2632 = VERTEX_POINT('',#2633);
#2633 = CARTESIAN_POINT('',(-41.,-27.,25.35));
#2634 = CIRCLE('',#2635,6.);
#2635 = AXIS2_PLACEMENT_3D('',#2636,#2637,#2638);
#2636 = CARTESIAN_POINT('',(-35.,-27.,25.35));
#2637 = DIRECTION('',(0.,0.,1.));
#2638 = DIRECTION('',(-1.,-0.,0.));
#2639 = ORIENTED_EDGE('',*,*,#2640,.F.);
#2640 = EDGE_CURVE('',#2641,#2632,#2643,.T.);
#2641 = VERTEX_POINT('',#2642);
#2642 = CARTESIAN_POINT('',(-41.,27.,25.35));
#2643 = LINE('',#2644,#2645);
#2644 = CARTESIAN_POINT('',(-41.,-33.8,25.35));
#2645 = VECTOR('',#2646,1.);
#2646 = DIRECTION('',(0.,-1.,0.));
#2647 = ORIENTED_EDGE('',*,*,#2648,.F.);
#2648 = EDGE_CURVE('',#2649,#2641,#2651,.T.);
#2649 = VERTEX_POINT('',#2650);
#2650 = CARTESIAN_POINT('',(-35.,33.,25.35));
#2651 = CIRCLE('',#2652,6.);
#2652 = AXIS2_PLACEMENT_3D('',#2653,#2654,#2655);
#2653 = CARTESIAN_POINT('',(-35.,27.,25.35));
#2654 = DIRECTION('',(0.,0.,1.));
#2655 = DIRECTION('',(-1.,-0.,0.));
#2656 = ORIENTED_EDGE('',*,*,#2657,.T.);
#2657 = EDGE_CURVE('',#2649,#2658,#2660,.T.);
#2658 = VERTEX_POINT('',#2659);
#2659 = CARTESIAN_POINT('',(-31.26481245456,33.,25.35));
#2660 = LINE('',#2661,#2662);
#2661 = CARTESIAN_POINT('',(-41.8,33.,25.35));
#2662 = VECTOR('',#2663,1.);
#2663 = DIRECTION('',(1.,0.,-0.));
#2664 = ORIENTED_EDGE('',*,*,#2665,.T.);
#2665 = EDGE_CURVE('',#2658,#2666,#2668,.T.);
#2666 = VERTEX_POINT('',#2667);
#2667 = CARTESIAN_POINT('',(-31.26481245456,34.6,25.35));
#2668 = LINE('',#2669,#2670);
#2669 = CARTESIAN_POINT('',(-31.26481245456,-40.,25.35));
#2670 = VECTOR('',#2671,1.);
#2671 = DIRECTION('',(0.,1.,0.));
#2672 = ORIENTED_EDGE('',*,*,#2673,.F.);
#2673 = EDGE_CURVE('',#2674,#2666,#2676,.T.);
#2674 = VERTEX_POINT('',#2675);
#2675 = CARTESIAN_POINT('',(-35.6,34.6,25.35));
#2676 = LINE('',#2677,#2678);
#2677 = CARTESIAN_POINT('',(-42.6,34.6,25.35));
#2678 = VECTOR('',#2679,1.);
#2679 = DIRECTION('',(1.,0.,-0.));
#2680 = ORIENTED_EDGE('',*,*,#2681,.F.);
#2681 = EDGE_CURVE('',#2600,#2674,#2682,.T.);
#2682 = CIRCLE('',#2683,7.);
#2683 = AXIS2_PLACEMENT_3D('',#2684,#2685,#2686);
#2684 = CARTESIAN_POINT('',(-35.6,27.6,25.35));
#2685 = DIRECTION('',(-0.,-0.,-1.));
#2686 = DIRECTION('',(0.,-1.,0.));
#2687 = PLANE('',#2688);
#2688 = AXIS2_PLACEMENT_3D('',#2689,#2690,#2691);
#2689 = CARTESIAN_POINT('',(-42.6,-34.6,25.35));
#2690 = DIRECTION('',(0.,0.,1.));
#2691 = DIRECTION('',(1.,0.,-0.));
#2692 = ADVANCED_FACE('',(#2693),#2719,.F.);
#2693 = FACE_BOUND('',#2694,.F.);
#2694 = EDGE_LOOP('',(#2695,#2705,#2711,#2712));
#2695 = ORIENTED_EDGE('',*,*,#2696,.F.);
#2696 = EDGE_CURVE('',#2697,#2699,#2701,.T.);
#2697 = VERTEX_POINT('',#2698);
#2698 = CARTESIAN_POINT('',(-35.6,-34.6,24.2));
#2699 = VERTEX_POINT('',#2700);
#2700 = CARTESIAN_POINT('',(-31.69155380921,-34.6,24.2));
#2701 = LINE('',#2702,#2703);
#2702 = CARTESIAN_POINT('',(-42.6,-34.6,24.2));
#2703 = VECTOR('',#2704,1.);
#2704 = DIRECTION('',(1.,0.,-0.));
#2705 = ORIENTED_EDGE('',*,*,#2706,.T.);
#2706 = EDGE_CURVE('',#2697,#2608,#2707,.T.);
#2707 = LINE('',#2708,#2709);
#2708 = CARTESIAN_POINT('',(-35.6,-34.6,24.2));
#2709 = VECTOR('',#2710,1.);
#2710 = DIRECTION('',(0.,0.,1.));
#2711 = ORIENTED_EDGE('',*,*,#2616,.T.);
#2712 = ORIENTED_EDGE('',*,*,#2713,.F.);
#2713 = EDGE_CURVE('',#2699,#2617,#2714,.T.);
#2714 = CIRCLE('',#2715,8.);
#2715 = AXIS2_PLACEMENT_3D('',#2716,#2717,#2718);
#2716 = CARTESIAN_POINT('',(-24.,-34.6,22.));
#2717 = DIRECTION('',(0.,1.,0.));
#2718 = DIRECTION('',(0.,-0.,1.));
#2719 = PLANE('',#2720);
#2720 = AXIS2_PLACEMENT_3D('',#2721,#2722,#2723);
#2721 = CARTESIAN_POINT('',(-42.6,-34.6,24.2));
#2722 = DIRECTION('',(-0.,1.,0.));
#2723 = DIRECTION('',(0.,0.,1.));
#2724 = ADVANCED_FACE('',(#2725),#2809,.F.);
#2725 = FACE_BOUND('',#2726,.F.);
#2726 = EDGE_LOOP('',(#2727,#2737,#2744,#2745,#2751,#2752,#2761,#2769,
    #2778,#2786,#2794,#2802));
#2727 = ORIENTED_EDGE('',*,*,#2728,.F.);
#2728 = EDGE_CURVE('',#2729,#2731,#2733,.T.);
#2729 = VERTEX_POINT('',#2730);
#2730 = CARTESIAN_POINT('',(-42.6,-27.6,24.2));
#2731 = VERTEX_POINT('',#2732);
#2732 = CARTESIAN_POINT('',(-42.6,27.6,24.2));
#2733 = LINE('',#2734,#2735);
#2734 = CARTESIAN_POINT('',(-42.6,-34.6,24.2));
#2735 = VECTOR('',#2736,1.);
#2736 = DIRECTION('',(-0.,1.,0.));
#2737 = ORIENTED_EDGE('',*,*,#2738,.T.);
#2738 = EDGE_CURVE('',#2729,#2697,#2739,.T.);
#2739 = CIRCLE('',#2740,7.);
#2740 = AXIS2_PLACEMENT_3D('',#2741,#2742,#2743);
#2741 = CARTESIAN_POINT('',(-35.6,-27.6,24.2));
#2742 = DIRECTION('',(0.,0.,1.));
#2743 = DIRECTION('',(0.,-1.,0.));
#2744 = ORIENTED_EDGE('',*,*,#2696,.T.);
#2745 = ORIENTED_EDGE('',*,*,#2746,.T.);
#2746 = EDGE_CURVE('',#2699,#2220,#2747,.T.);
#2747 = LINE('',#2748,#2749);
#2748 = CARTESIAN_POINT('',(-31.69155380921,-40.,24.2));
#2749 = VECTOR('',#2750,1.);
#2750 = DIRECTION('',(0.,1.,0.));
#2751 = ORIENTED_EDGE('',*,*,#2219,.F.);
#2752 = ORIENTED_EDGE('',*,*,#2753,.F.);
#2753 = EDGE_CURVE('',#2754,#2212,#2756,.T.);
#2754 = VERTEX_POINT('',#2755);
#2755 = CARTESIAN_POINT('',(-41.,-27.,24.2));
#2756 = CIRCLE('',#2757,6.);
#2757 = AXIS2_PLACEMENT_3D('',#2758,#2759,#2760);
#2758 = CARTESIAN_POINT('',(-35.,-27.,24.2));
#2759 = DIRECTION('',(0.,0.,1.));
#2760 = DIRECTION('',(-1.,-0.,0.));
#2761 = ORIENTED_EDGE('',*,*,#2762,.F.);
#2762 = EDGE_CURVE('',#2763,#2754,#2765,.T.);
#2763 = VERTEX_POINT('',#2764);
#2764 = CARTESIAN_POINT('',(-41.,27.,24.2));
#2765 = LINE('',#2766,#2767);
#2766 = CARTESIAN_POINT('',(-41.,-33.8,24.2));
#2767 = VECTOR('',#2768,1.);
#2768 = DIRECTION('',(0.,-1.,0.));
#2769 = ORIENTED_EDGE('',*,*,#2770,.F.);
#2770 = EDGE_CURVE('',#2771,#2763,#2773,.T.);
#2771 = VERTEX_POINT('',#2772);
#2772 = CARTESIAN_POINT('',(-35.,33.,24.2));
#2773 = CIRCLE('',#2774,6.);
#2774 = AXIS2_PLACEMENT_3D('',#2775,#2776,#2777);
#2775 = CARTESIAN_POINT('',(-35.,27.,24.2));
#2776 = DIRECTION('',(0.,0.,1.));
#2777 = DIRECTION('',(-1.,-0.,0.));
#2778 = ORIENTED_EDGE('',*,*,#2779,.T.);
#2779 = EDGE_CURVE('',#2771,#2780,#2782,.T.);
#2780 = VERTEX_POINT('',#2781);
#2781 = CARTESIAN_POINT('',(-31.69155380921,33.,24.2));
#2782 = LINE('',#2783,#2784);
#2783 = CARTESIAN_POINT('',(-41.8,33.,24.2));
#2784 = VECTOR('',#2785,1.);
#2785 = DIRECTION('',(1.,0.,-0.));
#2786 = ORIENTED_EDGE('',*,*,#2787,.T.);
#2787 = EDGE_CURVE('',#2780,#2788,#2790,.T.);
#2788 = VERTEX_POINT('',#2789);
#2789 = CARTESIAN_POINT('',(-31.69155380921,34.6,24.2));
#2790 = LINE('',#2791,#2792);
#2791 = CARTESIAN_POINT('',(-31.69155380921,-40.,24.2));
#2792 = VECTOR('',#2793,1.);
#2793 = DIRECTION('',(0.,1.,0.));
#2794 = ORIENTED_EDGE('',*,*,#2795,.F.);
#2795 = EDGE_CURVE('',#2796,#2788,#2798,.T.);
#2796 = VERTEX_POINT('',#2797);
#2797 = CARTESIAN_POINT('',(-35.6,34.6,24.2));
#2798 = LINE('',#2799,#2800);
#2799 = CARTESIAN_POINT('',(-42.6,34.6,24.2));
#2800 = VECTOR('',#2801,1.);
#2801 = DIRECTION('',(1.,0.,-0.));
#2802 = ORIENTED_EDGE('',*,*,#2803,.F.);
#2803 = EDGE_CURVE('',#2731,#2796,#2804,.T.);
#2804 = CIRCLE('',#2805,7.);
#2805 = AXIS2_PLACEMENT_3D('',#2806,#2807,#2808);
#2806 = CARTESIAN_POINT('',(-35.6,27.6,24.2));
#2807 = DIRECTION('',(-0.,-0.,-1.));
#2808 = DIRECTION('',(0.,-1.,0.));
#2809 = PLANE('',#2810);
#2810 = AXIS2_PLACEMENT_3D('',#2811,#2812,#2813);
#2811 = CARTESIAN_POINT('',(-42.6,-34.6,24.2));
#2812 = DIRECTION('',(0.,0.,1.));
#2813 = DIRECTION('',(1.,0.,-0.));
#2814 = ADVANCED_FACE('',(#2815),#2867,.F.);
#2815 = FACE_BOUND('',#2816,.F.);
#2816 = EDGE_LOOP('',(#2817,#2827,#2835,#2841,#2842,#2843,#2844,#2850,
    #2851,#2852,#2853,#2861));
#2817 = ORIENTED_EDGE('',*,*,#2818,.F.);
#2818 = EDGE_CURVE('',#2819,#2821,#2823,.T.);
#2819 = VERTEX_POINT('',#2820);
#2820 = CARTESIAN_POINT('',(-35.,-33.,0.));
#2821 = VERTEX_POINT('',#2822);
#2822 = CARTESIAN_POINT('',(35.,-33.,0.));
#2823 = LINE('',#2824,#2825);
#2824 = CARTESIAN_POINT('',(-41.,-33.,0.));
#2825 = VECTOR('',#2826,1.);
#2826 = DIRECTION('',(1.,0.,-0.));
#2827 = ORIENTED_EDGE('',*,*,#2828,.T.);
#2828 = EDGE_CURVE('',#2819,#2829,#2831,.T.);
#2829 = VERTEX_POINT('',#2830);
#2830 = CARTESIAN_POINT('',(-35.,-33.,11.));
#2831 = LINE('',#2832,#2833);
#2832 = CARTESIAN_POINT('',(-35.,-33.,0.));
#2833 = VECTOR('',#2834,1.);
#2834 = DIRECTION('',(0.,0.,1.));
#2835 = ORIENTED_EDGE('',*,*,#2836,.T.);
#2836 = EDGE_CURVE('',#2829,#1034,#2837,.T.);
#2837 = LINE('',#2838,#2839);
#2838 = CARTESIAN_POINT('',(-41.8,-33.,11.));
#2839 = VECTOR('',#2840,1.);
#2840 = DIRECTION('',(1.,0.,-0.));
#2841 = ORIENTED_EDGE('',*,*,#1033,.T.);
#2842 = ORIENTED_EDGE('',*,*,#1161,.T.);
#2843 = ORIENTED_EDGE('',*,*,#1184,.F.);
#2844 = ORIENTED_EDGE('',*,*,#2845,.T.);
#2845 = EDGE_CURVE('',#1185,#1456,#2846,.T.);
#2846 = LINE('',#2847,#2848);
#2847 = CARTESIAN_POINT('',(-41.8,-33.,11.));
#2848 = VECTOR('',#2849,1.);
#2849 = DIRECTION('',(1.,0.,-0.));
#2850 = ORIENTED_EDGE('',*,*,#1455,.T.);
#2851 = ORIENTED_EDGE('',*,*,#1439,.T.);
#2852 = ORIENTED_EDGE('',*,*,#1304,.F.);
#2853 = ORIENTED_EDGE('',*,*,#2854,.T.);
#2854 = EDGE_CURVE('',#1305,#2855,#2857,.T.);
#2855 = VERTEX_POINT('',#2856);
#2856 = CARTESIAN_POINT('',(35.,-33.,11.));
#2857 = LINE('',#2858,#2859);
#2858 = CARTESIAN_POINT('',(-41.8,-33.,11.));
#2859 = VECTOR('',#2860,1.);
#2860 = DIRECTION('',(1.,0.,-0.));
#2861 = ORIENTED_EDGE('',*,*,#2862,.F.);
#2862 = EDGE_CURVE('',#2821,#2855,#2863,.T.);
#2863 = LINE('',#2864,#2865);
#2864 = CARTESIAN_POINT('',(35.,-33.,0.));
#2865 = VECTOR('',#2866,1.);
#2866 = DIRECTION('',(0.,0.,1.));
#2867 = PLANE('',#2868);
#2868 = AXIS2_PLACEMENT_3D('',#2869,#2870,#2871);
#2869 = CARTESIAN_POINT('',(-41.,-33.,0.));
#2870 = DIRECTION('',(-0.,1.,0.));
#2871 = DIRECTION('',(0.,0.,1.));
#2872 = ADVANCED_FACE('',(#2873),#2950,.F.);
#2873 = FACE_BOUND('',#2874,.F.);
#2874 = EDGE_LOOP('',(#2875,#2885,#2894,#2900,#2901,#2902,#2911,#2919,
    #2928,#2934,#2935,#2943));
#2875 = ORIENTED_EDGE('',*,*,#2876,.F.);
#2876 = EDGE_CURVE('',#2877,#2879,#2881,.T.);
#2877 = VERTEX_POINT('',#2878);
#2878 = CARTESIAN_POINT('',(-42.6,-27.6,11.));
#2879 = VERTEX_POINT('',#2880);
#2880 = CARTESIAN_POINT('',(-42.6,27.6,11.));
#2881 = LINE('',#2882,#2883);
#2882 = CARTESIAN_POINT('',(-42.6,-34.6,11.));
#2883 = VECTOR('',#2884,1.);
#2884 = DIRECTION('',(-0.,1.,0.));
#2885 = ORIENTED_EDGE('',*,*,#2886,.T.);
#2886 = EDGE_CURVE('',#2877,#2887,#2889,.T.);
#2887 = VERTEX_POINT('',#2888);
#2888 = CARTESIAN_POINT('',(-35.6,-34.6,11.));
#2889 = CIRCLE('',#2890,7.);
#2890 = AXIS2_PLACEMENT_3D('',#2891,#2892,#2893);
#2891 = CARTESIAN_POINT('',(-35.6,-27.6,11.));
#2892 = DIRECTION('',(0.,0.,1.));
#2893 = DIRECTION('',(0.,-1.,0.));
#2894 = ORIENTED_EDGE('',*,*,#2895,.T.);
#2895 = EDGE_CURVE('',#2887,#1139,#2896,.T.);
#2896 = LINE('',#2897,#2898);
#2897 = CARTESIAN_POINT('',(-42.6,-34.6,11.));
#2898 = VECTOR('',#2899,1.);
#2899 = DIRECTION('',(1.,0.,-0.));
#2900 = ORIENTED_EDGE('',*,*,#1146,.T.);
#2901 = ORIENTED_EDGE('',*,*,#2836,.F.);
#2902 = ORIENTED_EDGE('',*,*,#2903,.F.);
#2903 = EDGE_CURVE('',#2904,#2829,#2906,.T.);
#2904 = VERTEX_POINT('',#2905);
#2905 = CARTESIAN_POINT('',(-41.,-27.,11.));
#2906 = CIRCLE('',#2907,6.);
#2907 = AXIS2_PLACEMENT_3D('',#2908,#2909,#2910);
#2908 = CARTESIAN_POINT('',(-35.,-27.,11.));
#2909 = DIRECTION('',(0.,0.,1.));
#2910 = DIRECTION('',(-1.,-0.,0.));
#2911 = ORIENTED_EDGE('',*,*,#2912,.F.);
#2912 = EDGE_CURVE('',#2913,#2904,#2915,.T.);
#2913 = VERTEX_POINT('',#2914);
#2914 = CARTESIAN_POINT('',(-41.,27.,11.));
#2915 = LINE('',#2916,#2917);
#2916 = CARTESIAN_POINT('',(-41.,-33.8,11.));
#2917 = VECTOR('',#2918,1.);
#2918 = DIRECTION('',(0.,-1.,0.));
#2919 = ORIENTED_EDGE('',*,*,#2920,.F.);
#2920 = EDGE_CURVE('',#2921,#2913,#2923,.T.);
#2921 = VERTEX_POINT('',#2922);
#2922 = CARTESIAN_POINT('',(-35.,33.,11.));
#2923 = CIRCLE('',#2924,6.);
#2924 = AXIS2_PLACEMENT_3D('',#2925,#2926,#2927);
#2925 = CARTESIAN_POINT('',(-35.,27.,11.));
#2926 = DIRECTION('',(0.,0.,1.));
#2927 = DIRECTION('',(-1.,-0.,0.));
#2928 = ORIENTED_EDGE('',*,*,#2929,.T.);
#2929 = EDGE_CURVE('',#2921,#1585,#2930,.T.);
#2930 = LINE('',#2931,#2932);
#2931 = CARTESIAN_POINT('',(-41.8,33.,11.));
#2932 = VECTOR('',#2933,1.);
#2933 = DIRECTION('',(1.,0.,-0.));
#2934 = ORIENTED_EDGE('',*,*,#1592,.T.);
#2935 = ORIENTED_EDGE('',*,*,#2936,.F.);
#2936 = EDGE_CURVE('',#2937,#1593,#2939,.T.);
#2937 = VERTEX_POINT('',#2938);
#2938 = CARTESIAN_POINT('',(-35.6,34.6,11.));
#2939 = LINE('',#2940,#2941);
#2940 = CARTESIAN_POINT('',(-42.6,34.6,11.));
#2941 = VECTOR('',#2942,1.);
#2942 = DIRECTION('',(1.,0.,-0.));
#2943 = ORIENTED_EDGE('',*,*,#2944,.F.);
#2944 = EDGE_CURVE('',#2879,#2937,#2945,.T.);
#2945 = CIRCLE('',#2946,7.);
#2946 = AXIS2_PLACEMENT_3D('',#2947,#2948,#2949);
#2947 = CARTESIAN_POINT('',(-35.6,27.6,11.));
#2948 = DIRECTION('',(-0.,-0.,-1.));
#2949 = DIRECTION('',(0.,-1.,0.));
#2950 = PLANE('',#2951);
#2951 = AXIS2_PLACEMENT_3D('',#2952,#2953,#2954);
#2952 = CARTESIAN_POINT('',(-42.6,-34.6,11.));
#2953 = DIRECTION('',(0.,0.,1.));
#2954 = DIRECTION('',(1.,0.,-0.));
#2955 = ADVANCED_FACE('',(#2956),#2974,.F.);
#2956 = FACE_BOUND('',#2957,.F.);
#2957 = EDGE_LOOP('',(#2958,#2959,#2967,#2973));
#2958 = ORIENTED_EDGE('',*,*,#2895,.F.);
#2959 = ORIENTED_EDGE('',*,*,#2960,.T.);
#2960 = EDGE_CURVE('',#2887,#2961,#2963,.T.);
#2961 = VERTEX_POINT('',#2962);
#2962 = CARTESIAN_POINT('',(-35.6,-34.6,12.15));
#2963 = LINE('',#2964,#2965);
#2964 = CARTESIAN_POINT('',(-35.6,-34.6,11.));
#2965 = VECTOR('',#2966,1.);
#2966 = DIRECTION('',(0.,0.,1.));
#2967 = ORIENTED_EDGE('',*,*,#2968,.T.);
#2968 = EDGE_CURVE('',#2961,#1131,#2969,.T.);
#2969 = LINE('',#2970,#2971);
#2970 = CARTESIAN_POINT('',(-42.6,-34.6,12.15));
#2971 = VECTOR('',#2972,1.);
#2972 = DIRECTION('',(1.,0.,-0.));
#2973 = ORIENTED_EDGE('',*,*,#1138,.T.);
#2974 = PLANE('',#2975);
#2975 = AXIS2_PLACEMENT_3D('',#2976,#2977,#2978);
#2976 = CARTESIAN_POINT('',(-42.6,-34.6,11.));
#2977 = DIRECTION('',(-0.,1.,0.));
#2978 = DIRECTION('',(0.,0.,1.));
#2979 = ADVANCED_FACE('',(#2980),#3057,.T.);
#2980 = FACE_BOUND('',#2981,.T.);
#2981 = EDGE_LOOP('',(#2982,#2992,#2999,#3000,#3001,#3009,#3018,#3026,
    #3035,#3041,#3042,#3050));
#2982 = ORIENTED_EDGE('',*,*,#2983,.F.);
#2983 = EDGE_CURVE('',#2984,#2986,#2988,.T.);
#2984 = VERTEX_POINT('',#2985);
#2985 = CARTESIAN_POINT('',(-42.6,-27.6,12.15));
#2986 = VERTEX_POINT('',#2987);
#2987 = CARTESIAN_POINT('',(-42.6,27.6,12.15));
#2988 = LINE('',#2989,#2990);
#2989 = CARTESIAN_POINT('',(-42.6,-34.6,12.15));
#2990 = VECTOR('',#2991,1.);
#2991 = DIRECTION('',(-0.,1.,0.));
#2992 = ORIENTED_EDGE('',*,*,#2993,.T.);
#2993 = EDGE_CURVE('',#2984,#2961,#2994,.T.);
#2994 = CIRCLE('',#2995,7.);
#2995 = AXIS2_PLACEMENT_3D('',#2996,#2997,#2998);
#2996 = CARTESIAN_POINT('',(-35.6,-27.6,12.15));
#2997 = DIRECTION('',(0.,0.,1.));
#2998 = DIRECTION('',(0.,-1.,0.));
#2999 = ORIENTED_EDGE('',*,*,#2968,.T.);
#3000 = ORIENTED_EDGE('',*,*,#1130,.T.);
#3001 = ORIENTED_EDGE('',*,*,#3002,.F.);
#3002 = EDGE_CURVE('',#3003,#1123,#3005,.T.);
#3003 = VERTEX_POINT('',#3004);
#3004 = CARTESIAN_POINT('',(-35.,-33.,12.15));
#3005 = LINE('',#3006,#3007);
#3006 = CARTESIAN_POINT('',(-41.8,-33.,12.15));
#3007 = VECTOR('',#3008,1.);
#3008 = DIRECTION('',(1.,0.,-0.));
#3009 = ORIENTED_EDGE('',*,*,#3010,.F.);
#3010 = EDGE_CURVE('',#3011,#3003,#3013,.T.);
#3011 = VERTEX_POINT('',#3012);
#3012 = CARTESIAN_POINT('',(-41.,-27.,12.15));
#3013 = CIRCLE('',#3014,6.);
#3014 = AXIS2_PLACEMENT_3D('',#3015,#3016,#3017);
#3015 = CARTESIAN_POINT('',(-35.,-27.,12.15));
#3016 = DIRECTION('',(0.,0.,1.));
#3017 = DIRECTION('',(-1.,-0.,0.));
#3018 = ORIENTED_EDGE('',*,*,#3019,.F.);
#3019 = EDGE_CURVE('',#3020,#3011,#3022,.T.);
#3020 = VERTEX_POINT('',#3021);
#3021 = CARTESIAN_POINT('',(-41.,27.,12.15));
#3022 = LINE('',#3023,#3024);
#3023 = CARTESIAN_POINT('',(-41.,-33.8,12.15));
#3024 = VECTOR('',#3025,1.);
#3025 = DIRECTION('',(0.,-1.,0.));
#3026 = ORIENTED_EDGE('',*,*,#3027,.F.);
#3027 = EDGE_CURVE('',#3028,#3020,#3030,.T.);
#3028 = VERTEX_POINT('',#3029);
#3029 = CARTESIAN_POINT('',(-35.,33.,12.15));
#3030 = CIRCLE('',#3031,6.);
#3031 = AXIS2_PLACEMENT_3D('',#3032,#3033,#3034);
#3032 = CARTESIAN_POINT('',(-35.,27.,12.15));
#3033 = DIRECTION('',(0.,0.,1.));
#3034 = DIRECTION('',(-1.,-0.,0.));
#3035 = ORIENTED_EDGE('',*,*,#3036,.T.);
#3036 = EDGE_CURVE('',#3028,#1609,#3037,.T.);
#3037 = LINE('',#3038,#3039);
#3038 = CARTESIAN_POINT('',(-41.8,33.,12.15));
#3039 = VECTOR('',#3040,1.);
#3040 = DIRECTION('',(1.,0.,-0.));
#3041 = ORIENTED_EDGE('',*,*,#1608,.T.);
#3042 = ORIENTED_EDGE('',*,*,#3043,.F.);
#3043 = EDGE_CURVE('',#3044,#1601,#3046,.T.);
#3044 = VERTEX_POINT('',#3045);
#3045 = CARTESIAN_POINT('',(-35.6,34.6,12.15));
#3046 = LINE('',#3047,#3048);
#3047 = CARTESIAN_POINT('',(-42.6,34.6,12.15));
#3048 = VECTOR('',#3049,1.);
#3049 = DIRECTION('',(1.,0.,-0.));
#3050 = ORIENTED_EDGE('',*,*,#3051,.F.);
#3051 = EDGE_CURVE('',#2986,#3044,#3052,.T.);
#3052 = CIRCLE('',#3053,7.);
#3053 = AXIS2_PLACEMENT_3D('',#3054,#3055,#3056);
#3054 = CARTESIAN_POINT('',(-35.6,27.6,12.15));
#3055 = DIRECTION('',(-0.,-0.,-1.));
#3056 = DIRECTION('',(0.,-1.,0.));
#3057 = PLANE('',#3058);
#3058 = AXIS2_PLACEMENT_3D('',#3059,#3060,#3061);
#3059 = CARTESIAN_POINT('',(-42.6,-34.6,12.15));
#3060 = DIRECTION('',(0.,0.,1.));
#3061 = DIRECTION('',(1.,0.,-0.));
#3062 = ADVANCED_FACE('',(#3063),#3081,.F.);
#3063 = FACE_BOUND('',#3064,.F.);
#3064 = EDGE_LOOP('',(#3065,#3066,#3074,#3080));
#3065 = ORIENTED_EDGE('',*,*,#3002,.F.);
#3066 = ORIENTED_EDGE('',*,*,#3067,.T.);
#3067 = EDGE_CURVE('',#3003,#3068,#3070,.T.);
#3068 = VERTEX_POINT('',#3069);
#3069 = CARTESIAN_POINT('',(-35.,-33.,15.4));
#3070 = LINE('',#3071,#3072);
#3071 = CARTESIAN_POINT('',(-35.,-33.,0.));
#3072 = VECTOR('',#3073,1.);
#3073 = DIRECTION('',(0.,0.,1.));
#3074 = ORIENTED_EDGE('',*,*,#3075,.T.);
#3075 = EDGE_CURVE('',#3068,#1115,#3076,.T.);
#3076 = LINE('',#3077,#3078);
#3077 = CARTESIAN_POINT('',(-41.8,-33.,15.4));
#3078 = VECTOR('',#3079,1.);
#3079 = DIRECTION('',(1.,0.,-0.));
#3080 = ORIENTED_EDGE('',*,*,#1122,.T.);
#3081 = PLANE('',#3082);
#3082 = AXIS2_PLACEMENT_3D('',#3083,#3084,#3085);
#3083 = CARTESIAN_POINT('',(-41.,-33.,0.));
#3084 = DIRECTION('',(-0.,1.,0.));
#3085 = DIRECTION('',(0.,0.,1.));
#3086 = ADVANCED_FACE('',(#3087),#3164,.F.);
#3087 = FACE_BOUND('',#3088,.F.);
#3088 = EDGE_LOOP('',(#3089,#3099,#3108,#3114,#3115,#3116,#3125,#3133,
    #3142,#3148,#3149,#3157));
#3089 = ORIENTED_EDGE('',*,*,#3090,.F.);
#3090 = EDGE_CURVE('',#3091,#3093,#3095,.T.);
#3091 = VERTEX_POINT('',#3092);
#3092 = CARTESIAN_POINT('',(-42.6,-27.6,15.4));
#3093 = VERTEX_POINT('',#3094);
#3094 = CARTESIAN_POINT('',(-42.6,27.6,15.4));
#3095 = LINE('',#3096,#3097);
#3096 = CARTESIAN_POINT('',(-42.6,-34.6,15.4));
#3097 = VECTOR('',#3098,1.);
#3098 = DIRECTION('',(-0.,1.,0.));
#3099 = ORIENTED_EDGE('',*,*,#3100,.T.);
#3100 = EDGE_CURVE('',#3091,#3101,#3103,.T.);
#3101 = VERTEX_POINT('',#3102);
#3102 = CARTESIAN_POINT('',(-35.6,-34.6,15.4));
#3103 = CIRCLE('',#3104,7.);
#3104 = AXIS2_PLACEMENT_3D('',#3105,#3106,#3107);
#3105 = CARTESIAN_POINT('',(-35.6,-27.6,15.4));
#3106 = DIRECTION('',(0.,0.,1.));
#3107 = DIRECTION('',(0.,-1.,0.));
#3108 = ORIENTED_EDGE('',*,*,#3109,.T.);
#3109 = EDGE_CURVE('',#3101,#1107,#3110,.T.);
#3110 = LINE('',#3111,#3112);
#3111 = CARTESIAN_POINT('',(-42.6,-34.6,15.4));
#3112 = VECTOR('',#3113,1.);
#3113 = DIRECTION('',(1.,0.,-0.));
#3114 = ORIENTED_EDGE('',*,*,#1114,.T.);
#3115 = ORIENTED_EDGE('',*,*,#3075,.F.);
#3116 = ORIENTED_EDGE('',*,*,#3117,.F.);
#3117 = EDGE_CURVE('',#3118,#3068,#3120,.T.);
#3118 = VERTEX_POINT('',#3119);
#3119 = CARTESIAN_POINT('',(-41.,-27.,15.4));
#3120 = CIRCLE('',#3121,6.);
#3121 = AXIS2_PLACEMENT_3D('',#3122,#3123,#3124);
#3122 = CARTESIAN_POINT('',(-35.,-27.,15.4));
#3123 = DIRECTION('',(0.,0.,1.));
#3124 = DIRECTION('',(-1.,-0.,0.));
#3125 = ORIENTED_EDGE('',*,*,#3126,.F.);
#3126 = EDGE_CURVE('',#3127,#3118,#3129,.T.);
#3127 = VERTEX_POINT('',#3128);
#3128 = CARTESIAN_POINT('',(-41.,27.,15.4));
#3129 = LINE('',#3130,#3131);
#3130 = CARTESIAN_POINT('',(-41.,-33.8,15.4));
#3131 = VECTOR('',#3132,1.);
#3132 = DIRECTION('',(0.,-1.,0.));
#3133 = ORIENTED_EDGE('',*,*,#3134,.F.);
#3134 = EDGE_CURVE('',#3135,#3127,#3137,.T.);
#3135 = VERTEX_POINT('',#3136);
#3136 = CARTESIAN_POINT('',(-35.,33.,15.4));
#3137 = CIRCLE('',#3138,6.);
#3138 = AXIS2_PLACEMENT_3D('',#3139,#3140,#3141);
#3139 = CARTESIAN_POINT('',(-35.,27.,15.4));
#3140 = DIRECTION('',(0.,0.,1.));
#3141 = DIRECTION('',(-1.,-0.,0.));
#3142 = ORIENTED_EDGE('',*,*,#3143,.T.);
#3143 = EDGE_CURVE('',#3135,#1617,#3144,.T.);
#3144 = LINE('',#3145,#3146);
#3145 = CARTESIAN_POINT('',(-41.8,33.,15.4));
#3146 = VECTOR('',#3147,1.);
#3147 = DIRECTION('',(1.,0.,-0.));
#3148 = ORIENTED_EDGE('',*,*,#1624,.T.);
#3149 = ORIENTED_EDGE('',*,*,#3150,.F.);
#3150 = EDGE_CURVE('',#3151,#1625,#3153,.T.);
#3151 = VERTEX_POINT('',#3152);
#3152 = CARTESIAN_POINT('',(-35.6,34.6,15.4));
#3153 = LINE('',#3154,#3155);
#3154 = CARTESIAN_POINT('',(-42.6,34.6,15.4));
#3155 = VECTOR('',#3156,1.);
#3156 = DIRECTION('',(1.,0.,-0.));
#3157 = ORIENTED_EDGE('',*,*,#3158,.F.);
#3158 = EDGE_CURVE('',#3093,#3151,#3159,.T.);
#3159 = CIRCLE('',#3160,7.);
#3160 = AXIS2_PLACEMENT_3D('',#3161,#3162,#3163);
#3161 = CARTESIAN_POINT('',(-35.6,27.6,15.4));
#3162 = DIRECTION('',(-0.,-0.,-1.));
#3163 = DIRECTION('',(0.,-1.,0.));
#3164 = PLANE('',#3165);
#3165 = AXIS2_PLACEMENT_3D('',#3166,#3167,#3168);
#3166 = CARTESIAN_POINT('',(-42.6,-34.6,15.4));
#3167 = DIRECTION('',(0.,0.,1.));
#3168 = DIRECTION('',(1.,0.,-0.));
#3169 = ADVANCED_FACE('',(#3170),#3188,.F.);
#3170 = FACE_BOUND('',#3171,.F.);
#3171 = EDGE_LOOP('',(#3172,#3173,#3181,#3187));
#3172 = ORIENTED_EDGE('',*,*,#3109,.F.);
#3173 = ORIENTED_EDGE('',*,*,#3174,.T.);
#3174 = EDGE_CURVE('',#3101,#3175,#3177,.T.);
#3175 = VERTEX_POINT('',#3176);
#3176 = CARTESIAN_POINT('',(-35.6,-34.6,16.55));
#3177 = LINE('',#3178,#3179);
#3178 = CARTESIAN_POINT('',(-35.6,-34.6,15.4));
#3179 = VECTOR('',#3180,1.);
#3180 = DIRECTION('',(0.,0.,1.));
#3181 = ORIENTED_EDGE('',*,*,#3182,.T.);
#3182 = EDGE_CURVE('',#3175,#1099,#3183,.T.);
#3183 = LINE('',#3184,#3185);
#3184 = CARTESIAN_POINT('',(-42.6,-34.6,16.55));
#3185 = VECTOR('',#3186,1.);
#3186 = DIRECTION('',(1.,0.,-0.));
#3187 = ORIENTED_EDGE('',*,*,#1106,.T.);
#3188 = PLANE('',#3189);
#3189 = AXIS2_PLACEMENT_3D('',#3190,#3191,#3192);
#3190 = CARTESIAN_POINT('',(-42.6,-34.6,15.4));
#3191 = DIRECTION('',(-0.,1.,0.));
#3192 = DIRECTION('',(0.,0.,1.));
#3193 = ADVANCED_FACE('',(#3194),#3271,.T.);
#3194 = FACE_BOUND('',#3195,.T.);
#3195 = EDGE_LOOP('',(#3196,#3206,#3213,#3214,#3215,#3223,#3232,#3240,
    #3249,#3255,#3256,#3264));
#3196 = ORIENTED_EDGE('',*,*,#3197,.F.);
#3197 = EDGE_CURVE('',#3198,#3200,#3202,.T.);
#3198 = VERTEX_POINT('',#3199);
#3199 = CARTESIAN_POINT('',(-42.6,-27.6,16.55));
#3200 = VERTEX_POINT('',#3201);
#3201 = CARTESIAN_POINT('',(-42.6,27.6,16.55));
#3202 = LINE('',#3203,#3204);
#3203 = CARTESIAN_POINT('',(-42.6,-34.6,16.55));
#3204 = VECTOR('',#3205,1.);
#3205 = DIRECTION('',(-0.,1.,0.));
#3206 = ORIENTED_EDGE('',*,*,#3207,.T.);
#3207 = EDGE_CURVE('',#3198,#3175,#3208,.T.);
#3208 = CIRCLE('',#3209,7.);
#3209 = AXIS2_PLACEMENT_3D('',#3210,#3211,#3212);
#3210 = CARTESIAN_POINT('',(-35.6,-27.6,16.55));
#3211 = DIRECTION('',(0.,0.,1.));
#3212 = DIRECTION('',(0.,-1.,0.));
#3213 = ORIENTED_EDGE('',*,*,#3182,.T.);
#3214 = ORIENTED_EDGE('',*,*,#1098,.T.);
#3215 = ORIENTED_EDGE('',*,*,#3216,.F.);
#3216 = EDGE_CURVE('',#3217,#1091,#3219,.T.);
#3217 = VERTEX_POINT('',#3218);
#3218 = CARTESIAN_POINT('',(-35.,-33.,16.55));
#3219 = LINE('',#3220,#3221);
#3220 = CARTESIAN_POINT('',(-41.8,-33.,16.55));
#3221 = VECTOR('',#3222,1.);
#3222 = DIRECTION('',(1.,0.,-0.));
#3223 = ORIENTED_EDGE('',*,*,#3224,.F.);
#3224 = EDGE_CURVE('',#3225,#3217,#3227,.T.);
#3225 = VERTEX_POINT('',#3226);
#3226 = CARTESIAN_POINT('',(-41.,-27.,16.55));
#3227 = CIRCLE('',#3228,6.);
#3228 = AXIS2_PLACEMENT_3D('',#3229,#3230,#3231);
#3229 = CARTESIAN_POINT('',(-35.,-27.,16.55));
#3230 = DIRECTION('',(0.,0.,1.));
#3231 = DIRECTION('',(-1.,-0.,0.));
#3232 = ORIENTED_EDGE('',*,*,#3233,.F.);
#3233 = EDGE_CURVE('',#3234,#3225,#3236,.T.);
#3234 = VERTEX_POINT('',#3235);
#3235 = CARTESIAN_POINT('',(-41.,27.,16.55));
#3236 = LINE('',#3237,#3238);
#3237 = CARTESIAN_POINT('',(-41.,-33.8,16.55));
#3238 = VECTOR('',#3239,1.);
#3239 = DIRECTION('',(0.,-1.,0.));
#3240 = ORIENTED_EDGE('',*,*,#3241,.F.);
#3241 = EDGE_CURVE('',#3242,#3234,#3244,.T.);
#3242 = VERTEX_POINT('',#3243);
#3243 = CARTESIAN_POINT('',(-35.,33.,16.55));
#3244 = CIRCLE('',#3245,6.);
#3245 = AXIS2_PLACEMENT_3D('',#3246,#3247,#3248);
#3246 = CARTESIAN_POINT('',(-35.,27.,16.55));
#3247 = DIRECTION('',(0.,0.,1.));
#3248 = DIRECTION('',(-1.,-0.,0.));
#3249 = ORIENTED_EDGE('',*,*,#3250,.T.);
#3250 = EDGE_CURVE('',#3242,#1641,#3251,.T.);
#3251 = LINE('',#3252,#3253);
#3252 = CARTESIAN_POINT('',(-41.8,33.,16.55));
#3253 = VECTOR('',#3254,1.);
#3254 = DIRECTION('',(1.,0.,-0.));
#3255 = ORIENTED_EDGE('',*,*,#1640,.T.);
#3256 = ORIENTED_EDGE('',*,*,#3257,.F.);
#3257 = EDGE_CURVE('',#3258,#1633,#3260,.T.);
#3258 = VERTEX_POINT('',#3259);
#3259 = CARTESIAN_POINT('',(-35.6,34.6,16.55));
#3260 = LINE('',#3261,#3262);
#3261 = CARTESIAN_POINT('',(-42.6,34.6,16.55));
#3262 = VECTOR('',#3263,1.);
#3263 = DIRECTION('',(1.,0.,-0.));
#3264 = ORIENTED_EDGE('',*,*,#3265,.F.);
#3265 = EDGE_CURVE('',#3200,#3258,#3266,.T.);
#3266 = CIRCLE('',#3267,7.);
#3267 = AXIS2_PLACEMENT_3D('',#3268,#3269,#3270);
#3268 = CARTESIAN_POINT('',(-35.6,27.6,16.55));
#3269 = DIRECTION('',(-0.,-0.,-1.));
#3270 = DIRECTION('',(0.,-1.,0.));
#3271 = PLANE('',#3272);
#3272 = AXIS2_PLACEMENT_3D('',#3273,#3274,#3275);
#3273 = CARTESIAN_POINT('',(-42.6,-34.6,16.55));
#3274 = DIRECTION('',(0.,0.,1.));
#3275 = DIRECTION('',(1.,0.,-0.));
#3276 = ADVANCED_FACE('',(#3277),#3295,.F.);
#3277 = FACE_BOUND('',#3278,.F.);
#3278 = EDGE_LOOP('',(#3279,#3280,#3288,#3294));
#3279 = ORIENTED_EDGE('',*,*,#3216,.F.);
#3280 = ORIENTED_EDGE('',*,*,#3281,.T.);
#3281 = EDGE_CURVE('',#3217,#3282,#3284,.T.);
#3282 = VERTEX_POINT('',#3283);
#3283 = CARTESIAN_POINT('',(-35.,-33.,19.8));
#3284 = LINE('',#3285,#3286);
#3285 = CARTESIAN_POINT('',(-35.,-33.,0.));
#3286 = VECTOR('',#3287,1.);
#3287 = DIRECTION('',(0.,0.,1.));
#3288 = ORIENTED_EDGE('',*,*,#3289,.T.);
#3289 = EDGE_CURVE('',#3282,#1083,#3290,.T.);
#3290 = LINE('',#3291,#3292);
#3291 = CARTESIAN_POINT('',(-41.8,-33.,19.8));
#3292 = VECTOR('',#3293,1.);
#3293 = DIRECTION('',(1.,0.,-0.));
#3294 = ORIENTED_EDGE('',*,*,#1090,.T.);
#3295 = PLANE('',#3296);
#3296 = AXIS2_PLACEMENT_3D('',#3297,#3298,#3299);
#3297 = CARTESIAN_POINT('',(-41.,-33.,0.));
#3298 = DIRECTION('',(-0.,1.,0.));
#3299 = DIRECTION('',(0.,0.,1.));
#3300 = ADVANCED_FACE('',(#3301),#3378,.F.);
#3301 = FACE_BOUND('',#3302,.F.);
#3302 = EDGE_LOOP('',(#3303,#3313,#3322,#3328,#3329,#3330,#3339,#3347,
    #3356,#3362,#3363,#3371));
#3303 = ORIENTED_EDGE('',*,*,#3304,.F.);
#3304 = EDGE_CURVE('',#3305,#3307,#3309,.T.);
#3305 = VERTEX_POINT('',#3306);
#3306 = CARTESIAN_POINT('',(-42.6,-27.6,19.8));
#3307 = VERTEX_POINT('',#3308);
#3308 = CARTESIAN_POINT('',(-42.6,27.6,19.8));
#3309 = LINE('',#3310,#3311);
#3310 = CARTESIAN_POINT('',(-42.6,-34.6,19.8));
#3311 = VECTOR('',#3312,1.);
#3312 = DIRECTION('',(-0.,1.,0.));
#3313 = ORIENTED_EDGE('',*,*,#3314,.T.);
#3314 = EDGE_CURVE('',#3305,#3315,#3317,.T.);
#3315 = VERTEX_POINT('',#3316);
#3316 = CARTESIAN_POINT('',(-35.6,-34.6,19.8));
#3317 = CIRCLE('',#3318,7.);
#3318 = AXIS2_PLACEMENT_3D('',#3319,#3320,#3321);
#3319 = CARTESIAN_POINT('',(-35.6,-27.6,19.8));
#3320 = DIRECTION('',(0.,0.,1.));
#3321 = DIRECTION('',(0.,-1.,0.));
#3322 = ORIENTED_EDGE('',*,*,#3323,.T.);
#3323 = EDGE_CURVE('',#3315,#1075,#3324,.T.);
#3324 = LINE('',#3325,#3326);
#3325 = CARTESIAN_POINT('',(-42.6,-34.6,19.8));
#3326 = VECTOR('',#3327,1.);
#3327 = DIRECTION('',(1.,0.,-0.));
#3328 = ORIENTED_EDGE('',*,*,#1082,.T.);
#3329 = ORIENTED_EDGE('',*,*,#3289,.F.);
#3330 = ORIENTED_EDGE('',*,*,#3331,.F.);
#3331 = EDGE_CURVE('',#3332,#3282,#3334,.T.);
#3332 = VERTEX_POINT('',#3333);
#3333 = CARTESIAN_POINT('',(-41.,-27.,19.8));
#3334 = CIRCLE('',#3335,6.);
#3335 = AXIS2_PLACEMENT_3D('',#3336,#3337,#3338);
#3336 = CARTESIAN_POINT('',(-35.,-27.,19.8));
#3337 = DIRECTION('',(0.,0.,1.));
#3338 = DIRECTION('',(-1.,-0.,0.));
#3339 = ORIENTED_EDGE('',*,*,#3340,.F.);
#3340 = EDGE_CURVE('',#3341,#3332,#3343,.T.);
#3341 = VERTEX_POINT('',#3342);
#3342 = CARTESIAN_POINT('',(-41.,27.,19.8));
#3343 = LINE('',#3344,#3345);
#3344 = CARTESIAN_POINT('',(-41.,-33.8,19.8));
#3345 = VECTOR('',#3346,1.);
#3346 = DIRECTION('',(0.,-1.,0.));
#3347 = ORIENTED_EDGE('',*,*,#3348,.F.);
#3348 = EDGE_CURVE('',#3349,#3341,#3351,.T.);
#3349 = VERTEX_POINT('',#3350);
#3350 = CARTESIAN_POINT('',(-35.,33.,19.8));
#3351 = CIRCLE('',#3352,6.);
#3352 = AXIS2_PLACEMENT_3D('',#3353,#3354,#3355);
#3353 = CARTESIAN_POINT('',(-35.,27.,19.8));
#3354 = DIRECTION('',(0.,0.,1.));
#3355 = DIRECTION('',(-1.,-0.,0.));
#3356 = ORIENTED_EDGE('',*,*,#3357,.T.);
#3357 = EDGE_CURVE('',#3349,#1649,#3358,.T.);
#3358 = LINE('',#3359,#3360);
#3359 = CARTESIAN_POINT('',(-41.8,33.,19.8));
#3360 = VECTOR('',#3361,1.);
#3361 = DIRECTION('',(1.,0.,-0.));
#3362 = ORIENTED_EDGE('',*,*,#1656,.T.);
#3363 = ORIENTED_EDGE('',*,*,#3364,.F.);
#3364 = EDGE_CURVE('',#3365,#1657,#3367,.T.);
#3365 = VERTEX_POINT('',#3366);
#3366 = CARTESIAN_POINT('',(-35.6,34.6,19.8));
#3367 = LINE('',#3368,#3369);
#3368 = CARTESIAN_POINT('',(-42.6,34.6,19.8));
#3369 = VECTOR('',#3370,1.);
#3370 = DIRECTION('',(1.,0.,-0.));
#3371 = ORIENTED_EDGE('',*,*,#3372,.F.);
#3372 = EDGE_CURVE('',#3307,#3365,#3373,.T.);
#3373 = CIRCLE('',#3374,7.);
#3374 = AXIS2_PLACEMENT_3D('',#3375,#3376,#3377);
#3375 = CARTESIAN_POINT('',(-35.6,27.6,19.8));
#3376 = DIRECTION('',(-0.,-0.,-1.));
#3377 = DIRECTION('',(0.,-1.,0.));
#3378 = PLANE('',#3379);
#3379 = AXIS2_PLACEMENT_3D('',#3380,#3381,#3382);
#3380 = CARTESIAN_POINT('',(-42.6,-34.6,19.8));
#3381 = DIRECTION('',(0.,0.,1.));
#3382 = DIRECTION('',(1.,0.,-0.));
#3383 = ADVANCED_FACE('',(#3384),#3402,.F.);
#3384 = FACE_BOUND('',#3385,.F.);
#3385 = EDGE_LOOP('',(#3386,#3387,#3395,#3401));
#3386 = ORIENTED_EDGE('',*,*,#3323,.F.);
#3387 = ORIENTED_EDGE('',*,*,#3388,.T.);
#3388 = EDGE_CURVE('',#3315,#3389,#3391,.T.);
#3389 = VERTEX_POINT('',#3390);
#3390 = CARTESIAN_POINT('',(-35.6,-34.6,20.95));
#3391 = LINE('',#3392,#3393);
#3392 = CARTESIAN_POINT('',(-35.6,-34.6,19.8));
#3393 = VECTOR('',#3394,1.);
#3394 = DIRECTION('',(0.,0.,1.));
#3395 = ORIENTED_EDGE('',*,*,#3396,.T.);
#3396 = EDGE_CURVE('',#3389,#1067,#3397,.T.);
#3397 = LINE('',#3398,#3399);
#3398 = CARTESIAN_POINT('',(-42.6,-34.6,20.95));
#3399 = VECTOR('',#3400,1.);
#3400 = DIRECTION('',(1.,0.,-0.));
#3401 = ORIENTED_EDGE('',*,*,#1074,.T.);
#3402 = PLANE('',#3403);
#3403 = AXIS2_PLACEMENT_3D('',#3404,#3405,#3406);
#3404 = CARTESIAN_POINT('',(-42.6,-34.6,19.8));
#3405 = DIRECTION('',(-0.,1.,0.));
#3406 = DIRECTION('',(0.,0.,1.));
#3407 = ADVANCED_FACE('',(#3408),#3478,.T.);
#3408 = FACE_BOUND('',#3409,.T.);
#3409 = EDGE_LOOP('',(#3410,#3420,#3427,#3428,#3429,#3430,#3439,#3447,
    #3456,#3462,#3463,#3471));
#3410 = ORIENTED_EDGE('',*,*,#3411,.F.);
#3411 = EDGE_CURVE('',#3412,#3414,#3416,.T.);
#3412 = VERTEX_POINT('',#3413);
#3413 = CARTESIAN_POINT('',(-42.6,-27.6,20.95));
#3414 = VERTEX_POINT('',#3415);
#3415 = CARTESIAN_POINT('',(-42.6,27.6,20.95));
#3416 = LINE('',#3417,#3418);
#3417 = CARTESIAN_POINT('',(-42.6,-34.6,20.95));
#3418 = VECTOR('',#3419,1.);
#3419 = DIRECTION('',(-0.,1.,0.));
#3420 = ORIENTED_EDGE('',*,*,#3421,.T.);
#3421 = EDGE_CURVE('',#3412,#3389,#3422,.T.);
#3422 = CIRCLE('',#3423,7.);
#3423 = AXIS2_PLACEMENT_3D('',#3424,#3425,#3426);
#3424 = CARTESIAN_POINT('',(-35.6,-27.6,20.95));
#3425 = DIRECTION('',(0.,0.,1.));
#3426 = DIRECTION('',(0.,-1.,0.));
#3427 = ORIENTED_EDGE('',*,*,#3396,.T.);
#3428 = ORIENTED_EDGE('',*,*,#1066,.T.);
#3429 = ORIENTED_EDGE('',*,*,#2203,.F.);
#3430 = ORIENTED_EDGE('',*,*,#3431,.F.);
#3431 = EDGE_CURVE('',#3432,#2204,#3434,.T.);
#3432 = VERTEX_POINT('',#3433);
#3433 = CARTESIAN_POINT('',(-41.,-27.,20.95));
#3434 = CIRCLE('',#3435,6.);
#3435 = AXIS2_PLACEMENT_3D('',#3436,#3437,#3438);
#3436 = CARTESIAN_POINT('',(-35.,-27.,20.95));
#3437 = DIRECTION('',(0.,0.,1.));
#3438 = DIRECTION('',(-1.,-0.,0.));
#3439 = ORIENTED_EDGE('',*,*,#3440,.F.);
#3440 = EDGE_CURVE('',#3441,#3432,#3443,.T.);
#3441 = VERTEX_POINT('',#3442);
#3442 = CARTESIAN_POINT('',(-41.,27.,20.95));
#3443 = LINE('',#3444,#3445);
#3444 = CARTESIAN_POINT('',(-41.,-33.8,20.95));
#3445 = VECTOR('',#3446,1.);
#3446 = DIRECTION('',(0.,-1.,0.));
#3447 = ORIENTED_EDGE('',*,*,#3448,.F.);
#3448 = EDGE_CURVE('',#3449,#3441,#3451,.T.);
#3449 = VERTEX_POINT('',#3450);
#3450 = CARTESIAN_POINT('',(-35.,33.,20.95));
#3451 = CIRCLE('',#3452,6.);
#3452 = AXIS2_PLACEMENT_3D('',#3453,#3454,#3455);
#3453 = CARTESIAN_POINT('',(-35.,27.,20.95));
#3454 = DIRECTION('',(0.,0.,1.));
#3455 = DIRECTION('',(-1.,-0.,0.));
#3456 = ORIENTED_EDGE('',*,*,#3457,.T.);
#3457 = EDGE_CURVE('',#3449,#1673,#3458,.T.);
#3458 = LINE('',#3459,#3460);
#3459 = CARTESIAN_POINT('',(-41.8,33.,20.95));
#3460 = VECTOR('',#3461,1.);
#3461 = DIRECTION('',(1.,0.,-0.));
#3462 = ORIENTED_EDGE('',*,*,#1672,.T.);
#3463 = ORIENTED_EDGE('',*,*,#3464,.F.);
#3464 = EDGE_CURVE('',#3465,#1665,#3467,.T.);
#3465 = VERTEX_POINT('',#3466);
#3466 = CARTESIAN_POINT('',(-35.6,34.6,20.95));
#3467 = LINE('',#3468,#3469);
#3468 = CARTESIAN_POINT('',(-42.6,34.6,20.95));
#3469 = VECTOR('',#3470,1.);
#3470 = DIRECTION('',(1.,0.,-0.));
#3471 = ORIENTED_EDGE('',*,*,#3472,.F.);
#3472 = EDGE_CURVE('',#3414,#3465,#3473,.T.);
#3473 = CIRCLE('',#3474,7.);
#3474 = AXIS2_PLACEMENT_3D('',#3475,#3476,#3477);
#3475 = CARTESIAN_POINT('',(-35.6,27.6,20.95));
#3476 = DIRECTION('',(-0.,-0.,-1.));
#3477 = DIRECTION('',(0.,-1.,0.));
#3478 = PLANE('',#3479);
#3479 = AXIS2_PLACEMENT_3D('',#3480,#3481,#3482);
#3480 = CARTESIAN_POINT('',(-42.6,-34.6,20.95));
#3481 = DIRECTION('',(0.,0.,1.));
#3482 = DIRECTION('',(1.,0.,-0.));
#3483 = ADVANCED_FACE('',(#3484),#3518,.F.);
#3484 = FACE_BOUND('',#3485,.F.);
#3485 = EDGE_LOOP('',(#3486,#3492,#3493,#3502,#3510,#3517));
#3486 = ORIENTED_EDGE('',*,*,#3487,.F.);
#3487 = EDGE_CURVE('',#1203,#1474,#3488,.T.);
#3488 = LINE('',#3489,#3490);
#3489 = CARTESIAN_POINT('',(-41.8,-33.,20.95));
#3490 = VECTOR('',#3491,1.);
#3491 = DIRECTION('',(1.,0.,-0.));
#3492 = ORIENTED_EDGE('',*,*,#1202,.F.);
#3493 = ORIENTED_EDGE('',*,*,#3494,.F.);
#3494 = EDGE_CURVE('',#3495,#1195,#3497,.T.);
#3495 = VERTEX_POINT('',#3496);
#3496 = CARTESIAN_POINT('',(-16.30844619078,-33.,24.2));
#3497 = CIRCLE('',#3498,8.);
#3498 = AXIS2_PLACEMENT_3D('',#3499,#3500,#3501);
#3499 = CARTESIAN_POINT('',(-24.,-33.,22.));
#3500 = DIRECTION('',(0.,1.,0.));
#3501 = DIRECTION('',(0.,-0.,1.));
#3502 = ORIENTED_EDGE('',*,*,#3503,.T.);
#3503 = EDGE_CURVE('',#3495,#3504,#3506,.T.);
#3504 = VERTEX_POINT('',#3505);
#3505 = CARTESIAN_POINT('',(16.308446190788,-33.,24.2));
#3506 = LINE('',#3507,#3508);
#3507 = CARTESIAN_POINT('',(-41.8,-33.,24.2));
#3508 = VECTOR('',#3509,1.);
#3509 = DIRECTION('',(1.,0.,-0.));
#3510 = ORIENTED_EDGE('',*,*,#3511,.F.);
#3511 = EDGE_CURVE('',#1466,#3504,#3512,.T.);
#3512 = CIRCLE('',#3513,8.);
#3513 = AXIS2_PLACEMENT_3D('',#3514,#3515,#3516);
#3514 = CARTESIAN_POINT('',(24.,-33.,22.));
#3515 = DIRECTION('',(0.,1.,0.));
#3516 = DIRECTION('',(0.,-0.,1.));
#3517 = ORIENTED_EDGE('',*,*,#1473,.T.);
#3518 = PLANE('',#3519);
#3519 = AXIS2_PLACEMENT_3D('',#3520,#3521,#3522);
#3520 = CARTESIAN_POINT('',(-41.,-33.,0.));
#3521 = DIRECTION('',(-0.,1.,0.));
#3522 = DIRECTION('',(0.,0.,1.));
#3523 = ADVANCED_FACE('',(#3524),#3549,.F.);
#3524 = FACE_BOUND('',#3525,.F.);
#3525 = EDGE_LOOP('',(#3526,#3534,#3542,#3548));
#3526 = ORIENTED_EDGE('',*,*,#3527,.F.);
#3527 = EDGE_CURVE('',#3528,#3495,#3530,.T.);
#3528 = VERTEX_POINT('',#3529);
#3529 = CARTESIAN_POINT('',(-16.30844619078,-34.6,24.2));
#3530 = LINE('',#3531,#3532);
#3531 = CARTESIAN_POINT('',(-16.30844619078,-40.,24.2));
#3532 = VECTOR('',#3533,1.);
#3533 = DIRECTION('',(0.,1.,0.));
#3534 = ORIENTED_EDGE('',*,*,#3535,.T.);
#3535 = EDGE_CURVE('',#3528,#3536,#3538,.T.);
#3536 = VERTEX_POINT('',#3537);
#3537 = CARTESIAN_POINT('',(16.308446190788,-34.6,24.2));
#3538 = LINE('',#3539,#3540);
#3539 = CARTESIAN_POINT('',(-42.6,-34.6,24.2));
#3540 = VECTOR('',#3541,1.);
#3541 = DIRECTION('',(1.,0.,-0.));
#3542 = ORIENTED_EDGE('',*,*,#3543,.T.);
#3543 = EDGE_CURVE('',#3536,#3504,#3544,.T.);
#3544 = LINE('',#3545,#3546);
#3545 = CARTESIAN_POINT('',(16.308446190788,-40.,24.2));
#3546 = VECTOR('',#3547,1.);
#3547 = DIRECTION('',(0.,1.,0.));
#3548 = ORIENTED_EDGE('',*,*,#3503,.F.);
#3549 = PLANE('',#3550);
#3550 = AXIS2_PLACEMENT_3D('',#3551,#3552,#3553);
#3551 = CARTESIAN_POINT('',(-42.6,-34.6,24.2));
#3552 = DIRECTION('',(0.,0.,1.));
#3553 = DIRECTION('',(1.,0.,-0.));
#3554 = ADVANCED_FACE('',(#3555),#3582,.F.);
#3555 = FACE_BOUND('',#3556,.F.);
#3556 = EDGE_LOOP('',(#3557,#3558,#3567,#3575));
#3557 = ORIENTED_EDGE('',*,*,#3535,.F.);
#3558 = ORIENTED_EDGE('',*,*,#3559,.F.);
#3559 = EDGE_CURVE('',#3560,#3528,#3562,.T.);
#3560 = VERTEX_POINT('',#3561);
#3561 = CARTESIAN_POINT('',(-16.73518754543,-34.6,25.35));
#3562 = CIRCLE('',#3563,8.);
#3563 = AXIS2_PLACEMENT_3D('',#3564,#3565,#3566);
#3564 = CARTESIAN_POINT('',(-24.,-34.6,22.));
#3565 = DIRECTION('',(0.,1.,0.));
#3566 = DIRECTION('',(0.,-0.,1.));
#3567 = ORIENTED_EDGE('',*,*,#3568,.T.);
#3568 = EDGE_CURVE('',#3560,#3569,#3571,.T.);
#3569 = VERTEX_POINT('',#3570);
#3570 = CARTESIAN_POINT('',(16.735187545435,-34.6,25.35));
#3571 = LINE('',#3572,#3573);
#3572 = CARTESIAN_POINT('',(-42.6,-34.6,25.35));
#3573 = VECTOR('',#3574,1.);
#3574 = DIRECTION('',(1.,0.,-0.));
#3575 = ORIENTED_EDGE('',*,*,#3576,.F.);
#3576 = EDGE_CURVE('',#3536,#3569,#3577,.T.);
#3577 = CIRCLE('',#3578,8.);
#3578 = AXIS2_PLACEMENT_3D('',#3579,#3580,#3581);
#3579 = CARTESIAN_POINT('',(24.,-34.6,22.));
#3580 = DIRECTION('',(0.,1.,0.));
#3581 = DIRECTION('',(0.,-0.,1.));
#3582 = PLANE('',#3583);
#3583 = AXIS2_PLACEMENT_3D('',#3584,#3585,#3586);
#3584 = CARTESIAN_POINT('',(-42.6,-34.6,24.2));
#3585 = DIRECTION('',(-0.,1.,0.));
#3586 = DIRECTION('',(0.,0.,1.));
#3587 = ADVANCED_FACE('',(#3588),#3613,.T.);
#3588 = FACE_BOUND('',#3589,.T.);
#3589 = EDGE_LOOP('',(#3590,#3598,#3599,#3607));
#3590 = ORIENTED_EDGE('',*,*,#3591,.F.);
#3591 = EDGE_CURVE('',#3560,#3592,#3594,.T.);
#3592 = VERTEX_POINT('',#3593);
#3593 = CARTESIAN_POINT('',(-16.73518754543,-33.,25.35));
#3594 = LINE('',#3595,#3596);
#3595 = CARTESIAN_POINT('',(-16.73518754543,-40.,25.35));
#3596 = VECTOR('',#3597,1.);
#3597 = DIRECTION('',(0.,1.,0.));
#3598 = ORIENTED_EDGE('',*,*,#3568,.T.);
#3599 = ORIENTED_EDGE('',*,*,#3600,.T.);
#3600 = EDGE_CURVE('',#3569,#3601,#3603,.T.);
#3601 = VERTEX_POINT('',#3602);
#3602 = CARTESIAN_POINT('',(16.735187545435,-33.,25.35));
#3603 = LINE('',#3604,#3605);
#3604 = CARTESIAN_POINT('',(16.735187545435,-40.,25.35));
#3605 = VECTOR('',#3606,1.);
#3606 = DIRECTION('',(0.,1.,0.));
#3607 = ORIENTED_EDGE('',*,*,#3608,.F.);
#3608 = EDGE_CURVE('',#3592,#3601,#3609,.T.);
#3609 = LINE('',#3610,#3611);
#3610 = CARTESIAN_POINT('',(-41.8,-33.,25.35));
#3611 = VECTOR('',#3612,1.);
#3612 = DIRECTION('',(1.,0.,-0.));
#3613 = PLANE('',#3614);
#3614 = AXIS2_PLACEMENT_3D('',#3615,#3616,#3617);
#3615 = CARTESIAN_POINT('',(-42.6,-34.6,25.35));
#3616 = DIRECTION('',(0.,0.,1.));
#3617 = DIRECTION('',(1.,0.,-0.));
#3618 = ADVANCED_FACE('',(#3619),#3646,.F.);
#3619 = FACE_BOUND('',#3620,.F.);
#3620 = EDGE_LOOP('',(#3621,#3622,#3631,#3639));
#3621 = ORIENTED_EDGE('',*,*,#3608,.F.);
#3622 = ORIENTED_EDGE('',*,*,#3623,.F.);
#3623 = EDGE_CURVE('',#3624,#3592,#3626,.T.);
#3624 = VERTEX_POINT('',#3625);
#3625 = CARTESIAN_POINT('',(-19.47893817781,-33.,28.6));
#3626 = CIRCLE('',#3627,8.);
#3627 = AXIS2_PLACEMENT_3D('',#3628,#3629,#3630);
#3628 = CARTESIAN_POINT('',(-24.,-33.,22.));
#3629 = DIRECTION('',(0.,1.,0.));
#3630 = DIRECTION('',(0.,-0.,1.));
#3631 = ORIENTED_EDGE('',*,*,#3632,.T.);
#3632 = EDGE_CURVE('',#3624,#3633,#3635,.T.);
#3633 = VERTEX_POINT('',#3634);
#3634 = CARTESIAN_POINT('',(19.478938177817,-33.,28.6));
#3635 = LINE('',#3636,#3637);
#3636 = CARTESIAN_POINT('',(-41.8,-33.,28.6));
#3637 = VECTOR('',#3638,1.);
#3638 = DIRECTION('',(1.,0.,-0.));
#3639 = ORIENTED_EDGE('',*,*,#3640,.F.);
#3640 = EDGE_CURVE('',#3601,#3633,#3641,.T.);
#3641 = CIRCLE('',#3642,8.);
#3642 = AXIS2_PLACEMENT_3D('',#3643,#3644,#3645);
#3643 = CARTESIAN_POINT('',(24.,-33.,22.));
#3644 = DIRECTION('',(0.,1.,0.));
#3645 = DIRECTION('',(0.,-0.,1.));
#3646 = PLANE('',#3647);
#3647 = AXIS2_PLACEMENT_3D('',#3648,#3649,#3650);
#3648 = CARTESIAN_POINT('',(-41.,-33.,0.));
#3649 = DIRECTION('',(-0.,1.,0.));
#3650 = DIRECTION('',(0.,0.,1.));
#3651 = ADVANCED_FACE('',(#3652),#3677,.F.);
#3652 = FACE_BOUND('',#3653,.F.);
#3653 = EDGE_LOOP('',(#3654,#3662,#3670,#3676));
#3654 = ORIENTED_EDGE('',*,*,#3655,.F.);
#3655 = EDGE_CURVE('',#3656,#3624,#3658,.T.);
#3656 = VERTEX_POINT('',#3657);
#3657 = CARTESIAN_POINT('',(-19.47893817781,-34.6,28.6));
#3658 = LINE('',#3659,#3660);
#3659 = CARTESIAN_POINT('',(-19.47893817781,-40.,28.6));
#3660 = VECTOR('',#3661,1.);
#3661 = DIRECTION('',(0.,1.,0.));
#3662 = ORIENTED_EDGE('',*,*,#3663,.T.);
#3663 = EDGE_CURVE('',#3656,#3664,#3666,.T.);
#3664 = VERTEX_POINT('',#3665);
#3665 = CARTESIAN_POINT('',(19.478938177817,-34.6,28.6));
#3666 = LINE('',#3667,#3668);
#3667 = CARTESIAN_POINT('',(-42.6,-34.6,28.6));
#3668 = VECTOR('',#3669,1.);
#3669 = DIRECTION('',(1.,0.,-0.));
#3670 = ORIENTED_EDGE('',*,*,#3671,.T.);
#3671 = EDGE_CURVE('',#3664,#3633,#3672,.T.);
#3672 = LINE('',#3673,#3674);
#3673 = CARTESIAN_POINT('',(19.478938177817,-40.,28.6));
#3674 = VECTOR('',#3675,1.);
#3675 = DIRECTION('',(0.,1.,0.));
#3676 = ORIENTED_EDGE('',*,*,#3632,.F.);
#3677 = PLANE('',#3678);
#3678 = AXIS2_PLACEMENT_3D('',#3679,#3680,#3681);
#3679 = CARTESIAN_POINT('',(-42.6,-34.6,28.6));
#3680 = DIRECTION('',(0.,0.,1.));
#3681 = DIRECTION('',(1.,0.,-0.));
#3682 = ADVANCED_FACE('',(#3683),#3710,.F.);
#3683 = FACE_BOUND('',#3684,.F.);
#3684 = EDGE_LOOP('',(#3685,#3686,#3695,#3703));
#3685 = ORIENTED_EDGE('',*,*,#3663,.F.);
#3686 = ORIENTED_EDGE('',*,*,#3687,.F.);
#3687 = EDGE_CURVE('',#3688,#3656,#3690,.T.);
#3688 = VERTEX_POINT('',#3689);
#3689 = CARTESIAN_POINT('',(-22.0156865167,-34.6,29.75));
#3690 = CIRCLE('',#3691,8.);
#3691 = AXIS2_PLACEMENT_3D('',#3692,#3693,#3694);
#3692 = CARTESIAN_POINT('',(-24.,-34.6,22.));
#3693 = DIRECTION('',(0.,1.,0.));
#3694 = DIRECTION('',(0.,-0.,1.));
#3695 = ORIENTED_EDGE('',*,*,#3696,.T.);
#3696 = EDGE_CURVE('',#3688,#3697,#3699,.T.);
#3697 = VERTEX_POINT('',#3698);
#3698 = CARTESIAN_POINT('',(22.015686516702,-34.6,29.75));
#3699 = LINE('',#3700,#3701);
#3700 = CARTESIAN_POINT('',(-42.6,-34.6,29.75));
#3701 = VECTOR('',#3702,1.);
#3702 = DIRECTION('',(1.,0.,-0.));
#3703 = ORIENTED_EDGE('',*,*,#3704,.F.);
#3704 = EDGE_CURVE('',#3664,#3697,#3705,.T.);
#3705 = CIRCLE('',#3706,8.);
#3706 = AXIS2_PLACEMENT_3D('',#3707,#3708,#3709);
#3707 = CARTESIAN_POINT('',(24.,-34.6,22.));
#3708 = DIRECTION('',(0.,1.,0.));
#3709 = DIRECTION('',(0.,-0.,1.));
#3710 = PLANE('',#3711);
#3711 = AXIS2_PLACEMENT_3D('',#3712,#3713,#3714);
#3712 = CARTESIAN_POINT('',(-42.6,-34.6,28.6));
#3713 = DIRECTION('',(-0.,1.,0.));
#3714 = DIRECTION('',(0.,0.,1.));
#3715 = ADVANCED_FACE('',(#3716),#3732,.T.);
#3716 = FACE_BOUND('',#3717,.T.);
#3717 = EDGE_LOOP('',(#3718,#3724,#3725,#3731));
#3718 = ORIENTED_EDGE('',*,*,#3719,.F.);
#3719 = EDGE_CURVE('',#3688,#2304,#3720,.T.);
#3720 = LINE('',#3721,#3722);
#3721 = CARTESIAN_POINT('',(-22.0156865167,-40.,29.75));
#3722 = VECTOR('',#3723,1.);
#3723 = DIRECTION('',(0.,1.,0.));
#3724 = ORIENTED_EDGE('',*,*,#3696,.T.);
#3725 = ORIENTED_EDGE('',*,*,#3726,.T.);
#3726 = EDGE_CURVE('',#3697,#2295,#3727,.T.);
#3727 = LINE('',#3728,#3729);
#3728 = CARTESIAN_POINT('',(22.015686516702,-40.,29.75));
#3729 = VECTOR('',#3730,1.);
#3730 = DIRECTION('',(0.,1.,0.));
#3731 = ORIENTED_EDGE('',*,*,#2303,.F.);
#3732 = PLANE('',#3733);
#3733 = AXIS2_PLACEMENT_3D('',#3734,#3735,#3736);
#3734 = CARTESIAN_POINT('',(-42.6,-34.6,29.75));
#3735 = DIRECTION('',(0.,0.,1.));
#3736 = DIRECTION('',(1.,0.,-0.));
#3737 = ADVANCED_FACE('',(#3738),#3749,.F.);
#3738 = FACE_BOUND('',#3739,.F.);
#3739 = EDGE_LOOP('',(#3740,#3741,#3747,#3748));
#3740 = ORIENTED_EDGE('',*,*,#1290,.F.);
#3741 = ORIENTED_EDGE('',*,*,#3742,.T.);
#3742 = EDGE_CURVE('',#1283,#1554,#3743,.T.);
#3743 = LINE('',#3744,#3745);
#3744 = CARTESIAN_POINT('',(-42.6,-34.6,11.));
#3745 = VECTOR('',#3746,1.);
#3746 = DIRECTION('',(1.,0.,-0.));
#3747 = ORIENTED_EDGE('',*,*,#1561,.T.);
#3748 = ORIENTED_EDGE('',*,*,#2845,.F.);
#3749 = PLANE('',#3750);
#3750 = AXIS2_PLACEMENT_3D('',#3751,#3752,#3753);
#3751 = CARTESIAN_POINT('',(-42.6,-34.6,11.));
#3752 = DIRECTION('',(0.,0.,1.));
#3753 = DIRECTION('',(1.,0.,-0.));
#3754 = ADVANCED_FACE('',(#3755),#3766,.F.);
#3755 = FACE_BOUND('',#3756,.F.);
#3756 = EDGE_LOOP('',(#3757,#3758,#3759,#3765));
#3757 = ORIENTED_EDGE('',*,*,#3742,.F.);
#3758 = ORIENTED_EDGE('',*,*,#1282,.F.);
#3759 = ORIENTED_EDGE('',*,*,#3760,.T.);
#3760 = EDGE_CURVE('',#1275,#1546,#3761,.T.);
#3761 = LINE('',#3762,#3763);
#3762 = CARTESIAN_POINT('',(-42.6,-34.6,12.15));
#3763 = VECTOR('',#3764,1.);
#3764 = DIRECTION('',(1.,0.,-0.));
#3765 = ORIENTED_EDGE('',*,*,#1553,.T.);
#3766 = PLANE('',#3767);
#3767 = AXIS2_PLACEMENT_3D('',#3768,#3769,#3770);
#3768 = CARTESIAN_POINT('',(-42.6,-34.6,11.));
#3769 = DIRECTION('',(-0.,1.,0.));
#3770 = DIRECTION('',(0.,0.,1.));
#3771 = ADVANCED_FACE('',(#3772),#3783,.T.);
#3772 = FACE_BOUND('',#3773,.T.);
#3773 = EDGE_LOOP('',(#3774,#3775,#3776,#3777));
#3774 = ORIENTED_EDGE('',*,*,#1274,.F.);
#3775 = ORIENTED_EDGE('',*,*,#3760,.T.);
#3776 = ORIENTED_EDGE('',*,*,#1545,.T.);
#3777 = ORIENTED_EDGE('',*,*,#3778,.F.);
#3778 = EDGE_CURVE('',#1267,#1538,#3779,.T.);
#3779 = LINE('',#3780,#3781);
#3780 = CARTESIAN_POINT('',(-41.8,-33.,12.15));
#3781 = VECTOR('',#3782,1.);
#3782 = DIRECTION('',(1.,0.,-0.));
#3783 = PLANE('',#3784);
#3784 = AXIS2_PLACEMENT_3D('',#3785,#3786,#3787);
#3785 = CARTESIAN_POINT('',(-42.6,-34.6,12.15));
#3786 = DIRECTION('',(0.,0.,1.));
#3787 = DIRECTION('',(1.,0.,-0.));
#3788 = ADVANCED_FACE('',(#3789),#3800,.F.);
#3789 = FACE_BOUND('',#3790,.F.);
#3790 = EDGE_LOOP('',(#3791,#3792,#3793,#3799));
#3791 = ORIENTED_EDGE('',*,*,#3778,.F.);
#3792 = ORIENTED_EDGE('',*,*,#1266,.F.);
#3793 = ORIENTED_EDGE('',*,*,#3794,.T.);
#3794 = EDGE_CURVE('',#1259,#1530,#3795,.T.);
#3795 = LINE('',#3796,#3797);
#3796 = CARTESIAN_POINT('',(-41.8,-33.,15.4));
#3797 = VECTOR('',#3798,1.);
#3798 = DIRECTION('',(1.,0.,-0.));
#3799 = ORIENTED_EDGE('',*,*,#1537,.T.);
#3800 = PLANE('',#3801);
#3801 = AXIS2_PLACEMENT_3D('',#3802,#3803,#3804);
#3802 = CARTESIAN_POINT('',(-41.,-33.,0.));
#3803 = DIRECTION('',(-0.,1.,0.));
#3804 = DIRECTION('',(0.,0.,1.));
#3805 = ADVANCED_FACE('',(#3806),#3817,.F.);
#3806 = FACE_BOUND('',#3807,.F.);
#3807 = EDGE_LOOP('',(#3808,#3809,#3815,#3816));
#3808 = ORIENTED_EDGE('',*,*,#1258,.F.);
#3809 = ORIENTED_EDGE('',*,*,#3810,.T.);
#3810 = EDGE_CURVE('',#1251,#1522,#3811,.T.);
#3811 = LINE('',#3812,#3813);
#3812 = CARTESIAN_POINT('',(-42.6,-34.6,15.4));
#3813 = VECTOR('',#3814,1.);
#3814 = DIRECTION('',(1.,0.,-0.));
#3815 = ORIENTED_EDGE('',*,*,#1529,.T.);
#3816 = ORIENTED_EDGE('',*,*,#3794,.F.);
#3817 = PLANE('',#3818);
#3818 = AXIS2_PLACEMENT_3D('',#3819,#3820,#3821);
#3819 = CARTESIAN_POINT('',(-42.6,-34.6,15.4));
#3820 = DIRECTION('',(0.,0.,1.));
#3821 = DIRECTION('',(1.,0.,-0.));
#3822 = ADVANCED_FACE('',(#3823),#3834,.F.);
#3823 = FACE_BOUND('',#3824,.F.);
#3824 = EDGE_LOOP('',(#3825,#3826,#3827,#3833));
#3825 = ORIENTED_EDGE('',*,*,#3810,.F.);
#3826 = ORIENTED_EDGE('',*,*,#1250,.F.);
#3827 = ORIENTED_EDGE('',*,*,#3828,.T.);
#3828 = EDGE_CURVE('',#1243,#1514,#3829,.T.);
#3829 = LINE('',#3830,#3831);
#3830 = CARTESIAN_POINT('',(-42.6,-34.6,16.55));
#3831 = VECTOR('',#3832,1.);
#3832 = DIRECTION('',(1.,0.,-0.));
#3833 = ORIENTED_EDGE('',*,*,#1521,.T.);
#3834 = PLANE('',#3835);
#3835 = AXIS2_PLACEMENT_3D('',#3836,#3837,#3838);
#3836 = CARTESIAN_POINT('',(-42.6,-34.6,15.4));
#3837 = DIRECTION('',(-0.,1.,0.));
#3838 = DIRECTION('',(0.,0.,1.));
#3839 = ADVANCED_FACE('',(#3840),#3851,.T.);
#3840 = FACE_BOUND('',#3841,.T.);
#3841 = EDGE_LOOP('',(#3842,#3843,#3844,#3845));
#3842 = ORIENTED_EDGE('',*,*,#1242,.F.);
#3843 = ORIENTED_EDGE('',*,*,#3828,.T.);
#3844 = ORIENTED_EDGE('',*,*,#1513,.T.);
#3845 = ORIENTED_EDGE('',*,*,#3846,.F.);
#3846 = EDGE_CURVE('',#1235,#1506,#3847,.T.);
#3847 = LINE('',#3848,#3849);
#3848 = CARTESIAN_POINT('',(-41.8,-33.,16.55));
#3849 = VECTOR('',#3850,1.);
#3850 = DIRECTION('',(1.,0.,-0.));
#3851 = PLANE('',#3852);
#3852 = AXIS2_PLACEMENT_3D('',#3853,#3854,#3855);
#3853 = CARTESIAN_POINT('',(-42.6,-34.6,16.55));
#3854 = DIRECTION('',(0.,0.,1.));
#3855 = DIRECTION('',(1.,0.,-0.));
#3856 = ADVANCED_FACE('',(#3857),#3868,.F.);
#3857 = FACE_BOUND('',#3858,.F.);
#3858 = EDGE_LOOP('',(#3859,#3860,#3861,#3867));
#3859 = ORIENTED_EDGE('',*,*,#3846,.F.);
#3860 = ORIENTED_EDGE('',*,*,#1234,.F.);
#3861 = ORIENTED_EDGE('',*,*,#3862,.T.);
#3862 = EDGE_CURVE('',#1227,#1498,#3863,.T.);
#3863 = LINE('',#3864,#3865);
#3864 = CARTESIAN_POINT('',(-41.8,-33.,19.8));
#3865 = VECTOR('',#3866,1.);
#3866 = DIRECTION('',(1.,0.,-0.));
#3867 = ORIENTED_EDGE('',*,*,#1505,.T.);
#3868 = PLANE('',#3869);
#3869 = AXIS2_PLACEMENT_3D('',#3870,#3871,#3872);
#3870 = CARTESIAN_POINT('',(-41.,-33.,0.));
#3871 = DIRECTION('',(-0.,1.,0.));
#3872 = DIRECTION('',(0.,0.,1.));
#3873 = ADVANCED_FACE('',(#3874),#3885,.F.);
#3874 = FACE_BOUND('',#3875,.F.);
#3875 = EDGE_LOOP('',(#3876,#3877,#3883,#3884));
#3876 = ORIENTED_EDGE('',*,*,#1226,.F.);
#3877 = ORIENTED_EDGE('',*,*,#3878,.T.);
#3878 = EDGE_CURVE('',#1219,#1490,#3879,.T.);
#3879 = LINE('',#3880,#3881);
#3880 = CARTESIAN_POINT('',(-42.6,-34.6,19.8));
#3881 = VECTOR('',#3882,1.);
#3882 = DIRECTION('',(1.,0.,-0.));
#3883 = ORIENTED_EDGE('',*,*,#1497,.T.);
#3884 = ORIENTED_EDGE('',*,*,#3862,.F.);
#3885 = PLANE('',#3886);
#3886 = AXIS2_PLACEMENT_3D('',#3887,#3888,#3889);
#3887 = CARTESIAN_POINT('',(-42.6,-34.6,19.8));
#3888 = DIRECTION('',(0.,0.,1.));
#3889 = DIRECTION('',(1.,0.,-0.));
#3890 = ADVANCED_FACE('',(#3891),#3902,.F.);
#3891 = FACE_BOUND('',#3892,.F.);
#3892 = EDGE_LOOP('',(#3893,#3894,#3895,#3901));
#3893 = ORIENTED_EDGE('',*,*,#3878,.F.);
#3894 = ORIENTED_EDGE('',*,*,#1218,.F.);
#3895 = ORIENTED_EDGE('',*,*,#3896,.T.);
#3896 = EDGE_CURVE('',#1211,#1482,#3897,.T.);
#3897 = LINE('',#3898,#3899);
#3898 = CARTESIAN_POINT('',(-42.6,-34.6,20.95));
#3899 = VECTOR('',#3900,1.);
#3900 = DIRECTION('',(1.,0.,-0.));
#3901 = ORIENTED_EDGE('',*,*,#1489,.T.);
#3902 = PLANE('',#3903);
#3903 = AXIS2_PLACEMENT_3D('',#3904,#3905,#3906);
#3904 = CARTESIAN_POINT('',(-42.6,-34.6,19.8));
#3905 = DIRECTION('',(-0.,1.,0.));
#3906 = DIRECTION('',(0.,0.,1.));
#3907 = ADVANCED_FACE('',(#3908),#3914,.T.);
#3908 = FACE_BOUND('',#3909,.T.);
#3909 = EDGE_LOOP('',(#3910,#3911,#3912,#3913));
#3910 = ORIENTED_EDGE('',*,*,#1210,.F.);
#3911 = ORIENTED_EDGE('',*,*,#3896,.T.);
#3912 = ORIENTED_EDGE('',*,*,#1481,.T.);
#3913 = ORIENTED_EDGE('',*,*,#3487,.F.);
#3914 = PLANE('',#3915);
#3915 = AXIS2_PLACEMENT_3D('',#3916,#3917,#3918);
#3916 = CARTESIAN_POINT('',(-42.6,-34.6,20.95));
#3917 = DIRECTION('',(0.,0.,1.));
#3918 = DIRECTION('',(1.,0.,-0.));
#3919 = ADVANCED_FACE('',(#3920),#3954,.F.);
#3920 = FACE_BOUND('',#3921,.F.);
#3921 = EDGE_LOOP('',(#3922,#3930,#3931,#3940,#3948));
#3922 = ORIENTED_EDGE('',*,*,#3923,.F.);
#3923 = EDGE_CURVE('',#1330,#3924,#3926,.T.);
#3924 = VERTEX_POINT('',#3925);
#3925 = CARTESIAN_POINT('',(35.,-33.,20.95));
#3926 = LINE('',#3927,#3928);
#3927 = CARTESIAN_POINT('',(-41.8,-33.,20.95));
#3928 = VECTOR('',#3929,1.);
#3929 = DIRECTION('',(1.,0.,-0.));
#3930 = ORIENTED_EDGE('',*,*,#1329,.F.);
#3931 = ORIENTED_EDGE('',*,*,#3932,.F.);
#3932 = EDGE_CURVE('',#3933,#1322,#3935,.T.);
#3933 = VERTEX_POINT('',#3934);
#3934 = CARTESIAN_POINT('',(31.691553809212,-33.,24.2));
#3935 = CIRCLE('',#3936,8.);
#3936 = AXIS2_PLACEMENT_3D('',#3937,#3938,#3939);
#3937 = CARTESIAN_POINT('',(24.,-33.,22.));
#3938 = DIRECTION('',(0.,1.,0.));
#3939 = DIRECTION('',(0.,-0.,1.));
#3940 = ORIENTED_EDGE('',*,*,#3941,.T.);
#3941 = EDGE_CURVE('',#3933,#3942,#3944,.T.);
#3942 = VERTEX_POINT('',#3943);
#3943 = CARTESIAN_POINT('',(35.,-33.,24.2));
#3944 = LINE('',#3945,#3946);
#3945 = CARTESIAN_POINT('',(-41.8,-33.,24.2));
#3946 = VECTOR('',#3947,1.);
#3947 = DIRECTION('',(1.,0.,-0.));
#3948 = ORIENTED_EDGE('',*,*,#3949,.F.);
#3949 = EDGE_CURVE('',#3924,#3942,#3950,.T.);
#3950 = LINE('',#3951,#3952);
#3951 = CARTESIAN_POINT('',(35.,-33.,0.));
#3952 = VECTOR('',#3953,1.);
#3953 = DIRECTION('',(0.,0.,1.));
#3954 = PLANE('',#3955);
#3955 = AXIS2_PLACEMENT_3D('',#3956,#3957,#3958);
#3956 = CARTESIAN_POINT('',(-41.,-33.,0.));
#3957 = DIRECTION('',(-0.,1.,0.));
#3958 = DIRECTION('',(0.,0.,1.));
#3959 = ADVANCED_FACE('',(#3960),#4053,.F.);
#3960 = FACE_BOUND('',#3961,.F.);
#3961 = EDGE_LOOP('',(#3962,#3970,#3978,#3987,#3995,#4004,#4012,#4020,
    #4028,#4037,#4045,#4052));
#3962 = ORIENTED_EDGE('',*,*,#3963,.F.);
#3963 = EDGE_CURVE('',#3964,#3933,#3966,.T.);
#3964 = VERTEX_POINT('',#3965);
#3965 = CARTESIAN_POINT('',(31.691553809212,-34.6,24.2));
#3966 = LINE('',#3967,#3968);
#3967 = CARTESIAN_POINT('',(31.691553809212,-40.,24.2));
#3968 = VECTOR('',#3969,1.);
#3969 = DIRECTION('',(0.,1.,0.));
#3970 = ORIENTED_EDGE('',*,*,#3971,.T.);
#3971 = EDGE_CURVE('',#3964,#3972,#3974,.T.);
#3972 = VERTEX_POINT('',#3973);
#3973 = CARTESIAN_POINT('',(35.6,-34.6,24.2));
#3974 = LINE('',#3975,#3976);
#3975 = CARTESIAN_POINT('',(-42.6,-34.6,24.2));
#3976 = VECTOR('',#3977,1.);
#3977 = DIRECTION('',(1.,0.,-0.));
#3978 = ORIENTED_EDGE('',*,*,#3979,.F.);
#3979 = EDGE_CURVE('',#3980,#3972,#3982,.T.);
#3980 = VERTEX_POINT('',#3981);
#3981 = CARTESIAN_POINT('',(42.6,-27.6,24.2));
#3982 = CIRCLE('',#3983,7.);
#3983 = AXIS2_PLACEMENT_3D('',#3984,#3985,#3986);
#3984 = CARTESIAN_POINT('',(35.6,-27.6,24.2));
#3985 = DIRECTION('',(-0.,-0.,-1.));
#3986 = DIRECTION('',(0.,-1.,0.));
#3987 = ORIENTED_EDGE('',*,*,#3988,.T.);
#3988 = EDGE_CURVE('',#3980,#3989,#3991,.T.);
#3989 = VERTEX_POINT('',#3990);
#3990 = CARTESIAN_POINT('',(42.6,27.6,24.2));
#3991 = LINE('',#3992,#3993);
#3992 = CARTESIAN_POINT('',(42.6,-34.6,24.2));
#3993 = VECTOR('',#3994,1.);
#3994 = DIRECTION('',(-0.,1.,0.));
#3995 = ORIENTED_EDGE('',*,*,#3996,.T.);
#3996 = EDGE_CURVE('',#3989,#3997,#3999,.T.);
#3997 = VERTEX_POINT('',#3998);
#3998 = CARTESIAN_POINT('',(35.6,34.6,24.2));
#3999 = CIRCLE('',#4000,7.);
#4000 = AXIS2_PLACEMENT_3D('',#4001,#4002,#4003);
#4001 = CARTESIAN_POINT('',(35.6,27.6,24.2));
#4002 = DIRECTION('',(0.,0.,1.));
#4003 = DIRECTION('',(0.,-1.,0.));
#4004 = ORIENTED_EDGE('',*,*,#4005,.F.);
#4005 = EDGE_CURVE('',#4006,#3997,#4008,.T.);
#4006 = VERTEX_POINT('',#4007);
#4007 = CARTESIAN_POINT('',(31.691553809212,34.6,24.2));
#4008 = LINE('',#4009,#4010);
#4009 = CARTESIAN_POINT('',(-42.6,34.6,24.2));
#4010 = VECTOR('',#4011,1.);
#4011 = DIRECTION('',(1.,0.,-0.));
#4012 = ORIENTED_EDGE('',*,*,#4013,.F.);
#4013 = EDGE_CURVE('',#4014,#4006,#4016,.T.);
#4014 = VERTEX_POINT('',#4015);
#4015 = CARTESIAN_POINT('',(31.691553809212,33.,24.2));
#4016 = LINE('',#4017,#4018);
#4017 = CARTESIAN_POINT('',(31.691553809212,-40.,24.2));
#4018 = VECTOR('',#4019,1.);
#4019 = DIRECTION('',(0.,1.,0.));
#4020 = ORIENTED_EDGE('',*,*,#4021,.T.);
#4021 = EDGE_CURVE('',#4014,#4022,#4024,.T.);
#4022 = VERTEX_POINT('',#4023);
#4023 = CARTESIAN_POINT('',(35.,33.,24.2));
#4024 = LINE('',#4025,#4026);
#4025 = CARTESIAN_POINT('',(-41.8,33.,24.2));
#4026 = VECTOR('',#4027,1.);
#4027 = DIRECTION('',(1.,0.,-0.));
#4028 = ORIENTED_EDGE('',*,*,#4029,.F.);
#4029 = EDGE_CURVE('',#4030,#4022,#4032,.T.);
#4030 = VERTEX_POINT('',#4031);
#4031 = CARTESIAN_POINT('',(41.,27.,24.2));
#4032 = CIRCLE('',#4033,6.);
#4033 = AXIS2_PLACEMENT_3D('',#4034,#4035,#4036);
#4034 = CARTESIAN_POINT('',(35.,27.,24.2));
#4035 = DIRECTION('',(0.,0.,1.));
#4036 = DIRECTION('',(1.,0.,-0.));
#4037 = ORIENTED_EDGE('',*,*,#4038,.T.);
#4038 = EDGE_CURVE('',#4030,#4039,#4041,.T.);
#4039 = VERTEX_POINT('',#4040);
#4040 = CARTESIAN_POINT('',(41.,-27.,24.2));
#4041 = LINE('',#4042,#4043);
#4042 = CARTESIAN_POINT('',(41.,-33.8,24.2));
#4043 = VECTOR('',#4044,1.);
#4044 = DIRECTION('',(0.,-1.,0.));
#4045 = ORIENTED_EDGE('',*,*,#4046,.F.);
#4046 = EDGE_CURVE('',#3942,#4039,#4047,.T.);
#4047 = CIRCLE('',#4048,6.);
#4048 = AXIS2_PLACEMENT_3D('',#4049,#4050,#4051);
#4049 = CARTESIAN_POINT('',(35.,-27.,24.2));
#4050 = DIRECTION('',(0.,0.,1.));
#4051 = DIRECTION('',(1.,0.,-0.));
#4052 = ORIENTED_EDGE('',*,*,#3941,.F.);
#4053 = PLANE('',#4054);
#4054 = AXIS2_PLACEMENT_3D('',#4055,#4056,#4057);
#4055 = CARTESIAN_POINT('',(-42.6,-34.6,24.2));
#4056 = DIRECTION('',(0.,0.,1.));
#4057 = DIRECTION('',(1.,0.,-0.));
#4058 = ADVANCED_FACE('',(#4059),#4085,.F.);
#4059 = FACE_BOUND('',#4060,.F.);
#4060 = EDGE_LOOP('',(#4061,#4062,#4071,#4079));
#4061 = ORIENTED_EDGE('',*,*,#3971,.F.);
#4062 = ORIENTED_EDGE('',*,*,#4063,.F.);
#4063 = EDGE_CURVE('',#4064,#3964,#4066,.T.);
#4064 = VERTEX_POINT('',#4065);
#4065 = CARTESIAN_POINT('',(31.264812454565,-34.6,25.35));
#4066 = CIRCLE('',#4067,8.);
#4067 = AXIS2_PLACEMENT_3D('',#4068,#4069,#4070);
#4068 = CARTESIAN_POINT('',(24.,-34.6,22.));
#4069 = DIRECTION('',(0.,1.,0.));
#4070 = DIRECTION('',(0.,-0.,1.));
#4071 = ORIENTED_EDGE('',*,*,#4072,.T.);
#4072 = EDGE_CURVE('',#4064,#4073,#4075,.T.);
#4073 = VERTEX_POINT('',#4074);
#4074 = CARTESIAN_POINT('',(35.6,-34.6,25.35));
#4075 = LINE('',#4076,#4077);
#4076 = CARTESIAN_POINT('',(-42.6,-34.6,25.35));
#4077 = VECTOR('',#4078,1.);
#4078 = DIRECTION('',(1.,0.,-0.));
#4079 = ORIENTED_EDGE('',*,*,#4080,.F.);
#4080 = EDGE_CURVE('',#3972,#4073,#4081,.T.);
#4081 = LINE('',#4082,#4083);
#4082 = CARTESIAN_POINT('',(35.6,-34.6,24.2));
#4083 = VECTOR('',#4084,1.);
#4084 = DIRECTION('',(0.,0.,1.));
#4085 = PLANE('',#4086);
#4086 = AXIS2_PLACEMENT_3D('',#4087,#4088,#4089);
#4087 = CARTESIAN_POINT('',(-42.6,-34.6,24.2));
#4088 = DIRECTION('',(-0.,1.,0.));
#4089 = DIRECTION('',(0.,0.,1.));
#4090 = ADVANCED_FACE('',(#4091),#4184,.T.);
#4091 = FACE_BOUND('',#4092,.T.);
#4092 = EDGE_LOOP('',(#4093,#4101,#4102,#4111,#4119,#4128,#4136,#4144,
    #4152,#4161,#4169,#4178));
#4093 = ORIENTED_EDGE('',*,*,#4094,.F.);
#4094 = EDGE_CURVE('',#4064,#4095,#4097,.T.);
#4095 = VERTEX_POINT('',#4096);
#4096 = CARTESIAN_POINT('',(31.264812454565,-33.,25.35));
#4097 = LINE('',#4098,#4099);
#4098 = CARTESIAN_POINT('',(31.264812454565,-40.,25.35));
#4099 = VECTOR('',#4100,1.);
#4100 = DIRECTION('',(0.,1.,0.));
#4101 = ORIENTED_EDGE('',*,*,#4072,.T.);
#4102 = ORIENTED_EDGE('',*,*,#4103,.F.);
#4103 = EDGE_CURVE('',#4104,#4073,#4106,.T.);
#4104 = VERTEX_POINT('',#4105);
#4105 = CARTESIAN_POINT('',(42.6,-27.6,25.35));
#4106 = CIRCLE('',#4107,7.);
#4107 = AXIS2_PLACEMENT_3D('',#4108,#4109,#4110);
#4108 = CARTESIAN_POINT('',(35.6,-27.6,25.35));
#4109 = DIRECTION('',(-0.,-0.,-1.));
#4110 = DIRECTION('',(0.,-1.,0.));
#4111 = ORIENTED_EDGE('',*,*,#4112,.T.);
#4112 = EDGE_CURVE('',#4104,#4113,#4115,.T.);
#4113 = VERTEX_POINT('',#4114);
#4114 = CARTESIAN_POINT('',(42.6,27.6,25.35));
#4115 = LINE('',#4116,#4117);
#4116 = CARTESIAN_POINT('',(42.6,-34.6,25.35));
#4117 = VECTOR('',#4118,1.);
#4118 = DIRECTION('',(-0.,1.,0.));
#4119 = ORIENTED_EDGE('',*,*,#4120,.T.);
#4120 = EDGE_CURVE('',#4113,#4121,#4123,.T.);
#4121 = VERTEX_POINT('',#4122);
#4122 = CARTESIAN_POINT('',(35.6,34.6,25.35));
#4123 = CIRCLE('',#4124,7.);
#4124 = AXIS2_PLACEMENT_3D('',#4125,#4126,#4127);
#4125 = CARTESIAN_POINT('',(35.6,27.6,25.35));
#4126 = DIRECTION('',(0.,0.,1.));
#4127 = DIRECTION('',(0.,-1.,0.));
#4128 = ORIENTED_EDGE('',*,*,#4129,.F.);
#4129 = EDGE_CURVE('',#4130,#4121,#4132,.T.);
#4130 = VERTEX_POINT('',#4131);
#4131 = CARTESIAN_POINT('',(31.264812454565,34.6,25.35));
#4132 = LINE('',#4133,#4134);
#4133 = CARTESIAN_POINT('',(-42.6,34.6,25.35));
#4134 = VECTOR('',#4135,1.);
#4135 = DIRECTION('',(1.,0.,-0.));
#4136 = ORIENTED_EDGE('',*,*,#4137,.F.);
#4137 = EDGE_CURVE('',#4138,#4130,#4140,.T.);
#4138 = VERTEX_POINT('',#4139);
#4139 = CARTESIAN_POINT('',(31.264812454565,33.,25.35));
#4140 = LINE('',#4141,#4142);
#4141 = CARTESIAN_POINT('',(31.264812454565,-40.,25.35));
#4142 = VECTOR('',#4143,1.);
#4143 = DIRECTION('',(0.,1.,0.));
#4144 = ORIENTED_EDGE('',*,*,#4145,.T.);
#4145 = EDGE_CURVE('',#4138,#4146,#4148,.T.);
#4146 = VERTEX_POINT('',#4147);
#4147 = CARTESIAN_POINT('',(35.,33.,25.35));
#4148 = LINE('',#4149,#4150);
#4149 = CARTESIAN_POINT('',(-41.8,33.,25.35));
#4150 = VECTOR('',#4151,1.);
#4151 = DIRECTION('',(1.,0.,-0.));
#4152 = ORIENTED_EDGE('',*,*,#4153,.F.);
#4153 = EDGE_CURVE('',#4154,#4146,#4156,.T.);
#4154 = VERTEX_POINT('',#4155);
#4155 = CARTESIAN_POINT('',(41.,27.,25.35));
#4156 = CIRCLE('',#4157,6.);
#4157 = AXIS2_PLACEMENT_3D('',#4158,#4159,#4160);
#4158 = CARTESIAN_POINT('',(35.,27.,25.35));
#4159 = DIRECTION('',(0.,0.,1.));
#4160 = DIRECTION('',(1.,0.,-0.));
#4161 = ORIENTED_EDGE('',*,*,#4162,.T.);
#4162 = EDGE_CURVE('',#4154,#4163,#4165,.T.);
#4163 = VERTEX_POINT('',#4164);
#4164 = CARTESIAN_POINT('',(41.,-27.,25.35));
#4165 = LINE('',#4166,#4167);
#4166 = CARTESIAN_POINT('',(41.,-33.8,25.35));
#4167 = VECTOR('',#4168,1.);
#4168 = DIRECTION('',(0.,-1.,0.));
#4169 = ORIENTED_EDGE('',*,*,#4170,.F.);
#4170 = EDGE_CURVE('',#4171,#4163,#4173,.T.);
#4171 = VERTEX_POINT('',#4172);
#4172 = CARTESIAN_POINT('',(35.,-33.,25.35));
#4173 = CIRCLE('',#4174,6.);
#4174 = AXIS2_PLACEMENT_3D('',#4175,#4176,#4177);
#4175 = CARTESIAN_POINT('',(35.,-27.,25.35));
#4176 = DIRECTION('',(0.,0.,1.));
#4177 = DIRECTION('',(1.,0.,-0.));
#4178 = ORIENTED_EDGE('',*,*,#4179,.F.);
#4179 = EDGE_CURVE('',#4095,#4171,#4180,.T.);
#4180 = LINE('',#4181,#4182);
#4181 = CARTESIAN_POINT('',(-41.8,-33.,25.35));
#4182 = VECTOR('',#4183,1.);
#4183 = DIRECTION('',(1.,0.,-0.));
#4184 = PLANE('',#4185);
#4185 = AXIS2_PLACEMENT_3D('',#4186,#4187,#4188);
#4186 = CARTESIAN_POINT('',(-42.6,-34.6,25.35));
#4187 = DIRECTION('',(0.,0.,1.));
#4188 = DIRECTION('',(1.,0.,-0.));
#4189 = ADVANCED_FACE('',(#4190),#4216,.F.);
#4190 = FACE_BOUND('',#4191,.F.);
#4191 = EDGE_LOOP('',(#4192,#4193,#4202,#4210));
#4192 = ORIENTED_EDGE('',*,*,#4179,.F.);
#4193 = ORIENTED_EDGE('',*,*,#4194,.F.);
#4194 = EDGE_CURVE('',#4195,#4095,#4197,.T.);
#4195 = VERTEX_POINT('',#4196);
#4196 = CARTESIAN_POINT('',(28.521061822183,-33.,28.6));
#4197 = CIRCLE('',#4198,8.);
#4198 = AXIS2_PLACEMENT_3D('',#4199,#4200,#4201);
#4199 = CARTESIAN_POINT('',(24.,-33.,22.));
#4200 = DIRECTION('',(0.,1.,0.));
#4201 = DIRECTION('',(0.,-0.,1.));
#4202 = ORIENTED_EDGE('',*,*,#4203,.T.);
#4203 = EDGE_CURVE('',#4195,#4204,#4206,.T.);
#4204 = VERTEX_POINT('',#4205);
#4205 = CARTESIAN_POINT('',(35.,-33.,28.6));
#4206 = LINE('',#4207,#4208);
#4207 = CARTESIAN_POINT('',(-41.8,-33.,28.6));
#4208 = VECTOR('',#4209,1.);
#4209 = DIRECTION('',(1.,0.,-0.));
#4210 = ORIENTED_EDGE('',*,*,#4211,.F.);
#4211 = EDGE_CURVE('',#4171,#4204,#4212,.T.);
#4212 = LINE('',#4213,#4214);
#4213 = CARTESIAN_POINT('',(35.,-33.,0.));
#4214 = VECTOR('',#4215,1.);
#4215 = DIRECTION('',(0.,0.,1.));
#4216 = PLANE('',#4217);
#4217 = AXIS2_PLACEMENT_3D('',#4218,#4219,#4220);
#4218 = CARTESIAN_POINT('',(-41.,-33.,0.));
#4219 = DIRECTION('',(-0.,1.,0.));
#4220 = DIRECTION('',(0.,0.,1.));
#4221 = ADVANCED_FACE('',(#4222),#4315,.F.);
#4222 = FACE_BOUND('',#4223,.F.);
#4223 = EDGE_LOOP('',(#4224,#4232,#4240,#4249,#4257,#4266,#4274,#4282,
    #4290,#4299,#4307,#4314));
#4224 = ORIENTED_EDGE('',*,*,#4225,.F.);
#4225 = EDGE_CURVE('',#4226,#4195,#4228,.T.);
#4226 = VERTEX_POINT('',#4227);
#4227 = CARTESIAN_POINT('',(28.521061822183,-34.6,28.6));
#4228 = LINE('',#4229,#4230);
#4229 = CARTESIAN_POINT('',(28.521061822183,-40.,28.6));
#4230 = VECTOR('',#4231,1.);
#4231 = DIRECTION('',(0.,1.,0.));
#4232 = ORIENTED_EDGE('',*,*,#4233,.T.);
#4233 = EDGE_CURVE('',#4226,#4234,#4236,.T.);
#4234 = VERTEX_POINT('',#4235);
#4235 = CARTESIAN_POINT('',(35.6,-34.6,28.6));
#4236 = LINE('',#4237,#4238);
#4237 = CARTESIAN_POINT('',(-42.6,-34.6,28.6));
#4238 = VECTOR('',#4239,1.);
#4239 = DIRECTION('',(1.,0.,-0.));
#4240 = ORIENTED_EDGE('',*,*,#4241,.F.);
#4241 = EDGE_CURVE('',#4242,#4234,#4244,.T.);
#4242 = VERTEX_POINT('',#4243);
#4243 = CARTESIAN_POINT('',(42.6,-27.6,28.6));
#4244 = CIRCLE('',#4245,7.);
#4245 = AXIS2_PLACEMENT_3D('',#4246,#4247,#4248);
#4246 = CARTESIAN_POINT('',(35.6,-27.6,28.6));
#4247 = DIRECTION('',(-0.,-0.,-1.));
#4248 = DIRECTION('',(0.,-1.,0.));
#4249 = ORIENTED_EDGE('',*,*,#4250,.T.);
#4250 = EDGE_CURVE('',#4242,#4251,#4253,.T.);
#4251 = VERTEX_POINT('',#4252);
#4252 = CARTESIAN_POINT('',(42.6,27.6,28.6));
#4253 = LINE('',#4254,#4255);
#4254 = CARTESIAN_POINT('',(42.6,-34.6,28.6));
#4255 = VECTOR('',#4256,1.);
#4256 = DIRECTION('',(-0.,1.,0.));
#4257 = ORIENTED_EDGE('',*,*,#4258,.T.);
#4258 = EDGE_CURVE('',#4251,#4259,#4261,.T.);
#4259 = VERTEX_POINT('',#4260);
#4260 = CARTESIAN_POINT('',(35.6,34.6,28.6));
#4261 = CIRCLE('',#4262,7.);
#4262 = AXIS2_PLACEMENT_3D('',#4263,#4264,#4265);
#4263 = CARTESIAN_POINT('',(35.6,27.6,28.6));
#4264 = DIRECTION('',(0.,0.,1.));
#4265 = DIRECTION('',(0.,-1.,0.));
#4266 = ORIENTED_EDGE('',*,*,#4267,.F.);
#4267 = EDGE_CURVE('',#4268,#4259,#4270,.T.);
#4268 = VERTEX_POINT('',#4269);
#4269 = CARTESIAN_POINT('',(28.521061822183,34.6,28.6));
#4270 = LINE('',#4271,#4272);
#4271 = CARTESIAN_POINT('',(-42.6,34.6,28.6));
#4272 = VECTOR('',#4273,1.);
#4273 = DIRECTION('',(1.,0.,-0.));
#4274 = ORIENTED_EDGE('',*,*,#4275,.F.);
#4275 = EDGE_CURVE('',#4276,#4268,#4278,.T.);
#4276 = VERTEX_POINT('',#4277);
#4277 = CARTESIAN_POINT('',(28.521061822183,33.,28.6));
#4278 = LINE('',#4279,#4280);
#4279 = CARTESIAN_POINT('',(28.521061822183,-40.,28.6));
#4280 = VECTOR('',#4281,1.);
#4281 = DIRECTION('',(0.,1.,0.));
#4282 = ORIENTED_EDGE('',*,*,#4283,.T.);
#4283 = EDGE_CURVE('',#4276,#4284,#4286,.T.);
#4284 = VERTEX_POINT('',#4285);
#4285 = CARTESIAN_POINT('',(35.,33.,28.6));
#4286 = LINE('',#4287,#4288);
#4287 = CARTESIAN_POINT('',(-41.8,33.,28.6));
#4288 = VECTOR('',#4289,1.);
#4289 = DIRECTION('',(1.,0.,-0.));
#4290 = ORIENTED_EDGE('',*,*,#4291,.F.);
#4291 = EDGE_CURVE('',#4292,#4284,#4294,.T.);
#4292 = VERTEX_POINT('',#4293);
#4293 = CARTESIAN_POINT('',(41.,27.,28.6));
#4294 = CIRCLE('',#4295,6.);
#4295 = AXIS2_PLACEMENT_3D('',#4296,#4297,#4298);
#4296 = CARTESIAN_POINT('',(35.,27.,28.6));
#4297 = DIRECTION('',(0.,0.,1.));
#4298 = DIRECTION('',(1.,0.,-0.));
#4299 = ORIENTED_EDGE('',*,*,#4300,.T.);
#4300 = EDGE_CURVE('',#4292,#4301,#4303,.T.);
#4301 = VERTEX_POINT('',#4302);
#4302 = CARTESIAN_POINT('',(41.,-27.,28.6));
#4303 = LINE('',#4304,#4305);
#4304 = CARTESIAN_POINT('',(41.,-33.8,28.6));
#4305 = VECTOR('',#4306,1.);
#4306 = DIRECTION('',(0.,-1.,0.));
#4307 = ORIENTED_EDGE('',*,*,#4308,.F.);
#4308 = EDGE_CURVE('',#4204,#4301,#4309,.T.);
#4309 = CIRCLE('',#4310,6.);
#4310 = AXIS2_PLACEMENT_3D('',#4311,#4312,#4313);
#4311 = CARTESIAN_POINT('',(35.,-27.,28.6));
#4312 = DIRECTION('',(0.,0.,1.));
#4313 = DIRECTION('',(1.,0.,-0.));
#4314 = ORIENTED_EDGE('',*,*,#4203,.F.);
#4315 = PLANE('',#4316);
#4316 = AXIS2_PLACEMENT_3D('',#4317,#4318,#4319);
#4317 = CARTESIAN_POINT('',(-42.6,-34.6,28.6));
#4318 = DIRECTION('',(0.,0.,1.));
#4319 = DIRECTION('',(1.,0.,-0.));
#4320 = ADVANCED_FACE('',(#4321),#4347,.F.);
#4321 = FACE_BOUND('',#4322,.F.);
#4322 = EDGE_LOOP('',(#4323,#4324,#4333,#4341));
#4323 = ORIENTED_EDGE('',*,*,#4233,.F.);
#4324 = ORIENTED_EDGE('',*,*,#4325,.F.);
#4325 = EDGE_CURVE('',#4326,#4226,#4328,.T.);
#4326 = VERTEX_POINT('',#4327);
#4327 = CARTESIAN_POINT('',(25.984313483298,-34.6,29.75));
#4328 = CIRCLE('',#4329,8.);
#4329 = AXIS2_PLACEMENT_3D('',#4330,#4331,#4332);
#4330 = CARTESIAN_POINT('',(24.,-34.6,22.));
#4331 = DIRECTION('',(0.,1.,0.));
#4332 = DIRECTION('',(0.,-0.,1.));
#4333 = ORIENTED_EDGE('',*,*,#4334,.T.);
#4334 = EDGE_CURVE('',#4326,#4335,#4337,.T.);
#4335 = VERTEX_POINT('',#4336);
#4336 = CARTESIAN_POINT('',(35.6,-34.6,29.75));
#4337 = LINE('',#4338,#4339);
#4338 = CARTESIAN_POINT('',(-42.6,-34.6,29.75));
#4339 = VECTOR('',#4340,1.);
#4340 = DIRECTION('',(1.,0.,-0.));
#4341 = ORIENTED_EDGE('',*,*,#4342,.F.);
#4342 = EDGE_CURVE('',#4234,#4335,#4343,.T.);
#4343 = LINE('',#4344,#4345);
#4344 = CARTESIAN_POINT('',(35.6,-34.6,28.6));
#4345 = VECTOR('',#4346,1.);
#4346 = DIRECTION('',(0.,0.,1.));
#4347 = PLANE('',#4348);
#4348 = AXIS2_PLACEMENT_3D('',#4349,#4350,#4351);
#4349 = CARTESIAN_POINT('',(-42.6,-34.6,28.6));
#4350 = DIRECTION('',(-0.,1.,0.));
#4351 = DIRECTION('',(0.,0.,1.));
#4352 = ADVANCED_FACE('',(#4353),#4437,.T.);
#4353 = FACE_BOUND('',#4354,.T.);
#4354 = EDGE_LOOP('',(#4355,#4361,#4362,#4371,#4379,#4388,#4396,#4404,
    #4412,#4421,#4429,#4436));
#4355 = ORIENTED_EDGE('',*,*,#4356,.F.);
#4356 = EDGE_CURVE('',#4326,#2278,#4357,.T.);
#4357 = LINE('',#4358,#4359);
#4358 = CARTESIAN_POINT('',(25.984313483298,-40.,29.75));
#4359 = VECTOR('',#4360,1.);
#4360 = DIRECTION('',(0.,1.,0.));
#4361 = ORIENTED_EDGE('',*,*,#4334,.T.);
#4362 = ORIENTED_EDGE('',*,*,#4363,.F.);
#4363 = EDGE_CURVE('',#4364,#4335,#4366,.T.);
#4364 = VERTEX_POINT('',#4365);
#4365 = CARTESIAN_POINT('',(42.6,-27.6,29.75));
#4366 = CIRCLE('',#4367,7.);
#4367 = AXIS2_PLACEMENT_3D('',#4368,#4369,#4370);
#4368 = CARTESIAN_POINT('',(35.6,-27.6,29.75));
#4369 = DIRECTION('',(-0.,-0.,-1.));
#4370 = DIRECTION('',(0.,-1.,0.));
#4371 = ORIENTED_EDGE('',*,*,#4372,.T.);
#4372 = EDGE_CURVE('',#4364,#4373,#4375,.T.);
#4373 = VERTEX_POINT('',#4374);
#4374 = CARTESIAN_POINT('',(42.6,27.6,29.75));
#4375 = LINE('',#4376,#4377);
#4376 = CARTESIAN_POINT('',(42.6,-34.6,29.75));
#4377 = VECTOR('',#4378,1.);
#4378 = DIRECTION('',(-0.,1.,0.));
#4379 = ORIENTED_EDGE('',*,*,#4380,.T.);
#4380 = EDGE_CURVE('',#4373,#4381,#4383,.T.);
#4381 = VERTEX_POINT('',#4382);
#4382 = CARTESIAN_POINT('',(35.6,34.6,29.75));
#4383 = CIRCLE('',#4384,7.);
#4384 = AXIS2_PLACEMENT_3D('',#4385,#4386,#4387);
#4385 = CARTESIAN_POINT('',(35.6,27.6,29.75));
#4386 = DIRECTION('',(0.,0.,1.));
#4387 = DIRECTION('',(0.,-1.,0.));
#4388 = ORIENTED_EDGE('',*,*,#4389,.F.);
#4389 = EDGE_CURVE('',#4390,#4381,#4392,.T.);
#4390 = VERTEX_POINT('',#4391);
#4391 = CARTESIAN_POINT('',(25.984313483298,34.6,29.75));
#4392 = LINE('',#4393,#4394);
#4393 = CARTESIAN_POINT('',(-42.6,34.6,29.75));
#4394 = VECTOR('',#4395,1.);
#4395 = DIRECTION('',(1.,0.,-0.));
#4396 = ORIENTED_EDGE('',*,*,#4397,.F.);
#4397 = EDGE_CURVE('',#4398,#4390,#4400,.T.);
#4398 = VERTEX_POINT('',#4399);
#4399 = CARTESIAN_POINT('',(25.984313483298,33.,29.75));
#4400 = LINE('',#4401,#4402);
#4401 = CARTESIAN_POINT('',(25.984313483298,-40.,29.75));
#4402 = VECTOR('',#4403,1.);
#4403 = DIRECTION('',(0.,1.,0.));
#4404 = ORIENTED_EDGE('',*,*,#4405,.T.);
#4405 = EDGE_CURVE('',#4398,#4406,#4408,.T.);
#4406 = VERTEX_POINT('',#4407);
#4407 = CARTESIAN_POINT('',(35.,33.,29.75));
#4408 = LINE('',#4409,#4410);
#4409 = CARTESIAN_POINT('',(-41.8,33.,29.75));
#4410 = VECTOR('',#4411,1.);
#4411 = DIRECTION('',(1.,0.,-0.));
#4412 = ORIENTED_EDGE('',*,*,#4413,.F.);
#4413 = EDGE_CURVE('',#4414,#4406,#4416,.T.);
#4414 = VERTEX_POINT('',#4415);
#4415 = CARTESIAN_POINT('',(41.,27.,29.75));
#4416 = CIRCLE('',#4417,6.);
#4417 = AXIS2_PLACEMENT_3D('',#4418,#4419,#4420);
#4418 = CARTESIAN_POINT('',(35.,27.,29.75));
#4419 = DIRECTION('',(0.,0.,1.));
#4420 = DIRECTION('',(1.,0.,-0.));
#4421 = ORIENTED_EDGE('',*,*,#4422,.T.);
#4422 = EDGE_CURVE('',#4414,#4423,#4425,.T.);
#4423 = VERTEX_POINT('',#4424);
#4424 = CARTESIAN_POINT('',(41.,-27.,29.75));
#4425 = LINE('',#4426,#4427);
#4426 = CARTESIAN_POINT('',(41.,-33.8,29.75));
#4427 = VECTOR('',#4428,1.);
#4428 = DIRECTION('',(0.,-1.,0.));
#4429 = ORIENTED_EDGE('',*,*,#4430,.F.);
#4430 = EDGE_CURVE('',#2270,#4423,#4431,.T.);
#4431 = CIRCLE('',#4432,6.);
#4432 = AXIS2_PLACEMENT_3D('',#4433,#4434,#4435);
#4433 = CARTESIAN_POINT('',(35.,-27.,29.75));
#4434 = DIRECTION('',(0.,0.,1.));
#4435 = DIRECTION('',(1.,0.,-0.));
#4436 = ORIENTED_EDGE('',*,*,#2277,.F.);
#4437 = PLANE('',#4438);
#4438 = AXIS2_PLACEMENT_3D('',#4439,#4440,#4441);
#4439 = CARTESIAN_POINT('',(-42.6,-34.6,29.75));
#4440 = DIRECTION('',(0.,0.,1.));
#4441 = DIRECTION('',(1.,0.,-0.));
#4442 = ADVANCED_FACE('',(#4443),#4520,.F.);
#4443 = FACE_BOUND('',#4444,.F.);
#4444 = EDGE_LOOP('',(#4445,#4446,#4454,#4463,#4471,#4480,#4486,#4487,
    #4495,#4504,#4512,#4519));
#4445 = ORIENTED_EDGE('',*,*,#1417,.F.);
#4446 = ORIENTED_EDGE('',*,*,#4447,.T.);
#4447 = EDGE_CURVE('',#1410,#4448,#4450,.T.);
#4448 = VERTEX_POINT('',#4449);
#4449 = CARTESIAN_POINT('',(35.6,-34.6,11.));
#4450 = LINE('',#4451,#4452);
#4451 = CARTESIAN_POINT('',(-42.6,-34.6,11.));
#4452 = VECTOR('',#4453,1.);
#4453 = DIRECTION('',(1.,0.,-0.));
#4454 = ORIENTED_EDGE('',*,*,#4455,.F.);
#4455 = EDGE_CURVE('',#4456,#4448,#4458,.T.);
#4456 = VERTEX_POINT('',#4457);
#4457 = CARTESIAN_POINT('',(42.6,-27.6,11.));
#4458 = CIRCLE('',#4459,7.);
#4459 = AXIS2_PLACEMENT_3D('',#4460,#4461,#4462);
#4460 = CARTESIAN_POINT('',(35.6,-27.6,11.));
#4461 = DIRECTION('',(-0.,-0.,-1.));
#4462 = DIRECTION('',(0.,-1.,0.));
#4463 = ORIENTED_EDGE('',*,*,#4464,.T.);
#4464 = EDGE_CURVE('',#4456,#4465,#4467,.T.);
#4465 = VERTEX_POINT('',#4466);
#4466 = CARTESIAN_POINT('',(42.6,27.6,11.));
#4467 = LINE('',#4468,#4469);
#4468 = CARTESIAN_POINT('',(42.6,-34.6,11.));
#4469 = VECTOR('',#4470,1.);
#4470 = DIRECTION('',(-0.,1.,0.));
#4471 = ORIENTED_EDGE('',*,*,#4472,.T.);
#4472 = EDGE_CURVE('',#4465,#4473,#4475,.T.);
#4473 = VERTEX_POINT('',#4474);
#4474 = CARTESIAN_POINT('',(35.6,34.6,11.));
#4475 = CIRCLE('',#4476,7.);
#4476 = AXIS2_PLACEMENT_3D('',#4477,#4478,#4479);
#4477 = CARTESIAN_POINT('',(35.6,27.6,11.));
#4478 = DIRECTION('',(0.,0.,1.));
#4479 = DIRECTION('',(0.,-1.,0.));
#4480 = ORIENTED_EDGE('',*,*,#4481,.F.);
#4481 = EDGE_CURVE('',#1864,#4473,#4482,.T.);
#4482 = LINE('',#4483,#4484);
#4483 = CARTESIAN_POINT('',(-42.6,34.6,11.));
#4484 = VECTOR('',#4485,1.);
#4485 = DIRECTION('',(1.,0.,-0.));
#4486 = ORIENTED_EDGE('',*,*,#1863,.F.);
#4487 = ORIENTED_EDGE('',*,*,#4488,.T.);
#4488 = EDGE_CURVE('',#1856,#4489,#4491,.T.);
#4489 = VERTEX_POINT('',#4490);
#4490 = CARTESIAN_POINT('',(35.,33.,11.));
#4491 = LINE('',#4492,#4493);
#4492 = CARTESIAN_POINT('',(-41.8,33.,11.));
#4493 = VECTOR('',#4494,1.);
#4494 = DIRECTION('',(1.,0.,-0.));
#4495 = ORIENTED_EDGE('',*,*,#4496,.F.);
#4496 = EDGE_CURVE('',#4497,#4489,#4499,.T.);
#4497 = VERTEX_POINT('',#4498);
#4498 = CARTESIAN_POINT('',(41.,27.,11.));
#4499 = CIRCLE('',#4500,6.);
#4500 = AXIS2_PLACEMENT_3D('',#4501,#4502,#4503);
#4501 = CARTESIAN_POINT('',(35.,27.,11.));
#4502 = DIRECTION('',(0.,0.,1.));
#4503 = DIRECTION('',(1.,0.,-0.));
#4504 = ORIENTED_EDGE('',*,*,#4505,.T.);
#4505 = EDGE_CURVE('',#4497,#4506,#4508,.T.);
#4506 = VERTEX_POINT('',#4507);
#4507 = CARTESIAN_POINT('',(41.,-27.,11.));
#4508 = LINE('',#4509,#4510);
#4509 = CARTESIAN_POINT('',(41.,-33.8,11.));
#4510 = VECTOR('',#4511,1.);
#4511 = DIRECTION('',(0.,-1.,0.));
#4512 = ORIENTED_EDGE('',*,*,#4513,.F.);
#4513 = EDGE_CURVE('',#2855,#4506,#4514,.T.);
#4514 = CIRCLE('',#4515,6.);
#4515 = AXIS2_PLACEMENT_3D('',#4516,#4517,#4518);
#4516 = CARTESIAN_POINT('',(35.,-27.,11.));
#4517 = DIRECTION('',(0.,0.,1.));
#4518 = DIRECTION('',(1.,0.,-0.));
#4519 = ORIENTED_EDGE('',*,*,#2854,.F.);
#4520 = PLANE('',#4521);
#4521 = AXIS2_PLACEMENT_3D('',#4522,#4523,#4524);
#4522 = CARTESIAN_POINT('',(-42.6,-34.6,11.));
#4523 = DIRECTION('',(0.,0.,1.));
#4524 = DIRECTION('',(1.,0.,-0.));
#4525 = ADVANCED_FACE('',(#4526),#4544,.F.);
#4526 = FACE_BOUND('',#4527,.F.);
#4527 = EDGE_LOOP('',(#4528,#4529,#4530,#4538));
#4528 = ORIENTED_EDGE('',*,*,#4447,.F.);
#4529 = ORIENTED_EDGE('',*,*,#1409,.F.);
#4530 = ORIENTED_EDGE('',*,*,#4531,.T.);
#4531 = EDGE_CURVE('',#1402,#4532,#4534,.T.);
#4532 = VERTEX_POINT('',#4533);
#4533 = CARTESIAN_POINT('',(35.6,-34.6,12.15));
#4534 = LINE('',#4535,#4536);
#4535 = CARTESIAN_POINT('',(-42.6,-34.6,12.15));
#4536 = VECTOR('',#4537,1.);
#4537 = DIRECTION('',(1.,0.,-0.));
#4538 = ORIENTED_EDGE('',*,*,#4539,.F.);
#4539 = EDGE_CURVE('',#4448,#4532,#4540,.T.);
#4540 = LINE('',#4541,#4542);
#4541 = CARTESIAN_POINT('',(35.6,-34.6,11.));
#4542 = VECTOR('',#4543,1.);
#4543 = DIRECTION('',(0.,0.,1.));
#4544 = PLANE('',#4545);
#4545 = AXIS2_PLACEMENT_3D('',#4546,#4547,#4548);
#4546 = CARTESIAN_POINT('',(-42.6,-34.6,11.));
#4547 = DIRECTION('',(-0.,1.,0.));
#4548 = DIRECTION('',(0.,0.,1.));
#4549 = ADVANCED_FACE('',(#4550),#4627,.T.);
#4550 = FACE_BOUND('',#4551,.T.);
#4551 = EDGE_LOOP('',(#4552,#4553,#4554,#4563,#4571,#4580,#4586,#4587,
    #4595,#4604,#4612,#4621));
#4552 = ORIENTED_EDGE('',*,*,#1401,.F.);
#4553 = ORIENTED_EDGE('',*,*,#4531,.T.);
#4554 = ORIENTED_EDGE('',*,*,#4555,.F.);
#4555 = EDGE_CURVE('',#4556,#4532,#4558,.T.);
#4556 = VERTEX_POINT('',#4557);
#4557 = CARTESIAN_POINT('',(42.6,-27.6,12.15));
#4558 = CIRCLE('',#4559,7.);
#4559 = AXIS2_PLACEMENT_3D('',#4560,#4561,#4562);
#4560 = CARTESIAN_POINT('',(35.6,-27.6,12.15));
#4561 = DIRECTION('',(-0.,-0.,-1.));
#4562 = DIRECTION('',(0.,-1.,0.));
#4563 = ORIENTED_EDGE('',*,*,#4564,.T.);
#4564 = EDGE_CURVE('',#4556,#4565,#4567,.T.);
#4565 = VERTEX_POINT('',#4566);
#4566 = CARTESIAN_POINT('',(42.6,27.6,12.15));
#4567 = LINE('',#4568,#4569);
#4568 = CARTESIAN_POINT('',(42.6,-34.6,12.15));
#4569 = VECTOR('',#4570,1.);
#4570 = DIRECTION('',(-0.,1.,0.));
#4571 = ORIENTED_EDGE('',*,*,#4572,.T.);
#4572 = EDGE_CURVE('',#4565,#4573,#4575,.T.);
#4573 = VERTEX_POINT('',#4574);
#4574 = CARTESIAN_POINT('',(35.6,34.6,12.15));
#4575 = CIRCLE('',#4576,7.);
#4576 = AXIS2_PLACEMENT_3D('',#4577,#4578,#4579);
#4577 = CARTESIAN_POINT('',(35.6,27.6,12.15));
#4578 = DIRECTION('',(0.,0.,1.));
#4579 = DIRECTION('',(0.,-1.,0.));
#4580 = ORIENTED_EDGE('',*,*,#4581,.F.);
#4581 = EDGE_CURVE('',#1872,#4573,#4582,.T.);
#4582 = LINE('',#4583,#4584);
#4583 = CARTESIAN_POINT('',(-42.6,34.6,12.15));
#4584 = VECTOR('',#4585,1.);
#4585 = DIRECTION('',(1.,0.,-0.));
#4586 = ORIENTED_EDGE('',*,*,#1879,.F.);
#4587 = ORIENTED_EDGE('',*,*,#4588,.T.);
#4588 = EDGE_CURVE('',#1880,#4589,#4591,.T.);
#4589 = VERTEX_POINT('',#4590);
#4590 = CARTESIAN_POINT('',(35.,33.,12.15));
#4591 = LINE('',#4592,#4593);
#4592 = CARTESIAN_POINT('',(-41.8,33.,12.15));
#4593 = VECTOR('',#4594,1.);
#4594 = DIRECTION('',(1.,0.,-0.));
#4595 = ORIENTED_EDGE('',*,*,#4596,.F.);
#4596 = EDGE_CURVE('',#4597,#4589,#4599,.T.);
#4597 = VERTEX_POINT('',#4598);
#4598 = CARTESIAN_POINT('',(41.,27.,12.15));
#4599 = CIRCLE('',#4600,6.);
#4600 = AXIS2_PLACEMENT_3D('',#4601,#4602,#4603);
#4601 = CARTESIAN_POINT('',(35.,27.,12.15));
#4602 = DIRECTION('',(0.,0.,1.));
#4603 = DIRECTION('',(1.,0.,-0.));
#4604 = ORIENTED_EDGE('',*,*,#4605,.T.);
#4605 = EDGE_CURVE('',#4597,#4606,#4608,.T.);
#4606 = VERTEX_POINT('',#4607);
#4607 = CARTESIAN_POINT('',(41.,-27.,12.15));
#4608 = LINE('',#4609,#4610);
#4609 = CARTESIAN_POINT('',(41.,-33.8,12.15));
#4610 = VECTOR('',#4611,1.);
#4611 = DIRECTION('',(0.,-1.,0.));
#4612 = ORIENTED_EDGE('',*,*,#4613,.F.);
#4613 = EDGE_CURVE('',#4614,#4606,#4616,.T.);
#4614 = VERTEX_POINT('',#4615);
#4615 = CARTESIAN_POINT('',(35.,-33.,12.15));
#4616 = CIRCLE('',#4617,6.);
#4617 = AXIS2_PLACEMENT_3D('',#4618,#4619,#4620);
#4618 = CARTESIAN_POINT('',(35.,-27.,12.15));
#4619 = DIRECTION('',(0.,0.,1.));
#4620 = DIRECTION('',(1.,0.,-0.));
#4621 = ORIENTED_EDGE('',*,*,#4622,.F.);
#4622 = EDGE_CURVE('',#1394,#4614,#4623,.T.);
#4623 = LINE('',#4624,#4625);
#4624 = CARTESIAN_POINT('',(-41.8,-33.,12.15));
#4625 = VECTOR('',#4626,1.);
#4626 = DIRECTION('',(1.,0.,-0.));
#4627 = PLANE('',#4628);
#4628 = AXIS2_PLACEMENT_3D('',#4629,#4630,#4631);
#4629 = CARTESIAN_POINT('',(-42.6,-34.6,12.15));
#4630 = DIRECTION('',(0.,0.,1.));
#4631 = DIRECTION('',(1.,0.,-0.));
#4632 = ADVANCED_FACE('',(#4633),#4651,.F.);
#4633 = FACE_BOUND('',#4634,.F.);
#4634 = EDGE_LOOP('',(#4635,#4636,#4637,#4645));
#4635 = ORIENTED_EDGE('',*,*,#4622,.F.);
#4636 = ORIENTED_EDGE('',*,*,#1393,.F.);
#4637 = ORIENTED_EDGE('',*,*,#4638,.T.);
#4638 = EDGE_CURVE('',#1386,#4639,#4641,.T.);
#4639 = VERTEX_POINT('',#4640);
#4640 = CARTESIAN_POINT('',(35.,-33.,15.4));
#4641 = LINE('',#4642,#4643);
#4642 = CARTESIAN_POINT('',(-41.8,-33.,15.4));
#4643 = VECTOR('',#4644,1.);
#4644 = DIRECTION('',(1.,0.,-0.));
#4645 = ORIENTED_EDGE('',*,*,#4646,.F.);
#4646 = EDGE_CURVE('',#4614,#4639,#4647,.T.);
#4647 = LINE('',#4648,#4649);
#4648 = CARTESIAN_POINT('',(35.,-33.,0.));
#4649 = VECTOR('',#4650,1.);
#4650 = DIRECTION('',(0.,0.,1.));
#4651 = PLANE('',#4652);
#4652 = AXIS2_PLACEMENT_3D('',#4653,#4654,#4655);
#4653 = CARTESIAN_POINT('',(-41.,-33.,0.));
#4654 = DIRECTION('',(-0.,1.,0.));
#4655 = DIRECTION('',(0.,0.,1.));
#4656 = ADVANCED_FACE('',(#4657),#4734,.F.);
#4657 = FACE_BOUND('',#4658,.F.);
#4658 = EDGE_LOOP('',(#4659,#4660,#4668,#4677,#4685,#4694,#4700,#4701,
    #4709,#4718,#4726,#4733));
#4659 = ORIENTED_EDGE('',*,*,#1385,.F.);
#4660 = ORIENTED_EDGE('',*,*,#4661,.T.);
#4661 = EDGE_CURVE('',#1378,#4662,#4664,.T.);
#4662 = VERTEX_POINT('',#4663);
#4663 = CARTESIAN_POINT('',(35.6,-34.6,15.4));
#4664 = LINE('',#4665,#4666);
#4665 = CARTESIAN_POINT('',(-42.6,-34.6,15.4));
#4666 = VECTOR('',#4667,1.);
#4667 = DIRECTION('',(1.,0.,-0.));
#4668 = ORIENTED_EDGE('',*,*,#4669,.F.);
#4669 = EDGE_CURVE('',#4670,#4662,#4672,.T.);
#4670 = VERTEX_POINT('',#4671);
#4671 = CARTESIAN_POINT('',(42.6,-27.6,15.4));
#4672 = CIRCLE('',#4673,7.);
#4673 = AXIS2_PLACEMENT_3D('',#4674,#4675,#4676);
#4674 = CARTESIAN_POINT('',(35.6,-27.6,15.4));
#4675 = DIRECTION('',(-0.,-0.,-1.));
#4676 = DIRECTION('',(0.,-1.,0.));
#4677 = ORIENTED_EDGE('',*,*,#4678,.T.);
#4678 = EDGE_CURVE('',#4670,#4679,#4681,.T.);
#4679 = VERTEX_POINT('',#4680);
#4680 = CARTESIAN_POINT('',(42.6,27.6,15.4));
#4681 = LINE('',#4682,#4683);
#4682 = CARTESIAN_POINT('',(42.6,-34.6,15.4));
#4683 = VECTOR('',#4684,1.);
#4684 = DIRECTION('',(-0.,1.,0.));
#4685 = ORIENTED_EDGE('',*,*,#4686,.T.);
#4686 = EDGE_CURVE('',#4679,#4687,#4689,.T.);
#4687 = VERTEX_POINT('',#4688);
#4688 = CARTESIAN_POINT('',(35.6,34.6,15.4));
#4689 = CIRCLE('',#4690,7.);
#4690 = AXIS2_PLACEMENT_3D('',#4691,#4692,#4693);
#4691 = CARTESIAN_POINT('',(35.6,27.6,15.4));
#4692 = DIRECTION('',(0.,0.,1.));
#4693 = DIRECTION('',(0.,-1.,0.));
#4694 = ORIENTED_EDGE('',*,*,#4695,.F.);
#4695 = EDGE_CURVE('',#1896,#4687,#4696,.T.);
#4696 = LINE('',#4697,#4698);
#4697 = CARTESIAN_POINT('',(-42.6,34.6,15.4));
#4698 = VECTOR('',#4699,1.);
#4699 = DIRECTION('',(1.,0.,-0.));
#4700 = ORIENTED_EDGE('',*,*,#1895,.F.);
#4701 = ORIENTED_EDGE('',*,*,#4702,.T.);
#4702 = EDGE_CURVE('',#1888,#4703,#4705,.T.);
#4703 = VERTEX_POINT('',#4704);
#4704 = CARTESIAN_POINT('',(35.,33.,15.4));
#4705 = LINE('',#4706,#4707);
#4706 = CARTESIAN_POINT('',(-41.8,33.,15.4));
#4707 = VECTOR('',#4708,1.);
#4708 = DIRECTION('',(1.,0.,-0.));
#4709 = ORIENTED_EDGE('',*,*,#4710,.F.);
#4710 = EDGE_CURVE('',#4711,#4703,#4713,.T.);
#4711 = VERTEX_POINT('',#4712);
#4712 = CARTESIAN_POINT('',(41.,27.,15.4));
#4713 = CIRCLE('',#4714,6.);
#4714 = AXIS2_PLACEMENT_3D('',#4715,#4716,#4717);
#4715 = CARTESIAN_POINT('',(35.,27.,15.4));
#4716 = DIRECTION('',(0.,0.,1.));
#4717 = DIRECTION('',(1.,0.,-0.));
#4718 = ORIENTED_EDGE('',*,*,#4719,.T.);
#4719 = EDGE_CURVE('',#4711,#4720,#4722,.T.);
#4720 = VERTEX_POINT('',#4721);
#4721 = CARTESIAN_POINT('',(41.,-27.,15.4));
#4722 = LINE('',#4723,#4724);
#4723 = CARTESIAN_POINT('',(41.,-33.8,15.4));
#4724 = VECTOR('',#4725,1.);
#4725 = DIRECTION('',(0.,-1.,0.));
#4726 = ORIENTED_EDGE('',*,*,#4727,.F.);
#4727 = EDGE_CURVE('',#4639,#4720,#4728,.T.);
#4728 = CIRCLE('',#4729,6.);
#4729 = AXIS2_PLACEMENT_3D('',#4730,#4731,#4732);
#4730 = CARTESIAN_POINT('',(35.,-27.,15.4));
#4731 = DIRECTION('',(0.,0.,1.));
#4732 = DIRECTION('',(1.,0.,-0.));
#4733 = ORIENTED_EDGE('',*,*,#4638,.F.);
#4734 = PLANE('',#4735);
#4735 = AXIS2_PLACEMENT_3D('',#4736,#4737,#4738);
#4736 = CARTESIAN_POINT('',(-42.6,-34.6,15.4));
#4737 = DIRECTION('',(0.,0.,1.));
#4738 = DIRECTION('',(1.,0.,-0.));
#4739 = ADVANCED_FACE('',(#4740),#4758,.F.);
#4740 = FACE_BOUND('',#4741,.F.);
#4741 = EDGE_LOOP('',(#4742,#4743,#4744,#4752));
#4742 = ORIENTED_EDGE('',*,*,#4661,.F.);
#4743 = ORIENTED_EDGE('',*,*,#1377,.F.);
#4744 = ORIENTED_EDGE('',*,*,#4745,.T.);
#4745 = EDGE_CURVE('',#1370,#4746,#4748,.T.);
#4746 = VERTEX_POINT('',#4747);
#4747 = CARTESIAN_POINT('',(35.6,-34.6,16.55));
#4748 = LINE('',#4749,#4750);
#4749 = CARTESIAN_POINT('',(-42.6,-34.6,16.55));
#4750 = VECTOR('',#4751,1.);
#4751 = DIRECTION('',(1.,0.,-0.));
#4752 = ORIENTED_EDGE('',*,*,#4753,.F.);
#4753 = EDGE_CURVE('',#4662,#4746,#4754,.T.);
#4754 = LINE('',#4755,#4756);
#4755 = CARTESIAN_POINT('',(35.6,-34.6,15.4));
#4756 = VECTOR('',#4757,1.);
#4757 = DIRECTION('',(0.,0.,1.));
#4758 = PLANE('',#4759);
#4759 = AXIS2_PLACEMENT_3D('',#4760,#4761,#4762);
#4760 = CARTESIAN_POINT('',(-42.6,-34.6,15.4));
#4761 = DIRECTION('',(-0.,1.,0.));
#4762 = DIRECTION('',(0.,0.,1.));
#4763 = ADVANCED_FACE('',(#4764),#4841,.T.);
#4764 = FACE_BOUND('',#4765,.T.);
#4765 = EDGE_LOOP('',(#4766,#4767,#4768,#4777,#4785,#4794,#4800,#4801,
    #4809,#4818,#4826,#4835));
#4766 = ORIENTED_EDGE('',*,*,#1369,.F.);
#4767 = ORIENTED_EDGE('',*,*,#4745,.T.);
#4768 = ORIENTED_EDGE('',*,*,#4769,.F.);
#4769 = EDGE_CURVE('',#4770,#4746,#4772,.T.);
#4770 = VERTEX_POINT('',#4771);
#4771 = CARTESIAN_POINT('',(42.6,-27.6,16.55));
#4772 = CIRCLE('',#4773,7.);
#4773 = AXIS2_PLACEMENT_3D('',#4774,#4775,#4776);
#4774 = CARTESIAN_POINT('',(35.6,-27.6,16.55));
#4775 = DIRECTION('',(-0.,-0.,-1.));
#4776 = DIRECTION('',(0.,-1.,0.));
#4777 = ORIENTED_EDGE('',*,*,#4778,.T.);
#4778 = EDGE_CURVE('',#4770,#4779,#4781,.T.);
#4779 = VERTEX_POINT('',#4780);
#4780 = CARTESIAN_POINT('',(42.6,27.6,16.55));
#4781 = LINE('',#4782,#4783);
#4782 = CARTESIAN_POINT('',(42.6,-34.6,16.55));
#4783 = VECTOR('',#4784,1.);
#4784 = DIRECTION('',(-0.,1.,0.));
#4785 = ORIENTED_EDGE('',*,*,#4786,.T.);
#4786 = EDGE_CURVE('',#4779,#4787,#4789,.T.);
#4787 = VERTEX_POINT('',#4788);
#4788 = CARTESIAN_POINT('',(35.6,34.6,16.55));
#4789 = CIRCLE('',#4790,7.);
#4790 = AXIS2_PLACEMENT_3D('',#4791,#4792,#4793);
#4791 = CARTESIAN_POINT('',(35.6,27.6,16.55));
#4792 = DIRECTION('',(0.,0.,1.));
#4793 = DIRECTION('',(0.,-1.,0.));
#4794 = ORIENTED_EDGE('',*,*,#4795,.F.);
#4795 = EDGE_CURVE('',#1904,#4787,#4796,.T.);
#4796 = LINE('',#4797,#4798);
#4797 = CARTESIAN_POINT('',(-42.6,34.6,16.55));
#4798 = VECTOR('',#4799,1.);
#4799 = DIRECTION('',(1.,0.,-0.));
#4800 = ORIENTED_EDGE('',*,*,#1911,.F.);
#4801 = ORIENTED_EDGE('',*,*,#4802,.T.);
#4802 = EDGE_CURVE('',#1912,#4803,#4805,.T.);
#4803 = VERTEX_POINT('',#4804);
#4804 = CARTESIAN_POINT('',(35.,33.,16.55));
#4805 = LINE('',#4806,#4807);
#4806 = CARTESIAN_POINT('',(-41.8,33.,16.55));
#4807 = VECTOR('',#4808,1.);
#4808 = DIRECTION('',(1.,0.,-0.));
#4809 = ORIENTED_EDGE('',*,*,#4810,.F.);
#4810 = EDGE_CURVE('',#4811,#4803,#4813,.T.);
#4811 = VERTEX_POINT('',#4812);
#4812 = CARTESIAN_POINT('',(41.,27.,16.55));
#4813 = CIRCLE('',#4814,6.);
#4814 = AXIS2_PLACEMENT_3D('',#4815,#4816,#4817);
#4815 = CARTESIAN_POINT('',(35.,27.,16.55));
#4816 = DIRECTION('',(0.,0.,1.));
#4817 = DIRECTION('',(1.,0.,-0.));
#4818 = ORIENTED_EDGE('',*,*,#4819,.T.);
#4819 = EDGE_CURVE('',#4811,#4820,#4822,.T.);
#4820 = VERTEX_POINT('',#4821);
#4821 = CARTESIAN_POINT('',(41.,-27.,16.55));
#4822 = LINE('',#4823,#4824);
#4823 = CARTESIAN_POINT('',(41.,-33.8,16.55));
#4824 = VECTOR('',#4825,1.);
#4825 = DIRECTION('',(0.,-1.,0.));
#4826 = ORIENTED_EDGE('',*,*,#4827,.F.);
#4827 = EDGE_CURVE('',#4828,#4820,#4830,.T.);
#4828 = VERTEX_POINT('',#4829);
#4829 = CARTESIAN_POINT('',(35.,-33.,16.55));
#4830 = CIRCLE('',#4831,6.);
#4831 = AXIS2_PLACEMENT_3D('',#4832,#4833,#4834);
#4832 = CARTESIAN_POINT('',(35.,-27.,16.55));
#4833 = DIRECTION('',(0.,0.,1.));
#4834 = DIRECTION('',(1.,0.,-0.));
#4835 = ORIENTED_EDGE('',*,*,#4836,.F.);
#4836 = EDGE_CURVE('',#1362,#4828,#4837,.T.);
#4837 = LINE('',#4838,#4839);
#4838 = CARTESIAN_POINT('',(-41.8,-33.,16.55));
#4839 = VECTOR('',#4840,1.);
#4840 = DIRECTION('',(1.,0.,-0.));
#4841 = PLANE('',#4842);
#4842 = AXIS2_PLACEMENT_3D('',#4843,#4844,#4845);
#4843 = CARTESIAN_POINT('',(-42.6,-34.6,16.55));
#4844 = DIRECTION('',(0.,0.,1.));
#4845 = DIRECTION('',(1.,0.,-0.));
#4846 = ADVANCED_FACE('',(#4847),#4865,.F.);
#4847 = FACE_BOUND('',#4848,.F.);
#4848 = EDGE_LOOP('',(#4849,#4850,#4851,#4859));
#4849 = ORIENTED_EDGE('',*,*,#4836,.F.);
#4850 = ORIENTED_EDGE('',*,*,#1361,.F.);
#4851 = ORIENTED_EDGE('',*,*,#4852,.T.);
#4852 = EDGE_CURVE('',#1354,#4853,#4855,.T.);
#4853 = VERTEX_POINT('',#4854);
#4854 = CARTESIAN_POINT('',(35.,-33.,19.8));
#4855 = LINE('',#4856,#4857);
#4856 = CARTESIAN_POINT('',(-41.8,-33.,19.8));
#4857 = VECTOR('',#4858,1.);
#4858 = DIRECTION('',(1.,0.,-0.));
#4859 = ORIENTED_EDGE('',*,*,#4860,.F.);
#4860 = EDGE_CURVE('',#4828,#4853,#4861,.T.);
#4861 = LINE('',#4862,#4863);
#4862 = CARTESIAN_POINT('',(35.,-33.,0.));
#4863 = VECTOR('',#4864,1.);
#4864 = DIRECTION('',(0.,0.,1.));
#4865 = PLANE('',#4866);
#4866 = AXIS2_PLACEMENT_3D('',#4867,#4868,#4869);
#4867 = CARTESIAN_POINT('',(-41.,-33.,0.));
#4868 = DIRECTION('',(-0.,1.,0.));
#4869 = DIRECTION('',(0.,0.,1.));
#4870 = ADVANCED_FACE('',(#4871),#4948,.F.);
#4871 = FACE_BOUND('',#4872,.F.);
#4872 = EDGE_LOOP('',(#4873,#4874,#4882,#4891,#4899,#4908,#4914,#4915,
    #4923,#4932,#4940,#4947));
#4873 = ORIENTED_EDGE('',*,*,#1353,.F.);
#4874 = ORIENTED_EDGE('',*,*,#4875,.T.);
#4875 = EDGE_CURVE('',#1346,#4876,#4878,.T.);
#4876 = VERTEX_POINT('',#4877);
#4877 = CARTESIAN_POINT('',(35.6,-34.6,19.8));
#4878 = LINE('',#4879,#4880);
#4879 = CARTESIAN_POINT('',(-42.6,-34.6,19.8));
#4880 = VECTOR('',#4881,1.);
#4881 = DIRECTION('',(1.,0.,-0.));
#4882 = ORIENTED_EDGE('',*,*,#4883,.F.);
#4883 = EDGE_CURVE('',#4884,#4876,#4886,.T.);
#4884 = VERTEX_POINT('',#4885);
#4885 = CARTESIAN_POINT('',(42.6,-27.6,19.8));
#4886 = CIRCLE('',#4887,7.);
#4887 = AXIS2_PLACEMENT_3D('',#4888,#4889,#4890);
#4888 = CARTESIAN_POINT('',(35.6,-27.6,19.8));
#4889 = DIRECTION('',(-0.,-0.,-1.));
#4890 = DIRECTION('',(0.,-1.,0.));
#4891 = ORIENTED_EDGE('',*,*,#4892,.T.);
#4892 = EDGE_CURVE('',#4884,#4893,#4895,.T.);
#4893 = VERTEX_POINT('',#4894);
#4894 = CARTESIAN_POINT('',(42.6,27.6,19.8));
#4895 = LINE('',#4896,#4897);
#4896 = CARTESIAN_POINT('',(42.6,-34.6,19.8));
#4897 = VECTOR('',#4898,1.);
#4898 = DIRECTION('',(-0.,1.,0.));
#4899 = ORIENTED_EDGE('',*,*,#4900,.T.);
#4900 = EDGE_CURVE('',#4893,#4901,#4903,.T.);
#4901 = VERTEX_POINT('',#4902);
#4902 = CARTESIAN_POINT('',(35.6,34.6,19.8));
#4903 = CIRCLE('',#4904,7.);
#4904 = AXIS2_PLACEMENT_3D('',#4905,#4906,#4907);
#4905 = CARTESIAN_POINT('',(35.6,27.6,19.8));
#4906 = DIRECTION('',(0.,0.,1.));
#4907 = DIRECTION('',(0.,-1.,0.));
#4908 = ORIENTED_EDGE('',*,*,#4909,.F.);
#4909 = EDGE_CURVE('',#1928,#4901,#4910,.T.);
#4910 = LINE('',#4911,#4912);
#4911 = CARTESIAN_POINT('',(-42.6,34.6,19.8));
#4912 = VECTOR('',#4913,1.);
#4913 = DIRECTION('',(1.,0.,-0.));
#4914 = ORIENTED_EDGE('',*,*,#1927,.F.);
#4915 = ORIENTED_EDGE('',*,*,#4916,.T.);
#4916 = EDGE_CURVE('',#1920,#4917,#4919,.T.);
#4917 = VERTEX_POINT('',#4918);
#4918 = CARTESIAN_POINT('',(35.,33.,19.8));
#4919 = LINE('',#4920,#4921);
#4920 = CARTESIAN_POINT('',(-41.8,33.,19.8));
#4921 = VECTOR('',#4922,1.);
#4922 = DIRECTION('',(1.,0.,-0.));
#4923 = ORIENTED_EDGE('',*,*,#4924,.F.);
#4924 = EDGE_CURVE('',#4925,#4917,#4927,.T.);
#4925 = VERTEX_POINT('',#4926);
#4926 = CARTESIAN_POINT('',(41.,27.,19.8));
#4927 = CIRCLE('',#4928,6.);
#4928 = AXIS2_PLACEMENT_3D('',#4929,#4930,#4931);
#4929 = CARTESIAN_POINT('',(35.,27.,19.8));
#4930 = DIRECTION('',(0.,0.,1.));
#4931 = DIRECTION('',(1.,0.,-0.));
#4932 = ORIENTED_EDGE('',*,*,#4933,.T.);
#4933 = EDGE_CURVE('',#4925,#4934,#4936,.T.);
#4934 = VERTEX_POINT('',#4935);
#4935 = CARTESIAN_POINT('',(41.,-27.,19.8));
#4936 = LINE('',#4937,#4938);
#4937 = CARTESIAN_POINT('',(41.,-33.8,19.8));
#4938 = VECTOR('',#4939,1.);
#4939 = DIRECTION('',(0.,-1.,0.));
#4940 = ORIENTED_EDGE('',*,*,#4941,.F.);
#4941 = EDGE_CURVE('',#4853,#4934,#4942,.T.);
#4942 = CIRCLE('',#4943,6.);
#4943 = AXIS2_PLACEMENT_3D('',#4944,#4945,#4946);
#4944 = CARTESIAN_POINT('',(35.,-27.,19.8));
#4945 = DIRECTION('',(0.,0.,1.));
#4946 = DIRECTION('',(1.,0.,-0.));
#4947 = ORIENTED_EDGE('',*,*,#4852,.F.);
#4948 = PLANE('',#4949);
#4949 = AXIS2_PLACEMENT_3D('',#4950,#4951,#4952);
#4950 = CARTESIAN_POINT('',(-42.6,-34.6,19.8));
#4951 = DIRECTION('',(0.,0.,1.));
#4952 = DIRECTION('',(1.,0.,-0.));
#4953 = ADVANCED_FACE('',(#4954),#4972,.F.);
#4954 = FACE_BOUND('',#4955,.F.);
#4955 = EDGE_LOOP('',(#4956,#4957,#4958,#4966));
#4956 = ORIENTED_EDGE('',*,*,#4875,.F.);
#4957 = ORIENTED_EDGE('',*,*,#1345,.F.);
#4958 = ORIENTED_EDGE('',*,*,#4959,.T.);
#4959 = EDGE_CURVE('',#1338,#4960,#4962,.T.);
#4960 = VERTEX_POINT('',#4961);
#4961 = CARTESIAN_POINT('',(35.6,-34.6,20.95));
#4962 = LINE('',#4963,#4964);
#4963 = CARTESIAN_POINT('',(-42.6,-34.6,20.95));
#4964 = VECTOR('',#4965,1.);
#4965 = DIRECTION('',(1.,0.,-0.));
#4966 = ORIENTED_EDGE('',*,*,#4967,.F.);
#4967 = EDGE_CURVE('',#4876,#4960,#4968,.T.);
#4968 = LINE('',#4969,#4970);
#4969 = CARTESIAN_POINT('',(35.6,-34.6,19.8));
#4970 = VECTOR('',#4971,1.);
#4971 = DIRECTION('',(0.,0.,1.));
#4972 = PLANE('',#4973);
#4973 = AXIS2_PLACEMENT_3D('',#4974,#4975,#4976);
#4974 = CARTESIAN_POINT('',(-42.6,-34.6,19.8));
#4975 = DIRECTION('',(-0.,1.,0.));
#4976 = DIRECTION('',(0.,0.,1.));
#4977 = ADVANCED_FACE('',(#4978),#5048,.T.);
#4978 = FACE_BOUND('',#4979,.T.);
#4979 = EDGE_LOOP('',(#4980,#4981,#4982,#4991,#4999,#5008,#5014,#5015,
    #5023,#5032,#5040,#5047));
#4980 = ORIENTED_EDGE('',*,*,#1337,.F.);
#4981 = ORIENTED_EDGE('',*,*,#4959,.T.);
#4982 = ORIENTED_EDGE('',*,*,#4983,.F.);
#4983 = EDGE_CURVE('',#4984,#4960,#4986,.T.);
#4984 = VERTEX_POINT('',#4985);
#4985 = CARTESIAN_POINT('',(42.6,-27.6,20.95));
#4986 = CIRCLE('',#4987,7.);
#4987 = AXIS2_PLACEMENT_3D('',#4988,#4989,#4990);
#4988 = CARTESIAN_POINT('',(35.6,-27.6,20.95));
#4989 = DIRECTION('',(-0.,-0.,-1.));
#4990 = DIRECTION('',(0.,-1.,0.));
#4991 = ORIENTED_EDGE('',*,*,#4992,.T.);
#4992 = EDGE_CURVE('',#4984,#4993,#4995,.T.);
#4993 = VERTEX_POINT('',#4994);
#4994 = CARTESIAN_POINT('',(42.6,27.6,20.95));
#4995 = LINE('',#4996,#4997);
#4996 = CARTESIAN_POINT('',(42.6,-34.6,20.95));
#4997 = VECTOR('',#4998,1.);
#4998 = DIRECTION('',(-0.,1.,0.));
#4999 = ORIENTED_EDGE('',*,*,#5000,.T.);
#5000 = EDGE_CURVE('',#4993,#5001,#5003,.T.);
#5001 = VERTEX_POINT('',#5002);
#5002 = CARTESIAN_POINT('',(35.6,34.6,20.95));
#5003 = CIRCLE('',#5004,7.);
#5004 = AXIS2_PLACEMENT_3D('',#5005,#5006,#5007);
#5005 = CARTESIAN_POINT('',(35.6,27.6,20.95));
#5006 = DIRECTION('',(0.,0.,1.));
#5007 = DIRECTION('',(0.,-1.,0.));
#5008 = ORIENTED_EDGE('',*,*,#5009,.F.);
#5009 = EDGE_CURVE('',#1936,#5001,#5010,.T.);
#5010 = LINE('',#5011,#5012);
#5011 = CARTESIAN_POINT('',(-42.6,34.6,20.95));
#5012 = VECTOR('',#5013,1.);
#5013 = DIRECTION('',(1.,0.,-0.));
#5014 = ORIENTED_EDGE('',*,*,#1943,.F.);
#5015 = ORIENTED_EDGE('',*,*,#5016,.T.);
#5016 = EDGE_CURVE('',#1944,#5017,#5019,.T.);
#5017 = VERTEX_POINT('',#5018);
#5018 = CARTESIAN_POINT('',(35.,33.,20.95));
#5019 = LINE('',#5020,#5021);
#5020 = CARTESIAN_POINT('',(-41.8,33.,20.95));
#5021 = VECTOR('',#5022,1.);
#5022 = DIRECTION('',(1.,0.,-0.));
#5023 = ORIENTED_EDGE('',*,*,#5024,.F.);
#5024 = EDGE_CURVE('',#5025,#5017,#5027,.T.);
#5025 = VERTEX_POINT('',#5026);
#5026 = CARTESIAN_POINT('',(41.,27.,20.95));
#5027 = CIRCLE('',#5028,6.);
#5028 = AXIS2_PLACEMENT_3D('',#5029,#5030,#5031);
#5029 = CARTESIAN_POINT('',(35.,27.,20.95));
#5030 = DIRECTION('',(0.,0.,1.));
#5031 = DIRECTION('',(1.,0.,-0.));
#5032 = ORIENTED_EDGE('',*,*,#5033,.T.);
#5033 = EDGE_CURVE('',#5025,#5034,#5036,.T.);
#5034 = VERTEX_POINT('',#5035);
#5035 = CARTESIAN_POINT('',(41.,-27.,20.95));
#5036 = LINE('',#5037,#5038);
#5037 = CARTESIAN_POINT('',(41.,-33.8,20.95));
#5038 = VECTOR('',#5039,1.);
#5039 = DIRECTION('',(0.,-1.,0.));
#5040 = ORIENTED_EDGE('',*,*,#5041,.F.);
#5041 = EDGE_CURVE('',#3924,#5034,#5042,.T.);
#5042 = CIRCLE('',#5043,6.);
#5043 = AXIS2_PLACEMENT_3D('',#5044,#5045,#5046);
#5044 = CARTESIAN_POINT('',(35.,-27.,20.95));
#5045 = DIRECTION('',(0.,0.,1.));
#5046 = DIRECTION('',(1.,0.,-0.));
#5047 = ORIENTED_EDGE('',*,*,#3923,.F.);
#5048 = PLANE('',#5049);
#5049 = AXIS2_PLACEMENT_3D('',#5050,#5051,#5052);
#5050 = CARTESIAN_POINT('',(-42.6,-34.6,20.95));
#5051 = DIRECTION('',(0.,0.,1.));
#5052 = DIRECTION('',(1.,0.,-0.));
#5053 = ADVANCED_FACE('',(#5054),#5072,.T.);
#5054 = FACE_BOUND('',#5055,.T.);
#5055 = EDGE_LOOP('',(#5056,#5057,#5063,#5064,#5071));
#5056 = ORIENTED_EDGE('',*,*,#3457,.F.);
#5057 = ORIENTED_EDGE('',*,*,#5058,.T.);
#5058 = EDGE_CURVE('',#3449,#2771,#5059,.T.);
#5059 = LINE('',#5060,#5061);
#5060 = CARTESIAN_POINT('',(-35.,33.,0.));
#5061 = VECTOR('',#5062,1.);
#5062 = DIRECTION('',(0.,0.,1.));
#5063 = ORIENTED_EDGE('',*,*,#2779,.T.);
#5064 = ORIENTED_EDGE('',*,*,#5065,.F.);
#5065 = EDGE_CURVE('',#1681,#2780,#5066,.T.);
#5066 = CIRCLE('',#5067,8.);
#5067 = AXIS2_PLACEMENT_3D('',#5068,#5069,#5070);
#5068 = CARTESIAN_POINT('',(-24.,33.,22.));
#5069 = DIRECTION('',(0.,1.,0.));
#5070 = DIRECTION('',(0.,-0.,1.));
#5071 = ORIENTED_EDGE('',*,*,#1680,.T.);
#5072 = PLANE('',#5073);
#5073 = AXIS2_PLACEMENT_3D('',#5074,#5075,#5076);
#5074 = CARTESIAN_POINT('',(-41.,33.,0.));
#5075 = DIRECTION('',(-0.,1.,0.));
#5076 = DIRECTION('',(0.,0.,1.));
#5077 = ADVANCED_FACE('',(#5078),#5095,.T.);
#5078 = FACE_BOUND('',#5079,.T.);
#5079 = EDGE_LOOP('',(#5080,#5081,#5087,#5088));
#5080 = ORIENTED_EDGE('',*,*,#2795,.F.);
#5081 = ORIENTED_EDGE('',*,*,#5082,.T.);
#5082 = EDGE_CURVE('',#2796,#2674,#5083,.T.);
#5083 = LINE('',#5084,#5085);
#5084 = CARTESIAN_POINT('',(-35.6,34.6,24.2));
#5085 = VECTOR('',#5086,1.);
#5086 = DIRECTION('',(0.,0.,1.));
#5087 = ORIENTED_EDGE('',*,*,#2673,.T.);
#5088 = ORIENTED_EDGE('',*,*,#5089,.F.);
#5089 = EDGE_CURVE('',#2788,#2666,#5090,.T.);
#5090 = CIRCLE('',#5091,8.);
#5091 = AXIS2_PLACEMENT_3D('',#5092,#5093,#5094);
#5092 = CARTESIAN_POINT('',(-24.,34.6,22.));
#5093 = DIRECTION('',(0.,1.,0.));
#5094 = DIRECTION('',(0.,-0.,1.));
#5095 = PLANE('',#5096);
#5096 = AXIS2_PLACEMENT_3D('',#5097,#5098,#5099);
#5097 = CARTESIAN_POINT('',(-42.6,34.6,24.2));
#5098 = DIRECTION('',(-0.,1.,0.));
#5099 = DIRECTION('',(0.,0.,1.));
#5100 = ADVANCED_FACE('',(#5101),#5118,.T.);
#5101 = FACE_BOUND('',#5102,.T.);
#5102 = EDGE_LOOP('',(#5103,#5104,#5110,#5111));
#5103 = ORIENTED_EDGE('',*,*,#2657,.F.);
#5104 = ORIENTED_EDGE('',*,*,#5105,.T.);
#5105 = EDGE_CURVE('',#2649,#2518,#5106,.T.);
#5106 = LINE('',#5107,#5108);
#5107 = CARTESIAN_POINT('',(-35.,33.,0.));
#5108 = VECTOR('',#5109,1.);
#5109 = DIRECTION('',(0.,0.,1.));
#5110 = ORIENTED_EDGE('',*,*,#2526,.T.);
#5111 = ORIENTED_EDGE('',*,*,#5112,.F.);
#5112 = EDGE_CURVE('',#2658,#2527,#5113,.T.);
#5113 = CIRCLE('',#5114,8.);
#5114 = AXIS2_PLACEMENT_3D('',#5115,#5116,#5117);
#5115 = CARTESIAN_POINT('',(-24.,33.,22.));
#5116 = DIRECTION('',(0.,1.,0.));
#5117 = DIRECTION('',(0.,-0.,1.));
#5118 = PLANE('',#5119);
#5119 = AXIS2_PLACEMENT_3D('',#5120,#5121,#5122);
#5120 = CARTESIAN_POINT('',(-41.,33.,0.));
#5121 = DIRECTION('',(-0.,1.,0.));
#5122 = DIRECTION('',(0.,0.,1.));
#5123 = ADVANCED_FACE('',(#5124),#5141,.T.);
#5124 = FACE_BOUND('',#5125,.T.);
#5125 = EDGE_LOOP('',(#5126,#5127,#5133,#5134));
#5126 = ORIENTED_EDGE('',*,*,#2542,.F.);
#5127 = ORIENTED_EDGE('',*,*,#5128,.T.);
#5128 = EDGE_CURVE('',#2543,#2412,#5129,.T.);
#5129 = LINE('',#5130,#5131);
#5130 = CARTESIAN_POINT('',(-35.6,34.6,28.6));
#5131 = VECTOR('',#5132,1.);
#5132 = DIRECTION('',(0.,0.,1.));
#5133 = ORIENTED_EDGE('',*,*,#2411,.T.);
#5134 = ORIENTED_EDGE('',*,*,#5135,.F.);
#5135 = EDGE_CURVE('',#2535,#2404,#5136,.T.);
#5136 = CIRCLE('',#5137,8.);
#5137 = AXIS2_PLACEMENT_3D('',#5138,#5139,#5140);
#5138 = CARTESIAN_POINT('',(-24.,34.6,22.));
#5139 = DIRECTION('',(0.,1.,0.));
#5140 = DIRECTION('',(0.,-0.,1.));
#5141 = PLANE('',#5142);
#5142 = AXIS2_PLACEMENT_3D('',#5143,#5144,#5145);
#5143 = CARTESIAN_POINT('',(-42.6,34.6,28.6));
#5144 = DIRECTION('',(-0.,1.,0.));
#5145 = DIRECTION('',(0.,0.,1.));
#5146 = ADVANCED_FACE('',(#5147),#5215,.T.);
#5147 = FACE_BOUND('',#5148,.T.);
#5148 = EDGE_LOOP('',(#5149,#5150,#5158,#5166,#5172,#5173,#5182,#5191,
    #5199,#5208));
#5149 = ORIENTED_EDGE('',*,*,#2395,.F.);
#5150 = ORIENTED_EDGE('',*,*,#5151,.T.);
#5151 = EDGE_CURVE('',#2387,#5152,#5154,.T.);
#5152 = VERTEX_POINT('',#5153);
#5153 = CARTESIAN_POINT('',(-35.,33.,33.));
#5154 = LINE('',#5155,#5156);
#5155 = CARTESIAN_POINT('',(-35.,33.,0.));
#5156 = VECTOR('',#5157,1.);
#5157 = DIRECTION('',(0.,0.,1.));
#5158 = ORIENTED_EDGE('',*,*,#5159,.T.);
#5159 = EDGE_CURVE('',#5152,#5160,#5162,.T.);
#5160 = VERTEX_POINT('',#5161);
#5161 = CARTESIAN_POINT('',(35.,33.,33.));
#5162 = LINE('',#5163,#5164);
#5163 = CARTESIAN_POINT('',(-41.8,33.,33.));
#5164 = VECTOR('',#5165,1.);
#5165 = DIRECTION('',(1.,0.,-0.));
#5166 = ORIENTED_EDGE('',*,*,#5167,.F.);
#5167 = EDGE_CURVE('',#4406,#5160,#5168,.T.);
#5168 = LINE('',#5169,#5170);
#5169 = CARTESIAN_POINT('',(35.,33.,0.));
#5170 = VECTOR('',#5171,1.);
#5171 = DIRECTION('',(0.,0.,1.));
#5172 = ORIENTED_EDGE('',*,*,#4405,.F.);
#5173 = ORIENTED_EDGE('',*,*,#5174,.F.);
#5174 = EDGE_CURVE('',#5175,#4398,#5177,.T.);
#5175 = VERTEX_POINT('',#5176);
#5176 = CARTESIAN_POINT('',(24.,33.,30.));
#5177 = CIRCLE('',#5178,8.);
#5178 = AXIS2_PLACEMENT_3D('',#5179,#5180,#5181);
#5179 = CARTESIAN_POINT('',(24.,33.,22.));
#5180 = DIRECTION('',(0.,1.,0.));
#5181 = DIRECTION('',(0.,-0.,1.));
#5182 = ORIENTED_EDGE('',*,*,#5183,.F.);
#5183 = EDGE_CURVE('',#5184,#5175,#5186,.T.);
#5184 = VERTEX_POINT('',#5185);
#5185 = CARTESIAN_POINT('',(22.015686516702,33.,29.75));
#5186 = CIRCLE('',#5187,8.);
#5187 = AXIS2_PLACEMENT_3D('',#5188,#5189,#5190);
#5188 = CARTESIAN_POINT('',(24.,33.,22.));
#5189 = DIRECTION('',(0.,1.,0.));
#5190 = DIRECTION('',(0.,-0.,1.));
#5191 = ORIENTED_EDGE('',*,*,#5192,.F.);
#5192 = EDGE_CURVE('',#5193,#5184,#5195,.T.);
#5193 = VERTEX_POINT('',#5194);
#5194 = CARTESIAN_POINT('',(-22.0156865167,33.,29.75));
#5195 = LINE('',#5196,#5197);
#5196 = CARTESIAN_POINT('',(-41.8,33.,29.75));
#5197 = VECTOR('',#5198,1.);
#5198 = DIRECTION('',(1.,0.,-0.));
#5199 = ORIENTED_EDGE('',*,*,#5200,.F.);
#5200 = EDGE_CURVE('',#5201,#5193,#5203,.T.);
#5201 = VERTEX_POINT('',#5202);
#5202 = CARTESIAN_POINT('',(-24.,33.,30.));
#5203 = CIRCLE('',#5204,8.);
#5204 = AXIS2_PLACEMENT_3D('',#5205,#5206,#5207);
#5205 = CARTESIAN_POINT('',(-24.,33.,22.));
#5206 = DIRECTION('',(0.,1.,0.));
#5207 = DIRECTION('',(0.,-0.,1.));
#5208 = ORIENTED_EDGE('',*,*,#5209,.F.);
#5209 = EDGE_CURVE('',#2396,#5201,#5210,.T.);
#5210 = CIRCLE('',#5211,8.);
#5211 = AXIS2_PLACEMENT_3D('',#5212,#5213,#5214);
#5212 = CARTESIAN_POINT('',(-24.,33.,22.));
#5213 = DIRECTION('',(0.,1.,0.));
#5214 = DIRECTION('',(0.,-0.,1.));
#5215 = PLANE('',#5216);
#5216 = AXIS2_PLACEMENT_3D('',#5217,#5218,#5219);
#5217 = CARTESIAN_POINT('',(-41.,33.,0.));
#5218 = DIRECTION('',(-0.,1.,0.));
#5219 = DIRECTION('',(0.,0.,1.));
#5220 = ADVANCED_FACE('',(#5221),#5232,.T.);
#5221 = FACE_BOUND('',#5222,.T.);
#5222 = EDGE_LOOP('',(#5223,#5224,#5230,#5231));
#5223 = ORIENTED_EDGE('',*,*,#3364,.F.);
#5224 = ORIENTED_EDGE('',*,*,#5225,.T.);
#5225 = EDGE_CURVE('',#3365,#3465,#5226,.T.);
#5226 = LINE('',#5227,#5228);
#5227 = CARTESIAN_POINT('',(-35.6,34.6,19.8));
#5228 = VECTOR('',#5229,1.);
#5229 = DIRECTION('',(0.,0.,1.));
#5230 = ORIENTED_EDGE('',*,*,#3464,.T.);
#5231 = ORIENTED_EDGE('',*,*,#1664,.T.);
#5232 = PLANE('',#5233);
#5233 = AXIS2_PLACEMENT_3D('',#5234,#5235,#5236);
#5234 = CARTESIAN_POINT('',(-42.6,34.6,19.8));
#5235 = DIRECTION('',(-0.,1.,0.));
#5236 = DIRECTION('',(0.,0.,1.));
#5237 = ADVANCED_FACE('',(#5238),#5249,.T.);
#5238 = FACE_BOUND('',#5239,.T.);
#5239 = EDGE_LOOP('',(#5240,#5241,#5247,#5248));
#5240 = ORIENTED_EDGE('',*,*,#3250,.F.);
#5241 = ORIENTED_EDGE('',*,*,#5242,.T.);
#5242 = EDGE_CURVE('',#3242,#3349,#5243,.T.);
#5243 = LINE('',#5244,#5245);
#5244 = CARTESIAN_POINT('',(-35.,33.,0.));
#5245 = VECTOR('',#5246,1.);
#5246 = DIRECTION('',(0.,0.,1.));
#5247 = ORIENTED_EDGE('',*,*,#3357,.T.);
#5248 = ORIENTED_EDGE('',*,*,#1648,.T.);
#5249 = PLANE('',#5250);
#5250 = AXIS2_PLACEMENT_3D('',#5251,#5252,#5253);
#5251 = CARTESIAN_POINT('',(-41.,33.,0.));
#5252 = DIRECTION('',(-0.,1.,0.));
#5253 = DIRECTION('',(0.,0.,1.));
#5254 = ADVANCED_FACE('',(#5255),#5266,.T.);
#5255 = FACE_BOUND('',#5256,.T.);
#5256 = EDGE_LOOP('',(#5257,#5258,#5264,#5265));
#5257 = ORIENTED_EDGE('',*,*,#3150,.F.);
#5258 = ORIENTED_EDGE('',*,*,#5259,.T.);
#5259 = EDGE_CURVE('',#3151,#3258,#5260,.T.);
#5260 = LINE('',#5261,#5262);
#5261 = CARTESIAN_POINT('',(-35.6,34.6,15.4));
#5262 = VECTOR('',#5263,1.);
#5263 = DIRECTION('',(0.,0.,1.));
#5264 = ORIENTED_EDGE('',*,*,#3257,.T.);
#5265 = ORIENTED_EDGE('',*,*,#1632,.T.);
#5266 = PLANE('',#5267);
#5267 = AXIS2_PLACEMENT_3D('',#5268,#5269,#5270);
#5268 = CARTESIAN_POINT('',(-42.6,34.6,15.4));
#5269 = DIRECTION('',(-0.,1.,0.));
#5270 = DIRECTION('',(0.,0.,1.));
#5271 = ADVANCED_FACE('',(#5272),#5283,.T.);
#5272 = FACE_BOUND('',#5273,.T.);
#5273 = EDGE_LOOP('',(#5274,#5275,#5281,#5282));
#5274 = ORIENTED_EDGE('',*,*,#3036,.F.);
#5275 = ORIENTED_EDGE('',*,*,#5276,.T.);
#5276 = EDGE_CURVE('',#3028,#3135,#5277,.T.);
#5277 = LINE('',#5278,#5279);
#5278 = CARTESIAN_POINT('',(-35.,33.,0.));
#5279 = VECTOR('',#5280,1.);
#5280 = DIRECTION('',(0.,0.,1.));
#5281 = ORIENTED_EDGE('',*,*,#3143,.T.);
#5282 = ORIENTED_EDGE('',*,*,#1616,.T.);
#5283 = PLANE('',#5284);
#5284 = AXIS2_PLACEMENT_3D('',#5285,#5286,#5287);
#5285 = CARTESIAN_POINT('',(-41.,33.,0.));
#5286 = DIRECTION('',(-0.,1.,0.));
#5287 = DIRECTION('',(0.,0.,1.));
#5288 = ADVANCED_FACE('',(#5289),#5300,.T.);
#5289 = FACE_BOUND('',#5290,.T.);
#5290 = EDGE_LOOP('',(#5291,#5292,#5298,#5299));
#5291 = ORIENTED_EDGE('',*,*,#2936,.F.);
#5292 = ORIENTED_EDGE('',*,*,#5293,.T.);
#5293 = EDGE_CURVE('',#2937,#3044,#5294,.T.);
#5294 = LINE('',#5295,#5296);
#5295 = CARTESIAN_POINT('',(-35.6,34.6,11.));
#5296 = VECTOR('',#5297,1.);
#5297 = DIRECTION('',(0.,0.,1.));
#5298 = ORIENTED_EDGE('',*,*,#3043,.T.);
#5299 = ORIENTED_EDGE('',*,*,#1600,.T.);
#5300 = PLANE('',#5301);
#5301 = AXIS2_PLACEMENT_3D('',#5302,#5303,#5304);
#5302 = CARTESIAN_POINT('',(-42.6,34.6,11.));
#5303 = DIRECTION('',(-0.,1.,0.));
#5304 = DIRECTION('',(0.,0.,1.));
#5305 = ADVANCED_FACE('',(#5306),#5344,.T.);
#5306 = FACE_BOUND('',#5307,.T.);
#5307 = EDGE_LOOP('',(#5308,#5318,#5324,#5325,#5326,#5327,#5328,#5334,
    #5335,#5336,#5337,#5338));
#5308 = ORIENTED_EDGE('',*,*,#5309,.F.);
#5309 = EDGE_CURVE('',#5310,#5312,#5314,.T.);
#5310 = VERTEX_POINT('',#5311);
#5311 = CARTESIAN_POINT('',(-35.,33.,0.));
#5312 = VERTEX_POINT('',#5313);
#5313 = CARTESIAN_POINT('',(35.,33.,0.));
#5314 = LINE('',#5315,#5316);
#5315 = CARTESIAN_POINT('',(-41.,33.,0.));
#5316 = VECTOR('',#5317,1.);
#5317 = DIRECTION('',(1.,0.,-0.));
#5318 = ORIENTED_EDGE('',*,*,#5319,.T.);
#5319 = EDGE_CURVE('',#5310,#2921,#5320,.T.);
#5320 = LINE('',#5321,#5322);
#5321 = CARTESIAN_POINT('',(-35.,33.,0.));
#5322 = VECTOR('',#5323,1.);
#5323 = DIRECTION('',(0.,0.,1.));
#5324 = ORIENTED_EDGE('',*,*,#2929,.T.);
#5325 = ORIENTED_EDGE('',*,*,#1584,.T.);
#5326 = ORIENTED_EDGE('',*,*,#1712,.T.);
#5327 = ORIENTED_EDGE('',*,*,#1728,.F.);
#5328 = ORIENTED_EDGE('',*,*,#5329,.T.);
#5329 = EDGE_CURVE('',#1729,#2000,#5330,.T.);
#5330 = LINE('',#5331,#5332);
#5331 = CARTESIAN_POINT('',(-41.8,33.,11.));
#5332 = VECTOR('',#5333,1.);
#5333 = DIRECTION('',(1.,0.,-0.));
#5334 = ORIENTED_EDGE('',*,*,#1999,.T.);
#5335 = ORIENTED_EDGE('',*,*,#1983,.T.);
#5336 = ORIENTED_EDGE('',*,*,#1855,.F.);
#5337 = ORIENTED_EDGE('',*,*,#4488,.T.);
#5338 = ORIENTED_EDGE('',*,*,#5339,.F.);
#5339 = EDGE_CURVE('',#5312,#4489,#5340,.T.);
#5340 = LINE('',#5341,#5342);
#5341 = CARTESIAN_POINT('',(35.,33.,0.));
#5342 = VECTOR('',#5343,1.);
#5343 = DIRECTION('',(0.,0.,1.));
#5344 = PLANE('',#5345);
#5345 = AXIS2_PLACEMENT_3D('',#5346,#5347,#5348);
#5346 = CARTESIAN_POINT('',(-41.,33.,0.));
#5347 = DIRECTION('',(-0.,1.,0.));
#5348 = DIRECTION('',(0.,0.,1.));
#5349 = ADVANCED_FACE('',(#5350),#5375,.T.);
#5350 = FACE_BOUND('',#5351,.T.);
#5351 = EDGE_LOOP('',(#5352,#5360,#5368,#5374));
#5352 = ORIENTED_EDGE('',*,*,#5353,.T.);
#5353 = EDGE_CURVE('',#5184,#5354,#5356,.T.);
#5354 = VERTEX_POINT('',#5355);
#5355 = CARTESIAN_POINT('',(22.015686516702,34.6,29.75));
#5356 = LINE('',#5357,#5358);
#5357 = CARTESIAN_POINT('',(22.015686516702,-40.,29.75));
#5358 = VECTOR('',#5359,1.);
#5359 = DIRECTION('',(0.,1.,0.));
#5360 = ORIENTED_EDGE('',*,*,#5361,.F.);
#5361 = EDGE_CURVE('',#5362,#5354,#5364,.T.);
#5362 = VERTEX_POINT('',#5363);
#5363 = CARTESIAN_POINT('',(-22.0156865167,34.6,29.75));
#5364 = LINE('',#5365,#5366);
#5365 = CARTESIAN_POINT('',(-42.6,34.6,29.75));
#5366 = VECTOR('',#5367,1.);
#5367 = DIRECTION('',(1.,0.,-0.));
#5368 = ORIENTED_EDGE('',*,*,#5369,.F.);
#5369 = EDGE_CURVE('',#5193,#5362,#5370,.T.);
#5370 = LINE('',#5371,#5372);
#5371 = CARTESIAN_POINT('',(-22.0156865167,-40.,29.75));
#5372 = VECTOR('',#5373,1.);
#5373 = DIRECTION('',(0.,1.,0.));
#5374 = ORIENTED_EDGE('',*,*,#5192,.T.);
#5375 = PLANE('',#5376);
#5376 = AXIS2_PLACEMENT_3D('',#5377,#5378,#5379);
#5377 = CARTESIAN_POINT('',(-42.6,-34.6,29.75));
#5378 = DIRECTION('',(0.,0.,1.));
#5379 = DIRECTION('',(1.,0.,-0.));
#5380 = ADVANCED_FACE('',(#5381),#5408,.T.);
#5381 = FACE_BOUND('',#5382,.T.);
#5382 = EDGE_LOOP('',(#5383,#5393,#5400,#5401));
#5383 = ORIENTED_EDGE('',*,*,#5384,.F.);
#5384 = EDGE_CURVE('',#5385,#5387,#5389,.T.);
#5385 = VERTEX_POINT('',#5386);
#5386 = CARTESIAN_POINT('',(-19.47893817781,34.6,28.6));
#5387 = VERTEX_POINT('',#5388);
#5388 = CARTESIAN_POINT('',(19.478938177817,34.6,28.6));
#5389 = LINE('',#5390,#5391);
#5390 = CARTESIAN_POINT('',(-42.6,34.6,28.6));
#5391 = VECTOR('',#5392,1.);
#5392 = DIRECTION('',(1.,0.,-0.));
#5393 = ORIENTED_EDGE('',*,*,#5394,.F.);
#5394 = EDGE_CURVE('',#5362,#5385,#5395,.T.);
#5395 = CIRCLE('',#5396,8.);
#5396 = AXIS2_PLACEMENT_3D('',#5397,#5398,#5399);
#5397 = CARTESIAN_POINT('',(-24.,34.6,22.));
#5398 = DIRECTION('',(0.,1.,0.));
#5399 = DIRECTION('',(0.,-0.,1.));
#5400 = ORIENTED_EDGE('',*,*,#5361,.T.);
#5401 = ORIENTED_EDGE('',*,*,#5402,.F.);
#5402 = EDGE_CURVE('',#5387,#5354,#5403,.T.);
#5403 = CIRCLE('',#5404,8.);
#5404 = AXIS2_PLACEMENT_3D('',#5405,#5406,#5407);
#5405 = CARTESIAN_POINT('',(24.,34.6,22.));
#5406 = DIRECTION('',(0.,1.,0.));
#5407 = DIRECTION('',(0.,-0.,1.));
#5408 = PLANE('',#5409);
#5409 = AXIS2_PLACEMENT_3D('',#5410,#5411,#5412);
#5410 = CARTESIAN_POINT('',(-42.6,34.6,28.6));
#5411 = DIRECTION('',(-0.,1.,0.));
#5412 = DIRECTION('',(0.,0.,1.));
#5413 = ADVANCED_FACE('',(#5414),#5439,.F.);
#5414 = FACE_BOUND('',#5415,.F.);
#5415 = EDGE_LOOP('',(#5416,#5424,#5425,#5433));
#5416 = ORIENTED_EDGE('',*,*,#5417,.T.);
#5417 = EDGE_CURVE('',#5418,#5387,#5420,.T.);
#5418 = VERTEX_POINT('',#5419);
#5419 = CARTESIAN_POINT('',(19.478938177817,33.,28.6));
#5420 = LINE('',#5421,#5422);
#5421 = CARTESIAN_POINT('',(19.478938177817,-40.,28.6));
#5422 = VECTOR('',#5423,1.);
#5423 = DIRECTION('',(0.,1.,0.));
#5424 = ORIENTED_EDGE('',*,*,#5384,.F.);
#5425 = ORIENTED_EDGE('',*,*,#5426,.F.);
#5426 = EDGE_CURVE('',#5427,#5385,#5429,.T.);
#5427 = VERTEX_POINT('',#5428);
#5428 = CARTESIAN_POINT('',(-19.47893817781,33.,28.6));
#5429 = LINE('',#5430,#5431);
#5430 = CARTESIAN_POINT('',(-19.47893817781,-40.,28.6));
#5431 = VECTOR('',#5432,1.);
#5432 = DIRECTION('',(0.,1.,0.));
#5433 = ORIENTED_EDGE('',*,*,#5434,.T.);
#5434 = EDGE_CURVE('',#5427,#5418,#5435,.T.);
#5435 = LINE('',#5436,#5437);
#5436 = CARTESIAN_POINT('',(-41.8,33.,28.6));
#5437 = VECTOR('',#5438,1.);
#5438 = DIRECTION('',(1.,0.,-0.));
#5439 = PLANE('',#5440);
#5440 = AXIS2_PLACEMENT_3D('',#5441,#5442,#5443);
#5441 = CARTESIAN_POINT('',(-42.6,-34.6,28.6));
#5442 = DIRECTION('',(0.,0.,1.));
#5443 = DIRECTION('',(1.,0.,-0.));
#5444 = ADVANCED_FACE('',(#5445),#5472,.T.);
#5445 = FACE_BOUND('',#5446,.T.);
#5446 = EDGE_LOOP('',(#5447,#5457,#5464,#5465));
#5447 = ORIENTED_EDGE('',*,*,#5448,.F.);
#5448 = EDGE_CURVE('',#5449,#5451,#5453,.T.);
#5449 = VERTEX_POINT('',#5450);
#5450 = CARTESIAN_POINT('',(-16.73518754543,33.,25.35));
#5451 = VERTEX_POINT('',#5452);
#5452 = CARTESIAN_POINT('',(16.735187545435,33.,25.35));
#5453 = LINE('',#5454,#5455);
#5454 = CARTESIAN_POINT('',(-41.8,33.,25.35));
#5455 = VECTOR('',#5456,1.);
#5456 = DIRECTION('',(1.,0.,-0.));
#5457 = ORIENTED_EDGE('',*,*,#5458,.F.);
#5458 = EDGE_CURVE('',#5427,#5449,#5459,.T.);
#5459 = CIRCLE('',#5460,8.);
#5460 = AXIS2_PLACEMENT_3D('',#5461,#5462,#5463);
#5461 = CARTESIAN_POINT('',(-24.,33.,22.));
#5462 = DIRECTION('',(0.,1.,0.));
#5463 = DIRECTION('',(0.,-0.,1.));
#5464 = ORIENTED_EDGE('',*,*,#5434,.T.);
#5465 = ORIENTED_EDGE('',*,*,#5466,.F.);
#5466 = EDGE_CURVE('',#5451,#5418,#5467,.T.);
#5467 = CIRCLE('',#5468,8.);
#5468 = AXIS2_PLACEMENT_3D('',#5469,#5470,#5471);
#5469 = CARTESIAN_POINT('',(24.,33.,22.));
#5470 = DIRECTION('',(0.,1.,0.));
#5471 = DIRECTION('',(0.,-0.,1.));
#5472 = PLANE('',#5473);
#5473 = AXIS2_PLACEMENT_3D('',#5474,#5475,#5476);
#5474 = CARTESIAN_POINT('',(-41.,33.,0.));
#5475 = DIRECTION('',(-0.,1.,0.));
#5476 = DIRECTION('',(0.,0.,1.));
#5477 = ADVANCED_FACE('',(#5478),#5503,.T.);
#5478 = FACE_BOUND('',#5479,.T.);
#5479 = EDGE_LOOP('',(#5480,#5488,#5496,#5502));
#5480 = ORIENTED_EDGE('',*,*,#5481,.T.);
#5481 = EDGE_CURVE('',#5451,#5482,#5484,.T.);
#5482 = VERTEX_POINT('',#5483);
#5483 = CARTESIAN_POINT('',(16.735187545435,34.6,25.35));
#5484 = LINE('',#5485,#5486);
#5485 = CARTESIAN_POINT('',(16.735187545435,-40.,25.35));
#5486 = VECTOR('',#5487,1.);
#5487 = DIRECTION('',(0.,1.,0.));
#5488 = ORIENTED_EDGE('',*,*,#5489,.F.);
#5489 = EDGE_CURVE('',#5490,#5482,#5492,.T.);
#5490 = VERTEX_POINT('',#5491);
#5491 = CARTESIAN_POINT('',(-16.73518754543,34.6,25.35));
#5492 = LINE('',#5493,#5494);
#5493 = CARTESIAN_POINT('',(-42.6,34.6,25.35));
#5494 = VECTOR('',#5495,1.);
#5495 = DIRECTION('',(1.,0.,-0.));
#5496 = ORIENTED_EDGE('',*,*,#5497,.F.);
#5497 = EDGE_CURVE('',#5449,#5490,#5498,.T.);
#5498 = LINE('',#5499,#5500);
#5499 = CARTESIAN_POINT('',(-16.73518754543,-40.,25.35));
#5500 = VECTOR('',#5501,1.);
#5501 = DIRECTION('',(0.,1.,0.));
#5502 = ORIENTED_EDGE('',*,*,#5448,.T.);
#5503 = PLANE('',#5504);
#5504 = AXIS2_PLACEMENT_3D('',#5505,#5506,#5507);
#5505 = CARTESIAN_POINT('',(-42.6,-34.6,25.35));
#5506 = DIRECTION('',(0.,0.,1.));
#5507 = DIRECTION('',(1.,0.,-0.));
#5508 = ADVANCED_FACE('',(#5509),#5536,.T.);
#5509 = FACE_BOUND('',#5510,.T.);
#5510 = EDGE_LOOP('',(#5511,#5521,#5528,#5529));
#5511 = ORIENTED_EDGE('',*,*,#5512,.F.);
#5512 = EDGE_CURVE('',#5513,#5515,#5517,.T.);
#5513 = VERTEX_POINT('',#5514);
#5514 = CARTESIAN_POINT('',(-16.30844619078,34.6,24.2));
#5515 = VERTEX_POINT('',#5516);
#5516 = CARTESIAN_POINT('',(16.308446190788,34.6,24.2));
#5517 = LINE('',#5518,#5519);
#5518 = CARTESIAN_POINT('',(-42.6,34.6,24.2));
#5519 = VECTOR('',#5520,1.);
#5520 = DIRECTION('',(1.,0.,-0.));
#5521 = ORIENTED_EDGE('',*,*,#5522,.F.);
#5522 = EDGE_CURVE('',#5490,#5513,#5523,.T.);
#5523 = CIRCLE('',#5524,8.);
#5524 = AXIS2_PLACEMENT_3D('',#5525,#5526,#5527);
#5525 = CARTESIAN_POINT('',(-24.,34.6,22.));
#5526 = DIRECTION('',(0.,1.,0.));
#5527 = DIRECTION('',(0.,-0.,1.));
#5528 = ORIENTED_EDGE('',*,*,#5489,.T.);
#5529 = ORIENTED_EDGE('',*,*,#5530,.F.);
#5530 = EDGE_CURVE('',#5515,#5482,#5531,.T.);
#5531 = CIRCLE('',#5532,8.);
#5532 = AXIS2_PLACEMENT_3D('',#5533,#5534,#5535);
#5533 = CARTESIAN_POINT('',(24.,34.6,22.));
#5534 = DIRECTION('',(0.,1.,0.));
#5535 = DIRECTION('',(0.,-0.,1.));
#5536 = PLANE('',#5537);
#5537 = AXIS2_PLACEMENT_3D('',#5538,#5539,#5540);
#5538 = CARTESIAN_POINT('',(-42.6,34.6,24.2));
#5539 = DIRECTION('',(-0.,1.,0.));
#5540 = DIRECTION('',(0.,0.,1.));
#5541 = ADVANCED_FACE('',(#5542),#5567,.F.);
#5542 = FACE_BOUND('',#5543,.F.);
#5543 = EDGE_LOOP('',(#5544,#5552,#5553,#5561));
#5544 = ORIENTED_EDGE('',*,*,#5545,.T.);
#5545 = EDGE_CURVE('',#5546,#5515,#5548,.T.);
#5546 = VERTEX_POINT('',#5547);
#5547 = CARTESIAN_POINT('',(16.308446190788,33.,24.2));
#5548 = LINE('',#5549,#5550);
#5549 = CARTESIAN_POINT('',(16.308446190788,-40.,24.2));
#5550 = VECTOR('',#5551,1.);
#5551 = DIRECTION('',(0.,1.,0.));
#5552 = ORIENTED_EDGE('',*,*,#5512,.F.);
#5553 = ORIENTED_EDGE('',*,*,#5554,.F.);
#5554 = EDGE_CURVE('',#5555,#5513,#5557,.T.);
#5555 = VERTEX_POINT('',#5556);
#5556 = CARTESIAN_POINT('',(-16.30844619078,33.,24.2));
#5557 = LINE('',#5558,#5559);
#5558 = CARTESIAN_POINT('',(-16.30844619078,-40.,24.2));
#5559 = VECTOR('',#5560,1.);
#5560 = DIRECTION('',(0.,1.,0.));
#5561 = ORIENTED_EDGE('',*,*,#5562,.T.);
#5562 = EDGE_CURVE('',#5555,#5546,#5563,.T.);
#5563 = LINE('',#5564,#5565);
#5564 = CARTESIAN_POINT('',(-41.8,33.,24.2));
#5565 = VECTOR('',#5566,1.);
#5566 = DIRECTION('',(1.,0.,-0.));
#5567 = PLANE('',#5568);
#5568 = AXIS2_PLACEMENT_3D('',#5569,#5570,#5571);
#5569 = CARTESIAN_POINT('',(-42.6,-34.6,24.2));
#5570 = DIRECTION('',(0.,0.,1.));
#5571 = DIRECTION('',(1.,0.,-0.));
#5572 = ADVANCED_FACE('',(#5573),#5598,.T.);
#5573 = FACE_BOUND('',#5574,.T.);
#5574 = EDGE_LOOP('',(#5575,#5581,#5582,#5589,#5590,#5597));
#5575 = ORIENTED_EDGE('',*,*,#5576,.F.);
#5576 = EDGE_CURVE('',#1817,#2088,#5577,.T.);
#5577 = LINE('',#5578,#5579);
#5578 = CARTESIAN_POINT('',(-41.8,33.,20.95));
#5579 = VECTOR('',#5580,1.);
#5580 = DIRECTION('',(1.,0.,-0.));
#5581 = ORIENTED_EDGE('',*,*,#1824,.F.);
#5582 = ORIENTED_EDGE('',*,*,#5583,.F.);
#5583 = EDGE_CURVE('',#5555,#1825,#5584,.T.);
#5584 = CIRCLE('',#5585,8.);
#5585 = AXIS2_PLACEMENT_3D('',#5586,#5587,#5588);
#5586 = CARTESIAN_POINT('',(-24.,33.,22.));
#5587 = DIRECTION('',(0.,1.,0.));
#5588 = DIRECTION('',(0.,-0.,1.));
#5589 = ORIENTED_EDGE('',*,*,#5562,.T.);
#5590 = ORIENTED_EDGE('',*,*,#5591,.F.);
#5591 = EDGE_CURVE('',#2096,#5546,#5592,.T.);
#5592 = CIRCLE('',#5593,8.);
#5593 = AXIS2_PLACEMENT_3D('',#5594,#5595,#5596);
#5594 = CARTESIAN_POINT('',(24.,33.,22.));
#5595 = DIRECTION('',(0.,1.,0.));
#5596 = DIRECTION('',(0.,-0.,1.));
#5597 = ORIENTED_EDGE('',*,*,#2095,.T.);
#5598 = PLANE('',#5599);
#5599 = AXIS2_PLACEMENT_3D('',#5600,#5601,#5602);
#5600 = CARTESIAN_POINT('',(-41.,33.,0.));
#5601 = DIRECTION('',(-0.,1.,0.));
#5602 = DIRECTION('',(0.,0.,1.));
#5603 = ADVANCED_FACE('',(#5604),#5615,.T.);
#5604 = FACE_BOUND('',#5605,.T.);
#5605 = EDGE_LOOP('',(#5606,#5607,#5613,#5614));
#5606 = ORIENTED_EDGE('',*,*,#2087,.T.);
#5607 = ORIENTED_EDGE('',*,*,#5608,.F.);
#5608 = EDGE_CURVE('',#1809,#2080,#5609,.T.);
#5609 = LINE('',#5610,#5611);
#5610 = CARTESIAN_POINT('',(-42.6,34.6,20.95));
#5611 = VECTOR('',#5612,1.);
#5612 = DIRECTION('',(1.,0.,-0.));
#5613 = ORIENTED_EDGE('',*,*,#1816,.F.);
#5614 = ORIENTED_EDGE('',*,*,#5576,.T.);
#5615 = PLANE('',#5616);
#5616 = AXIS2_PLACEMENT_3D('',#5617,#5618,#5619);
#5617 = CARTESIAN_POINT('',(-42.6,-34.6,20.95));
#5618 = DIRECTION('',(0.,0.,1.));
#5619 = DIRECTION('',(1.,0.,-0.));
#5620 = ADVANCED_FACE('',(#5621),#5632,.T.);
#5621 = FACE_BOUND('',#5622,.T.);
#5622 = EDGE_LOOP('',(#5623,#5629,#5630,#5631));
#5623 = ORIENTED_EDGE('',*,*,#5624,.F.);
#5624 = EDGE_CURVE('',#1801,#2072,#5625,.T.);
#5625 = LINE('',#5626,#5627);
#5626 = CARTESIAN_POINT('',(-42.6,34.6,19.8));
#5627 = VECTOR('',#5628,1.);
#5628 = DIRECTION('',(1.,0.,-0.));
#5629 = ORIENTED_EDGE('',*,*,#1808,.F.);
#5630 = ORIENTED_EDGE('',*,*,#5608,.T.);
#5631 = ORIENTED_EDGE('',*,*,#2079,.T.);
#5632 = PLANE('',#5633);
#5633 = AXIS2_PLACEMENT_3D('',#5634,#5635,#5636);
#5634 = CARTESIAN_POINT('',(-42.6,34.6,19.8));
#5635 = DIRECTION('',(-0.,1.,0.));
#5636 = DIRECTION('',(0.,0.,1.));
#5637 = ADVANCED_FACE('',(#5638),#5649,.F.);
#5638 = FACE_BOUND('',#5639,.F.);
#5639 = EDGE_LOOP('',(#5640,#5641,#5642,#5643));
#5640 = ORIENTED_EDGE('',*,*,#2071,.T.);
#5641 = ORIENTED_EDGE('',*,*,#5624,.F.);
#5642 = ORIENTED_EDGE('',*,*,#1800,.F.);
#5643 = ORIENTED_EDGE('',*,*,#5644,.T.);
#5644 = EDGE_CURVE('',#1793,#2064,#5645,.T.);
#5645 = LINE('',#5646,#5647);
#5646 = CARTESIAN_POINT('',(-41.8,33.,19.8));
#5647 = VECTOR('',#5648,1.);
#5648 = DIRECTION('',(1.,0.,-0.));
#5649 = PLANE('',#5650);
#5650 = AXIS2_PLACEMENT_3D('',#5651,#5652,#5653);
#5651 = CARTESIAN_POINT('',(-42.6,-34.6,19.8));
#5652 = DIRECTION('',(0.,0.,1.));
#5653 = DIRECTION('',(1.,0.,-0.));
#5654 = ADVANCED_FACE('',(#5655),#5666,.T.);
#5655 = FACE_BOUND('',#5656,.T.);
#5656 = EDGE_LOOP('',(#5657,#5663,#5664,#5665));
#5657 = ORIENTED_EDGE('',*,*,#5658,.F.);
#5658 = EDGE_CURVE('',#1785,#2056,#5659,.T.);
#5659 = LINE('',#5660,#5661);
#5660 = CARTESIAN_POINT('',(-41.8,33.,16.55));
#5661 = VECTOR('',#5662,1.);
#5662 = DIRECTION('',(1.,0.,-0.));
#5663 = ORIENTED_EDGE('',*,*,#1792,.F.);
#5664 = ORIENTED_EDGE('',*,*,#5644,.T.);
#5665 = ORIENTED_EDGE('',*,*,#2063,.T.);
#5666 = PLANE('',#5667);
#5667 = AXIS2_PLACEMENT_3D('',#5668,#5669,#5670);
#5668 = CARTESIAN_POINT('',(-41.,33.,0.));
#5669 = DIRECTION('',(-0.,1.,0.));
#5670 = DIRECTION('',(0.,0.,1.));
#5671 = ADVANCED_FACE('',(#5672),#5683,.T.);
#5672 = FACE_BOUND('',#5673,.T.);
#5673 = EDGE_LOOP('',(#5674,#5675,#5681,#5682));
#5674 = ORIENTED_EDGE('',*,*,#2055,.T.);
#5675 = ORIENTED_EDGE('',*,*,#5676,.F.);
#5676 = EDGE_CURVE('',#1777,#2048,#5677,.T.);
#5677 = LINE('',#5678,#5679);
#5678 = CARTESIAN_POINT('',(-42.6,34.6,16.55));
#5679 = VECTOR('',#5680,1.);
#5680 = DIRECTION('',(1.,0.,-0.));
#5681 = ORIENTED_EDGE('',*,*,#1784,.F.);
#5682 = ORIENTED_EDGE('',*,*,#5658,.T.);
#5683 = PLANE('',#5684);
#5684 = AXIS2_PLACEMENT_3D('',#5685,#5686,#5687);
#5685 = CARTESIAN_POINT('',(-42.6,-34.6,16.55));
#5686 = DIRECTION('',(0.,0.,1.));
#5687 = DIRECTION('',(1.,0.,-0.));
#5688 = ADVANCED_FACE('',(#5689),#5700,.T.);
#5689 = FACE_BOUND('',#5690,.T.);
#5690 = EDGE_LOOP('',(#5691,#5697,#5698,#5699));
#5691 = ORIENTED_EDGE('',*,*,#5692,.F.);
#5692 = EDGE_CURVE('',#1769,#2040,#5693,.T.);
#5693 = LINE('',#5694,#5695);
#5694 = CARTESIAN_POINT('',(-42.6,34.6,15.4));
#5695 = VECTOR('',#5696,1.);
#5696 = DIRECTION('',(1.,0.,-0.));
#5697 = ORIENTED_EDGE('',*,*,#1776,.F.);
#5698 = ORIENTED_EDGE('',*,*,#5676,.T.);
#5699 = ORIENTED_EDGE('',*,*,#2047,.T.);
#5700 = PLANE('',#5701);
#5701 = AXIS2_PLACEMENT_3D('',#5702,#5703,#5704);
#5702 = CARTESIAN_POINT('',(-42.6,34.6,15.4));
#5703 = DIRECTION('',(-0.,1.,0.));
#5704 = DIRECTION('',(0.,0.,1.));
#5705 = ADVANCED_FACE('',(#5706),#5717,.F.);
#5706 = FACE_BOUND('',#5707,.F.);
#5707 = EDGE_LOOP('',(#5708,#5709,#5710,#5711));
#5708 = ORIENTED_EDGE('',*,*,#2039,.T.);
#5709 = ORIENTED_EDGE('',*,*,#5692,.F.);
#5710 = ORIENTED_EDGE('',*,*,#1768,.F.);
#5711 = ORIENTED_EDGE('',*,*,#5712,.T.);
#5712 = EDGE_CURVE('',#1761,#2032,#5713,.T.);
#5713 = LINE('',#5714,#5715);
#5714 = CARTESIAN_POINT('',(-41.8,33.,15.4));
#5715 = VECTOR('',#5716,1.);
#5716 = DIRECTION('',(1.,0.,-0.));
#5717 = PLANE('',#5718);
#5718 = AXIS2_PLACEMENT_3D('',#5719,#5720,#5721);
#5719 = CARTESIAN_POINT('',(-42.6,-34.6,15.4));
#5720 = DIRECTION('',(0.,0.,1.));
#5721 = DIRECTION('',(1.,0.,-0.));
#5722 = ADVANCED_FACE('',(#5723),#5734,.T.);
#5723 = FACE_BOUND('',#5724,.T.);
#5724 = EDGE_LOOP('',(#5725,#5731,#5732,#5733));
#5725 = ORIENTED_EDGE('',*,*,#5726,.F.);
#5726 = EDGE_CURVE('',#1753,#2024,#5727,.T.);
#5727 = LINE('',#5728,#5729);
#5728 = CARTESIAN_POINT('',(-41.8,33.,12.15));
#5729 = VECTOR('',#5730,1.);
#5730 = DIRECTION('',(1.,0.,-0.));
#5731 = ORIENTED_EDGE('',*,*,#1760,.F.);
#5732 = ORIENTED_EDGE('',*,*,#5712,.T.);
#5733 = ORIENTED_EDGE('',*,*,#2031,.T.);
#5734 = PLANE('',#5735);
#5735 = AXIS2_PLACEMENT_3D('',#5736,#5737,#5738);
#5736 = CARTESIAN_POINT('',(-41.,33.,0.));
#5737 = DIRECTION('',(-0.,1.,0.));
#5738 = DIRECTION('',(0.,0.,1.));
#5739 = ADVANCED_FACE('',(#5740),#5751,.T.);
#5740 = FACE_BOUND('',#5741,.T.);
#5741 = EDGE_LOOP('',(#5742,#5743,#5749,#5750));
#5742 = ORIENTED_EDGE('',*,*,#2023,.T.);
#5743 = ORIENTED_EDGE('',*,*,#5744,.F.);
#5744 = EDGE_CURVE('',#1745,#2016,#5745,.T.);
#5745 = LINE('',#5746,#5747);
#5746 = CARTESIAN_POINT('',(-42.6,34.6,12.15));
#5747 = VECTOR('',#5748,1.);
#5748 = DIRECTION('',(1.,0.,-0.));
#5749 = ORIENTED_EDGE('',*,*,#1752,.F.);
#5750 = ORIENTED_EDGE('',*,*,#5726,.T.);
#5751 = PLANE('',#5752);
#5752 = AXIS2_PLACEMENT_3D('',#5753,#5754,#5755);
#5753 = CARTESIAN_POINT('',(-42.6,-34.6,12.15));
#5754 = DIRECTION('',(0.,0.,1.));
#5755 = DIRECTION('',(1.,0.,-0.));
#5756 = ADVANCED_FACE('',(#5757),#5768,.T.);
#5757 = FACE_BOUND('',#5758,.T.);
#5758 = EDGE_LOOP('',(#5759,#5765,#5766,#5767));
#5759 = ORIENTED_EDGE('',*,*,#5760,.F.);
#5760 = EDGE_CURVE('',#1737,#2008,#5761,.T.);
#5761 = LINE('',#5762,#5763);
#5762 = CARTESIAN_POINT('',(-42.6,34.6,11.));
#5763 = VECTOR('',#5764,1.);
#5764 = DIRECTION('',(1.,0.,-0.));
#5765 = ORIENTED_EDGE('',*,*,#1744,.F.);
#5766 = ORIENTED_EDGE('',*,*,#5744,.T.);
#5767 = ORIENTED_EDGE('',*,*,#2015,.T.);
#5768 = PLANE('',#5769);
#5769 = AXIS2_PLACEMENT_3D('',#5770,#5771,#5772);
#5770 = CARTESIAN_POINT('',(-42.6,34.6,11.));
#5771 = DIRECTION('',(-0.,1.,0.));
#5772 = DIRECTION('',(0.,0.,1.));
#5773 = ADVANCED_FACE('',(#5774),#5780,.F.);
#5774 = FACE_BOUND('',#5775,.F.);
#5775 = EDGE_LOOP('',(#5776,#5777,#5778,#5779));
#5776 = ORIENTED_EDGE('',*,*,#2007,.T.);
#5777 = ORIENTED_EDGE('',*,*,#5760,.F.);
#5778 = ORIENTED_EDGE('',*,*,#1736,.F.);
#5779 = ORIENTED_EDGE('',*,*,#5329,.T.);
#5780 = PLANE('',#5781);
#5781 = AXIS2_PLACEMENT_3D('',#5782,#5783,#5784);
#5782 = CARTESIAN_POINT('',(-42.6,-34.6,11.));
#5783 = DIRECTION('',(0.,0.,1.));
#5784 = DIRECTION('',(1.,0.,-0.));
#5785 = ADVANCED_FACE('',(#5786),#5803,.T.);
#5786 = FACE_BOUND('',#5787,.T.);
#5787 = EDGE_LOOP('',(#5788,#5789,#5796,#5797));
#5788 = ORIENTED_EDGE('',*,*,#4267,.F.);
#5789 = ORIENTED_EDGE('',*,*,#5790,.F.);
#5790 = EDGE_CURVE('',#4390,#4268,#5791,.T.);
#5791 = CIRCLE('',#5792,8.);
#5792 = AXIS2_PLACEMENT_3D('',#5793,#5794,#5795);
#5793 = CARTESIAN_POINT('',(24.,34.6,22.));
#5794 = DIRECTION('',(0.,1.,0.));
#5795 = DIRECTION('',(0.,-0.,1.));
#5796 = ORIENTED_EDGE('',*,*,#4389,.T.);
#5797 = ORIENTED_EDGE('',*,*,#5798,.F.);
#5798 = EDGE_CURVE('',#4259,#4381,#5799,.T.);
#5799 = LINE('',#5800,#5801);
#5800 = CARTESIAN_POINT('',(35.6,34.6,28.6));
#5801 = VECTOR('',#5802,1.);
#5802 = DIRECTION('',(0.,0.,1.));
#5803 = PLANE('',#5804);
#5804 = AXIS2_PLACEMENT_3D('',#5805,#5806,#5807);
#5805 = CARTESIAN_POINT('',(-42.6,34.6,28.6));
#5806 = DIRECTION('',(-0.,1.,0.));
#5807 = DIRECTION('',(0.,0.,1.));
#5808 = ADVANCED_FACE('',(#5809),#5826,.T.);
#5809 = FACE_BOUND('',#5810,.T.);
#5810 = EDGE_LOOP('',(#5811,#5812,#5819,#5820));
#5811 = ORIENTED_EDGE('',*,*,#4145,.F.);
#5812 = ORIENTED_EDGE('',*,*,#5813,.F.);
#5813 = EDGE_CURVE('',#4276,#4138,#5814,.T.);
#5814 = CIRCLE('',#5815,8.);
#5815 = AXIS2_PLACEMENT_3D('',#5816,#5817,#5818);
#5816 = CARTESIAN_POINT('',(24.,33.,22.));
#5817 = DIRECTION('',(0.,1.,0.));
#5818 = DIRECTION('',(0.,-0.,1.));
#5819 = ORIENTED_EDGE('',*,*,#4283,.T.);
#5820 = ORIENTED_EDGE('',*,*,#5821,.F.);
#5821 = EDGE_CURVE('',#4146,#4284,#5822,.T.);
#5822 = LINE('',#5823,#5824);
#5823 = CARTESIAN_POINT('',(35.,33.,0.));
#5824 = VECTOR('',#5825,1.);
#5825 = DIRECTION('',(0.,0.,1.));
#5826 = PLANE('',#5827);
#5827 = AXIS2_PLACEMENT_3D('',#5828,#5829,#5830);
#5828 = CARTESIAN_POINT('',(-41.,33.,0.));
#5829 = DIRECTION('',(-0.,1.,0.));
#5830 = DIRECTION('',(0.,0.,1.));
#5831 = ADVANCED_FACE('',(#5832),#5849,.T.);
#5832 = FACE_BOUND('',#5833,.T.);
#5833 = EDGE_LOOP('',(#5834,#5835,#5842,#5843));
#5834 = ORIENTED_EDGE('',*,*,#4005,.F.);
#5835 = ORIENTED_EDGE('',*,*,#5836,.F.);
#5836 = EDGE_CURVE('',#4130,#4006,#5837,.T.);
#5837 = CIRCLE('',#5838,8.);
#5838 = AXIS2_PLACEMENT_3D('',#5839,#5840,#5841);
#5839 = CARTESIAN_POINT('',(24.,34.6,22.));
#5840 = DIRECTION('',(0.,1.,0.));
#5841 = DIRECTION('',(0.,-0.,1.));
#5842 = ORIENTED_EDGE('',*,*,#4129,.T.);
#5843 = ORIENTED_EDGE('',*,*,#5844,.F.);
#5844 = EDGE_CURVE('',#3997,#4121,#5845,.T.);
#5845 = LINE('',#5846,#5847);
#5846 = CARTESIAN_POINT('',(35.6,34.6,24.2));
#5847 = VECTOR('',#5848,1.);
#5848 = DIRECTION('',(0.,0.,1.));
#5849 = PLANE('',#5850);
#5850 = AXIS2_PLACEMENT_3D('',#5851,#5852,#5853);
#5851 = CARTESIAN_POINT('',(-42.6,34.6,24.2));
#5852 = DIRECTION('',(-0.,1.,0.));
#5853 = DIRECTION('',(0.,0.,1.));
#5854 = ADVANCED_FACE('',(#5855),#5873,.T.);
#5855 = FACE_BOUND('',#5856,.T.);
#5856 = EDGE_LOOP('',(#5857,#5858,#5859,#5866,#5867));
#5857 = ORIENTED_EDGE('',*,*,#5016,.F.);
#5858 = ORIENTED_EDGE('',*,*,#1951,.F.);
#5859 = ORIENTED_EDGE('',*,*,#5860,.F.);
#5860 = EDGE_CURVE('',#4014,#1952,#5861,.T.);
#5861 = CIRCLE('',#5862,8.);
#5862 = AXIS2_PLACEMENT_3D('',#5863,#5864,#5865);
#5863 = CARTESIAN_POINT('',(24.,33.,22.));
#5864 = DIRECTION('',(0.,1.,0.));
#5865 = DIRECTION('',(0.,-0.,1.));
#5866 = ORIENTED_EDGE('',*,*,#4021,.T.);
#5867 = ORIENTED_EDGE('',*,*,#5868,.F.);
#5868 = EDGE_CURVE('',#5017,#4022,#5869,.T.);
#5869 = LINE('',#5870,#5871);
#5870 = CARTESIAN_POINT('',(35.,33.,0.));
#5871 = VECTOR('',#5872,1.);
#5872 = DIRECTION('',(0.,0.,1.));
#5873 = PLANE('',#5874);
#5874 = AXIS2_PLACEMENT_3D('',#5875,#5876,#5877);
#5875 = CARTESIAN_POINT('',(-41.,33.,0.));
#5876 = DIRECTION('',(-0.,1.,0.));
#5877 = DIRECTION('',(0.,0.,1.));
#5878 = ADVANCED_FACE('',(#5879),#5890,.T.);
#5879 = FACE_BOUND('',#5880,.T.);
#5880 = EDGE_LOOP('',(#5881,#5882,#5883,#5884));
#5881 = ORIENTED_EDGE('',*,*,#4909,.F.);
#5882 = ORIENTED_EDGE('',*,*,#1935,.F.);
#5883 = ORIENTED_EDGE('',*,*,#5009,.T.);
#5884 = ORIENTED_EDGE('',*,*,#5885,.F.);
#5885 = EDGE_CURVE('',#4901,#5001,#5886,.T.);
#5886 = LINE('',#5887,#5888);
#5887 = CARTESIAN_POINT('',(35.6,34.6,19.8));
#5888 = VECTOR('',#5889,1.);
#5889 = DIRECTION('',(0.,0.,1.));
#5890 = PLANE('',#5891);
#5891 = AXIS2_PLACEMENT_3D('',#5892,#5893,#5894);
#5892 = CARTESIAN_POINT('',(-42.6,34.6,19.8));
#5893 = DIRECTION('',(-0.,1.,0.));
#5894 = DIRECTION('',(0.,0.,1.));
#5895 = ADVANCED_FACE('',(#5896),#5907,.T.);
#5896 = FACE_BOUND('',#5897,.T.);
#5897 = EDGE_LOOP('',(#5898,#5899,#5900,#5901));
#5898 = ORIENTED_EDGE('',*,*,#4802,.F.);
#5899 = ORIENTED_EDGE('',*,*,#1919,.F.);
#5900 = ORIENTED_EDGE('',*,*,#4916,.T.);
#5901 = ORIENTED_EDGE('',*,*,#5902,.F.);
#5902 = EDGE_CURVE('',#4803,#4917,#5903,.T.);
#5903 = LINE('',#5904,#5905);
#5904 = CARTESIAN_POINT('',(35.,33.,0.));
#5905 = VECTOR('',#5906,1.);
#5906 = DIRECTION('',(0.,0.,1.));
#5907 = PLANE('',#5908);
#5908 = AXIS2_PLACEMENT_3D('',#5909,#5910,#5911);
#5909 = CARTESIAN_POINT('',(-41.,33.,0.));
#5910 = DIRECTION('',(-0.,1.,0.));
#5911 = DIRECTION('',(0.,0.,1.));
#5912 = ADVANCED_FACE('',(#5913),#5924,.T.);
#5913 = FACE_BOUND('',#5914,.T.);
#5914 = EDGE_LOOP('',(#5915,#5916,#5917,#5918));
#5915 = ORIENTED_EDGE('',*,*,#4695,.F.);
#5916 = ORIENTED_EDGE('',*,*,#1903,.F.);
#5917 = ORIENTED_EDGE('',*,*,#4795,.T.);
#5918 = ORIENTED_EDGE('',*,*,#5919,.F.);
#5919 = EDGE_CURVE('',#4687,#4787,#5920,.T.);
#5920 = LINE('',#5921,#5922);
#5921 = CARTESIAN_POINT('',(35.6,34.6,15.4));
#5922 = VECTOR('',#5923,1.);
#5923 = DIRECTION('',(0.,0.,1.));
#5924 = PLANE('',#5925);
#5925 = AXIS2_PLACEMENT_3D('',#5926,#5927,#5928);
#5926 = CARTESIAN_POINT('',(-42.6,34.6,15.4));
#5927 = DIRECTION('',(-0.,1.,0.));
#5928 = DIRECTION('',(0.,0.,1.));
#5929 = ADVANCED_FACE('',(#5930),#5941,.T.);
#5930 = FACE_BOUND('',#5931,.T.);
#5931 = EDGE_LOOP('',(#5932,#5933,#5934,#5935));
#5932 = ORIENTED_EDGE('',*,*,#4588,.F.);
#5933 = ORIENTED_EDGE('',*,*,#1887,.F.);
#5934 = ORIENTED_EDGE('',*,*,#4702,.T.);
#5935 = ORIENTED_EDGE('',*,*,#5936,.F.);
#5936 = EDGE_CURVE('',#4589,#4703,#5937,.T.);
#5937 = LINE('',#5938,#5939);
#5938 = CARTESIAN_POINT('',(35.,33.,0.));
#5939 = VECTOR('',#5940,1.);
#5940 = DIRECTION('',(0.,0.,1.));
#5941 = PLANE('',#5942);
#5942 = AXIS2_PLACEMENT_3D('',#5943,#5944,#5945);
#5943 = CARTESIAN_POINT('',(-41.,33.,0.));
#5944 = DIRECTION('',(-0.,1.,0.));
#5945 = DIRECTION('',(0.,0.,1.));
#5946 = ADVANCED_FACE('',(#5947),#5958,.T.);
#5947 = FACE_BOUND('',#5948,.T.);
#5948 = EDGE_LOOP('',(#5949,#5950,#5951,#5952));
#5949 = ORIENTED_EDGE('',*,*,#4481,.F.);
#5950 = ORIENTED_EDGE('',*,*,#1871,.F.);
#5951 = ORIENTED_EDGE('',*,*,#4581,.T.);
#5952 = ORIENTED_EDGE('',*,*,#5953,.F.);
#5953 = EDGE_CURVE('',#4473,#4573,#5954,.T.);
#5954 = LINE('',#5955,#5956);
#5955 = CARTESIAN_POINT('',(35.6,34.6,11.));
#5956 = VECTOR('',#5957,1.);
#5957 = DIRECTION('',(0.,0.,1.));
#5958 = PLANE('',#5959);
#5959 = AXIS2_PLACEMENT_3D('',#5960,#5961,#5962);
#5960 = CARTESIAN_POINT('',(-42.6,34.6,11.));
#5961 = DIRECTION('',(-0.,1.,0.));
#5962 = DIRECTION('',(0.,0.,1.));
#5963 = ADVANCED_FACE('',(#5964),#5989,.F.);
#5964 = FACE_BOUND('',#5965,.F.);
#5965 = EDGE_LOOP('',(#5966,#5967,#5975,#5983));
#5966 = ORIENTED_EDGE('',*,*,#2127,.T.);
#5967 = ORIENTED_EDGE('',*,*,#5968,.F.);
#5968 = EDGE_CURVE('',#5969,#2130,#5971,.T.);
#5969 = VERTEX_POINT('',#5970);
#5970 = CARTESIAN_POINT('',(-41.,-27.,47.35));
#5971 = LINE('',#5972,#5973);
#5972 = CARTESIAN_POINT('',(-41.,-27.,0.));
#5973 = VECTOR('',#5974,1.);
#5974 = DIRECTION('',(0.,0.,1.));
#5975 = ORIENTED_EDGE('',*,*,#5976,.F.);
#5976 = EDGE_CURVE('',#5977,#5969,#5979,.T.);
#5977 = VERTEX_POINT('',#5978);
#5978 = CARTESIAN_POINT('',(-41.,27.,47.35));
#5979 = LINE('',#5980,#5981);
#5980 = CARTESIAN_POINT('',(-41.,-33.8,47.35));
#5981 = VECTOR('',#5982,1.);
#5982 = DIRECTION('',(0.,-1.,0.));
#5983 = ORIENTED_EDGE('',*,*,#5984,.T.);
#5984 = EDGE_CURVE('',#5977,#2128,#5985,.T.);
#5985 = LINE('',#5986,#5987);
#5986 = CARTESIAN_POINT('',(-41.,27.,0.));
#5987 = VECTOR('',#5988,1.);
#5988 = DIRECTION('',(0.,0.,1.));
#5989 = PLANE('',#5990);
#5990 = AXIS2_PLACEMENT_3D('',#5991,#5992,#5993);
#5991 = CARTESIAN_POINT('',(-41.,-33.,0.));
#5992 = DIRECTION('',(1.,0.,-0.));
#5993 = DIRECTION('',(0.,0.,1.));
#5994 = ADVANCED_FACE('',(#5995),#6014,.T.);
#5995 = FACE_BOUND('',#5996,.T.);
#5996 = EDGE_LOOP('',(#5997,#5998,#6007,#6013));
#5997 = ORIENTED_EDGE('',*,*,#5968,.F.);
#5998 = ORIENTED_EDGE('',*,*,#5999,.T.);
#5999 = EDGE_CURVE('',#5969,#6000,#6002,.T.);
#6000 = VERTEX_POINT('',#6001);
#6001 = CARTESIAN_POINT('',(-35.,-33.,47.35));
#6002 = CIRCLE('',#6003,6.);
#6003 = AXIS2_PLACEMENT_3D('',#6004,#6005,#6006);
#6004 = CARTESIAN_POINT('',(-35.,-27.,47.35));
#6005 = DIRECTION('',(0.,0.,1.));
#6006 = DIRECTION('',(-1.,-0.,0.));
#6007 = ORIENTED_EDGE('',*,*,#6008,.T.);
#6008 = EDGE_CURVE('',#6000,#2181,#6009,.T.);
#6009 = LINE('',#6010,#6011);
#6010 = CARTESIAN_POINT('',(-35.,-33.,0.));
#6011 = VECTOR('',#6012,1.);
#6012 = DIRECTION('',(0.,0.,1.));
#6013 = ORIENTED_EDGE('',*,*,#2188,.F.);
#6014 = CYLINDRICAL_SURFACE('',#6015,6.);
#6015 = AXIS2_PLACEMENT_3D('',#6016,#6017,#6018);
#6016 = CARTESIAN_POINT('',(-35.,-27.,0.));
#6017 = DIRECTION('',(0.,0.,1.));
#6018 = DIRECTION('',(-1.,-0.,0.));
#6019 = ADVANCED_FACE('',(#6020),#6038,.F.);
#6020 = FACE_BOUND('',#6021,.F.);
#6021 = EDGE_LOOP('',(#6022,#6030,#6031,#6032));
#6022 = ORIENTED_EDGE('',*,*,#6023,.F.);
#6023 = EDGE_CURVE('',#6000,#6024,#6026,.T.);
#6024 = VERTEX_POINT('',#6025);
#6025 = CARTESIAN_POINT('',(35.,-33.,47.35));
#6026 = LINE('',#6027,#6028);
#6027 = CARTESIAN_POINT('',(-41.8,-33.,47.35));
#6028 = VECTOR('',#6029,1.);
#6029 = DIRECTION('',(1.,0.,-0.));
#6030 = ORIENTED_EDGE('',*,*,#6008,.T.);
#6031 = ORIENTED_EDGE('',*,*,#2180,.T.);
#6032 = ORIENTED_EDGE('',*,*,#6033,.F.);
#6033 = EDGE_CURVE('',#6024,#2172,#6034,.T.);
#6034 = LINE('',#6035,#6036);
#6035 = CARTESIAN_POINT('',(35.,-33.,0.));
#6036 = VECTOR('',#6037,1.);
#6037 = DIRECTION('',(0.,0.,1.));
#6038 = PLANE('',#6039);
#6039 = AXIS2_PLACEMENT_3D('',#6040,#6041,#6042);
#6040 = CARTESIAN_POINT('',(-41.,-33.,0.));
#6041 = DIRECTION('',(-0.,1.,0.));
#6042 = DIRECTION('',(0.,0.,1.));
#6043 = ADVANCED_FACE('',(#6044),#6063,.T.);
#6044 = FACE_BOUND('',#6045,.F.);
#6045 = EDGE_LOOP('',(#6046,#6054,#6061,#6062));
#6046 = ORIENTED_EDGE('',*,*,#6047,.F.);
#6047 = EDGE_CURVE('',#6048,#2164,#6050,.T.);
#6048 = VERTEX_POINT('',#6049);
#6049 = CARTESIAN_POINT('',(41.,-27.,47.35));
#6050 = LINE('',#6051,#6052);
#6051 = CARTESIAN_POINT('',(41.,-27.,0.));
#6052 = VECTOR('',#6053,1.);
#6053 = DIRECTION('',(0.,0.,1.));
#6054 = ORIENTED_EDGE('',*,*,#6055,.F.);
#6055 = EDGE_CURVE('',#6024,#6048,#6056,.T.);
#6056 = CIRCLE('',#6057,6.);
#6057 = AXIS2_PLACEMENT_3D('',#6058,#6059,#6060);
#6058 = CARTESIAN_POINT('',(35.,-27.,47.35));
#6059 = DIRECTION('',(0.,0.,1.));
#6060 = DIRECTION('',(1.,0.,-0.));
#6061 = ORIENTED_EDGE('',*,*,#6033,.T.);
#6062 = ORIENTED_EDGE('',*,*,#2171,.T.);
#6063 = CYLINDRICAL_SURFACE('',#6064,6.);
#6064 = AXIS2_PLACEMENT_3D('',#6065,#6066,#6067);
#6065 = CARTESIAN_POINT('',(35.,-27.,0.));
#6066 = DIRECTION('',(0.,0.,1.));
#6067 = DIRECTION('',(1.,0.,-0.));
#6068 = ADVANCED_FACE('',(#6069),#6087,.T.);
#6069 = FACE_BOUND('',#6070,.T.);
#6070 = EDGE_LOOP('',(#6071,#6072,#6073,#6081));
#6071 = ORIENTED_EDGE('',*,*,#2163,.T.);
#6072 = ORIENTED_EDGE('',*,*,#6047,.F.);
#6073 = ORIENTED_EDGE('',*,*,#6074,.F.);
#6074 = EDGE_CURVE('',#6075,#6048,#6077,.T.);
#6075 = VERTEX_POINT('',#6076);
#6076 = CARTESIAN_POINT('',(41.,27.,47.35));
#6077 = LINE('',#6078,#6079);
#6078 = CARTESIAN_POINT('',(41.,-33.8,47.35));
#6079 = VECTOR('',#6080,1.);
#6080 = DIRECTION('',(0.,-1.,0.));
#6081 = ORIENTED_EDGE('',*,*,#6082,.T.);
#6082 = EDGE_CURVE('',#6075,#2155,#6083,.T.);
#6083 = LINE('',#6084,#6085);
#6084 = CARTESIAN_POINT('',(41.,27.,0.));
#6085 = VECTOR('',#6086,1.);
#6086 = DIRECTION('',(0.,0.,1.));
#6087 = PLANE('',#6088);
#6088 = AXIS2_PLACEMENT_3D('',#6089,#6090,#6091);
#6089 = CARTESIAN_POINT('',(41.,-33.,0.));
#6090 = DIRECTION('',(1.,0.,-0.));
#6091 = DIRECTION('',(0.,0.,1.));
#6092 = ADVANCED_FACE('',(#6093),#6112,.T.);
#6093 = FACE_BOUND('',#6094,.T.);
#6094 = EDGE_LOOP('',(#6095,#6096,#6105,#6111));
#6095 = ORIENTED_EDGE('',*,*,#6082,.F.);
#6096 = ORIENTED_EDGE('',*,*,#6097,.T.);
#6097 = EDGE_CURVE('',#6075,#6098,#6100,.T.);
#6098 = VERTEX_POINT('',#6099);
#6099 = CARTESIAN_POINT('',(35.,33.,47.35));
#6100 = CIRCLE('',#6101,6.);
#6101 = AXIS2_PLACEMENT_3D('',#6102,#6103,#6104);
#6102 = CARTESIAN_POINT('',(35.,27.,47.35));
#6103 = DIRECTION('',(0.,0.,1.));
#6104 = DIRECTION('',(1.,0.,-0.));
#6105 = ORIENTED_EDGE('',*,*,#6106,.T.);
#6106 = EDGE_CURVE('',#6098,#2147,#6107,.T.);
#6107 = LINE('',#6108,#6109);
#6108 = CARTESIAN_POINT('',(35.,33.,0.));
#6109 = VECTOR('',#6110,1.);
#6110 = DIRECTION('',(0.,0.,1.));
#6111 = ORIENTED_EDGE('',*,*,#2154,.F.);
#6112 = CYLINDRICAL_SURFACE('',#6113,6.);
#6113 = AXIS2_PLACEMENT_3D('',#6114,#6115,#6116);
#6114 = CARTESIAN_POINT('',(35.,27.,0.));
#6115 = DIRECTION('',(0.,0.,1.));
#6116 = DIRECTION('',(1.,0.,-0.));
#6117 = ADVANCED_FACE('',(#6118),#6136,.T.);
#6118 = FACE_BOUND('',#6119,.T.);
#6119 = EDGE_LOOP('',(#6120,#6128,#6134,#6135));
#6120 = ORIENTED_EDGE('',*,*,#6121,.F.);
#6121 = EDGE_CURVE('',#6122,#6098,#6124,.T.);
#6122 = VERTEX_POINT('',#6123);
#6123 = CARTESIAN_POINT('',(-35.,33.,47.35));
#6124 = LINE('',#6125,#6126);
#6125 = CARTESIAN_POINT('',(-41.8,33.,47.35));
#6126 = VECTOR('',#6127,1.);
#6127 = DIRECTION('',(1.,0.,-0.));
#6128 = ORIENTED_EDGE('',*,*,#6129,.T.);
#6129 = EDGE_CURVE('',#6122,#2138,#6130,.T.);
#6130 = LINE('',#6131,#6132);
#6131 = CARTESIAN_POINT('',(-35.,33.,0.));
#6132 = VECTOR('',#6133,1.);
#6133 = DIRECTION('',(0.,0.,1.));
#6134 = ORIENTED_EDGE('',*,*,#2146,.T.);
#6135 = ORIENTED_EDGE('',*,*,#6106,.F.);
#6136 = PLANE('',#6137);
#6137 = AXIS2_PLACEMENT_3D('',#6138,#6139,#6140);
#6138 = CARTESIAN_POINT('',(-41.,33.,0.));
#6139 = DIRECTION('',(-0.,1.,0.));
#6140 = DIRECTION('',(0.,0.,1.));
#6141 = ADVANCED_FACE('',(#6142),#6154,.T.);
#6142 = FACE_BOUND('',#6143,.F.);
#6143 = EDGE_LOOP('',(#6144,#6145,#6152,#6153));
#6144 = ORIENTED_EDGE('',*,*,#5984,.F.);
#6145 = ORIENTED_EDGE('',*,*,#6146,.F.);
#6146 = EDGE_CURVE('',#6122,#5977,#6147,.T.);
#6147 = CIRCLE('',#6148,6.);
#6148 = AXIS2_PLACEMENT_3D('',#6149,#6150,#6151);
#6149 = CARTESIAN_POINT('',(-35.,27.,47.35));
#6150 = DIRECTION('',(0.,0.,1.));
#6151 = DIRECTION('',(-1.,-0.,0.));
#6152 = ORIENTED_EDGE('',*,*,#6129,.T.);
#6153 = ORIENTED_EDGE('',*,*,#2137,.T.);
#6154 = CYLINDRICAL_SURFACE('',#6155,6.);
#6155 = AXIS2_PLACEMENT_3D('',#6156,#6157,#6158);
#6156 = CARTESIAN_POINT('',(-35.,27.,0.));
#6157 = DIRECTION('',(0.,0.,1.));
#6158 = DIRECTION('',(-1.,-0.,0.));
#6159 = ADVANCED_FACE('',(#6160),#6179,.T.);
#6160 = FACE_BOUND('',#6161,.F.);
#6161 = EDGE_LOOP('',(#6162,#6170,#6171,#6172));
#6162 = ORIENTED_EDGE('',*,*,#6163,.F.);
#6163 = EDGE_CURVE('',#4423,#6164,#6166,.T.);
#6164 = VERTEX_POINT('',#6165);
#6165 = CARTESIAN_POINT('',(41.,-27.,33.));
#6166 = LINE('',#6167,#6168);
#6167 = CARTESIAN_POINT('',(41.,-27.,0.));
#6168 = VECTOR('',#6169,1.);
#6169 = DIRECTION('',(0.,0.,1.));
#6170 = ORIENTED_EDGE('',*,*,#4430,.F.);
#6171 = ORIENTED_EDGE('',*,*,#2269,.T.);
#6172 = ORIENTED_EDGE('',*,*,#6173,.T.);
#6173 = EDGE_CURVE('',#2262,#6164,#6174,.T.);
#6174 = CIRCLE('',#6175,6.);
#6175 = AXIS2_PLACEMENT_3D('',#6176,#6177,#6178);
#6176 = CARTESIAN_POINT('',(35.,-27.,33.));
#6177 = DIRECTION('',(0.,0.,1.));
#6178 = DIRECTION('',(1.,0.,-0.));
#6179 = CYLINDRICAL_SURFACE('',#6180,6.);
#6180 = AXIS2_PLACEMENT_3D('',#6181,#6182,#6183);
#6181 = CARTESIAN_POINT('',(35.,-27.,0.));
#6182 = DIRECTION('',(0.,0.,1.));
#6183 = DIRECTION('',(1.,0.,-0.));
#6184 = ADVANCED_FACE('',(#6185,#6255),#6299,.F.);
#6185 = FACE_BOUND('',#6186,.F.);
#6186 = EDGE_LOOP('',(#6187,#6197,#6206,#6214,#6223,#6231,#6240,#6248));
#6187 = ORIENTED_EDGE('',*,*,#6188,.F.);
#6188 = EDGE_CURVE('',#6189,#6191,#6193,.T.);
#6189 = VERTEX_POINT('',#6190);
#6190 = CARTESIAN_POINT('',(-42.6,-27.6,33.));
#6191 = VERTEX_POINT('',#6192);
#6192 = CARTESIAN_POINT('',(-42.6,27.6,33.));
#6193 = LINE('',#6194,#6195);
#6194 = CARTESIAN_POINT('',(-42.6,-34.6,33.));
#6195 = VECTOR('',#6196,1.);
#6196 = DIRECTION('',(-0.,1.,0.));
#6197 = ORIENTED_EDGE('',*,*,#6198,.T.);
#6198 = EDGE_CURVE('',#6189,#6199,#6201,.T.);
#6199 = VERTEX_POINT('',#6200);
#6200 = CARTESIAN_POINT('',(-35.6,-34.6,33.));
#6201 = CIRCLE('',#6202,7.);
#6202 = AXIS2_PLACEMENT_3D('',#6203,#6204,#6205);
#6203 = CARTESIAN_POINT('',(-35.6,-27.6,33.));
#6204 = DIRECTION('',(0.,0.,1.));
#6205 = DIRECTION('',(0.,-1.,0.));
#6206 = ORIENTED_EDGE('',*,*,#6207,.T.);
#6207 = EDGE_CURVE('',#6199,#6208,#6210,.T.);
#6208 = VERTEX_POINT('',#6209);
#6209 = CARTESIAN_POINT('',(35.6,-34.6,33.));
#6210 = LINE('',#6211,#6212);
#6211 = CARTESIAN_POINT('',(-42.6,-34.6,33.));
#6212 = VECTOR('',#6213,1.);
#6213 = DIRECTION('',(1.,0.,-0.));
#6214 = ORIENTED_EDGE('',*,*,#6215,.F.);
#6215 = EDGE_CURVE('',#6216,#6208,#6218,.T.);
#6216 = VERTEX_POINT('',#6217);
#6217 = CARTESIAN_POINT('',(42.6,-27.6,33.));
#6218 = CIRCLE('',#6219,7.);
#6219 = AXIS2_PLACEMENT_3D('',#6220,#6221,#6222);
#6220 = CARTESIAN_POINT('',(35.6,-27.6,33.));
#6221 = DIRECTION('',(-0.,-0.,-1.));
#6222 = DIRECTION('',(0.,-1.,0.));
#6223 = ORIENTED_EDGE('',*,*,#6224,.T.);
#6224 = EDGE_CURVE('',#6216,#6225,#6227,.T.);
#6225 = VERTEX_POINT('',#6226);
#6226 = CARTESIAN_POINT('',(42.6,27.6,33.));
#6227 = LINE('',#6228,#6229);
#6228 = CARTESIAN_POINT('',(42.6,-34.6,33.));
#6229 = VECTOR('',#6230,1.);
#6230 = DIRECTION('',(-0.,1.,0.));
#6231 = ORIENTED_EDGE('',*,*,#6232,.T.);
#6232 = EDGE_CURVE('',#6225,#6233,#6235,.T.);
#6233 = VERTEX_POINT('',#6234);
#6234 = CARTESIAN_POINT('',(35.6,34.6,33.));
#6235 = CIRCLE('',#6236,7.);
#6236 = AXIS2_PLACEMENT_3D('',#6237,#6238,#6239);
#6237 = CARTESIAN_POINT('',(35.6,27.6,33.));
#6238 = DIRECTION('',(0.,0.,1.));
#6239 = DIRECTION('',(0.,-1.,0.));
#6240 = ORIENTED_EDGE('',*,*,#6241,.F.);
#6241 = EDGE_CURVE('',#6242,#6233,#6244,.T.);
#6242 = VERTEX_POINT('',#6243);
#6243 = CARTESIAN_POINT('',(-35.6,34.6,33.));
#6244 = LINE('',#6245,#6246);
#6245 = CARTESIAN_POINT('',(-42.6,34.6,33.));
#6246 = VECTOR('',#6247,1.);
#6247 = DIRECTION('',(1.,0.,-0.));
#6248 = ORIENTED_EDGE('',*,*,#6249,.F.);
#6249 = EDGE_CURVE('',#6191,#6242,#6250,.T.);
#6250 = CIRCLE('',#6251,7.);
#6251 = AXIS2_PLACEMENT_3D('',#6252,#6253,#6254);
#6252 = CARTESIAN_POINT('',(-35.6,27.6,33.));
#6253 = DIRECTION('',(-0.,-0.,-1.));
#6254 = DIRECTION('',(0.,-1.,0.));
#6255 = FACE_BOUND('',#6256,.F.);
#6256 = EDGE_LOOP('',(#6257,#6267,#6274,#6275,#6284,#6290,#6291,#6292));
#6257 = ORIENTED_EDGE('',*,*,#6258,.F.);
#6258 = EDGE_CURVE('',#6259,#6261,#6263,.T.);
#6259 = VERTEX_POINT('',#6260);
#6260 = CARTESIAN_POINT('',(-41.,27.,33.));
#6261 = VERTEX_POINT('',#6262);
#6262 = CARTESIAN_POINT('',(-41.,-27.,33.));
#6263 = LINE('',#6264,#6265);
#6264 = CARTESIAN_POINT('',(-41.,-33.8,33.));
#6265 = VECTOR('',#6266,1.);
#6266 = DIRECTION('',(0.,-1.,0.));
#6267 = ORIENTED_EDGE('',*,*,#6268,.F.);
#6268 = EDGE_CURVE('',#5152,#6259,#6269,.T.);
#6269 = CIRCLE('',#6270,6.);
#6270 = AXIS2_PLACEMENT_3D('',#6271,#6272,#6273);
#6271 = CARTESIAN_POINT('',(-35.,27.,33.));
#6272 = DIRECTION('',(0.,0.,1.));
#6273 = DIRECTION('',(-1.,-0.,0.));
#6274 = ORIENTED_EDGE('',*,*,#5159,.T.);
#6275 = ORIENTED_EDGE('',*,*,#6276,.F.);
#6276 = EDGE_CURVE('',#6277,#5160,#6279,.T.);
#6277 = VERTEX_POINT('',#6278);
#6278 = CARTESIAN_POINT('',(41.,27.,33.));
#6279 = CIRCLE('',#6280,6.);
#6280 = AXIS2_PLACEMENT_3D('',#6281,#6282,#6283);
#6281 = CARTESIAN_POINT('',(35.,27.,33.));
#6282 = DIRECTION('',(0.,0.,1.));
#6283 = DIRECTION('',(1.,0.,-0.));
#6284 = ORIENTED_EDGE('',*,*,#6285,.T.);
#6285 = EDGE_CURVE('',#6277,#6164,#6286,.T.);
#6286 = LINE('',#6287,#6288);
#6287 = CARTESIAN_POINT('',(41.,-33.8,33.));
#6288 = VECTOR('',#6289,1.);
#6289 = DIRECTION('',(0.,-1.,0.));
#6290 = ORIENTED_EDGE('',*,*,#6173,.F.);
#6291 = ORIENTED_EDGE('',*,*,#2261,.F.);
#6292 = ORIENTED_EDGE('',*,*,#6293,.F.);
#6293 = EDGE_CURVE('',#6261,#2254,#6294,.T.);
#6294 = CIRCLE('',#6295,6.);
#6295 = AXIS2_PLACEMENT_3D('',#6296,#6297,#6298);
#6296 = CARTESIAN_POINT('',(-35.,-27.,33.));
#6297 = DIRECTION('',(0.,0.,1.));
#6298 = DIRECTION('',(-1.,-0.,0.));
#6299 = PLANE('',#6300);
#6300 = AXIS2_PLACEMENT_3D('',#6301,#6302,#6303);
#6301 = CARTESIAN_POINT('',(-42.6,-34.6,33.));
#6302 = DIRECTION('',(0.,0.,1.));
#6303 = DIRECTION('',(1.,0.,-0.));
#6304 = ADVANCED_FACE('',(#6305),#6316,.T.);
#6305 = FACE_BOUND('',#6306,.T.);
#6306 = EDGE_LOOP('',(#6307,#6313,#6314,#6315));
#6307 = ORIENTED_EDGE('',*,*,#6308,.F.);
#6308 = EDGE_CURVE('',#2370,#6261,#6309,.T.);
#6309 = LINE('',#6310,#6311);
#6310 = CARTESIAN_POINT('',(-41.,-27.,0.));
#6311 = VECTOR('',#6312,1.);
#6312 = DIRECTION('',(0.,0.,1.));
#6313 = ORIENTED_EDGE('',*,*,#2369,.T.);
#6314 = ORIENTED_EDGE('',*,*,#2253,.T.);
#6315 = ORIENTED_EDGE('',*,*,#6293,.F.);
#6316 = CYLINDRICAL_SURFACE('',#6317,6.);
#6317 = AXIS2_PLACEMENT_3D('',#6318,#6319,#6320);
#6318 = CARTESIAN_POINT('',(-35.,-27.,0.));
#6319 = DIRECTION('',(0.,0.,1.));
#6320 = DIRECTION('',(-1.,-0.,0.));
#6321 = ADVANCED_FACE('',(#6322),#6338,.F.);
#6322 = FACE_BOUND('',#6323,.F.);
#6323 = EDGE_LOOP('',(#6324,#6325,#6331,#6332));
#6324 = ORIENTED_EDGE('',*,*,#2335,.F.);
#6325 = ORIENTED_EDGE('',*,*,#6326,.F.);
#6326 = EDGE_CURVE('',#2467,#2336,#6327,.T.);
#6327 = LINE('',#6328,#6329);
#6328 = CARTESIAN_POINT('',(-42.6,-27.6,28.6));
#6329 = VECTOR('',#6330,1.);
#6330 = DIRECTION('',(0.,0.,1.));
#6331 = ORIENTED_EDGE('',*,*,#2466,.T.);
#6332 = ORIENTED_EDGE('',*,*,#6333,.T.);
#6333 = EDGE_CURVE('',#2469,#2338,#6334,.T.);
#6334 = LINE('',#6335,#6336);
#6335 = CARTESIAN_POINT('',(-42.6,27.6,28.6));
#6336 = VECTOR('',#6337,1.);
#6337 = DIRECTION('',(0.,0.,1.));
#6338 = PLANE('',#6339);
#6339 = AXIS2_PLACEMENT_3D('',#6340,#6341,#6342);
#6340 = CARTESIAN_POINT('',(-42.6,-34.6,28.6));
#6341 = DIRECTION('',(1.,0.,-0.));
#6342 = DIRECTION('',(0.,0.,1.));
#6343 = ADVANCED_FACE('',(#6344),#6350,.T.);
#6344 = FACE_BOUND('',#6345,.F.);
#6345 = EDGE_LOOP('',(#6346,#6347,#6348,#6349));
#6346 = ORIENTED_EDGE('',*,*,#2550,.T.);
#6347 = ORIENTED_EDGE('',*,*,#5128,.T.);
#6348 = ORIENTED_EDGE('',*,*,#2419,.F.);
#6349 = ORIENTED_EDGE('',*,*,#6333,.F.);
#6350 = CYLINDRICAL_SURFACE('',#6351,7.);
#6351 = AXIS2_PLACEMENT_3D('',#6352,#6353,#6354);
#6352 = CARTESIAN_POINT('',(-35.6,27.6,28.6));
#6353 = DIRECTION('',(0.,0.,1.));
#6354 = DIRECTION('',(-1.,-0.,0.));
#6355 = ADVANCED_FACE('',(#6356),#6367,.T.);
#6356 = FACE_BOUND('',#6357,.F.);
#6357 = EDGE_LOOP('',(#6358,#6364,#6365,#6366));
#6358 = ORIENTED_EDGE('',*,*,#6359,.F.);
#6359 = EDGE_CURVE('',#2379,#6259,#6360,.T.);
#6360 = LINE('',#6361,#6362);
#6361 = CARTESIAN_POINT('',(-41.,27.,0.));
#6362 = VECTOR('',#6363,1.);
#6363 = DIRECTION('',(0.,0.,1.));
#6364 = ORIENTED_EDGE('',*,*,#2386,.F.);
#6365 = ORIENTED_EDGE('',*,*,#5151,.T.);
#6366 = ORIENTED_EDGE('',*,*,#6268,.T.);
#6367 = CYLINDRICAL_SURFACE('',#6368,6.);
#6368 = AXIS2_PLACEMENT_3D('',#6369,#6370,#6371);
#6369 = CARTESIAN_POINT('',(-35.,27.,0.));
#6370 = DIRECTION('',(0.,0.,1.));
#6371 = DIRECTION('',(-1.,-0.,0.));
#6372 = ADVANCED_FACE('',(#6373),#6379,.F.);
#6373 = FACE_BOUND('',#6374,.F.);
#6374 = EDGE_LOOP('',(#6375,#6376,#6377,#6378));
#6375 = ORIENTED_EDGE('',*,*,#6258,.T.);
#6376 = ORIENTED_EDGE('',*,*,#6308,.F.);
#6377 = ORIENTED_EDGE('',*,*,#2378,.F.);
#6378 = ORIENTED_EDGE('',*,*,#6359,.T.);
#6379 = PLANE('',#6380);
#6380 = AXIS2_PLACEMENT_3D('',#6381,#6382,#6383);
#6381 = CARTESIAN_POINT('',(-41.,-33.,0.));
#6382 = DIRECTION('',(1.,0.,-0.));
#6383 = DIRECTION('',(0.,0.,1.));
#6384 = ADVANCED_FACE('',(#6385),#6391,.T.);
#6385 = FACE_BOUND('',#6386,.T.);
#6386 = EDGE_LOOP('',(#6387,#6388,#6389,#6390));
#6387 = ORIENTED_EDGE('',*,*,#2476,.T.);
#6388 = ORIENTED_EDGE('',*,*,#2444,.T.);
#6389 = ORIENTED_EDGE('',*,*,#2345,.F.);
#6390 = ORIENTED_EDGE('',*,*,#6326,.F.);
#6391 = CYLINDRICAL_SURFACE('',#6392,7.);
#6392 = AXIS2_PLACEMENT_3D('',#6393,#6394,#6395);
#6393 = CARTESIAN_POINT('',(-35.6,-27.6,28.6));
#6394 = DIRECTION('',(0.,0.,1.));
#6395 = DIRECTION('',(-1.,-0.,0.));
#6396 = ADVANCED_FACE('',(#6397),#6408,.T.);
#6397 = FACE_BOUND('',#6398,.F.);
#6398 = EDGE_LOOP('',(#6399,#6405,#6406,#6407));
#6399 = ORIENTED_EDGE('',*,*,#6400,.F.);
#6400 = EDGE_CURVE('',#2641,#2510,#6401,.T.);
#6401 = LINE('',#6402,#6403);
#6402 = CARTESIAN_POINT('',(-41.,27.,0.));
#6403 = VECTOR('',#6404,1.);
#6404 = DIRECTION('',(0.,0.,1.));
#6405 = ORIENTED_EDGE('',*,*,#2648,.F.);
#6406 = ORIENTED_EDGE('',*,*,#5105,.T.);
#6407 = ORIENTED_EDGE('',*,*,#2517,.T.);
#6408 = CYLINDRICAL_SURFACE('',#6409,6.);
#6409 = AXIS2_PLACEMENT_3D('',#6410,#6411,#6412);
#6410 = CARTESIAN_POINT('',(-35.,27.,0.));
#6411 = DIRECTION('',(0.,0.,1.));
#6412 = DIRECTION('',(-1.,-0.,0.));
#6413 = ADVANCED_FACE('',(#6414),#6425,.F.);
#6414 = FACE_BOUND('',#6415,.F.);
#6415 = EDGE_LOOP('',(#6416,#6417,#6423,#6424));
#6416 = ORIENTED_EDGE('',*,*,#2509,.T.);
#6417 = ORIENTED_EDGE('',*,*,#6418,.F.);
#6418 = EDGE_CURVE('',#2632,#2501,#6419,.T.);
#6419 = LINE('',#6420,#6421);
#6420 = CARTESIAN_POINT('',(-41.,-27.,0.));
#6421 = VECTOR('',#6422,1.);
#6422 = DIRECTION('',(0.,0.,1.));
#6423 = ORIENTED_EDGE('',*,*,#2640,.F.);
#6424 = ORIENTED_EDGE('',*,*,#6400,.T.);
#6425 = PLANE('',#6426);
#6426 = AXIS2_PLACEMENT_3D('',#6427,#6428,#6429);
#6427 = CARTESIAN_POINT('',(-41.,-33.,0.));
#6428 = DIRECTION('',(1.,0.,-0.));
#6429 = DIRECTION('',(0.,0.,1.));
#6430 = ADVANCED_FACE('',(#6431),#6437,.T.);
#6431 = FACE_BOUND('',#6432,.T.);
#6432 = EDGE_LOOP('',(#6433,#6434,#6435,#6436));
#6433 = ORIENTED_EDGE('',*,*,#6418,.F.);
#6434 = ORIENTED_EDGE('',*,*,#2631,.T.);
#6435 = ORIENTED_EDGE('',*,*,#2575,.T.);
#6436 = ORIENTED_EDGE('',*,*,#2500,.F.);
#6437 = CYLINDRICAL_SURFACE('',#6438,6.);
#6438 = AXIS2_PLACEMENT_3D('',#6439,#6440,#6441);
#6439 = CARTESIAN_POINT('',(-35.,-27.,0.));
#6440 = DIRECTION('',(0.,0.,1.));
#6441 = DIRECTION('',(-1.,-0.,0.));
#6442 = ADVANCED_FACE('',(#6443),#6459,.F.);
#6443 = FACE_BOUND('',#6444,.F.);
#6444 = EDGE_LOOP('',(#6445,#6446,#6452,#6453));
#6445 = ORIENTED_EDGE('',*,*,#2597,.F.);
#6446 = ORIENTED_EDGE('',*,*,#6447,.F.);
#6447 = EDGE_CURVE('',#2729,#2598,#6448,.T.);
#6448 = LINE('',#6449,#6450);
#6449 = CARTESIAN_POINT('',(-42.6,-27.6,24.2));
#6450 = VECTOR('',#6451,1.);
#6451 = DIRECTION('',(0.,0.,1.));
#6452 = ORIENTED_EDGE('',*,*,#2728,.T.);
#6453 = ORIENTED_EDGE('',*,*,#6454,.T.);
#6454 = EDGE_CURVE('',#2731,#2600,#6455,.T.);
#6455 = LINE('',#6456,#6457);
#6456 = CARTESIAN_POINT('',(-42.6,27.6,24.2));
#6457 = VECTOR('',#6458,1.);
#6458 = DIRECTION('',(0.,0.,1.));
#6459 = PLANE('',#6460);
#6460 = AXIS2_PLACEMENT_3D('',#6461,#6462,#6463);
#6461 = CARTESIAN_POINT('',(-42.6,-34.6,24.2));
#6462 = DIRECTION('',(1.,0.,-0.));
#6463 = DIRECTION('',(0.,0.,1.));
#6464 = ADVANCED_FACE('',(#6465),#6471,.T.);
#6465 = FACE_BOUND('',#6466,.F.);
#6466 = EDGE_LOOP('',(#6467,#6468,#6469,#6470));
#6467 = ORIENTED_EDGE('',*,*,#2803,.T.);
#6468 = ORIENTED_EDGE('',*,*,#5082,.T.);
#6469 = ORIENTED_EDGE('',*,*,#2681,.F.);
#6470 = ORIENTED_EDGE('',*,*,#6454,.F.);
#6471 = CYLINDRICAL_SURFACE('',#6472,7.);
#6472 = AXIS2_PLACEMENT_3D('',#6473,#6474,#6475);
#6473 = CARTESIAN_POINT('',(-35.6,27.6,24.2));
#6474 = DIRECTION('',(0.,0.,1.));
#6475 = DIRECTION('',(-1.,-0.,0.));
#6476 = ADVANCED_FACE('',(#6477),#6483,.T.);
#6477 = FACE_BOUND('',#6478,.T.);
#6478 = EDGE_LOOP('',(#6479,#6480,#6481,#6482));
#6479 = ORIENTED_EDGE('',*,*,#2738,.T.);
#6480 = ORIENTED_EDGE('',*,*,#2706,.T.);
#6481 = ORIENTED_EDGE('',*,*,#2607,.F.);
#6482 = ORIENTED_EDGE('',*,*,#6447,.F.);
#6483 = CYLINDRICAL_SURFACE('',#6484,7.);
#6484 = AXIS2_PLACEMENT_3D('',#6485,#6486,#6487);
#6485 = CARTESIAN_POINT('',(-35.6,-27.6,24.2));
#6486 = DIRECTION('',(0.,0.,1.));
#6487 = DIRECTION('',(-1.,-0.,0.));
#6488 = ADVANCED_FACE('',(#6489),#6500,.T.);
#6489 = FACE_BOUND('',#6490,.F.);
#6490 = EDGE_LOOP('',(#6491,#6497,#6498,#6499));
#6491 = ORIENTED_EDGE('',*,*,#6492,.F.);
#6492 = EDGE_CURVE('',#3441,#2763,#6493,.T.);
#6493 = LINE('',#6494,#6495);
#6494 = CARTESIAN_POINT('',(-41.,27.,0.));
#6495 = VECTOR('',#6496,1.);
#6496 = DIRECTION('',(0.,0.,1.));
#6497 = ORIENTED_EDGE('',*,*,#3448,.F.);
#6498 = ORIENTED_EDGE('',*,*,#5058,.T.);
#6499 = ORIENTED_EDGE('',*,*,#2770,.T.);
#6500 = CYLINDRICAL_SURFACE('',#6501,6.);
#6501 = AXIS2_PLACEMENT_3D('',#6502,#6503,#6504);
#6502 = CARTESIAN_POINT('',(-35.,27.,0.));
#6503 = DIRECTION('',(0.,0.,1.));
#6504 = DIRECTION('',(-1.,-0.,0.));
#6505 = ADVANCED_FACE('',(#6506),#6517,.F.);
#6506 = FACE_BOUND('',#6507,.F.);
#6507 = EDGE_LOOP('',(#6508,#6509,#6515,#6516));
#6508 = ORIENTED_EDGE('',*,*,#2762,.T.);
#6509 = ORIENTED_EDGE('',*,*,#6510,.F.);
#6510 = EDGE_CURVE('',#3432,#2754,#6511,.T.);
#6511 = LINE('',#6512,#6513);
#6512 = CARTESIAN_POINT('',(-41.,-27.,0.));
#6513 = VECTOR('',#6514,1.);
#6514 = DIRECTION('',(0.,0.,1.));
#6515 = ORIENTED_EDGE('',*,*,#3440,.F.);
#6516 = ORIENTED_EDGE('',*,*,#6492,.T.);
#6517 = PLANE('',#6518);
#6518 = AXIS2_PLACEMENT_3D('',#6519,#6520,#6521);
#6519 = CARTESIAN_POINT('',(-41.,-33.,0.));
#6520 = DIRECTION('',(1.,0.,-0.));
#6521 = DIRECTION('',(0.,0.,1.));
#6522 = ADVANCED_FACE('',(#6523),#6529,.T.);
#6523 = FACE_BOUND('',#6524,.T.);
#6524 = EDGE_LOOP('',(#6525,#6526,#6527,#6528));
#6525 = ORIENTED_EDGE('',*,*,#6510,.F.);
#6526 = ORIENTED_EDGE('',*,*,#3431,.T.);
#6527 = ORIENTED_EDGE('',*,*,#2211,.T.);
#6528 = ORIENTED_EDGE('',*,*,#2753,.F.);
#6529 = CYLINDRICAL_SURFACE('',#6530,6.);
#6530 = AXIS2_PLACEMENT_3D('',#6531,#6532,#6533);
#6531 = CARTESIAN_POINT('',(-35.,-27.,0.));
#6532 = DIRECTION('',(0.,0.,1.));
#6533 = DIRECTION('',(-1.,-0.,0.));
#6534 = ADVANCED_FACE('',(#6535),#6587,.F.);
#6535 = FACE_BOUND('',#6536,.F.);
#6536 = EDGE_LOOP('',(#6537,#6547,#6554,#6555,#6564,#6572,#6579,#6580));
#6537 = ORIENTED_EDGE('',*,*,#6538,.F.);
#6538 = EDGE_CURVE('',#6539,#6541,#6543,.T.);
#6539 = VERTEX_POINT('',#6540);
#6540 = CARTESIAN_POINT('',(-41.,-27.,0.));
#6541 = VERTEX_POINT('',#6542);
#6542 = CARTESIAN_POINT('',(-41.,27.,0.));
#6543 = LINE('',#6544,#6545);
#6544 = CARTESIAN_POINT('',(-41.,-33.,0.));
#6545 = VECTOR('',#6546,1.);
#6546 = DIRECTION('',(-0.,1.,0.));
#6547 = ORIENTED_EDGE('',*,*,#6548,.T.);
#6548 = EDGE_CURVE('',#6539,#2819,#6549,.T.);
#6549 = CIRCLE('',#6550,6.);
#6550 = AXIS2_PLACEMENT_3D('',#6551,#6552,#6553);
#6551 = CARTESIAN_POINT('',(-35.,-27.,0.));
#6552 = DIRECTION('',(0.,0.,1.));
#6553 = DIRECTION('',(0.,-1.,0.));
#6554 = ORIENTED_EDGE('',*,*,#2818,.T.);
#6555 = ORIENTED_EDGE('',*,*,#6556,.F.);
#6556 = EDGE_CURVE('',#6557,#2821,#6559,.T.);
#6557 = VERTEX_POINT('',#6558);
#6558 = CARTESIAN_POINT('',(41.,-27.,0.));
#6559 = CIRCLE('',#6560,6.);
#6560 = AXIS2_PLACEMENT_3D('',#6561,#6562,#6563);
#6561 = CARTESIAN_POINT('',(35.,-27.,0.));
#6562 = DIRECTION('',(-0.,-0.,-1.));
#6563 = DIRECTION('',(0.,-1.,0.));
#6564 = ORIENTED_EDGE('',*,*,#6565,.T.);
#6565 = EDGE_CURVE('',#6557,#6566,#6568,.T.);
#6566 = VERTEX_POINT('',#6567);
#6567 = CARTESIAN_POINT('',(41.,27.,0.));
#6568 = LINE('',#6569,#6570);
#6569 = CARTESIAN_POINT('',(41.,-33.,0.));
#6570 = VECTOR('',#6571,1.);
#6571 = DIRECTION('',(-0.,1.,0.));
#6572 = ORIENTED_EDGE('',*,*,#6573,.T.);
#6573 = EDGE_CURVE('',#6566,#5312,#6574,.T.);
#6574 = CIRCLE('',#6575,6.);
#6575 = AXIS2_PLACEMENT_3D('',#6576,#6577,#6578);
#6576 = CARTESIAN_POINT('',(35.,27.,0.));
#6577 = DIRECTION('',(0.,0.,1.));
#6578 = DIRECTION('',(0.,-1.,0.));
#6579 = ORIENTED_EDGE('',*,*,#5309,.F.);
#6580 = ORIENTED_EDGE('',*,*,#6581,.F.);
#6581 = EDGE_CURVE('',#6541,#5310,#6582,.T.);
#6582 = CIRCLE('',#6583,6.);
#6583 = AXIS2_PLACEMENT_3D('',#6584,#6585,#6586);
#6584 = CARTESIAN_POINT('',(-35.,27.,0.));
#6585 = DIRECTION('',(-0.,-0.,-1.));
#6586 = DIRECTION('',(0.,-1.,0.));
#6587 = PLANE('',#6588);
#6588 = AXIS2_PLACEMENT_3D('',#6589,#6590,#6591);
#6589 = CARTESIAN_POINT('',(-41.,-33.,0.));
#6590 = DIRECTION('',(0.,0.,1.));
#6591 = DIRECTION('',(1.,0.,-0.));
#6592 = ADVANCED_FACE('',(#6593),#6604,.T.);
#6593 = FACE_BOUND('',#6594,.F.);
#6594 = EDGE_LOOP('',(#6595,#6601,#6602,#6603));
#6595 = ORIENTED_EDGE('',*,*,#6596,.F.);
#6596 = EDGE_CURVE('',#6557,#4506,#6597,.T.);
#6597 = LINE('',#6598,#6599);
#6598 = CARTESIAN_POINT('',(41.,-27.,0.));
#6599 = VECTOR('',#6600,1.);
#6600 = DIRECTION('',(0.,0.,1.));
#6601 = ORIENTED_EDGE('',*,*,#6556,.T.);
#6602 = ORIENTED_EDGE('',*,*,#2862,.T.);
#6603 = ORIENTED_EDGE('',*,*,#4513,.T.);
#6604 = CYLINDRICAL_SURFACE('',#6605,6.);
#6605 = AXIS2_PLACEMENT_3D('',#6606,#6607,#6608);
#6606 = CARTESIAN_POINT('',(35.,-27.,0.));
#6607 = DIRECTION('',(0.,0.,1.));
#6608 = DIRECTION('',(1.,0.,-0.));
#6609 = ADVANCED_FACE('',(#6610),#6621,.T.);
#6610 = FACE_BOUND('',#6611,.T.);
#6611 = EDGE_LOOP('',(#6612,#6618,#6619,#6620));
#6612 = ORIENTED_EDGE('',*,*,#6613,.F.);
#6613 = EDGE_CURVE('',#6539,#2904,#6614,.T.);
#6614 = LINE('',#6615,#6616);
#6615 = CARTESIAN_POINT('',(-41.,-27.,0.));
#6616 = VECTOR('',#6617,1.);
#6617 = DIRECTION('',(0.,0.,1.));
#6618 = ORIENTED_EDGE('',*,*,#6548,.T.);
#6619 = ORIENTED_EDGE('',*,*,#2828,.T.);
#6620 = ORIENTED_EDGE('',*,*,#2903,.F.);
#6621 = CYLINDRICAL_SURFACE('',#6622,6.);
#6622 = AXIS2_PLACEMENT_3D('',#6623,#6624,#6625);
#6623 = CARTESIAN_POINT('',(-35.,-27.,0.));
#6624 = DIRECTION('',(0.,0.,1.));
#6625 = DIRECTION('',(-1.,-0.,0.));
#6626 = ADVANCED_FACE('',(#6627),#6643,.F.);
#6627 = FACE_BOUND('',#6628,.F.);
#6628 = EDGE_LOOP('',(#6629,#6630,#6636,#6637));
#6629 = ORIENTED_EDGE('',*,*,#2983,.F.);
#6630 = ORIENTED_EDGE('',*,*,#6631,.F.);
#6631 = EDGE_CURVE('',#2877,#2984,#6632,.T.);
#6632 = LINE('',#6633,#6634);
#6633 = CARTESIAN_POINT('',(-42.6,-27.6,11.));
#6634 = VECTOR('',#6635,1.);
#6635 = DIRECTION('',(0.,0.,1.));
#6636 = ORIENTED_EDGE('',*,*,#2876,.T.);
#6637 = ORIENTED_EDGE('',*,*,#6638,.T.);
#6638 = EDGE_CURVE('',#2879,#2986,#6639,.T.);
#6639 = LINE('',#6640,#6641);
#6640 = CARTESIAN_POINT('',(-42.6,27.6,11.));
#6641 = VECTOR('',#6642,1.);
#6642 = DIRECTION('',(0.,0.,1.));
#6643 = PLANE('',#6644);
#6644 = AXIS2_PLACEMENT_3D('',#6645,#6646,#6647);
#6645 = CARTESIAN_POINT('',(-42.6,-34.6,11.));
#6646 = DIRECTION('',(1.,0.,-0.));
#6647 = DIRECTION('',(0.,0.,1.));
#6648 = ADVANCED_FACE('',(#6649),#6655,.T.);
#6649 = FACE_BOUND('',#6650,.F.);
#6650 = EDGE_LOOP('',(#6651,#6652,#6653,#6654));
#6651 = ORIENTED_EDGE('',*,*,#2944,.T.);
#6652 = ORIENTED_EDGE('',*,*,#5293,.T.);
#6653 = ORIENTED_EDGE('',*,*,#3051,.F.);
#6654 = ORIENTED_EDGE('',*,*,#6638,.F.);
#6655 = CYLINDRICAL_SURFACE('',#6656,7.);
#6656 = AXIS2_PLACEMENT_3D('',#6657,#6658,#6659);
#6657 = CARTESIAN_POINT('',(-35.6,27.6,11.));
#6658 = DIRECTION('',(0.,0.,1.));
#6659 = DIRECTION('',(-1.,-0.,0.));
#6660 = ADVANCED_FACE('',(#6661),#6672,.T.);
#6661 = FACE_BOUND('',#6662,.F.);
#6662 = EDGE_LOOP('',(#6663,#6669,#6670,#6671));
#6663 = ORIENTED_EDGE('',*,*,#6664,.F.);
#6664 = EDGE_CURVE('',#6541,#2913,#6665,.T.);
#6665 = LINE('',#6666,#6667);
#6666 = CARTESIAN_POINT('',(-41.,27.,0.));
#6667 = VECTOR('',#6668,1.);
#6668 = DIRECTION('',(0.,0.,1.));
#6669 = ORIENTED_EDGE('',*,*,#6581,.T.);
#6670 = ORIENTED_EDGE('',*,*,#5319,.T.);
#6671 = ORIENTED_EDGE('',*,*,#2920,.T.);
#6672 = CYLINDRICAL_SURFACE('',#6673,6.);
#6673 = AXIS2_PLACEMENT_3D('',#6674,#6675,#6676);
#6674 = CARTESIAN_POINT('',(-35.,27.,0.));
#6675 = DIRECTION('',(0.,0.,1.));
#6676 = DIRECTION('',(-1.,-0.,0.));
#6677 = ADVANCED_FACE('',(#6678),#6684,.F.);
#6678 = FACE_BOUND('',#6679,.F.);
#6679 = EDGE_LOOP('',(#6680,#6681,#6682,#6683));
#6680 = ORIENTED_EDGE('',*,*,#2912,.T.);
#6681 = ORIENTED_EDGE('',*,*,#6613,.F.);
#6682 = ORIENTED_EDGE('',*,*,#6538,.T.);
#6683 = ORIENTED_EDGE('',*,*,#6664,.T.);
#6684 = PLANE('',#6685);
#6685 = AXIS2_PLACEMENT_3D('',#6686,#6687,#6688);
#6686 = CARTESIAN_POINT('',(-41.,-33.,0.));
#6687 = DIRECTION('',(1.,0.,-0.));
#6688 = DIRECTION('',(0.,0.,1.));
#6689 = ADVANCED_FACE('',(#6690),#6696,.T.);
#6690 = FACE_BOUND('',#6691,.T.);
#6691 = EDGE_LOOP('',(#6692,#6693,#6694,#6695));
#6692 = ORIENTED_EDGE('',*,*,#2886,.T.);
#6693 = ORIENTED_EDGE('',*,*,#2960,.T.);
#6694 = ORIENTED_EDGE('',*,*,#2993,.F.);
#6695 = ORIENTED_EDGE('',*,*,#6631,.F.);
#6696 = CYLINDRICAL_SURFACE('',#6697,7.);
#6697 = AXIS2_PLACEMENT_3D('',#6698,#6699,#6700);
#6698 = CARTESIAN_POINT('',(-35.6,-27.6,11.));
#6699 = DIRECTION('',(0.,0.,1.));
#6700 = DIRECTION('',(-1.,-0.,0.));
#6701 = ADVANCED_FACE('',(#6702),#6713,.T.);
#6702 = FACE_BOUND('',#6703,.F.);
#6703 = EDGE_LOOP('',(#6704,#6710,#6711,#6712));
#6704 = ORIENTED_EDGE('',*,*,#6705,.F.);
#6705 = EDGE_CURVE('',#3020,#3127,#6706,.T.);
#6706 = LINE('',#6707,#6708);
#6707 = CARTESIAN_POINT('',(-41.,27.,0.));
#6708 = VECTOR('',#6709,1.);
#6709 = DIRECTION('',(0.,0.,1.));
#6710 = ORIENTED_EDGE('',*,*,#3027,.F.);
#6711 = ORIENTED_EDGE('',*,*,#5276,.T.);
#6712 = ORIENTED_EDGE('',*,*,#3134,.T.);
#6713 = CYLINDRICAL_SURFACE('',#6714,6.);
#6714 = AXIS2_PLACEMENT_3D('',#6715,#6716,#6717);
#6715 = CARTESIAN_POINT('',(-35.,27.,0.));
#6716 = DIRECTION('',(0.,0.,1.));
#6717 = DIRECTION('',(-1.,-0.,0.));
#6718 = ADVANCED_FACE('',(#6719),#6730,.F.);
#6719 = FACE_BOUND('',#6720,.F.);
#6720 = EDGE_LOOP('',(#6721,#6722,#6728,#6729));
#6721 = ORIENTED_EDGE('',*,*,#3126,.T.);
#6722 = ORIENTED_EDGE('',*,*,#6723,.F.);
#6723 = EDGE_CURVE('',#3011,#3118,#6724,.T.);
#6724 = LINE('',#6725,#6726);
#6725 = CARTESIAN_POINT('',(-41.,-27.,0.));
#6726 = VECTOR('',#6727,1.);
#6727 = DIRECTION('',(0.,0.,1.));
#6728 = ORIENTED_EDGE('',*,*,#3019,.F.);
#6729 = ORIENTED_EDGE('',*,*,#6705,.T.);
#6730 = PLANE('',#6731);
#6731 = AXIS2_PLACEMENT_3D('',#6732,#6733,#6734);
#6732 = CARTESIAN_POINT('',(-41.,-33.,0.));
#6733 = DIRECTION('',(1.,0.,-0.));
#6734 = DIRECTION('',(0.,0.,1.));
#6735 = ADVANCED_FACE('',(#6736),#6742,.T.);
#6736 = FACE_BOUND('',#6737,.T.);
#6737 = EDGE_LOOP('',(#6738,#6739,#6740,#6741));
#6738 = ORIENTED_EDGE('',*,*,#6723,.F.);
#6739 = ORIENTED_EDGE('',*,*,#3010,.T.);
#6740 = ORIENTED_EDGE('',*,*,#3067,.T.);
#6741 = ORIENTED_EDGE('',*,*,#3117,.F.);
#6742 = CYLINDRICAL_SURFACE('',#6743,6.);
#6743 = AXIS2_PLACEMENT_3D('',#6744,#6745,#6746);
#6744 = CARTESIAN_POINT('',(-35.,-27.,0.));
#6745 = DIRECTION('',(0.,0.,1.));
#6746 = DIRECTION('',(-1.,-0.,0.));
#6747 = ADVANCED_FACE('',(#6748),#6764,.F.);
#6748 = FACE_BOUND('',#6749,.F.);
#6749 = EDGE_LOOP('',(#6750,#6751,#6757,#6758));
#6750 = ORIENTED_EDGE('',*,*,#3197,.F.);
#6751 = ORIENTED_EDGE('',*,*,#6752,.F.);
#6752 = EDGE_CURVE('',#3091,#3198,#6753,.T.);
#6753 = LINE('',#6754,#6755);
#6754 = CARTESIAN_POINT('',(-42.6,-27.6,15.4));
#6755 = VECTOR('',#6756,1.);
#6756 = DIRECTION('',(0.,0.,1.));
#6757 = ORIENTED_EDGE('',*,*,#3090,.T.);
#6758 = ORIENTED_EDGE('',*,*,#6759,.T.);
#6759 = EDGE_CURVE('',#3093,#3200,#6760,.T.);
#6760 = LINE('',#6761,#6762);
#6761 = CARTESIAN_POINT('',(-42.6,27.6,15.4));
#6762 = VECTOR('',#6763,1.);
#6763 = DIRECTION('',(0.,0.,1.));
#6764 = PLANE('',#6765);
#6765 = AXIS2_PLACEMENT_3D('',#6766,#6767,#6768);
#6766 = CARTESIAN_POINT('',(-42.6,-34.6,15.4));
#6767 = DIRECTION('',(1.,0.,-0.));
#6768 = DIRECTION('',(0.,0.,1.));
#6769 = ADVANCED_FACE('',(#6770),#6776,.T.);
#6770 = FACE_BOUND('',#6771,.F.);
#6771 = EDGE_LOOP('',(#6772,#6773,#6774,#6775));
#6772 = ORIENTED_EDGE('',*,*,#3158,.T.);
#6773 = ORIENTED_EDGE('',*,*,#5259,.T.);
#6774 = ORIENTED_EDGE('',*,*,#3265,.F.);
#6775 = ORIENTED_EDGE('',*,*,#6759,.F.);
#6776 = CYLINDRICAL_SURFACE('',#6777,7.);
#6777 = AXIS2_PLACEMENT_3D('',#6778,#6779,#6780);
#6778 = CARTESIAN_POINT('',(-35.6,27.6,15.4));
#6779 = DIRECTION('',(0.,0.,1.));
#6780 = DIRECTION('',(-1.,-0.,0.));
#6781 = ADVANCED_FACE('',(#6782),#6788,.T.);
#6782 = FACE_BOUND('',#6783,.T.);
#6783 = EDGE_LOOP('',(#6784,#6785,#6786,#6787));
#6784 = ORIENTED_EDGE('',*,*,#3100,.T.);
#6785 = ORIENTED_EDGE('',*,*,#3174,.T.);
#6786 = ORIENTED_EDGE('',*,*,#3207,.F.);
#6787 = ORIENTED_EDGE('',*,*,#6752,.F.);
#6788 = CYLINDRICAL_SURFACE('',#6789,7.);
#6789 = AXIS2_PLACEMENT_3D('',#6790,#6791,#6792);
#6790 = CARTESIAN_POINT('',(-35.6,-27.6,15.4));
#6791 = DIRECTION('',(0.,0.,1.));
#6792 = DIRECTION('',(-1.,-0.,0.));
#6793 = ADVANCED_FACE('',(#6794),#6805,.T.);
#6794 = FACE_BOUND('',#6795,.F.);
#6795 = EDGE_LOOP('',(#6796,#6802,#6803,#6804));
#6796 = ORIENTED_EDGE('',*,*,#6797,.F.);
#6797 = EDGE_CURVE('',#3234,#3341,#6798,.T.);
#6798 = LINE('',#6799,#6800);
#6799 = CARTESIAN_POINT('',(-41.,27.,0.));
#6800 = VECTOR('',#6801,1.);
#6801 = DIRECTION('',(0.,0.,1.));
#6802 = ORIENTED_EDGE('',*,*,#3241,.F.);
#6803 = ORIENTED_EDGE('',*,*,#5242,.T.);
#6804 = ORIENTED_EDGE('',*,*,#3348,.T.);
#6805 = CYLINDRICAL_SURFACE('',#6806,6.);
#6806 = AXIS2_PLACEMENT_3D('',#6807,#6808,#6809);
#6807 = CARTESIAN_POINT('',(-35.,27.,0.));
#6808 = DIRECTION('',(0.,0.,1.));
#6809 = DIRECTION('',(-1.,-0.,0.));
#6810 = ADVANCED_FACE('',(#6811),#6822,.F.);
#6811 = FACE_BOUND('',#6812,.F.);
#6812 = EDGE_LOOP('',(#6813,#6814,#6820,#6821));
#6813 = ORIENTED_EDGE('',*,*,#3340,.T.);
#6814 = ORIENTED_EDGE('',*,*,#6815,.F.);
#6815 = EDGE_CURVE('',#3225,#3332,#6816,.T.);
#6816 = LINE('',#6817,#6818);
#6817 = CARTESIAN_POINT('',(-41.,-27.,0.));
#6818 = VECTOR('',#6819,1.);
#6819 = DIRECTION('',(0.,0.,1.));
#6820 = ORIENTED_EDGE('',*,*,#3233,.F.);
#6821 = ORIENTED_EDGE('',*,*,#6797,.T.);
#6822 = PLANE('',#6823);
#6823 = AXIS2_PLACEMENT_3D('',#6824,#6825,#6826);
#6824 = CARTESIAN_POINT('',(-41.,-33.,0.));
#6825 = DIRECTION('',(1.,0.,-0.));
#6826 = DIRECTION('',(0.,0.,1.));
#6827 = ADVANCED_FACE('',(#6828),#6834,.T.);
#6828 = FACE_BOUND('',#6829,.T.);
#6829 = EDGE_LOOP('',(#6830,#6831,#6832,#6833));
#6830 = ORIENTED_EDGE('',*,*,#6815,.F.);
#6831 = ORIENTED_EDGE('',*,*,#3224,.T.);
#6832 = ORIENTED_EDGE('',*,*,#3281,.T.);
#6833 = ORIENTED_EDGE('',*,*,#3331,.F.);
#6834 = CYLINDRICAL_SURFACE('',#6835,6.);
#6835 = AXIS2_PLACEMENT_3D('',#6836,#6837,#6838);
#6836 = CARTESIAN_POINT('',(-35.,-27.,0.));
#6837 = DIRECTION('',(0.,0.,1.));
#6838 = DIRECTION('',(-1.,-0.,0.));
#6839 = ADVANCED_FACE('',(#6840),#6856,.F.);
#6840 = FACE_BOUND('',#6841,.F.);
#6841 = EDGE_LOOP('',(#6842,#6843,#6849,#6850));
#6842 = ORIENTED_EDGE('',*,*,#3411,.F.);
#6843 = ORIENTED_EDGE('',*,*,#6844,.F.);
#6844 = EDGE_CURVE('',#3305,#3412,#6845,.T.);
#6845 = LINE('',#6846,#6847);
#6846 = CARTESIAN_POINT('',(-42.6,-27.6,19.8));
#6847 = VECTOR('',#6848,1.);
#6848 = DIRECTION('',(0.,0.,1.));
#6849 = ORIENTED_EDGE('',*,*,#3304,.T.);
#6850 = ORIENTED_EDGE('',*,*,#6851,.T.);
#6851 = EDGE_CURVE('',#3307,#3414,#6852,.T.);
#6852 = LINE('',#6853,#6854);
#6853 = CARTESIAN_POINT('',(-42.6,27.6,19.8));
#6854 = VECTOR('',#6855,1.);
#6855 = DIRECTION('',(0.,0.,1.));
#6856 = PLANE('',#6857);
#6857 = AXIS2_PLACEMENT_3D('',#6858,#6859,#6860);
#6858 = CARTESIAN_POINT('',(-42.6,-34.6,19.8));
#6859 = DIRECTION('',(1.,0.,-0.));
#6860 = DIRECTION('',(0.,0.,1.));
#6861 = ADVANCED_FACE('',(#6862),#6868,.T.);
#6862 = FACE_BOUND('',#6863,.F.);
#6863 = EDGE_LOOP('',(#6864,#6865,#6866,#6867));
#6864 = ORIENTED_EDGE('',*,*,#3372,.T.);
#6865 = ORIENTED_EDGE('',*,*,#5225,.T.);
#6866 = ORIENTED_EDGE('',*,*,#3472,.F.);
#6867 = ORIENTED_EDGE('',*,*,#6851,.F.);
#6868 = CYLINDRICAL_SURFACE('',#6869,7.);
#6869 = AXIS2_PLACEMENT_3D('',#6870,#6871,#6872);
#6870 = CARTESIAN_POINT('',(-35.6,27.6,19.8));
#6871 = DIRECTION('',(0.,0.,1.));
#6872 = DIRECTION('',(-1.,-0.,0.));
#6873 = ADVANCED_FACE('',(#6874),#6880,.T.);
#6874 = FACE_BOUND('',#6875,.T.);
#6875 = EDGE_LOOP('',(#6876,#6877,#6878,#6879));
#6876 = ORIENTED_EDGE('',*,*,#3314,.T.);
#6877 = ORIENTED_EDGE('',*,*,#3388,.T.);
#6878 = ORIENTED_EDGE('',*,*,#3421,.F.);
#6879 = ORIENTED_EDGE('',*,*,#6844,.F.);
#6880 = CYLINDRICAL_SURFACE('',#6881,7.);
#6881 = AXIS2_PLACEMENT_3D('',#6882,#6883,#6884);
#6882 = CARTESIAN_POINT('',(-35.6,-27.6,19.8));
#6883 = DIRECTION('',(0.,0.,1.));
#6884 = DIRECTION('',(-1.,-0.,0.));
#6885 = ADVANCED_FACE('',(#6886),#6897,.T.);
#6886 = FACE_BOUND('',#6887,.F.);
#6887 = EDGE_LOOP('',(#6888,#6894,#6895,#6896));
#6888 = ORIENTED_EDGE('',*,*,#6889,.F.);
#6889 = EDGE_CURVE('',#5034,#4039,#6890,.T.);
#6890 = LINE('',#6891,#6892);
#6891 = CARTESIAN_POINT('',(41.,-27.,0.));
#6892 = VECTOR('',#6893,1.);
#6893 = DIRECTION('',(0.,0.,1.));
#6894 = ORIENTED_EDGE('',*,*,#5041,.F.);
#6895 = ORIENTED_EDGE('',*,*,#3949,.T.);
#6896 = ORIENTED_EDGE('',*,*,#4046,.T.);
#6897 = CYLINDRICAL_SURFACE('',#6898,6.);
#6898 = AXIS2_PLACEMENT_3D('',#6899,#6900,#6901);
#6899 = CARTESIAN_POINT('',(35.,-27.,0.));
#6900 = DIRECTION('',(0.,0.,1.));
#6901 = DIRECTION('',(1.,0.,-0.));
#6902 = ADVANCED_FACE('',(#6903),#6914,.T.);
#6903 = FACE_BOUND('',#6904,.T.);
#6904 = EDGE_LOOP('',(#6905,#6906,#6907,#6908));
#6905 = ORIENTED_EDGE('',*,*,#4038,.T.);
#6906 = ORIENTED_EDGE('',*,*,#6889,.F.);
#6907 = ORIENTED_EDGE('',*,*,#5033,.F.);
#6908 = ORIENTED_EDGE('',*,*,#6909,.T.);
#6909 = EDGE_CURVE('',#5025,#4030,#6910,.T.);
#6910 = LINE('',#6911,#6912);
#6911 = CARTESIAN_POINT('',(41.,27.,0.));
#6912 = VECTOR('',#6913,1.);
#6913 = DIRECTION('',(0.,0.,1.));
#6914 = PLANE('',#6915);
#6915 = AXIS2_PLACEMENT_3D('',#6916,#6917,#6918);
#6916 = CARTESIAN_POINT('',(41.,-33.,0.));
#6917 = DIRECTION('',(1.,0.,-0.));
#6918 = DIRECTION('',(0.,0.,1.));
#6919 = ADVANCED_FACE('',(#6920),#6926,.T.);
#6920 = FACE_BOUND('',#6921,.T.);
#6921 = EDGE_LOOP('',(#6922,#6923,#6924,#6925));
#6922 = ORIENTED_EDGE('',*,*,#6909,.F.);
#6923 = ORIENTED_EDGE('',*,*,#5024,.T.);
#6924 = ORIENTED_EDGE('',*,*,#5868,.T.);
#6925 = ORIENTED_EDGE('',*,*,#4029,.F.);
#6926 = CYLINDRICAL_SURFACE('',#6927,6.);
#6927 = AXIS2_PLACEMENT_3D('',#6928,#6929,#6930);
#6928 = CARTESIAN_POINT('',(35.,27.,0.));
#6929 = DIRECTION('',(0.,0.,1.));
#6930 = DIRECTION('',(1.,0.,-0.));
#6931 = ADVANCED_FACE('',(#6932),#6943,.T.);
#6932 = FACE_BOUND('',#6933,.T.);
#6933 = EDGE_LOOP('',(#6934,#6935,#6936,#6937));
#6934 = ORIENTED_EDGE('',*,*,#3996,.T.);
#6935 = ORIENTED_EDGE('',*,*,#5844,.T.);
#6936 = ORIENTED_EDGE('',*,*,#4120,.F.);
#6937 = ORIENTED_EDGE('',*,*,#6938,.F.);
#6938 = EDGE_CURVE('',#3989,#4113,#6939,.T.);
#6939 = LINE('',#6940,#6941);
#6940 = CARTESIAN_POINT('',(42.6,27.6,24.2));
#6941 = VECTOR('',#6942,1.);
#6942 = DIRECTION('',(0.,0.,1.));
#6943 = CYLINDRICAL_SURFACE('',#6944,7.);
#6944 = AXIS2_PLACEMENT_3D('',#6945,#6946,#6947);
#6945 = CARTESIAN_POINT('',(35.6,27.6,24.2));
#6946 = DIRECTION('',(0.,0.,1.));
#6947 = DIRECTION('',(1.,0.,-0.));
#6948 = ADVANCED_FACE('',(#6949),#6960,.T.);
#6949 = FACE_BOUND('',#6950,.T.);
#6950 = EDGE_LOOP('',(#6951,#6952,#6958,#6959));
#6951 = ORIENTED_EDGE('',*,*,#4112,.F.);
#6952 = ORIENTED_EDGE('',*,*,#6953,.F.);
#6953 = EDGE_CURVE('',#3980,#4104,#6954,.T.);
#6954 = LINE('',#6955,#6956);
#6955 = CARTESIAN_POINT('',(42.6,-27.6,24.2));
#6956 = VECTOR('',#6957,1.);
#6957 = DIRECTION('',(0.,0.,1.));
#6958 = ORIENTED_EDGE('',*,*,#3988,.T.);
#6959 = ORIENTED_EDGE('',*,*,#6938,.T.);
#6960 = PLANE('',#6961);
#6961 = AXIS2_PLACEMENT_3D('',#6962,#6963,#6964);
#6962 = CARTESIAN_POINT('',(42.6,-34.6,24.2));
#6963 = DIRECTION('',(1.,0.,-0.));
#6964 = DIRECTION('',(0.,0.,1.));
#6965 = ADVANCED_FACE('',(#6966),#6972,.T.);
#6966 = FACE_BOUND('',#6967,.F.);
#6967 = EDGE_LOOP('',(#6968,#6969,#6970,#6971));
#6968 = ORIENTED_EDGE('',*,*,#3979,.T.);
#6969 = ORIENTED_EDGE('',*,*,#4080,.T.);
#6970 = ORIENTED_EDGE('',*,*,#4103,.F.);
#6971 = ORIENTED_EDGE('',*,*,#6953,.F.);
#6972 = CYLINDRICAL_SURFACE('',#6973,7.);
#6973 = AXIS2_PLACEMENT_3D('',#6974,#6975,#6976);
#6974 = CARTESIAN_POINT('',(35.6,-27.6,24.2));
#6975 = DIRECTION('',(0.,0.,1.));
#6976 = DIRECTION('',(1.,0.,-0.));
#6977 = ADVANCED_FACE('',(#6978),#6989,.T.);
#6978 = FACE_BOUND('',#6979,.F.);
#6979 = EDGE_LOOP('',(#6980,#6986,#6987,#6988));
#6980 = ORIENTED_EDGE('',*,*,#6981,.F.);
#6981 = EDGE_CURVE('',#4163,#4301,#6982,.T.);
#6982 = LINE('',#6983,#6984);
#6983 = CARTESIAN_POINT('',(41.,-27.,0.));
#6984 = VECTOR('',#6985,1.);
#6985 = DIRECTION('',(0.,0.,1.));
#6986 = ORIENTED_EDGE('',*,*,#4170,.F.);
#6987 = ORIENTED_EDGE('',*,*,#4211,.T.);
#6988 = ORIENTED_EDGE('',*,*,#4308,.T.);
#6989 = CYLINDRICAL_SURFACE('',#6990,6.);
#6990 = AXIS2_PLACEMENT_3D('',#6991,#6992,#6993);
#6991 = CARTESIAN_POINT('',(35.,-27.,0.));
#6992 = DIRECTION('',(0.,0.,1.));
#6993 = DIRECTION('',(1.,0.,-0.));
#6994 = ADVANCED_FACE('',(#6995),#7006,.T.);
#6995 = FACE_BOUND('',#6996,.T.);
#6996 = EDGE_LOOP('',(#6997,#6998,#6999,#7000));
#6997 = ORIENTED_EDGE('',*,*,#4300,.T.);
#6998 = ORIENTED_EDGE('',*,*,#6981,.F.);
#6999 = ORIENTED_EDGE('',*,*,#4162,.F.);
#7000 = ORIENTED_EDGE('',*,*,#7001,.T.);
#7001 = EDGE_CURVE('',#4154,#4292,#7002,.T.);
#7002 = LINE('',#7003,#7004);
#7003 = CARTESIAN_POINT('',(41.,27.,0.));
#7004 = VECTOR('',#7005,1.);
#7005 = DIRECTION('',(0.,0.,1.));
#7006 = PLANE('',#7007);
#7007 = AXIS2_PLACEMENT_3D('',#7008,#7009,#7010);
#7008 = CARTESIAN_POINT('',(41.,-33.,0.));
#7009 = DIRECTION('',(1.,0.,-0.));
#7010 = DIRECTION('',(0.,0.,1.));
#7011 = ADVANCED_FACE('',(#7012),#7018,.T.);
#7012 = FACE_BOUND('',#7013,.T.);
#7013 = EDGE_LOOP('',(#7014,#7015,#7016,#7017));
#7014 = ORIENTED_EDGE('',*,*,#7001,.F.);
#7015 = ORIENTED_EDGE('',*,*,#4153,.T.);
#7016 = ORIENTED_EDGE('',*,*,#5821,.T.);
#7017 = ORIENTED_EDGE('',*,*,#4291,.F.);
#7018 = CYLINDRICAL_SURFACE('',#7019,6.);
#7019 = AXIS2_PLACEMENT_3D('',#7020,#7021,#7022);
#7020 = CARTESIAN_POINT('',(35.,27.,0.));
#7021 = DIRECTION('',(0.,0.,1.));
#7022 = DIRECTION('',(1.,0.,-0.));
#7023 = ADVANCED_FACE('',(#7024),#7035,.T.);
#7024 = FACE_BOUND('',#7025,.T.);
#7025 = EDGE_LOOP('',(#7026,#7027,#7028,#7029));
#7026 = ORIENTED_EDGE('',*,*,#4258,.T.);
#7027 = ORIENTED_EDGE('',*,*,#5798,.T.);
#7028 = ORIENTED_EDGE('',*,*,#4380,.F.);
#7029 = ORIENTED_EDGE('',*,*,#7030,.F.);
#7030 = EDGE_CURVE('',#4251,#4373,#7031,.T.);
#7031 = LINE('',#7032,#7033);
#7032 = CARTESIAN_POINT('',(42.6,27.6,28.6));
#7033 = VECTOR('',#7034,1.);
#7034 = DIRECTION('',(0.,0.,1.));
#7035 = CYLINDRICAL_SURFACE('',#7036,7.);
#7036 = AXIS2_PLACEMENT_3D('',#7037,#7038,#7039);
#7037 = CARTESIAN_POINT('',(35.6,27.6,28.6));
#7038 = DIRECTION('',(0.,0.,1.));
#7039 = DIRECTION('',(1.,0.,-0.));
#7040 = ADVANCED_FACE('',(#7041),#7052,.T.);
#7041 = FACE_BOUND('',#7042,.T.);
#7042 = EDGE_LOOP('',(#7043,#7044,#7050,#7051));
#7043 = ORIENTED_EDGE('',*,*,#4372,.F.);
#7044 = ORIENTED_EDGE('',*,*,#7045,.F.);
#7045 = EDGE_CURVE('',#4242,#4364,#7046,.T.);
#7046 = LINE('',#7047,#7048);
#7047 = CARTESIAN_POINT('',(42.6,-27.6,28.6));
#7048 = VECTOR('',#7049,1.);
#7049 = DIRECTION('',(0.,0.,1.));
#7050 = ORIENTED_EDGE('',*,*,#4250,.T.);
#7051 = ORIENTED_EDGE('',*,*,#7030,.T.);
#7052 = PLANE('',#7053);
#7053 = AXIS2_PLACEMENT_3D('',#7054,#7055,#7056);
#7054 = CARTESIAN_POINT('',(42.6,-34.6,28.6));
#7055 = DIRECTION('',(1.,0.,-0.));
#7056 = DIRECTION('',(0.,0.,1.));
#7057 = ADVANCED_FACE('',(#7058),#7064,.T.);
#7058 = FACE_BOUND('',#7059,.F.);
#7059 = EDGE_LOOP('',(#7060,#7061,#7062,#7063));
#7060 = ORIENTED_EDGE('',*,*,#4241,.T.);
#7061 = ORIENTED_EDGE('',*,*,#4342,.T.);
#7062 = ORIENTED_EDGE('',*,*,#4363,.F.);
#7063 = ORIENTED_EDGE('',*,*,#7045,.F.);
#7064 = CYLINDRICAL_SURFACE('',#7065,7.);
#7065 = AXIS2_PLACEMENT_3D('',#7066,#7067,#7068);
#7066 = CARTESIAN_POINT('',(35.6,-27.6,28.6));
#7067 = DIRECTION('',(0.,0.,1.));
#7068 = DIRECTION('',(1.,0.,-0.));
#7069 = ADVANCED_FACE('',(#7070),#7081,.T.);
#7070 = FACE_BOUND('',#7071,.T.);
#7071 = EDGE_LOOP('',(#7072,#7073,#7074,#7075));
#7072 = ORIENTED_EDGE('',*,*,#6285,.T.);
#7073 = ORIENTED_EDGE('',*,*,#6163,.F.);
#7074 = ORIENTED_EDGE('',*,*,#4422,.F.);
#7075 = ORIENTED_EDGE('',*,*,#7076,.T.);
#7076 = EDGE_CURVE('',#4414,#6277,#7077,.T.);
#7077 = LINE('',#7078,#7079);
#7078 = CARTESIAN_POINT('',(41.,27.,0.));
#7079 = VECTOR('',#7080,1.);
#7080 = DIRECTION('',(0.,0.,1.));
#7081 = PLANE('',#7082);
#7082 = AXIS2_PLACEMENT_3D('',#7083,#7084,#7085);
#7083 = CARTESIAN_POINT('',(41.,-33.,0.));
#7084 = DIRECTION('',(1.,0.,-0.));
#7085 = DIRECTION('',(0.,0.,1.));
#7086 = ADVANCED_FACE('',(#7087),#7093,.T.);
#7087 = FACE_BOUND('',#7088,.T.);
#7088 = EDGE_LOOP('',(#7089,#7090,#7091,#7092));
#7089 = ORIENTED_EDGE('',*,*,#7076,.F.);
#7090 = ORIENTED_EDGE('',*,*,#4413,.T.);
#7091 = ORIENTED_EDGE('',*,*,#5167,.T.);
#7092 = ORIENTED_EDGE('',*,*,#6276,.F.);
#7093 = CYLINDRICAL_SURFACE('',#7094,6.);
#7094 = AXIS2_PLACEMENT_3D('',#7095,#7096,#7097);
#7095 = CARTESIAN_POINT('',(35.,27.,0.));
#7096 = DIRECTION('',(0.,0.,1.));
#7097 = DIRECTION('',(1.,0.,-0.));
#7098 = ADVANCED_FACE('',(#7099),#7110,.T.);
#7099 = FACE_BOUND('',#7100,.T.);
#7100 = EDGE_LOOP('',(#7101,#7102,#7103,#7104));
#7101 = ORIENTED_EDGE('',*,*,#4505,.T.);
#7102 = ORIENTED_EDGE('',*,*,#6596,.F.);
#7103 = ORIENTED_EDGE('',*,*,#6565,.T.);
#7104 = ORIENTED_EDGE('',*,*,#7105,.T.);
#7105 = EDGE_CURVE('',#6566,#4497,#7106,.T.);
#7106 = LINE('',#7107,#7108);
#7107 = CARTESIAN_POINT('',(41.,27.,0.));
#7108 = VECTOR('',#7109,1.);
#7109 = DIRECTION('',(0.,0.,1.));
#7110 = PLANE('',#7111);
#7111 = AXIS2_PLACEMENT_3D('',#7112,#7113,#7114);
#7112 = CARTESIAN_POINT('',(41.,-33.,0.));
#7113 = DIRECTION('',(1.,0.,-0.));
#7114 = DIRECTION('',(0.,0.,1.));
#7115 = ADVANCED_FACE('',(#7116),#7122,.T.);
#7116 = FACE_BOUND('',#7117,.T.);
#7117 = EDGE_LOOP('',(#7118,#7119,#7120,#7121));
#7118 = ORIENTED_EDGE('',*,*,#7105,.F.);
#7119 = ORIENTED_EDGE('',*,*,#6573,.T.);
#7120 = ORIENTED_EDGE('',*,*,#5339,.T.);
#7121 = ORIENTED_EDGE('',*,*,#4496,.F.);
#7122 = CYLINDRICAL_SURFACE('',#7123,6.);
#7123 = AXIS2_PLACEMENT_3D('',#7124,#7125,#7126);
#7124 = CARTESIAN_POINT('',(35.,27.,0.));
#7125 = DIRECTION('',(0.,0.,1.));
#7126 = DIRECTION('',(1.,0.,-0.));
#7127 = ADVANCED_FACE('',(#7128),#7139,.T.);
#7128 = FACE_BOUND('',#7129,.T.);
#7129 = EDGE_LOOP('',(#7130,#7131,#7132,#7133));
#7130 = ORIENTED_EDGE('',*,*,#4472,.T.);
#7131 = ORIENTED_EDGE('',*,*,#5953,.T.);
#7132 = ORIENTED_EDGE('',*,*,#4572,.F.);
#7133 = ORIENTED_EDGE('',*,*,#7134,.F.);
#7134 = EDGE_CURVE('',#4465,#4565,#7135,.T.);
#7135 = LINE('',#7136,#7137);
#7136 = CARTESIAN_POINT('',(42.6,27.6,11.));
#7137 = VECTOR('',#7138,1.);
#7138 = DIRECTION('',(0.,0.,1.));
#7139 = CYLINDRICAL_SURFACE('',#7140,7.);
#7140 = AXIS2_PLACEMENT_3D('',#7141,#7142,#7143);
#7141 = CARTESIAN_POINT('',(35.6,27.6,11.));
#7142 = DIRECTION('',(0.,0.,1.));
#7143 = DIRECTION('',(1.,0.,-0.));
#7144 = ADVANCED_FACE('',(#7145),#7156,.T.);
#7145 = FACE_BOUND('',#7146,.T.);
#7146 = EDGE_LOOP('',(#7147,#7148,#7154,#7155));
#7147 = ORIENTED_EDGE('',*,*,#4564,.F.);
#7148 = ORIENTED_EDGE('',*,*,#7149,.F.);
#7149 = EDGE_CURVE('',#4456,#4556,#7150,.T.);
#7150 = LINE('',#7151,#7152);
#7151 = CARTESIAN_POINT('',(42.6,-27.6,11.));
#7152 = VECTOR('',#7153,1.);
#7153 = DIRECTION('',(0.,0.,1.));
#7154 = ORIENTED_EDGE('',*,*,#4464,.T.);
#7155 = ORIENTED_EDGE('',*,*,#7134,.T.);
#7156 = PLANE('',#7157);
#7157 = AXIS2_PLACEMENT_3D('',#7158,#7159,#7160);
#7158 = CARTESIAN_POINT('',(42.6,-34.6,11.));
#7159 = DIRECTION('',(1.,0.,-0.));
#7160 = DIRECTION('',(0.,0.,1.));
#7161 = ADVANCED_FACE('',(#7162),#7168,.T.);
#7162 = FACE_BOUND('',#7163,.F.);
#7163 = EDGE_LOOP('',(#7164,#7165,#7166,#7167));
#7164 = ORIENTED_EDGE('',*,*,#4455,.T.);
#7165 = ORIENTED_EDGE('',*,*,#4539,.T.);
#7166 = ORIENTED_EDGE('',*,*,#4555,.F.);
#7167 = ORIENTED_EDGE('',*,*,#7149,.F.);
#7168 = CYLINDRICAL_SURFACE('',#7169,7.);
#7169 = AXIS2_PLACEMENT_3D('',#7170,#7171,#7172);
#7170 = CARTESIAN_POINT('',(35.6,-27.6,11.));
#7171 = DIRECTION('',(0.,0.,1.));
#7172 = DIRECTION('',(1.,0.,-0.));
#7173 = ADVANCED_FACE('',(#7174),#7185,.T.);
#7174 = FACE_BOUND('',#7175,.F.);
#7175 = EDGE_LOOP('',(#7176,#7182,#7183,#7184));
#7176 = ORIENTED_EDGE('',*,*,#7177,.F.);
#7177 = EDGE_CURVE('',#4606,#4720,#7178,.T.);
#7178 = LINE('',#7179,#7180);
#7179 = CARTESIAN_POINT('',(41.,-27.,0.));
#7180 = VECTOR('',#7181,1.);
#7181 = DIRECTION('',(0.,0.,1.));
#7182 = ORIENTED_EDGE('',*,*,#4613,.F.);
#7183 = ORIENTED_EDGE('',*,*,#4646,.T.);
#7184 = ORIENTED_EDGE('',*,*,#4727,.T.);
#7185 = CYLINDRICAL_SURFACE('',#7186,6.);
#7186 = AXIS2_PLACEMENT_3D('',#7187,#7188,#7189);
#7187 = CARTESIAN_POINT('',(35.,-27.,0.));
#7188 = DIRECTION('',(0.,0.,1.));
#7189 = DIRECTION('',(1.,0.,-0.));
#7190 = ADVANCED_FACE('',(#7191),#7202,.T.);
#7191 = FACE_BOUND('',#7192,.T.);
#7192 = EDGE_LOOP('',(#7193,#7194,#7195,#7196));
#7193 = ORIENTED_EDGE('',*,*,#4719,.T.);
#7194 = ORIENTED_EDGE('',*,*,#7177,.F.);
#7195 = ORIENTED_EDGE('',*,*,#4605,.F.);
#7196 = ORIENTED_EDGE('',*,*,#7197,.T.);
#7197 = EDGE_CURVE('',#4597,#4711,#7198,.T.);
#7198 = LINE('',#7199,#7200);
#7199 = CARTESIAN_POINT('',(41.,27.,0.));
#7200 = VECTOR('',#7201,1.);
#7201 = DIRECTION('',(0.,0.,1.));
#7202 = PLANE('',#7203);
#7203 = AXIS2_PLACEMENT_3D('',#7204,#7205,#7206);
#7204 = CARTESIAN_POINT('',(41.,-33.,0.));
#7205 = DIRECTION('',(1.,0.,-0.));
#7206 = DIRECTION('',(0.,0.,1.));
#7207 = ADVANCED_FACE('',(#7208),#7214,.T.);
#7208 = FACE_BOUND('',#7209,.T.);
#7209 = EDGE_LOOP('',(#7210,#7211,#7212,#7213));
#7210 = ORIENTED_EDGE('',*,*,#7197,.F.);
#7211 = ORIENTED_EDGE('',*,*,#4596,.T.);
#7212 = ORIENTED_EDGE('',*,*,#5936,.T.);
#7213 = ORIENTED_EDGE('',*,*,#4710,.F.);
#7214 = CYLINDRICAL_SURFACE('',#7215,6.);
#7215 = AXIS2_PLACEMENT_3D('',#7216,#7217,#7218);
#7216 = CARTESIAN_POINT('',(35.,27.,0.));
#7217 = DIRECTION('',(0.,0.,1.));
#7218 = DIRECTION('',(1.,0.,-0.));
#7219 = ADVANCED_FACE('',(#7220),#7231,.T.);
#7220 = FACE_BOUND('',#7221,.T.);
#7221 = EDGE_LOOP('',(#7222,#7223,#7224,#7225));
#7222 = ORIENTED_EDGE('',*,*,#4686,.T.);
#7223 = ORIENTED_EDGE('',*,*,#5919,.T.);
#7224 = ORIENTED_EDGE('',*,*,#4786,.F.);
#7225 = ORIENTED_EDGE('',*,*,#7226,.F.);
#7226 = EDGE_CURVE('',#4679,#4779,#7227,.T.);
#7227 = LINE('',#7228,#7229);
#7228 = CARTESIAN_POINT('',(42.6,27.6,15.4));
#7229 = VECTOR('',#7230,1.);
#7230 = DIRECTION('',(0.,0.,1.));
#7231 = CYLINDRICAL_SURFACE('',#7232,7.);
#7232 = AXIS2_PLACEMENT_3D('',#7233,#7234,#7235);
#7233 = CARTESIAN_POINT('',(35.6,27.6,15.4));
#7234 = DIRECTION('',(0.,0.,1.));
#7235 = DIRECTION('',(1.,0.,-0.));
#7236 = ADVANCED_FACE('',(#7237),#7248,.T.);
#7237 = FACE_BOUND('',#7238,.T.);
#7238 = EDGE_LOOP('',(#7239,#7240,#7246,#7247));
#7239 = ORIENTED_EDGE('',*,*,#4778,.F.);
#7240 = ORIENTED_EDGE('',*,*,#7241,.F.);
#7241 = EDGE_CURVE('',#4670,#4770,#7242,.T.);
#7242 = LINE('',#7243,#7244);
#7243 = CARTESIAN_POINT('',(42.6,-27.6,15.4));
#7244 = VECTOR('',#7245,1.);
#7245 = DIRECTION('',(0.,0.,1.));
#7246 = ORIENTED_EDGE('',*,*,#4678,.T.);
#7247 = ORIENTED_EDGE('',*,*,#7226,.T.);
#7248 = PLANE('',#7249);
#7249 = AXIS2_PLACEMENT_3D('',#7250,#7251,#7252);
#7250 = CARTESIAN_POINT('',(42.6,-34.6,15.4));
#7251 = DIRECTION('',(1.,0.,-0.));
#7252 = DIRECTION('',(0.,0.,1.));
#7253 = ADVANCED_FACE('',(#7254),#7260,.T.);
#7254 = FACE_BOUND('',#7255,.F.);
#7255 = EDGE_LOOP('',(#7256,#7257,#7258,#7259));
#7256 = ORIENTED_EDGE('',*,*,#4669,.T.);
#7257 = ORIENTED_EDGE('',*,*,#4753,.T.);
#7258 = ORIENTED_EDGE('',*,*,#4769,.F.);
#7259 = ORIENTED_EDGE('',*,*,#7241,.F.);
#7260 = CYLINDRICAL_SURFACE('',#7261,7.);
#7261 = AXIS2_PLACEMENT_3D('',#7262,#7263,#7264);
#7262 = CARTESIAN_POINT('',(35.6,-27.6,15.4));
#7263 = DIRECTION('',(0.,0.,1.));
#7264 = DIRECTION('',(1.,0.,-0.));
#7265 = ADVANCED_FACE('',(#7266),#7277,.T.);
#7266 = FACE_BOUND('',#7267,.F.);
#7267 = EDGE_LOOP('',(#7268,#7274,#7275,#7276));
#7268 = ORIENTED_EDGE('',*,*,#7269,.F.);
#7269 = EDGE_CURVE('',#4820,#4934,#7270,.T.);
#7270 = LINE('',#7271,#7272);
#7271 = CARTESIAN_POINT('',(41.,-27.,0.));
#7272 = VECTOR('',#7273,1.);
#7273 = DIRECTION('',(0.,0.,1.));
#7274 = ORIENTED_EDGE('',*,*,#4827,.F.);
#7275 = ORIENTED_EDGE('',*,*,#4860,.T.);
#7276 = ORIENTED_EDGE('',*,*,#4941,.T.);
#7277 = CYLINDRICAL_SURFACE('',#7278,6.);
#7278 = AXIS2_PLACEMENT_3D('',#7279,#7280,#7281);
#7279 = CARTESIAN_POINT('',(35.,-27.,0.));
#7280 = DIRECTION('',(0.,0.,1.));
#7281 = DIRECTION('',(1.,0.,-0.));
#7282 = ADVANCED_FACE('',(#7283),#7294,.T.);
#7283 = FACE_BOUND('',#7284,.T.);
#7284 = EDGE_LOOP('',(#7285,#7286,#7287,#7288));
#7285 = ORIENTED_EDGE('',*,*,#4933,.T.);
#7286 = ORIENTED_EDGE('',*,*,#7269,.F.);
#7287 = ORIENTED_EDGE('',*,*,#4819,.F.);
#7288 = ORIENTED_EDGE('',*,*,#7289,.T.);
#7289 = EDGE_CURVE('',#4811,#4925,#7290,.T.);
#7290 = LINE('',#7291,#7292);
#7291 = CARTESIAN_POINT('',(41.,27.,0.));
#7292 = VECTOR('',#7293,1.);
#7293 = DIRECTION('',(0.,0.,1.));
#7294 = PLANE('',#7295);
#7295 = AXIS2_PLACEMENT_3D('',#7296,#7297,#7298);
#7296 = CARTESIAN_POINT('',(41.,-33.,0.));
#7297 = DIRECTION('',(1.,0.,-0.));
#7298 = DIRECTION('',(0.,0.,1.));
#7299 = ADVANCED_FACE('',(#7300),#7306,.T.);
#7300 = FACE_BOUND('',#7301,.T.);
#7301 = EDGE_LOOP('',(#7302,#7303,#7304,#7305));
#7302 = ORIENTED_EDGE('',*,*,#7289,.F.);
#7303 = ORIENTED_EDGE('',*,*,#4810,.T.);
#7304 = ORIENTED_EDGE('',*,*,#5902,.T.);
#7305 = ORIENTED_EDGE('',*,*,#4924,.F.);
#7306 = CYLINDRICAL_SURFACE('',#7307,6.);
#7307 = AXIS2_PLACEMENT_3D('',#7308,#7309,#7310);
#7308 = CARTESIAN_POINT('',(35.,27.,0.));
#7309 = DIRECTION('',(0.,0.,1.));
#7310 = DIRECTION('',(1.,0.,-0.));
#7311 = ADVANCED_FACE('',(#7312),#7323,.T.);
#7312 = FACE_BOUND('',#7313,.T.);
#7313 = EDGE_LOOP('',(#7314,#7315,#7316,#7317));
#7314 = ORIENTED_EDGE('',*,*,#4900,.T.);
#7315 = ORIENTED_EDGE('',*,*,#5885,.T.);
#7316 = ORIENTED_EDGE('',*,*,#5000,.F.);
#7317 = ORIENTED_EDGE('',*,*,#7318,.F.);
#7318 = EDGE_CURVE('',#4893,#4993,#7319,.T.);
#7319 = LINE('',#7320,#7321);
#7320 = CARTESIAN_POINT('',(42.6,27.6,19.8));
#7321 = VECTOR('',#7322,1.);
#7322 = DIRECTION('',(0.,0.,1.));
#7323 = CYLINDRICAL_SURFACE('',#7324,7.);
#7324 = AXIS2_PLACEMENT_3D('',#7325,#7326,#7327);
#7325 = CARTESIAN_POINT('',(35.6,27.6,19.8));
#7326 = DIRECTION('',(0.,0.,1.));
#7327 = DIRECTION('',(1.,0.,-0.));
#7328 = ADVANCED_FACE('',(#7329),#7340,.T.);
#7329 = FACE_BOUND('',#7330,.T.);
#7330 = EDGE_LOOP('',(#7331,#7332,#7338,#7339));
#7331 = ORIENTED_EDGE('',*,*,#4992,.F.);
#7332 = ORIENTED_EDGE('',*,*,#7333,.F.);
#7333 = EDGE_CURVE('',#4884,#4984,#7334,.T.);
#7334 = LINE('',#7335,#7336);
#7335 = CARTESIAN_POINT('',(42.6,-27.6,19.8));
#7336 = VECTOR('',#7337,1.);
#7337 = DIRECTION('',(0.,0.,1.));
#7338 = ORIENTED_EDGE('',*,*,#4892,.T.);
#7339 = ORIENTED_EDGE('',*,*,#7318,.T.);
#7340 = PLANE('',#7341);
#7341 = AXIS2_PLACEMENT_3D('',#7342,#7343,#7344);
#7342 = CARTESIAN_POINT('',(42.6,-34.6,19.8));
#7343 = DIRECTION('',(1.,0.,-0.));
#7344 = DIRECTION('',(0.,0.,1.));
#7345 = ADVANCED_FACE('',(#7346),#7352,.T.);
#7346 = FACE_BOUND('',#7347,.F.);
#7347 = EDGE_LOOP('',(#7348,#7349,#7350,#7351));
#7348 = ORIENTED_EDGE('',*,*,#4883,.T.);
#7349 = ORIENTED_EDGE('',*,*,#4967,.T.);
#7350 = ORIENTED_EDGE('',*,*,#4983,.F.);
#7351 = ORIENTED_EDGE('',*,*,#7333,.F.);
#7352 = CYLINDRICAL_SURFACE('',#7353,7.);
#7353 = AXIS2_PLACEMENT_3D('',#7354,#7355,#7356);
#7354 = CARTESIAN_POINT('',(35.6,-27.6,19.8));
#7355 = DIRECTION('',(0.,0.,1.));
#7356 = DIRECTION('',(1.,0.,-0.));
#7357 = ADVANCED_FACE('',(#7358,#7428),#7438,.T.);
#7358 = FACE_BOUND('',#7359,.T.);
#7359 = EDGE_LOOP('',(#7360,#7370,#7379,#7387,#7396,#7404,#7413,#7421));
#7360 = ORIENTED_EDGE('',*,*,#7361,.F.);
#7361 = EDGE_CURVE('',#7362,#7364,#7366,.T.);
#7362 = VERTEX_POINT('',#7363);
#7363 = CARTESIAN_POINT('',(-42.6,-27.6,47.35));
#7364 = VERTEX_POINT('',#7365);
#7365 = CARTESIAN_POINT('',(-42.6,27.6,47.35));
#7366 = LINE('',#7367,#7368);
#7367 = CARTESIAN_POINT('',(-42.6,-34.6,47.35));
#7368 = VECTOR('',#7369,1.);
#7369 = DIRECTION('',(-0.,1.,0.));
#7370 = ORIENTED_EDGE('',*,*,#7371,.T.);
#7371 = EDGE_CURVE('',#7362,#7372,#7374,.T.);
#7372 = VERTEX_POINT('',#7373);
#7373 = CARTESIAN_POINT('',(-35.6,-34.6,47.35));
#7374 = CIRCLE('',#7375,7.);
#7375 = AXIS2_PLACEMENT_3D('',#7376,#7377,#7378);
#7376 = CARTESIAN_POINT('',(-35.6,-27.6,47.35));
#7377 = DIRECTION('',(0.,0.,1.));
#7378 = DIRECTION('',(0.,-1.,0.));
#7379 = ORIENTED_EDGE('',*,*,#7380,.T.);
#7380 = EDGE_CURVE('',#7372,#7381,#7383,.T.);
#7381 = VERTEX_POINT('',#7382);
#7382 = CARTESIAN_POINT('',(35.6,-34.6,47.35));
#7383 = LINE('',#7384,#7385);
#7384 = CARTESIAN_POINT('',(-42.6,-34.6,47.35));
#7385 = VECTOR('',#7386,1.);
#7386 = DIRECTION('',(1.,0.,-0.));
#7387 = ORIENTED_EDGE('',*,*,#7388,.F.);
#7388 = EDGE_CURVE('',#7389,#7381,#7391,.T.);
#7389 = VERTEX_POINT('',#7390);
#7390 = CARTESIAN_POINT('',(42.6,-27.6,47.35));
#7391 = CIRCLE('',#7392,7.);
#7392 = AXIS2_PLACEMENT_3D('',#7393,#7394,#7395);
#7393 = CARTESIAN_POINT('',(35.6,-27.6,47.35));
#7394 = DIRECTION('',(-0.,-0.,-1.));
#7395 = DIRECTION('',(0.,-1.,0.));
#7396 = ORIENTED_EDGE('',*,*,#7397,.T.);
#7397 = EDGE_CURVE('',#7389,#7398,#7400,.T.);
#7398 = VERTEX_POINT('',#7399);
#7399 = CARTESIAN_POINT('',(42.6,27.6,47.35));
#7400 = LINE('',#7401,#7402);
#7401 = CARTESIAN_POINT('',(42.6,-34.6,47.35));
#7402 = VECTOR('',#7403,1.);
#7403 = DIRECTION('',(-0.,1.,0.));
#7404 = ORIENTED_EDGE('',*,*,#7405,.T.);
#7405 = EDGE_CURVE('',#7398,#7406,#7408,.T.);
#7406 = VERTEX_POINT('',#7407);
#7407 = CARTESIAN_POINT('',(35.6,34.6,47.35));
#7408 = CIRCLE('',#7409,7.);
#7409 = AXIS2_PLACEMENT_3D('',#7410,#7411,#7412);
#7410 = CARTESIAN_POINT('',(35.6,27.6,47.35));
#7411 = DIRECTION('',(0.,0.,1.));
#7412 = DIRECTION('',(0.,-1.,0.));
#7413 = ORIENTED_EDGE('',*,*,#7414,.F.);
#7414 = EDGE_CURVE('',#7415,#7406,#7417,.T.);
#7415 = VERTEX_POINT('',#7416);
#7416 = CARTESIAN_POINT('',(-35.6,34.6,47.35));
#7417 = LINE('',#7418,#7419);
#7418 = CARTESIAN_POINT('',(-42.6,34.6,47.35));
#7419 = VECTOR('',#7420,1.);
#7420 = DIRECTION('',(1.,0.,-0.));
#7421 = ORIENTED_EDGE('',*,*,#7422,.F.);
#7422 = EDGE_CURVE('',#7364,#7415,#7423,.T.);
#7423 = CIRCLE('',#7424,7.);
#7424 = AXIS2_PLACEMENT_3D('',#7425,#7426,#7427);
#7425 = CARTESIAN_POINT('',(-35.6,27.6,47.35));
#7426 = DIRECTION('',(-0.,-0.,-1.));
#7427 = DIRECTION('',(0.,-1.,0.));
#7428 = FACE_BOUND('',#7429,.T.);
#7429 = EDGE_LOOP('',(#7430,#7431,#7432,#7433,#7434,#7435,#7436,#7437));
#7430 = ORIENTED_EDGE('',*,*,#5976,.F.);
#7431 = ORIENTED_EDGE('',*,*,#6146,.F.);
#7432 = ORIENTED_EDGE('',*,*,#6121,.T.);
#7433 = ORIENTED_EDGE('',*,*,#6097,.F.);
#7434 = ORIENTED_EDGE('',*,*,#6074,.T.);
#7435 = ORIENTED_EDGE('',*,*,#6055,.F.);
#7436 = ORIENTED_EDGE('',*,*,#6023,.F.);
#7437 = ORIENTED_EDGE('',*,*,#5999,.F.);
#7438 = PLANE('',#7439);
#7439 = AXIS2_PLACEMENT_3D('',#7440,#7441,#7442);
#7440 = CARTESIAN_POINT('',(-42.6,-34.6,47.35));
#7441 = DIRECTION('',(0.,0.,1.));
#7442 = DIRECTION('',(1.,0.,-0.));
#7443 = ADVANCED_FACE('',(#7444),#7469,.F.);
#7444 = FACE_BOUND('',#7445,.F.);
#7445 = EDGE_LOOP('',(#7446,#7456,#7462,#7463));
#7446 = ORIENTED_EDGE('',*,*,#7447,.F.);
#7447 = EDGE_CURVE('',#7448,#7450,#7452,.T.);
#7448 = VERTEX_POINT('',#7449);
#7449 = CARTESIAN_POINT('',(-42.6,-27.6,34.15));
#7450 = VERTEX_POINT('',#7451);
#7451 = CARTESIAN_POINT('',(-42.6,27.6,34.15));
#7452 = LINE('',#7453,#7454);
#7453 = CARTESIAN_POINT('',(-42.6,-34.6,34.15));
#7454 = VECTOR('',#7455,1.);
#7455 = DIRECTION('',(-0.,1.,0.));
#7456 = ORIENTED_EDGE('',*,*,#7457,.F.);
#7457 = EDGE_CURVE('',#6189,#7448,#7458,.T.);
#7458 = LINE('',#7459,#7460);
#7459 = CARTESIAN_POINT('',(-42.6,-27.6,33.));
#7460 = VECTOR('',#7461,1.);
#7461 = DIRECTION('',(0.,0.,1.));
#7462 = ORIENTED_EDGE('',*,*,#6188,.T.);
#7463 = ORIENTED_EDGE('',*,*,#7464,.T.);
#7464 = EDGE_CURVE('',#6191,#7450,#7465,.T.);
#7465 = LINE('',#7466,#7467);
#7466 = CARTESIAN_POINT('',(-42.6,27.6,33.));
#7467 = VECTOR('',#7468,1.);
#7468 = DIRECTION('',(0.,0.,1.));
#7469 = PLANE('',#7470);
#7470 = AXIS2_PLACEMENT_3D('',#7471,#7472,#7473);
#7471 = CARTESIAN_POINT('',(-42.6,-34.6,33.));
#7472 = DIRECTION('',(1.,0.,-0.));
#7473 = DIRECTION('',(0.,0.,1.));
#7474 = ADVANCED_FACE('',(#7475),#7494,.T.);
#7475 = FACE_BOUND('',#7476,.T.);
#7476 = EDGE_LOOP('',(#7477,#7478,#7486,#7493));
#7477 = ORIENTED_EDGE('',*,*,#6198,.T.);
#7478 = ORIENTED_EDGE('',*,*,#7479,.T.);
#7479 = EDGE_CURVE('',#6199,#7480,#7482,.T.);
#7480 = VERTEX_POINT('',#7481);
#7481 = CARTESIAN_POINT('',(-35.6,-34.6,34.15));
#7482 = LINE('',#7483,#7484);
#7483 = CARTESIAN_POINT('',(-35.6,-34.6,33.));
#7484 = VECTOR('',#7485,1.);
#7485 = DIRECTION('',(0.,0.,1.));
#7486 = ORIENTED_EDGE('',*,*,#7487,.F.);
#7487 = EDGE_CURVE('',#7448,#7480,#7488,.T.);
#7488 = CIRCLE('',#7489,7.);
#7489 = AXIS2_PLACEMENT_3D('',#7490,#7491,#7492);
#7490 = CARTESIAN_POINT('',(-35.6,-27.6,34.15));
#7491 = DIRECTION('',(0.,0.,1.));
#7492 = DIRECTION('',(0.,-1.,0.));
#7493 = ORIENTED_EDGE('',*,*,#7457,.F.);
#7494 = CYLINDRICAL_SURFACE('',#7495,7.);
#7495 = AXIS2_PLACEMENT_3D('',#7496,#7497,#7498);
#7496 = CARTESIAN_POINT('',(-35.6,-27.6,33.));
#7497 = DIRECTION('',(0.,0.,1.));
#7498 = DIRECTION('',(-1.,-0.,0.));
#7499 = ADVANCED_FACE('',(#7500),#7519,.T.);
#7500 = FACE_BOUND('',#7501,.F.);
#7501 = EDGE_LOOP('',(#7502,#7503,#7511,#7518));
#7502 = ORIENTED_EDGE('',*,*,#6249,.T.);
#7503 = ORIENTED_EDGE('',*,*,#7504,.T.);
#7504 = EDGE_CURVE('',#6242,#7505,#7507,.T.);
#7505 = VERTEX_POINT('',#7506);
#7506 = CARTESIAN_POINT('',(-35.6,34.6,34.15));
#7507 = LINE('',#7508,#7509);
#7508 = CARTESIAN_POINT('',(-35.6,34.6,33.));
#7509 = VECTOR('',#7510,1.);
#7510 = DIRECTION('',(0.,0.,1.));
#7511 = ORIENTED_EDGE('',*,*,#7512,.F.);
#7512 = EDGE_CURVE('',#7450,#7505,#7513,.T.);
#7513 = CIRCLE('',#7514,7.);
#7514 = AXIS2_PLACEMENT_3D('',#7515,#7516,#7517);
#7515 = CARTESIAN_POINT('',(-35.6,27.6,34.15));
#7516 = DIRECTION('',(-0.,-0.,-1.));
#7517 = DIRECTION('',(0.,-1.,0.));
#7518 = ORIENTED_EDGE('',*,*,#7464,.F.);
#7519 = CYLINDRICAL_SURFACE('',#7520,7.);
#7520 = AXIS2_PLACEMENT_3D('',#7521,#7522,#7523);
#7521 = CARTESIAN_POINT('',(-35.6,27.6,33.));
#7522 = DIRECTION('',(0.,0.,1.));
#7523 = DIRECTION('',(-1.,-0.,0.));
#7524 = ADVANCED_FACE('',(#7525),#7543,.F.);
#7525 = FACE_BOUND('',#7526,.F.);
#7526 = EDGE_LOOP('',(#7527,#7528,#7529,#7537));
#7527 = ORIENTED_EDGE('',*,*,#6207,.F.);
#7528 = ORIENTED_EDGE('',*,*,#7479,.T.);
#7529 = ORIENTED_EDGE('',*,*,#7530,.T.);
#7530 = EDGE_CURVE('',#7480,#7531,#7533,.T.);
#7531 = VERTEX_POINT('',#7532);
#7532 = CARTESIAN_POINT('',(35.6,-34.6,34.15));
#7533 = LINE('',#7534,#7535);
#7534 = CARTESIAN_POINT('',(-42.6,-34.6,34.15));
#7535 = VECTOR('',#7536,1.);
#7536 = DIRECTION('',(1.,0.,-0.));
#7537 = ORIENTED_EDGE('',*,*,#7538,.F.);
#7538 = EDGE_CURVE('',#6208,#7531,#7539,.T.);
#7539 = LINE('',#7540,#7541);
#7540 = CARTESIAN_POINT('',(35.6,-34.6,33.));
#7541 = VECTOR('',#7542,1.);
#7542 = DIRECTION('',(0.,0.,1.));
#7543 = PLANE('',#7544);
#7544 = AXIS2_PLACEMENT_3D('',#7545,#7546,#7547);
#7545 = CARTESIAN_POINT('',(-42.6,-34.6,33.));
#7546 = DIRECTION('',(-0.,1.,0.));
#7547 = DIRECTION('',(0.,0.,1.));
#7548 = ADVANCED_FACE('',(#7549),#7567,.T.);
#7549 = FACE_BOUND('',#7550,.T.);
#7550 = EDGE_LOOP('',(#7551,#7552,#7553,#7561));
#7551 = ORIENTED_EDGE('',*,*,#6241,.F.);
#7552 = ORIENTED_EDGE('',*,*,#7504,.T.);
#7553 = ORIENTED_EDGE('',*,*,#7554,.T.);
#7554 = EDGE_CURVE('',#7505,#7555,#7557,.T.);
#7555 = VERTEX_POINT('',#7556);
#7556 = CARTESIAN_POINT('',(35.6,34.6,34.15));
#7557 = LINE('',#7558,#7559);
#7558 = CARTESIAN_POINT('',(-42.6,34.6,34.15));
#7559 = VECTOR('',#7560,1.);
#7560 = DIRECTION('',(1.,0.,-0.));
#7561 = ORIENTED_EDGE('',*,*,#7562,.F.);
#7562 = EDGE_CURVE('',#6233,#7555,#7563,.T.);
#7563 = LINE('',#7564,#7565);
#7564 = CARTESIAN_POINT('',(35.6,34.6,33.));
#7565 = VECTOR('',#7566,1.);
#7566 = DIRECTION('',(0.,0.,1.));
#7567 = PLANE('',#7568);
#7568 = AXIS2_PLACEMENT_3D('',#7569,#7570,#7571);
#7569 = CARTESIAN_POINT('',(-42.6,34.6,33.));
#7570 = DIRECTION('',(-0.,1.,0.));
#7571 = DIRECTION('',(0.,0.,1.));
#7572 = ADVANCED_FACE('',(#7573),#7592,.T.);
#7573 = FACE_BOUND('',#7574,.F.);
#7574 = EDGE_LOOP('',(#7575,#7576,#7577,#7586));
#7575 = ORIENTED_EDGE('',*,*,#6215,.T.);
#7576 = ORIENTED_EDGE('',*,*,#7538,.T.);
#7577 = ORIENTED_EDGE('',*,*,#7578,.F.);
#7578 = EDGE_CURVE('',#7579,#7531,#7581,.T.);
#7579 = VERTEX_POINT('',#7580);
#7580 = CARTESIAN_POINT('',(42.6,-27.6,34.15));
#7581 = CIRCLE('',#7582,7.);
#7582 = AXIS2_PLACEMENT_3D('',#7583,#7584,#7585);
#7583 = CARTESIAN_POINT('',(35.6,-27.6,34.15));
#7584 = DIRECTION('',(-0.,-0.,-1.));
#7585 = DIRECTION('',(0.,-1.,0.));
#7586 = ORIENTED_EDGE('',*,*,#7587,.F.);
#7587 = EDGE_CURVE('',#6216,#7579,#7588,.T.);
#7588 = LINE('',#7589,#7590);
#7589 = CARTESIAN_POINT('',(42.6,-27.6,33.));
#7590 = VECTOR('',#7591,1.);
#7591 = DIRECTION('',(0.,0.,1.));
#7592 = CYLINDRICAL_SURFACE('',#7593,7.);
#7593 = AXIS2_PLACEMENT_3D('',#7594,#7595,#7596);
#7594 = CARTESIAN_POINT('',(35.6,-27.6,33.));
#7595 = DIRECTION('',(0.,0.,1.));
#7596 = DIRECTION('',(1.,0.,-0.));
#7597 = ADVANCED_FACE('',(#7598),#7617,.T.);
#7598 = FACE_BOUND('',#7599,.T.);
#7599 = EDGE_LOOP('',(#7600,#7601,#7602,#7611));
#7600 = ORIENTED_EDGE('',*,*,#6232,.T.);
#7601 = ORIENTED_EDGE('',*,*,#7562,.T.);
#7602 = ORIENTED_EDGE('',*,*,#7603,.F.);
#7603 = EDGE_CURVE('',#7604,#7555,#7606,.T.);
#7604 = VERTEX_POINT('',#7605);
#7605 = CARTESIAN_POINT('',(42.6,27.6,34.15));
#7606 = CIRCLE('',#7607,7.);
#7607 = AXIS2_PLACEMENT_3D('',#7608,#7609,#7610);
#7608 = CARTESIAN_POINT('',(35.6,27.6,34.15));
#7609 = DIRECTION('',(0.,0.,1.));
#7610 = DIRECTION('',(0.,-1.,0.));
#7611 = ORIENTED_EDGE('',*,*,#7612,.F.);
#7612 = EDGE_CURVE('',#6225,#7604,#7613,.T.);
#7613 = LINE('',#7614,#7615);
#7614 = CARTESIAN_POINT('',(42.6,27.6,33.));
#7615 = VECTOR('',#7616,1.);
#7616 = DIRECTION('',(0.,0.,1.));
#7617 = CYLINDRICAL_SURFACE('',#7618,7.);
#7618 = AXIS2_PLACEMENT_3D('',#7619,#7620,#7621);
#7619 = CARTESIAN_POINT('',(35.6,27.6,33.));
#7620 = DIRECTION('',(0.,0.,1.));
#7621 = DIRECTION('',(1.,0.,-0.));
#7622 = ADVANCED_FACE('',(#7623),#7634,.T.);
#7623 = FACE_BOUND('',#7624,.T.);
#7624 = EDGE_LOOP('',(#7625,#7631,#7632,#7633));
#7625 = ORIENTED_EDGE('',*,*,#7626,.F.);
#7626 = EDGE_CURVE('',#7579,#7604,#7627,.T.);
#7627 = LINE('',#7628,#7629);
#7628 = CARTESIAN_POINT('',(42.6,-34.6,34.15));
#7629 = VECTOR('',#7630,1.);
#7630 = DIRECTION('',(-0.,1.,0.));
#7631 = ORIENTED_EDGE('',*,*,#7587,.F.);
#7632 = ORIENTED_EDGE('',*,*,#6224,.T.);
#7633 = ORIENTED_EDGE('',*,*,#7612,.T.);
#7634 = PLANE('',#7635);
#7635 = AXIS2_PLACEMENT_3D('',#7636,#7637,#7638);
#7636 = CARTESIAN_POINT('',(42.6,-34.6,33.));
#7637 = DIRECTION('',(1.,0.,-0.));
#7638 = DIRECTION('',(0.,0.,1.));
#7639 = ADVANCED_FACE('',(#7640),#7665,.F.);
#7640 = FACE_BOUND('',#7641,.F.);
#7641 = EDGE_LOOP('',(#7642,#7643,#7651,#7659));
#7642 = ORIENTED_EDGE('',*,*,#7361,.F.);
#7643 = ORIENTED_EDGE('',*,*,#7644,.F.);
#7644 = EDGE_CURVE('',#7645,#7362,#7647,.T.);
#7645 = VERTEX_POINT('',#7646);
#7646 = CARTESIAN_POINT('',(-42.6,-27.6,46.2));
#7647 = LINE('',#7648,#7649);
#7648 = CARTESIAN_POINT('',(-42.6,-27.6,46.2));
#7649 = VECTOR('',#7650,1.);
#7650 = DIRECTION('',(0.,0.,1.));
#7651 = ORIENTED_EDGE('',*,*,#7652,.T.);
#7652 = EDGE_CURVE('',#7645,#7653,#7655,.T.);
#7653 = VERTEX_POINT('',#7654);
#7654 = CARTESIAN_POINT('',(-42.6,27.6,46.2));
#7655 = LINE('',#7656,#7657);
#7656 = CARTESIAN_POINT('',(-42.6,-34.6,46.2));
#7657 = VECTOR('',#7658,1.);
#7658 = DIRECTION('',(-0.,1.,0.));
#7659 = ORIENTED_EDGE('',*,*,#7660,.T.);
#7660 = EDGE_CURVE('',#7653,#7364,#7661,.T.);
#7661 = LINE('',#7662,#7663);
#7662 = CARTESIAN_POINT('',(-42.6,27.6,46.2));
#7663 = VECTOR('',#7664,1.);
#7664 = DIRECTION('',(0.,0.,1.));
#7665 = PLANE('',#7666);
#7666 = AXIS2_PLACEMENT_3D('',#7667,#7668,#7669);
#7667 = CARTESIAN_POINT('',(-42.6,-34.6,46.2));
#7668 = DIRECTION('',(1.,0.,-0.));
#7669 = DIRECTION('',(0.,0.,1.));
#7670 = ADVANCED_FACE('',(#7671),#7690,.T.);
#7671 = FACE_BOUND('',#7672,.T.);
#7672 = EDGE_LOOP('',(#7673,#7682,#7688,#7689));
#7673 = ORIENTED_EDGE('',*,*,#7674,.T.);
#7674 = EDGE_CURVE('',#7645,#7675,#7677,.T.);
#7675 = VERTEX_POINT('',#7676);
#7676 = CARTESIAN_POINT('',(-35.6,-34.6,46.2));
#7677 = CIRCLE('',#7678,7.);
#7678 = AXIS2_PLACEMENT_3D('',#7679,#7680,#7681);
#7679 = CARTESIAN_POINT('',(-35.6,-27.6,46.2));
#7680 = DIRECTION('',(0.,0.,1.));
#7681 = DIRECTION('',(0.,-1.,0.));
#7682 = ORIENTED_EDGE('',*,*,#7683,.T.);
#7683 = EDGE_CURVE('',#7675,#7372,#7684,.T.);
#7684 = LINE('',#7685,#7686);
#7685 = CARTESIAN_POINT('',(-35.6,-34.6,46.2));
#7686 = VECTOR('',#7687,1.);
#7687 = DIRECTION('',(0.,0.,1.));
#7688 = ORIENTED_EDGE('',*,*,#7371,.F.);
#7689 = ORIENTED_EDGE('',*,*,#7644,.F.);
#7690 = CYLINDRICAL_SURFACE('',#7691,7.);
#7691 = AXIS2_PLACEMENT_3D('',#7692,#7693,#7694);
#7692 = CARTESIAN_POINT('',(-35.6,-27.6,46.2));
#7693 = DIRECTION('',(0.,0.,1.));
#7694 = DIRECTION('',(-1.,-0.,0.));
#7695 = ADVANCED_FACE('',(#7696),#7715,.T.);
#7696 = FACE_BOUND('',#7697,.F.);
#7697 = EDGE_LOOP('',(#7698,#7707,#7713,#7714));
#7698 = ORIENTED_EDGE('',*,*,#7699,.T.);
#7699 = EDGE_CURVE('',#7653,#7700,#7702,.T.);
#7700 = VERTEX_POINT('',#7701);
#7701 = CARTESIAN_POINT('',(-35.6,34.6,46.2));
#7702 = CIRCLE('',#7703,7.);
#7703 = AXIS2_PLACEMENT_3D('',#7704,#7705,#7706);
#7704 = CARTESIAN_POINT('',(-35.6,27.6,46.2));
#7705 = DIRECTION('',(-0.,-0.,-1.));
#7706 = DIRECTION('',(0.,-1.,0.));
#7707 = ORIENTED_EDGE('',*,*,#7708,.T.);
#7708 = EDGE_CURVE('',#7700,#7415,#7709,.T.);
#7709 = LINE('',#7710,#7711);
#7710 = CARTESIAN_POINT('',(-35.6,34.6,46.2));
#7711 = VECTOR('',#7712,1.);
#7712 = DIRECTION('',(0.,0.,1.));
#7713 = ORIENTED_EDGE('',*,*,#7422,.F.);
#7714 = ORIENTED_EDGE('',*,*,#7660,.F.);
#7715 = CYLINDRICAL_SURFACE('',#7716,7.);
#7716 = AXIS2_PLACEMENT_3D('',#7717,#7718,#7719);
#7717 = CARTESIAN_POINT('',(-35.6,27.6,46.2));
#7718 = DIRECTION('',(0.,0.,1.));
#7719 = DIRECTION('',(-1.,-0.,0.));
#7720 = ADVANCED_FACE('',(#7721),#7739,.F.);
#7721 = FACE_BOUND('',#7722,.F.);
#7722 = EDGE_LOOP('',(#7723,#7731,#7732,#7733));
#7723 = ORIENTED_EDGE('',*,*,#7724,.F.);
#7724 = EDGE_CURVE('',#7675,#7725,#7727,.T.);
#7725 = VERTEX_POINT('',#7726);
#7726 = CARTESIAN_POINT('',(35.6,-34.6,46.2));
#7727 = LINE('',#7728,#7729);
#7728 = CARTESIAN_POINT('',(-42.6,-34.6,46.2));
#7729 = VECTOR('',#7730,1.);
#7730 = DIRECTION('',(1.,0.,-0.));
#7731 = ORIENTED_EDGE('',*,*,#7683,.T.);
#7732 = ORIENTED_EDGE('',*,*,#7380,.T.);
#7733 = ORIENTED_EDGE('',*,*,#7734,.F.);
#7734 = EDGE_CURVE('',#7725,#7381,#7735,.T.);
#7735 = LINE('',#7736,#7737);
#7736 = CARTESIAN_POINT('',(35.6,-34.6,46.2));
#7737 = VECTOR('',#7738,1.);
#7738 = DIRECTION('',(0.,0.,1.));
#7739 = PLANE('',#7740);
#7740 = AXIS2_PLACEMENT_3D('',#7741,#7742,#7743);
#7741 = CARTESIAN_POINT('',(-42.6,-34.6,46.2));
#7742 = DIRECTION('',(-0.,1.,0.));
#7743 = DIRECTION('',(0.,0.,1.));
#7744 = ADVANCED_FACE('',(#7745),#7763,.T.);
#7745 = FACE_BOUND('',#7746,.T.);
#7746 = EDGE_LOOP('',(#7747,#7755,#7756,#7757));
#7747 = ORIENTED_EDGE('',*,*,#7748,.F.);
#7748 = EDGE_CURVE('',#7700,#7749,#7751,.T.);
#7749 = VERTEX_POINT('',#7750);
#7750 = CARTESIAN_POINT('',(35.6,34.6,46.2));
#7751 = LINE('',#7752,#7753);
#7752 = CARTESIAN_POINT('',(-42.6,34.6,46.2));
#7753 = VECTOR('',#7754,1.);
#7754 = DIRECTION('',(1.,0.,-0.));
#7755 = ORIENTED_EDGE('',*,*,#7708,.T.);
#7756 = ORIENTED_EDGE('',*,*,#7414,.T.);
#7757 = ORIENTED_EDGE('',*,*,#7758,.F.);
#7758 = EDGE_CURVE('',#7749,#7406,#7759,.T.);
#7759 = LINE('',#7760,#7761);
#7760 = CARTESIAN_POINT('',(35.6,34.6,46.2));
#7761 = VECTOR('',#7762,1.);
#7762 = DIRECTION('',(0.,0.,1.));
#7763 = PLANE('',#7764);
#7764 = AXIS2_PLACEMENT_3D('',#7765,#7766,#7767);
#7765 = CARTESIAN_POINT('',(-42.6,34.6,46.2));
#7766 = DIRECTION('',(-0.,1.,0.));
#7767 = DIRECTION('',(0.,0.,1.));
#7768 = ADVANCED_FACE('',(#7769),#7788,.T.);
#7769 = FACE_BOUND('',#7770,.F.);
#7770 = EDGE_LOOP('',(#7771,#7780,#7781,#7782));
#7771 = ORIENTED_EDGE('',*,*,#7772,.T.);
#7772 = EDGE_CURVE('',#7773,#7725,#7775,.T.);
#7773 = VERTEX_POINT('',#7774);
#7774 = CARTESIAN_POINT('',(42.6,-27.6,46.2));
#7775 = CIRCLE('',#7776,7.);
#7776 = AXIS2_PLACEMENT_3D('',#7777,#7778,#7779);
#7777 = CARTESIAN_POINT('',(35.6,-27.6,46.2));
#7778 = DIRECTION('',(-0.,-0.,-1.));
#7779 = DIRECTION('',(0.,-1.,0.));
#7780 = ORIENTED_EDGE('',*,*,#7734,.T.);
#7781 = ORIENTED_EDGE('',*,*,#7388,.F.);
#7782 = ORIENTED_EDGE('',*,*,#7783,.F.);
#7783 = EDGE_CURVE('',#7773,#7389,#7784,.T.);
#7784 = LINE('',#7785,#7786);
#7785 = CARTESIAN_POINT('',(42.6,-27.6,46.2));
#7786 = VECTOR('',#7787,1.);
#7787 = DIRECTION('',(0.,0.,1.));
#7788 = CYLINDRICAL_SURFACE('',#7789,7.);
#7789 = AXIS2_PLACEMENT_3D('',#7790,#7791,#7792);
#7790 = CARTESIAN_POINT('',(35.6,-27.6,46.2));
#7791 = DIRECTION('',(0.,0.,1.));
#7792 = DIRECTION('',(1.,0.,-0.));
#7793 = ADVANCED_FACE('',(#7794),#7813,.T.);
#7794 = FACE_BOUND('',#7795,.T.);
#7795 = EDGE_LOOP('',(#7796,#7805,#7806,#7807));
#7796 = ORIENTED_EDGE('',*,*,#7797,.T.);
#7797 = EDGE_CURVE('',#7798,#7749,#7800,.T.);
#7798 = VERTEX_POINT('',#7799);
#7799 = CARTESIAN_POINT('',(42.6,27.6,46.2));
#7800 = CIRCLE('',#7801,7.);
#7801 = AXIS2_PLACEMENT_3D('',#7802,#7803,#7804);
#7802 = CARTESIAN_POINT('',(35.6,27.6,46.2));
#7803 = DIRECTION('',(0.,0.,1.));
#7804 = DIRECTION('',(0.,-1.,0.));
#7805 = ORIENTED_EDGE('',*,*,#7758,.T.);
#7806 = ORIENTED_EDGE('',*,*,#7405,.F.);
#7807 = ORIENTED_EDGE('',*,*,#7808,.F.);
#7808 = EDGE_CURVE('',#7798,#7398,#7809,.T.);
#7809 = LINE('',#7810,#7811);
#7810 = CARTESIAN_POINT('',(42.6,27.6,46.2));
#7811 = VECTOR('',#7812,1.);
#7812 = DIRECTION('',(0.,0.,1.));
#7813 = CYLINDRICAL_SURFACE('',#7814,7.);
#7814 = AXIS2_PLACEMENT_3D('',#7815,#7816,#7817);
#7815 = CARTESIAN_POINT('',(35.6,27.6,46.2));
#7816 = DIRECTION('',(0.,0.,1.));
#7817 = DIRECTION('',(1.,0.,-0.));
#7818 = ADVANCED_FACE('',(#7819),#7830,.T.);
#7819 = FACE_BOUND('',#7820,.T.);
#7820 = EDGE_LOOP('',(#7821,#7822,#7823,#7829));
#7821 = ORIENTED_EDGE('',*,*,#7397,.F.);
#7822 = ORIENTED_EDGE('',*,*,#7783,.F.);
#7823 = ORIENTED_EDGE('',*,*,#7824,.T.);
#7824 = EDGE_CURVE('',#7773,#7798,#7825,.T.);
#7825 = LINE('',#7826,#7827);
#7826 = CARTESIAN_POINT('',(42.6,-34.6,46.2));
#7827 = VECTOR('',#7828,1.);
#7828 = DIRECTION('',(-0.,1.,0.));
#7829 = ORIENTED_EDGE('',*,*,#7808,.T.);
#7830 = PLANE('',#7831);
#7831 = AXIS2_PLACEMENT_3D('',#7832,#7833,#7834);
#7832 = CARTESIAN_POINT('',(42.6,-34.6,46.2));
#7833 = DIRECTION('',(1.,0.,-0.));
#7834 = DIRECTION('',(0.,0.,1.));
#7835 = ADVANCED_FACE('',(#7836,#7846),#7916,.T.);
#7836 = FACE_BOUND('',#7837,.T.);
#7837 = EDGE_LOOP('',(#7838,#7839,#7840,#7841,#7842,#7843,#7844,#7845));
#7838 = ORIENTED_EDGE('',*,*,#7447,.F.);
#7839 = ORIENTED_EDGE('',*,*,#7487,.T.);
#7840 = ORIENTED_EDGE('',*,*,#7530,.T.);
#7841 = ORIENTED_EDGE('',*,*,#7578,.F.);
#7842 = ORIENTED_EDGE('',*,*,#7626,.T.);
#7843 = ORIENTED_EDGE('',*,*,#7603,.T.);
#7844 = ORIENTED_EDGE('',*,*,#7554,.F.);
#7845 = ORIENTED_EDGE('',*,*,#7512,.F.);
#7846 = FACE_BOUND('',#7847,.T.);
#7847 = EDGE_LOOP('',(#7848,#7858,#7867,#7875,#7884,#7892,#7901,#7909));
#7848 = ORIENTED_EDGE('',*,*,#7849,.F.);
#7849 = EDGE_CURVE('',#7850,#7852,#7854,.T.);
#7850 = VERTEX_POINT('',#7851);
#7851 = CARTESIAN_POINT('',(-41.,27.,34.15));
#7852 = VERTEX_POINT('',#7853);
#7853 = CARTESIAN_POINT('',(-41.,-27.,34.15));
#7854 = LINE('',#7855,#7856);
#7855 = CARTESIAN_POINT('',(-41.,-33.8,34.15));
#7856 = VECTOR('',#7857,1.);
#7857 = DIRECTION('',(0.,-1.,0.));
#7858 = ORIENTED_EDGE('',*,*,#7859,.F.);
#7859 = EDGE_CURVE('',#7860,#7850,#7862,.T.);
#7860 = VERTEX_POINT('',#7861);
#7861 = CARTESIAN_POINT('',(-35.,33.,34.15));
#7862 = CIRCLE('',#7863,6.);
#7863 = AXIS2_PLACEMENT_3D('',#7864,#7865,#7866);
#7864 = CARTESIAN_POINT('',(-35.,27.,34.15));
#7865 = DIRECTION('',(0.,0.,1.));
#7866 = DIRECTION('',(-1.,-0.,0.));
#7867 = ORIENTED_EDGE('',*,*,#7868,.T.);
#7868 = EDGE_CURVE('',#7860,#7869,#7871,.T.);
#7869 = VERTEX_POINT('',#7870);
#7870 = CARTESIAN_POINT('',(35.,33.,34.15));
#7871 = LINE('',#7872,#7873);
#7872 = CARTESIAN_POINT('',(-41.8,33.,34.15));
#7873 = VECTOR('',#7874,1.);
#7874 = DIRECTION('',(1.,0.,-0.));
#7875 = ORIENTED_EDGE('',*,*,#7876,.F.);
#7876 = EDGE_CURVE('',#7877,#7869,#7879,.T.);
#7877 = VERTEX_POINT('',#7878);
#7878 = CARTESIAN_POINT('',(41.,27.,34.15));
#7879 = CIRCLE('',#7880,6.);
#7880 = AXIS2_PLACEMENT_3D('',#7881,#7882,#7883);
#7881 = CARTESIAN_POINT('',(35.,27.,34.15));
#7882 = DIRECTION('',(0.,0.,1.));
#7883 = DIRECTION('',(1.,0.,-0.));
#7884 = ORIENTED_EDGE('',*,*,#7885,.T.);
#7885 = EDGE_CURVE('',#7877,#7886,#7888,.T.);
#7886 = VERTEX_POINT('',#7887);
#7887 = CARTESIAN_POINT('',(41.,-27.,34.15));
#7888 = LINE('',#7889,#7890);
#7889 = CARTESIAN_POINT('',(41.,-33.8,34.15));
#7890 = VECTOR('',#7891,1.);
#7891 = DIRECTION('',(0.,-1.,0.));
#7892 = ORIENTED_EDGE('',*,*,#7893,.F.);
#7893 = EDGE_CURVE('',#7894,#7886,#7896,.T.);
#7894 = VERTEX_POINT('',#7895);
#7895 = CARTESIAN_POINT('',(35.,-33.,34.15));
#7896 = CIRCLE('',#7897,6.);
#7897 = AXIS2_PLACEMENT_3D('',#7898,#7899,#7900);
#7898 = CARTESIAN_POINT('',(35.,-27.,34.15));
#7899 = DIRECTION('',(0.,0.,1.));
#7900 = DIRECTION('',(1.,0.,-0.));
#7901 = ORIENTED_EDGE('',*,*,#7902,.F.);
#7902 = EDGE_CURVE('',#7903,#7894,#7905,.T.);
#7903 = VERTEX_POINT('',#7904);
#7904 = CARTESIAN_POINT('',(-35.,-33.,34.15));
#7905 = LINE('',#7906,#7907);
#7906 = CARTESIAN_POINT('',(-41.8,-33.,34.15));
#7907 = VECTOR('',#7908,1.);
#7908 = DIRECTION('',(1.,0.,-0.));
#7909 = ORIENTED_EDGE('',*,*,#7910,.F.);
#7910 = EDGE_CURVE('',#7852,#7903,#7911,.T.);
#7911 = CIRCLE('',#7912,6.);
#7912 = AXIS2_PLACEMENT_3D('',#7913,#7914,#7915);
#7913 = CARTESIAN_POINT('',(-35.,-27.,34.15));
#7914 = DIRECTION('',(0.,0.,1.));
#7915 = DIRECTION('',(-1.,-0.,0.));
#7916 = PLANE('',#7917);
#7917 = AXIS2_PLACEMENT_3D('',#7918,#7919,#7920);
#7918 = CARTESIAN_POINT('',(-42.6,-34.6,34.15));
#7919 = DIRECTION('',(0.,0.,1.));
#7920 = DIRECTION('',(1.,0.,-0.));
#7921 = ADVANCED_FACE('',(#7922,#7932),#8002,.F.);
#7922 = FACE_BOUND('',#7923,.F.);
#7923 = EDGE_LOOP('',(#7924,#7925,#7926,#7927,#7928,#7929,#7930,#7931));
#7924 = ORIENTED_EDGE('',*,*,#7652,.F.);
#7925 = ORIENTED_EDGE('',*,*,#7674,.T.);
#7926 = ORIENTED_EDGE('',*,*,#7724,.T.);
#7927 = ORIENTED_EDGE('',*,*,#7772,.F.);
#7928 = ORIENTED_EDGE('',*,*,#7824,.T.);
#7929 = ORIENTED_EDGE('',*,*,#7797,.T.);
#7930 = ORIENTED_EDGE('',*,*,#7748,.F.);
#7931 = ORIENTED_EDGE('',*,*,#7699,.F.);
#7932 = FACE_BOUND('',#7933,.F.);
#7933 = EDGE_LOOP('',(#7934,#7944,#7953,#7961,#7970,#7978,#7987,#7995));
#7934 = ORIENTED_EDGE('',*,*,#7935,.F.);
#7935 = EDGE_CURVE('',#7936,#7938,#7940,.T.);
#7936 = VERTEX_POINT('',#7937);
#7937 = CARTESIAN_POINT('',(-41.,27.,46.2));
#7938 = VERTEX_POINT('',#7939);
#7939 = CARTESIAN_POINT('',(-41.,-27.,46.2));
#7940 = LINE('',#7941,#7942);
#7941 = CARTESIAN_POINT('',(-41.,-33.8,46.2));
#7942 = VECTOR('',#7943,1.);
#7943 = DIRECTION('',(0.,-1.,0.));
#7944 = ORIENTED_EDGE('',*,*,#7945,.F.);
#7945 = EDGE_CURVE('',#7946,#7936,#7948,.T.);
#7946 = VERTEX_POINT('',#7947);
#7947 = CARTESIAN_POINT('',(-35.,33.,46.2));
#7948 = CIRCLE('',#7949,6.);
#7949 = AXIS2_PLACEMENT_3D('',#7950,#7951,#7952);
#7950 = CARTESIAN_POINT('',(-35.,27.,46.2));
#7951 = DIRECTION('',(0.,0.,1.));
#7952 = DIRECTION('',(-1.,-0.,0.));
#7953 = ORIENTED_EDGE('',*,*,#7954,.T.);
#7954 = EDGE_CURVE('',#7946,#7955,#7957,.T.);
#7955 = VERTEX_POINT('',#7956);
#7956 = CARTESIAN_POINT('',(35.,33.,46.2));
#7957 = LINE('',#7958,#7959);
#7958 = CARTESIAN_POINT('',(-41.8,33.,46.2));
#7959 = VECTOR('',#7960,1.);
#7960 = DIRECTION('',(1.,0.,-0.));
#7961 = ORIENTED_EDGE('',*,*,#7962,.F.);
#7962 = EDGE_CURVE('',#7963,#7955,#7965,.T.);
#7963 = VERTEX_POINT('',#7964);
#7964 = CARTESIAN_POINT('',(41.,27.,46.2));
#7965 = CIRCLE('',#7966,6.);
#7966 = AXIS2_PLACEMENT_3D('',#7967,#7968,#7969);
#7967 = CARTESIAN_POINT('',(35.,27.,46.2));
#7968 = DIRECTION('',(0.,0.,1.));
#7969 = DIRECTION('',(1.,0.,-0.));
#7970 = ORIENTED_EDGE('',*,*,#7971,.T.);
#7971 = EDGE_CURVE('',#7963,#7972,#7974,.T.);
#7972 = VERTEX_POINT('',#7973);
#7973 = CARTESIAN_POINT('',(41.,-27.,46.2));
#7974 = LINE('',#7975,#7976);
#7975 = CARTESIAN_POINT('',(41.,-33.8,46.2));
#7976 = VECTOR('',#7977,1.);
#7977 = DIRECTION('',(0.,-1.,0.));
#7978 = ORIENTED_EDGE('',*,*,#7979,.F.);
#7979 = EDGE_CURVE('',#7980,#7972,#7982,.T.);
#7980 = VERTEX_POINT('',#7981);
#7981 = CARTESIAN_POINT('',(35.,-33.,46.2));
#7982 = CIRCLE('',#7983,6.);
#7983 = AXIS2_PLACEMENT_3D('',#7984,#7985,#7986);
#7984 = CARTESIAN_POINT('',(35.,-27.,46.2));
#7985 = DIRECTION('',(0.,0.,1.));
#7986 = DIRECTION('',(1.,0.,-0.));
#7987 = ORIENTED_EDGE('',*,*,#7988,.F.);
#7988 = EDGE_CURVE('',#7989,#7980,#7991,.T.);
#7989 = VERTEX_POINT('',#7990);
#7990 = CARTESIAN_POINT('',(-35.,-33.,46.2));
#7991 = LINE('',#7992,#7993);
#7992 = CARTESIAN_POINT('',(-41.8,-33.,46.2));
#7993 = VECTOR('',#7994,1.);
#7994 = DIRECTION('',(1.,0.,-0.));
#7995 = ORIENTED_EDGE('',*,*,#7996,.F.);
#7996 = EDGE_CURVE('',#7938,#7989,#7997,.T.);
#7997 = CIRCLE('',#7998,6.);
#7998 = AXIS2_PLACEMENT_3D('',#7999,#8000,#8001);
#7999 = CARTESIAN_POINT('',(-35.,-27.,46.2));
#8000 = DIRECTION('',(0.,0.,1.));
#8001 = DIRECTION('',(-1.,-0.,0.));
#8002 = PLANE('',#8003);
#8003 = AXIS2_PLACEMENT_3D('',#8004,#8005,#8006);
#8004 = CARTESIAN_POINT('',(-42.6,-34.6,46.2));
#8005 = DIRECTION('',(0.,0.,1.));
#8006 = DIRECTION('',(1.,0.,-0.));
#8007 = ADVANCED_FACE('',(#8008),#8033,.F.);
#8008 = FACE_BOUND('',#8009,.F.);
#8009 = EDGE_LOOP('',(#8010,#8020,#8026,#8027));
#8010 = ORIENTED_EDGE('',*,*,#8011,.T.);
#8011 = EDGE_CURVE('',#8012,#8014,#8016,.T.);
#8012 = VERTEX_POINT('',#8013);
#8013 = CARTESIAN_POINT('',(-41.,27.,37.4));
#8014 = VERTEX_POINT('',#8015);
#8015 = CARTESIAN_POINT('',(-41.,-27.,37.4));
#8016 = LINE('',#8017,#8018);
#8017 = CARTESIAN_POINT('',(-41.,-33.8,37.4));
#8018 = VECTOR('',#8019,1.);
#8019 = DIRECTION('',(0.,-1.,0.));
#8020 = ORIENTED_EDGE('',*,*,#8021,.F.);
#8021 = EDGE_CURVE('',#7852,#8014,#8022,.T.);
#8022 = LINE('',#8023,#8024);
#8023 = CARTESIAN_POINT('',(-41.,-27.,0.));
#8024 = VECTOR('',#8025,1.);
#8025 = DIRECTION('',(0.,0.,1.));
#8026 = ORIENTED_EDGE('',*,*,#7849,.F.);
#8027 = ORIENTED_EDGE('',*,*,#8028,.T.);
#8028 = EDGE_CURVE('',#7850,#8012,#8029,.T.);
#8029 = LINE('',#8030,#8031);
#8030 = CARTESIAN_POINT('',(-41.,27.,0.));
#8031 = VECTOR('',#8032,1.);
#8032 = DIRECTION('',(0.,0.,1.));
#8033 = PLANE('',#8034);
#8034 = AXIS2_PLACEMENT_3D('',#8035,#8036,#8037);
#8035 = CARTESIAN_POINT('',(-41.,-33.,0.));
#8036 = DIRECTION('',(1.,0.,-0.));
#8037 = DIRECTION('',(0.,0.,1.));
#8038 = ADVANCED_FACE('',(#8039),#8058,.T.);
#8039 = FACE_BOUND('',#8040,.T.);
#8040 = EDGE_LOOP('',(#8041,#8042,#8043,#8051));
#8041 = ORIENTED_EDGE('',*,*,#8021,.F.);
#8042 = ORIENTED_EDGE('',*,*,#7910,.T.);
#8043 = ORIENTED_EDGE('',*,*,#8044,.T.);
#8044 = EDGE_CURVE('',#7903,#8045,#8047,.T.);
#8045 = VERTEX_POINT('',#8046);
#8046 = CARTESIAN_POINT('',(-35.,-33.,37.4));
#8047 = LINE('',#8048,#8049);
#8048 = CARTESIAN_POINT('',(-35.,-33.,0.));
#8049 = VECTOR('',#8050,1.);
#8050 = DIRECTION('',(0.,0.,1.));
#8051 = ORIENTED_EDGE('',*,*,#8052,.F.);
#8052 = EDGE_CURVE('',#8014,#8045,#8053,.T.);
#8053 = CIRCLE('',#8054,6.);
#8054 = AXIS2_PLACEMENT_3D('',#8055,#8056,#8057);
#8055 = CARTESIAN_POINT('',(-35.,-27.,37.4));
#8056 = DIRECTION('',(0.,0.,1.));
#8057 = DIRECTION('',(-1.,-0.,0.));
#8058 = CYLINDRICAL_SURFACE('',#8059,6.);
#8059 = AXIS2_PLACEMENT_3D('',#8060,#8061,#8062);
#8060 = CARTESIAN_POINT('',(-35.,-27.,0.));
#8061 = DIRECTION('',(0.,0.,1.));
#8062 = DIRECTION('',(-1.,-0.,0.));
#8063 = ADVANCED_FACE('',(#8064),#8082,.F.);
#8064 = FACE_BOUND('',#8065,.F.);
#8065 = EDGE_LOOP('',(#8066,#8067,#8068,#8076));
#8066 = ORIENTED_EDGE('',*,*,#7902,.F.);
#8067 = ORIENTED_EDGE('',*,*,#8044,.T.);
#8068 = ORIENTED_EDGE('',*,*,#8069,.T.);
#8069 = EDGE_CURVE('',#8045,#8070,#8072,.T.);
#8070 = VERTEX_POINT('',#8071);
#8071 = CARTESIAN_POINT('',(35.,-33.,37.4));
#8072 = LINE('',#8073,#8074);
#8073 = CARTESIAN_POINT('',(-41.8,-33.,37.4));
#8074 = VECTOR('',#8075,1.);
#8075 = DIRECTION('',(1.,0.,-0.));
#8076 = ORIENTED_EDGE('',*,*,#8077,.F.);
#8077 = EDGE_CURVE('',#7894,#8070,#8078,.T.);
#8078 = LINE('',#8079,#8080);
#8079 = CARTESIAN_POINT('',(35.,-33.,0.));
#8080 = VECTOR('',#8081,1.);
#8081 = DIRECTION('',(0.,0.,1.));
#8082 = PLANE('',#8083);
#8083 = AXIS2_PLACEMENT_3D('',#8084,#8085,#8086);
#8084 = CARTESIAN_POINT('',(-41.,-33.,0.));
#8085 = DIRECTION('',(-0.,1.,0.));
#8086 = DIRECTION('',(0.,0.,1.));
#8087 = ADVANCED_FACE('',(#8088),#8107,.T.);
#8088 = FACE_BOUND('',#8089,.F.);
#8089 = EDGE_LOOP('',(#8090,#8098,#8099,#8100));
#8090 = ORIENTED_EDGE('',*,*,#8091,.F.);
#8091 = EDGE_CURVE('',#7886,#8092,#8094,.T.);
#8092 = VERTEX_POINT('',#8093);
#8093 = CARTESIAN_POINT('',(41.,-27.,37.4));
#8094 = LINE('',#8095,#8096);
#8095 = CARTESIAN_POINT('',(41.,-27.,0.));
#8096 = VECTOR('',#8097,1.);
#8097 = DIRECTION('',(0.,0.,1.));
#8098 = ORIENTED_EDGE('',*,*,#7893,.F.);
#8099 = ORIENTED_EDGE('',*,*,#8077,.T.);
#8100 = ORIENTED_EDGE('',*,*,#8101,.T.);
#8101 = EDGE_CURVE('',#8070,#8092,#8102,.T.);
#8102 = CIRCLE('',#8103,6.);
#8103 = AXIS2_PLACEMENT_3D('',#8104,#8105,#8106);
#8104 = CARTESIAN_POINT('',(35.,-27.,37.4));
#8105 = DIRECTION('',(0.,0.,1.));
#8106 = DIRECTION('',(1.,0.,-0.));
#8107 = CYLINDRICAL_SURFACE('',#8108,6.);
#8108 = AXIS2_PLACEMENT_3D('',#8109,#8110,#8111);
#8109 = CARTESIAN_POINT('',(35.,-27.,0.));
#8110 = DIRECTION('',(0.,0.,1.));
#8111 = DIRECTION('',(1.,0.,-0.));
#8112 = ADVANCED_FACE('',(#8113),#8131,.T.);
#8113 = FACE_BOUND('',#8114,.T.);
#8114 = EDGE_LOOP('',(#8115,#8123,#8124,#8125));
#8115 = ORIENTED_EDGE('',*,*,#8116,.T.);
#8116 = EDGE_CURVE('',#8117,#8092,#8119,.T.);
#8117 = VERTEX_POINT('',#8118);
#8118 = CARTESIAN_POINT('',(41.,27.,37.4));
#8119 = LINE('',#8120,#8121);
#8120 = CARTESIAN_POINT('',(41.,-33.8,37.4));
#8121 = VECTOR('',#8122,1.);
#8122 = DIRECTION('',(0.,-1.,0.));
#8123 = ORIENTED_EDGE('',*,*,#8091,.F.);
#8124 = ORIENTED_EDGE('',*,*,#7885,.F.);
#8125 = ORIENTED_EDGE('',*,*,#8126,.T.);
#8126 = EDGE_CURVE('',#7877,#8117,#8127,.T.);
#8127 = LINE('',#8128,#8129);
#8128 = CARTESIAN_POINT('',(41.,27.,0.));
#8129 = VECTOR('',#8130,1.);
#8130 = DIRECTION('',(0.,0.,1.));
#8131 = PLANE('',#8132);
#8132 = AXIS2_PLACEMENT_3D('',#8133,#8134,#8135);
#8133 = CARTESIAN_POINT('',(41.,-33.,0.));
#8134 = DIRECTION('',(1.,0.,-0.));
#8135 = DIRECTION('',(0.,0.,1.));
#8136 = ADVANCED_FACE('',(#8137),#8156,.T.);
#8137 = FACE_BOUND('',#8138,.T.);
#8138 = EDGE_LOOP('',(#8139,#8140,#8141,#8149));
#8139 = ORIENTED_EDGE('',*,*,#8126,.F.);
#8140 = ORIENTED_EDGE('',*,*,#7876,.T.);
#8141 = ORIENTED_EDGE('',*,*,#8142,.T.);
#8142 = EDGE_CURVE('',#7869,#8143,#8145,.T.);
#8143 = VERTEX_POINT('',#8144);
#8144 = CARTESIAN_POINT('',(35.,33.,37.4));
#8145 = LINE('',#8146,#8147);
#8146 = CARTESIAN_POINT('',(35.,33.,0.));
#8147 = VECTOR('',#8148,1.);
#8148 = DIRECTION('',(0.,0.,1.));
#8149 = ORIENTED_EDGE('',*,*,#8150,.F.);
#8150 = EDGE_CURVE('',#8117,#8143,#8151,.T.);
#8151 = CIRCLE('',#8152,6.);
#8152 = AXIS2_PLACEMENT_3D('',#8153,#8154,#8155);
#8153 = CARTESIAN_POINT('',(35.,27.,37.4));
#8154 = DIRECTION('',(0.,0.,1.));
#8155 = DIRECTION('',(1.,0.,-0.));
#8156 = CYLINDRICAL_SURFACE('',#8157,6.);
#8157 = AXIS2_PLACEMENT_3D('',#8158,#8159,#8160);
#8158 = CARTESIAN_POINT('',(35.,27.,0.));
#8159 = DIRECTION('',(0.,0.,1.));
#8160 = DIRECTION('',(1.,0.,-0.));
#8161 = ADVANCED_FACE('',(#8162),#8180,.T.);
#8162 = FACE_BOUND('',#8163,.T.);
#8163 = EDGE_LOOP('',(#8164,#8165,#8173,#8179));
#8164 = ORIENTED_EDGE('',*,*,#7868,.F.);
#8165 = ORIENTED_EDGE('',*,*,#8166,.T.);
#8166 = EDGE_CURVE('',#7860,#8167,#8169,.T.);
#8167 = VERTEX_POINT('',#8168);
#8168 = CARTESIAN_POINT('',(-35.,33.,37.4));
#8169 = LINE('',#8170,#8171);
#8170 = CARTESIAN_POINT('',(-35.,33.,0.));
#8171 = VECTOR('',#8172,1.);
#8172 = DIRECTION('',(0.,0.,1.));
#8173 = ORIENTED_EDGE('',*,*,#8174,.T.);
#8174 = EDGE_CURVE('',#8167,#8143,#8175,.T.);
#8175 = LINE('',#8176,#8177);
#8176 = CARTESIAN_POINT('',(-41.8,33.,37.4));
#8177 = VECTOR('',#8178,1.);
#8178 = DIRECTION('',(1.,0.,-0.));
#8179 = ORIENTED_EDGE('',*,*,#8142,.F.);
#8180 = PLANE('',#8181);
#8181 = AXIS2_PLACEMENT_3D('',#8182,#8183,#8184);
#8182 = CARTESIAN_POINT('',(-41.,33.,0.));
#8183 = DIRECTION('',(-0.,1.,0.));
#8184 = DIRECTION('',(0.,0.,1.));
#8185 = ADVANCED_FACE('',(#8186),#8198,.T.);
#8186 = FACE_BOUND('',#8187,.F.);
#8187 = EDGE_LOOP('',(#8188,#8189,#8190,#8191));
#8188 = ORIENTED_EDGE('',*,*,#8028,.F.);
#8189 = ORIENTED_EDGE('',*,*,#7859,.F.);
#8190 = ORIENTED_EDGE('',*,*,#8166,.T.);
#8191 = ORIENTED_EDGE('',*,*,#8192,.T.);
#8192 = EDGE_CURVE('',#8167,#8012,#8193,.T.);
#8193 = CIRCLE('',#8194,6.);
#8194 = AXIS2_PLACEMENT_3D('',#8195,#8196,#8197);
#8195 = CARTESIAN_POINT('',(-35.,27.,37.4));
#8196 = DIRECTION('',(0.,0.,1.));
#8197 = DIRECTION('',(-1.,-0.,0.));
#8198 = CYLINDRICAL_SURFACE('',#8199,6.);
#8199 = AXIS2_PLACEMENT_3D('',#8200,#8201,#8202);
#8200 = CARTESIAN_POINT('',(-35.,27.,0.));
#8201 = DIRECTION('',(0.,0.,1.));
#8202 = DIRECTION('',(-1.,-0.,0.));
#8203 = ADVANCED_FACE('',(#8204),#8229,.F.);
#8204 = FACE_BOUND('',#8205,.F.);
#8205 = EDGE_LOOP('',(#8206,#8207,#8215,#8223));
#8206 = ORIENTED_EDGE('',*,*,#7935,.T.);
#8207 = ORIENTED_EDGE('',*,*,#8208,.F.);
#8208 = EDGE_CURVE('',#8209,#7938,#8211,.T.);
#8209 = VERTEX_POINT('',#8210);
#8210 = CARTESIAN_POINT('',(-41.,-27.,42.95));
#8211 = LINE('',#8212,#8213);
#8212 = CARTESIAN_POINT('',(-41.,-27.,0.));
#8213 = VECTOR('',#8214,1.);
#8214 = DIRECTION('',(0.,0.,1.));
#8215 = ORIENTED_EDGE('',*,*,#8216,.F.);
#8216 = EDGE_CURVE('',#8217,#8209,#8219,.T.);
#8217 = VERTEX_POINT('',#8218);
#8218 = CARTESIAN_POINT('',(-41.,27.,42.95));
#8219 = LINE('',#8220,#8221);
#8220 = CARTESIAN_POINT('',(-41.,-33.8,42.95));
#8221 = VECTOR('',#8222,1.);
#8222 = DIRECTION('',(0.,-1.,0.));
#8223 = ORIENTED_EDGE('',*,*,#8224,.T.);
#8224 = EDGE_CURVE('',#8217,#7936,#8225,.T.);
#8225 = LINE('',#8226,#8227);
#8226 = CARTESIAN_POINT('',(-41.,27.,0.));
#8227 = VECTOR('',#8228,1.);
#8228 = DIRECTION('',(0.,0.,1.));
#8229 = PLANE('',#8230);
#8230 = AXIS2_PLACEMENT_3D('',#8231,#8232,#8233);
#8231 = CARTESIAN_POINT('',(-41.,-33.,0.));
#8232 = DIRECTION('',(1.,0.,-0.));
#8233 = DIRECTION('',(0.,0.,1.));
#8234 = ADVANCED_FACE('',(#8235),#8254,.T.);
#8235 = FACE_BOUND('',#8236,.T.);
#8236 = EDGE_LOOP('',(#8237,#8238,#8247,#8253));
#8237 = ORIENTED_EDGE('',*,*,#8208,.F.);
#8238 = ORIENTED_EDGE('',*,*,#8239,.T.);
#8239 = EDGE_CURVE('',#8209,#8240,#8242,.T.);
#8240 = VERTEX_POINT('',#8241);
#8241 = CARTESIAN_POINT('',(-35.,-33.,42.95));
#8242 = CIRCLE('',#8243,6.);
#8243 = AXIS2_PLACEMENT_3D('',#8244,#8245,#8246);
#8244 = CARTESIAN_POINT('',(-35.,-27.,42.95));
#8245 = DIRECTION('',(0.,0.,1.));
#8246 = DIRECTION('',(-1.,-0.,0.));
#8247 = ORIENTED_EDGE('',*,*,#8248,.T.);
#8248 = EDGE_CURVE('',#8240,#7989,#8249,.T.);
#8249 = LINE('',#8250,#8251);
#8250 = CARTESIAN_POINT('',(-35.,-33.,0.));
#8251 = VECTOR('',#8252,1.);
#8252 = DIRECTION('',(0.,0.,1.));
#8253 = ORIENTED_EDGE('',*,*,#7996,.F.);
#8254 = CYLINDRICAL_SURFACE('',#8255,6.);
#8255 = AXIS2_PLACEMENT_3D('',#8256,#8257,#8258);
#8256 = CARTESIAN_POINT('',(-35.,-27.,0.));
#8257 = DIRECTION('',(0.,0.,1.));
#8258 = DIRECTION('',(-1.,-0.,0.));
#8259 = ADVANCED_FACE('',(#8260),#8278,.F.);
#8260 = FACE_BOUND('',#8261,.F.);
#8261 = EDGE_LOOP('',(#8262,#8270,#8271,#8272));
#8262 = ORIENTED_EDGE('',*,*,#8263,.F.);
#8263 = EDGE_CURVE('',#8240,#8264,#8266,.T.);
#8264 = VERTEX_POINT('',#8265);
#8265 = CARTESIAN_POINT('',(35.,-33.,42.95));
#8266 = LINE('',#8267,#8268);
#8267 = CARTESIAN_POINT('',(-41.8,-33.,42.95));
#8268 = VECTOR('',#8269,1.);
#8269 = DIRECTION('',(1.,0.,-0.));
#8270 = ORIENTED_EDGE('',*,*,#8248,.T.);
#8271 = ORIENTED_EDGE('',*,*,#7988,.T.);
#8272 = ORIENTED_EDGE('',*,*,#8273,.F.);
#8273 = EDGE_CURVE('',#8264,#7980,#8274,.T.);
#8274 = LINE('',#8275,#8276);
#8275 = CARTESIAN_POINT('',(35.,-33.,0.));
#8276 = VECTOR('',#8277,1.);
#8277 = DIRECTION('',(0.,0.,1.));
#8278 = PLANE('',#8279);
#8279 = AXIS2_PLACEMENT_3D('',#8280,#8281,#8282);
#8280 = CARTESIAN_POINT('',(-41.,-33.,0.));
#8281 = DIRECTION('',(-0.,1.,0.));
#8282 = DIRECTION('',(0.,0.,1.));
#8283 = ADVANCED_FACE('',(#8284),#8303,.T.);
#8284 = FACE_BOUND('',#8285,.F.);
#8285 = EDGE_LOOP('',(#8286,#8294,#8301,#8302));
#8286 = ORIENTED_EDGE('',*,*,#8287,.F.);
#8287 = EDGE_CURVE('',#8288,#7972,#8290,.T.);
#8288 = VERTEX_POINT('',#8289);
#8289 = CARTESIAN_POINT('',(41.,-27.,42.95));
#8290 = LINE('',#8291,#8292);
#8291 = CARTESIAN_POINT('',(41.,-27.,0.));
#8292 = VECTOR('',#8293,1.);
#8293 = DIRECTION('',(0.,0.,1.));
#8294 = ORIENTED_EDGE('',*,*,#8295,.F.);
#8295 = EDGE_CURVE('',#8264,#8288,#8296,.T.);
#8296 = CIRCLE('',#8297,6.);
#8297 = AXIS2_PLACEMENT_3D('',#8298,#8299,#8300);
#8298 = CARTESIAN_POINT('',(35.,-27.,42.95));
#8299 = DIRECTION('',(0.,0.,1.));
#8300 = DIRECTION('',(1.,0.,-0.));
#8301 = ORIENTED_EDGE('',*,*,#8273,.T.);
#8302 = ORIENTED_EDGE('',*,*,#7979,.T.);
#8303 = CYLINDRICAL_SURFACE('',#8304,6.);
#8304 = AXIS2_PLACEMENT_3D('',#8305,#8306,#8307);
#8305 = CARTESIAN_POINT('',(35.,-27.,0.));
#8306 = DIRECTION('',(0.,0.,1.));
#8307 = DIRECTION('',(1.,0.,-0.));
#8308 = ADVANCED_FACE('',(#8309),#8327,.T.);
#8309 = FACE_BOUND('',#8310,.T.);
#8310 = EDGE_LOOP('',(#8311,#8312,#8313,#8321));
#8311 = ORIENTED_EDGE('',*,*,#7971,.T.);
#8312 = ORIENTED_EDGE('',*,*,#8287,.F.);
#8313 = ORIENTED_EDGE('',*,*,#8314,.F.);
#8314 = EDGE_CURVE('',#8315,#8288,#8317,.T.);
#8315 = VERTEX_POINT('',#8316);
#8316 = CARTESIAN_POINT('',(41.,27.,42.95));
#8317 = LINE('',#8318,#8319);
#8318 = CARTESIAN_POINT('',(41.,-33.8,42.95));
#8319 = VECTOR('',#8320,1.);
#8320 = DIRECTION('',(0.,-1.,0.));
#8321 = ORIENTED_EDGE('',*,*,#8322,.T.);
#8322 = EDGE_CURVE('',#8315,#7963,#8323,.T.);
#8323 = LINE('',#8324,#8325);
#8324 = CARTESIAN_POINT('',(41.,27.,0.));
#8325 = VECTOR('',#8326,1.);
#8326 = DIRECTION('',(0.,0.,1.));
#8327 = PLANE('',#8328);
#8328 = AXIS2_PLACEMENT_3D('',#8329,#8330,#8331);
#8329 = CARTESIAN_POINT('',(41.,-33.,0.));
#8330 = DIRECTION('',(1.,0.,-0.));
#8331 = DIRECTION('',(0.,0.,1.));
#8332 = ADVANCED_FACE('',(#8333),#8352,.T.);
#8333 = FACE_BOUND('',#8334,.T.);
#8334 = EDGE_LOOP('',(#8335,#8336,#8345,#8351));
#8335 = ORIENTED_EDGE('',*,*,#8322,.F.);
#8336 = ORIENTED_EDGE('',*,*,#8337,.T.);
#8337 = EDGE_CURVE('',#8315,#8338,#8340,.T.);
#8338 = VERTEX_POINT('',#8339);
#8339 = CARTESIAN_POINT('',(35.,33.,42.95));
#8340 = CIRCLE('',#8341,6.);
#8341 = AXIS2_PLACEMENT_3D('',#8342,#8343,#8344);
#8342 = CARTESIAN_POINT('',(35.,27.,42.95));
#8343 = DIRECTION('',(0.,0.,1.));
#8344 = DIRECTION('',(1.,0.,-0.));
#8345 = ORIENTED_EDGE('',*,*,#8346,.T.);
#8346 = EDGE_CURVE('',#8338,#7955,#8347,.T.);
#8347 = LINE('',#8348,#8349);
#8348 = CARTESIAN_POINT('',(35.,33.,0.));
#8349 = VECTOR('',#8350,1.);
#8350 = DIRECTION('',(0.,0.,1.));
#8351 = ORIENTED_EDGE('',*,*,#7962,.F.);
#8352 = CYLINDRICAL_SURFACE('',#8353,6.);
#8353 = AXIS2_PLACEMENT_3D('',#8354,#8355,#8356);
#8354 = CARTESIAN_POINT('',(35.,27.,0.));
#8355 = DIRECTION('',(0.,0.,1.));
#8356 = DIRECTION('',(1.,0.,-0.));
#8357 = ADVANCED_FACE('',(#8358),#8376,.T.);
#8358 = FACE_BOUND('',#8359,.T.);
#8359 = EDGE_LOOP('',(#8360,#8368,#8374,#8375));
#8360 = ORIENTED_EDGE('',*,*,#8361,.F.);
#8361 = EDGE_CURVE('',#8362,#8338,#8364,.T.);
#8362 = VERTEX_POINT('',#8363);
#8363 = CARTESIAN_POINT('',(-35.,33.,42.95));
#8364 = LINE('',#8365,#8366);
#8365 = CARTESIAN_POINT('',(-41.8,33.,42.95));
#8366 = VECTOR('',#8367,1.);
#8367 = DIRECTION('',(1.,0.,-0.));
#8368 = ORIENTED_EDGE('',*,*,#8369,.T.);
#8369 = EDGE_CURVE('',#8362,#7946,#8370,.T.);
#8370 = LINE('',#8371,#8372);
#8371 = CARTESIAN_POINT('',(-35.,33.,0.));
#8372 = VECTOR('',#8373,1.);
#8373 = DIRECTION('',(0.,0.,1.));
#8374 = ORIENTED_EDGE('',*,*,#7954,.T.);
#8375 = ORIENTED_EDGE('',*,*,#8346,.F.);
#8376 = PLANE('',#8377);
#8377 = AXIS2_PLACEMENT_3D('',#8378,#8379,#8380);
#8378 = CARTESIAN_POINT('',(-41.,33.,0.));
#8379 = DIRECTION('',(-0.,1.,0.));
#8380 = DIRECTION('',(0.,0.,1.));
#8381 = ADVANCED_FACE('',(#8382),#8394,.T.);
#8382 = FACE_BOUND('',#8383,.F.);
#8383 = EDGE_LOOP('',(#8384,#8385,#8392,#8393));
#8384 = ORIENTED_EDGE('',*,*,#8224,.F.);
#8385 = ORIENTED_EDGE('',*,*,#8386,.F.);
#8386 = EDGE_CURVE('',#8362,#8217,#8387,.T.);
#8387 = CIRCLE('',#8388,6.);
#8388 = AXIS2_PLACEMENT_3D('',#8389,#8390,#8391);
#8389 = CARTESIAN_POINT('',(-35.,27.,42.95));
#8390 = DIRECTION('',(0.,0.,1.));
#8391 = DIRECTION('',(-1.,-0.,0.));
#8392 = ORIENTED_EDGE('',*,*,#8369,.T.);
#8393 = ORIENTED_EDGE('',*,*,#7945,.T.);
#8394 = CYLINDRICAL_SURFACE('',#8395,6.);
#8395 = AXIS2_PLACEMENT_3D('',#8396,#8397,#8398);
#8396 = CARTESIAN_POINT('',(-35.,27.,0.));
#8397 = DIRECTION('',(0.,0.,1.));
#8398 = DIRECTION('',(-1.,-0.,0.));
#8399 = ADVANCED_FACE('',(#8400,#8470),#8480,.F.);
#8400 = FACE_BOUND('',#8401,.F.);
#8401 = EDGE_LOOP('',(#8402,#8412,#8421,#8429,#8438,#8446,#8455,#8463));
#8402 = ORIENTED_EDGE('',*,*,#8403,.F.);
#8403 = EDGE_CURVE('',#8404,#8406,#8408,.T.);
#8404 = VERTEX_POINT('',#8405);
#8405 = CARTESIAN_POINT('',(-42.6,-27.6,37.4));
#8406 = VERTEX_POINT('',#8407);
#8407 = CARTESIAN_POINT('',(-42.6,27.6,37.4));
#8408 = LINE('',#8409,#8410);
#8409 = CARTESIAN_POINT('',(-42.6,-34.6,37.4));
#8410 = VECTOR('',#8411,1.);
#8411 = DIRECTION('',(-0.,1.,0.));
#8412 = ORIENTED_EDGE('',*,*,#8413,.T.);
#8413 = EDGE_CURVE('',#8404,#8414,#8416,.T.);
#8414 = VERTEX_POINT('',#8415);
#8415 = CARTESIAN_POINT('',(-35.6,-34.6,37.4));
#8416 = CIRCLE('',#8417,7.);
#8417 = AXIS2_PLACEMENT_3D('',#8418,#8419,#8420);
#8418 = CARTESIAN_POINT('',(-35.6,-27.6,37.4));
#8419 = DIRECTION('',(0.,0.,1.));
#8420 = DIRECTION('',(0.,-1.,0.));
#8421 = ORIENTED_EDGE('',*,*,#8422,.T.);
#8422 = EDGE_CURVE('',#8414,#8423,#8425,.T.);
#8423 = VERTEX_POINT('',#8424);
#8424 = CARTESIAN_POINT('',(35.6,-34.6,37.4));
#8425 = LINE('',#8426,#8427);
#8426 = CARTESIAN_POINT('',(-42.6,-34.6,37.4));
#8427 = VECTOR('',#8428,1.);
#8428 = DIRECTION('',(1.,0.,-0.));
#8429 = ORIENTED_EDGE('',*,*,#8430,.F.);
#8430 = EDGE_CURVE('',#8431,#8423,#8433,.T.);
#8431 = VERTEX_POINT('',#8432);
#8432 = CARTESIAN_POINT('',(42.6,-27.6,37.4));
#8433 = CIRCLE('',#8434,7.);
#8434 = AXIS2_PLACEMENT_3D('',#8435,#8436,#8437);
#8435 = CARTESIAN_POINT('',(35.6,-27.6,37.4));
#8436 = DIRECTION('',(-0.,-0.,-1.));
#8437 = DIRECTION('',(0.,-1.,0.));
#8438 = ORIENTED_EDGE('',*,*,#8439,.T.);
#8439 = EDGE_CURVE('',#8431,#8440,#8442,.T.);
#8440 = VERTEX_POINT('',#8441);
#8441 = CARTESIAN_POINT('',(42.6,27.6,37.4));
#8442 = LINE('',#8443,#8444);
#8443 = CARTESIAN_POINT('',(42.6,-34.6,37.4));
#8444 = VECTOR('',#8445,1.);
#8445 = DIRECTION('',(-0.,1.,0.));
#8446 = ORIENTED_EDGE('',*,*,#8447,.T.);
#8447 = EDGE_CURVE('',#8440,#8448,#8450,.T.);
#8448 = VERTEX_POINT('',#8449);
#8449 = CARTESIAN_POINT('',(35.6,34.6,37.4));
#8450 = CIRCLE('',#8451,7.);
#8451 = AXIS2_PLACEMENT_3D('',#8452,#8453,#8454);
#8452 = CARTESIAN_POINT('',(35.6,27.6,37.4));
#8453 = DIRECTION('',(0.,0.,1.));
#8454 = DIRECTION('',(0.,-1.,0.));
#8455 = ORIENTED_EDGE('',*,*,#8456,.F.);
#8456 = EDGE_CURVE('',#8457,#8448,#8459,.T.);
#8457 = VERTEX_POINT('',#8458);
#8458 = CARTESIAN_POINT('',(-35.6,34.6,37.4));
#8459 = LINE('',#8460,#8461);
#8460 = CARTESIAN_POINT('',(-42.6,34.6,37.4));
#8461 = VECTOR('',#8462,1.);
#8462 = DIRECTION('',(1.,0.,-0.));
#8463 = ORIENTED_EDGE('',*,*,#8464,.F.);
#8464 = EDGE_CURVE('',#8406,#8457,#8465,.T.);
#8465 = CIRCLE('',#8466,7.);
#8466 = AXIS2_PLACEMENT_3D('',#8467,#8468,#8469);
#8467 = CARTESIAN_POINT('',(-35.6,27.6,37.4));
#8468 = DIRECTION('',(-0.,-0.,-1.));
#8469 = DIRECTION('',(0.,-1.,0.));
#8470 = FACE_BOUND('',#8471,.F.);
#8471 = EDGE_LOOP('',(#8472,#8473,#8474,#8475,#8476,#8477,#8478,#8479));
#8472 = ORIENTED_EDGE('',*,*,#8011,.F.);
#8473 = ORIENTED_EDGE('',*,*,#8192,.F.);
#8474 = ORIENTED_EDGE('',*,*,#8174,.T.);
#8475 = ORIENTED_EDGE('',*,*,#8150,.F.);
#8476 = ORIENTED_EDGE('',*,*,#8116,.T.);
#8477 = ORIENTED_EDGE('',*,*,#8101,.F.);
#8478 = ORIENTED_EDGE('',*,*,#8069,.F.);
#8479 = ORIENTED_EDGE('',*,*,#8052,.F.);
#8480 = PLANE('',#8481);
#8481 = AXIS2_PLACEMENT_3D('',#8482,#8483,#8484);
#8482 = CARTESIAN_POINT('',(-42.6,-34.6,37.4));
#8483 = DIRECTION('',(0.,0.,1.));
#8484 = DIRECTION('',(1.,0.,-0.));
#8485 = ADVANCED_FACE('',(#8486,#8556),#8566,.T.);
#8486 = FACE_BOUND('',#8487,.T.);
#8487 = EDGE_LOOP('',(#8488,#8498,#8507,#8515,#8524,#8532,#8541,#8549));
#8488 = ORIENTED_EDGE('',*,*,#8489,.F.);
#8489 = EDGE_CURVE('',#8490,#8492,#8494,.T.);
#8490 = VERTEX_POINT('',#8491);
#8491 = CARTESIAN_POINT('',(-42.6,-27.6,42.95));
#8492 = VERTEX_POINT('',#8493);
#8493 = CARTESIAN_POINT('',(-42.6,27.6,42.95));
#8494 = LINE('',#8495,#8496);
#8495 = CARTESIAN_POINT('',(-42.6,-34.6,42.95));
#8496 = VECTOR('',#8497,1.);
#8497 = DIRECTION('',(-0.,1.,0.));
#8498 = ORIENTED_EDGE('',*,*,#8499,.T.);
#8499 = EDGE_CURVE('',#8490,#8500,#8502,.T.);
#8500 = VERTEX_POINT('',#8501);
#8501 = CARTESIAN_POINT('',(-35.6,-34.6,42.95));
#8502 = CIRCLE('',#8503,7.);
#8503 = AXIS2_PLACEMENT_3D('',#8504,#8505,#8506);
#8504 = CARTESIAN_POINT('',(-35.6,-27.6,42.95));
#8505 = DIRECTION('',(0.,0.,1.));
#8506 = DIRECTION('',(0.,-1.,0.));
#8507 = ORIENTED_EDGE('',*,*,#8508,.T.);
#8508 = EDGE_CURVE('',#8500,#8509,#8511,.T.);
#8509 = VERTEX_POINT('',#8510);
#8510 = CARTESIAN_POINT('',(35.6,-34.6,42.95));
#8511 = LINE('',#8512,#8513);
#8512 = CARTESIAN_POINT('',(-42.6,-34.6,42.95));
#8513 = VECTOR('',#8514,1.);
#8514 = DIRECTION('',(1.,0.,-0.));
#8515 = ORIENTED_EDGE('',*,*,#8516,.F.);
#8516 = EDGE_CURVE('',#8517,#8509,#8519,.T.);
#8517 = VERTEX_POINT('',#8518);
#8518 = CARTESIAN_POINT('',(42.6,-27.6,42.95));
#8519 = CIRCLE('',#8520,7.);
#8520 = AXIS2_PLACEMENT_3D('',#8521,#8522,#8523);
#8521 = CARTESIAN_POINT('',(35.6,-27.6,42.95));
#8522 = DIRECTION('',(-0.,-0.,-1.));
#8523 = DIRECTION('',(0.,-1.,0.));
#8524 = ORIENTED_EDGE('',*,*,#8525,.T.);
#8525 = EDGE_CURVE('',#8517,#8526,#8528,.T.);
#8526 = VERTEX_POINT('',#8527);
#8527 = CARTESIAN_POINT('',(42.6,27.6,42.95));
#8528 = LINE('',#8529,#8530);
#8529 = CARTESIAN_POINT('',(42.6,-34.6,42.95));
#8530 = VECTOR('',#8531,1.);
#8531 = DIRECTION('',(-0.,1.,0.));
#8532 = ORIENTED_EDGE('',*,*,#8533,.T.);
#8533 = EDGE_CURVE('',#8526,#8534,#8536,.T.);
#8534 = VERTEX_POINT('',#8535);
#8535 = CARTESIAN_POINT('',(35.6,34.6,42.95));
#8536 = CIRCLE('',#8537,7.);
#8537 = AXIS2_PLACEMENT_3D('',#8538,#8539,#8540);
#8538 = CARTESIAN_POINT('',(35.6,27.6,42.95));
#8539 = DIRECTION('',(0.,0.,1.));
#8540 = DIRECTION('',(0.,-1.,0.));
#8541 = ORIENTED_EDGE('',*,*,#8542,.F.);
#8542 = EDGE_CURVE('',#8543,#8534,#8545,.T.);
#8543 = VERTEX_POINT('',#8544);
#8544 = CARTESIAN_POINT('',(-35.6,34.6,42.95));
#8545 = LINE('',#8546,#8547);
#8546 = CARTESIAN_POINT('',(-42.6,34.6,42.95));
#8547 = VECTOR('',#8548,1.);
#8548 = DIRECTION('',(1.,0.,-0.));
#8549 = ORIENTED_EDGE('',*,*,#8550,.F.);
#8550 = EDGE_CURVE('',#8492,#8543,#8551,.T.);
#8551 = CIRCLE('',#8552,7.);
#8552 = AXIS2_PLACEMENT_3D('',#8553,#8554,#8555);
#8553 = CARTESIAN_POINT('',(-35.6,27.6,42.95));
#8554 = DIRECTION('',(-0.,-0.,-1.));
#8555 = DIRECTION('',(0.,-1.,0.));
#8556 = FACE_BOUND('',#8557,.T.);
#8557 = EDGE_LOOP('',(#8558,#8559,#8560,#8561,#8562,#8563,#8564,#8565));
#8558 = ORIENTED_EDGE('',*,*,#8216,.F.);
#8559 = ORIENTED_EDGE('',*,*,#8386,.F.);
#8560 = ORIENTED_EDGE('',*,*,#8361,.T.);
#8561 = ORIENTED_EDGE('',*,*,#8337,.F.);
#8562 = ORIENTED_EDGE('',*,*,#8314,.T.);
#8563 = ORIENTED_EDGE('',*,*,#8295,.F.);
#8564 = ORIENTED_EDGE('',*,*,#8263,.F.);
#8565 = ORIENTED_EDGE('',*,*,#8239,.F.);
#8566 = PLANE('',#8567);
#8567 = AXIS2_PLACEMENT_3D('',#8568,#8569,#8570);
#8568 = CARTESIAN_POINT('',(-42.6,-34.6,42.95));
#8569 = DIRECTION('',(0.,0.,1.));
#8570 = DIRECTION('',(1.,0.,-0.));
#8571 = ADVANCED_FACE('',(#8572),#8597,.F.);
#8572 = FACE_BOUND('',#8573,.F.);
#8573 = EDGE_LOOP('',(#8574,#8584,#8590,#8591));
#8574 = ORIENTED_EDGE('',*,*,#8575,.F.);
#8575 = EDGE_CURVE('',#8576,#8578,#8580,.T.);
#8576 = VERTEX_POINT('',#8577);
#8577 = CARTESIAN_POINT('',(-42.6,-27.6,38.55));
#8578 = VERTEX_POINT('',#8579);
#8579 = CARTESIAN_POINT('',(-42.6,27.6,38.55));
#8580 = LINE('',#8581,#8582);
#8581 = CARTESIAN_POINT('',(-42.6,-34.6,38.55));
#8582 = VECTOR('',#8583,1.);
#8583 = DIRECTION('',(-0.,1.,0.));
#8584 = ORIENTED_EDGE('',*,*,#8585,.F.);
#8585 = EDGE_CURVE('',#8404,#8576,#8586,.T.);
#8586 = LINE('',#8587,#8588);
#8587 = CARTESIAN_POINT('',(-42.6,-27.6,37.4));
#8588 = VECTOR('',#8589,1.);
#8589 = DIRECTION('',(0.,0.,1.));
#8590 = ORIENTED_EDGE('',*,*,#8403,.T.);
#8591 = ORIENTED_EDGE('',*,*,#8592,.T.);
#8592 = EDGE_CURVE('',#8406,#8578,#8593,.T.);
#8593 = LINE('',#8594,#8595);
#8594 = CARTESIAN_POINT('',(-42.6,27.6,37.4));
#8595 = VECTOR('',#8596,1.);
#8596 = DIRECTION('',(0.,0.,1.));
#8597 = PLANE('',#8598);
#8598 = AXIS2_PLACEMENT_3D('',#8599,#8600,#8601);
#8599 = CARTESIAN_POINT('',(-42.6,-34.6,37.4));
#8600 = DIRECTION('',(1.,0.,-0.));
#8601 = DIRECTION('',(0.,0.,1.));
#8602 = ADVANCED_FACE('',(#8603),#8622,.T.);
#8603 = FACE_BOUND('',#8604,.T.);
#8604 = EDGE_LOOP('',(#8605,#8606,#8614,#8621));
#8605 = ORIENTED_EDGE('',*,*,#8413,.T.);
#8606 = ORIENTED_EDGE('',*,*,#8607,.T.);
#8607 = EDGE_CURVE('',#8414,#8608,#8610,.T.);
#8608 = VERTEX_POINT('',#8609);
#8609 = CARTESIAN_POINT('',(-35.6,-34.6,38.55));
#8610 = LINE('',#8611,#8612);
#8611 = CARTESIAN_POINT('',(-35.6,-34.6,37.4));
#8612 = VECTOR('',#8613,1.);
#8613 = DIRECTION('',(0.,0.,1.));
#8614 = ORIENTED_EDGE('',*,*,#8615,.F.);
#8615 = EDGE_CURVE('',#8576,#8608,#8616,.T.);
#8616 = CIRCLE('',#8617,7.);
#8617 = AXIS2_PLACEMENT_3D('',#8618,#8619,#8620);
#8618 = CARTESIAN_POINT('',(-35.6,-27.6,38.55));
#8619 = DIRECTION('',(0.,0.,1.));
#8620 = DIRECTION('',(0.,-1.,0.));
#8621 = ORIENTED_EDGE('',*,*,#8585,.F.);
#8622 = CYLINDRICAL_SURFACE('',#8623,7.);
#8623 = AXIS2_PLACEMENT_3D('',#8624,#8625,#8626);
#8624 = CARTESIAN_POINT('',(-35.6,-27.6,37.4));
#8625 = DIRECTION('',(0.,0.,1.));
#8626 = DIRECTION('',(-1.,-0.,0.));
#8627 = ADVANCED_FACE('',(#8628),#8647,.T.);
#8628 = FACE_BOUND('',#8629,.F.);
#8629 = EDGE_LOOP('',(#8630,#8631,#8639,#8646));
#8630 = ORIENTED_EDGE('',*,*,#8464,.T.);
#8631 = ORIENTED_EDGE('',*,*,#8632,.T.);
#8632 = EDGE_CURVE('',#8457,#8633,#8635,.T.);
#8633 = VERTEX_POINT('',#8634);
#8634 = CARTESIAN_POINT('',(-35.6,34.6,38.55));
#8635 = LINE('',#8636,#8637);
#8636 = CARTESIAN_POINT('',(-35.6,34.6,37.4));
#8637 = VECTOR('',#8638,1.);
#8638 = DIRECTION('',(0.,0.,1.));
#8639 = ORIENTED_EDGE('',*,*,#8640,.F.);
#8640 = EDGE_CURVE('',#8578,#8633,#8641,.T.);
#8641 = CIRCLE('',#8642,7.);
#8642 = AXIS2_PLACEMENT_3D('',#8643,#8644,#8645);
#8643 = CARTESIAN_POINT('',(-35.6,27.6,38.55));
#8644 = DIRECTION('',(-0.,-0.,-1.));
#8645 = DIRECTION('',(0.,-1.,0.));
#8646 = ORIENTED_EDGE('',*,*,#8592,.F.);
#8647 = CYLINDRICAL_SURFACE('',#8648,7.);
#8648 = AXIS2_PLACEMENT_3D('',#8649,#8650,#8651);
#8649 = CARTESIAN_POINT('',(-35.6,27.6,37.4));
#8650 = DIRECTION('',(0.,0.,1.));
#8651 = DIRECTION('',(-1.,-0.,0.));
#8652 = ADVANCED_FACE('',(#8653),#8671,.F.);
#8653 = FACE_BOUND('',#8654,.F.);
#8654 = EDGE_LOOP('',(#8655,#8656,#8657,#8665));
#8655 = ORIENTED_EDGE('',*,*,#8422,.F.);
#8656 = ORIENTED_EDGE('',*,*,#8607,.T.);
#8657 = ORIENTED_EDGE('',*,*,#8658,.T.);
#8658 = EDGE_CURVE('',#8608,#8659,#8661,.T.);
#8659 = VERTEX_POINT('',#8660);
#8660 = CARTESIAN_POINT('',(35.6,-34.6,38.55));
#8661 = LINE('',#8662,#8663);
#8662 = CARTESIAN_POINT('',(-42.6,-34.6,38.55));
#8663 = VECTOR('',#8664,1.);
#8664 = DIRECTION('',(1.,0.,-0.));
#8665 = ORIENTED_EDGE('',*,*,#8666,.F.);
#8666 = EDGE_CURVE('',#8423,#8659,#8667,.T.);
#8667 = LINE('',#8668,#8669);
#8668 = CARTESIAN_POINT('',(35.6,-34.6,37.4));
#8669 = VECTOR('',#8670,1.);
#8670 = DIRECTION('',(0.,0.,1.));
#8671 = PLANE('',#8672);
#8672 = AXIS2_PLACEMENT_3D('',#8673,#8674,#8675);
#8673 = CARTESIAN_POINT('',(-42.6,-34.6,37.4));
#8674 = DIRECTION('',(-0.,1.,0.));
#8675 = DIRECTION('',(0.,0.,1.));
#8676 = ADVANCED_FACE('',(#8677),#8695,.T.);
#8677 = FACE_BOUND('',#8678,.T.);
#8678 = EDGE_LOOP('',(#8679,#8680,#8681,#8689));
#8679 = ORIENTED_EDGE('',*,*,#8456,.F.);
#8680 = ORIENTED_EDGE('',*,*,#8632,.T.);
#8681 = ORIENTED_EDGE('',*,*,#8682,.T.);
#8682 = EDGE_CURVE('',#8633,#8683,#8685,.T.);
#8683 = VERTEX_POINT('',#8684);
#8684 = CARTESIAN_POINT('',(35.6,34.6,38.55));
#8685 = LINE('',#8686,#8687);
#8686 = CARTESIAN_POINT('',(-42.6,34.6,38.55));
#8687 = VECTOR('',#8688,1.);
#8688 = DIRECTION('',(1.,0.,-0.));
#8689 = ORIENTED_EDGE('',*,*,#8690,.F.);
#8690 = EDGE_CURVE('',#8448,#8683,#8691,.T.);
#8691 = LINE('',#8692,#8693);
#8692 = CARTESIAN_POINT('',(35.6,34.6,37.4));
#8693 = VECTOR('',#8694,1.);
#8694 = DIRECTION('',(0.,0.,1.));
#8695 = PLANE('',#8696);
#8696 = AXIS2_PLACEMENT_3D('',#8697,#8698,#8699);
#8697 = CARTESIAN_POINT('',(-42.6,34.6,37.4));
#8698 = DIRECTION('',(-0.,1.,0.));
#8699 = DIRECTION('',(0.,0.,1.));
#8700 = ADVANCED_FACE('',(#8701),#8720,.T.);
#8701 = FACE_BOUND('',#8702,.F.);
#8702 = EDGE_LOOP('',(#8703,#8704,#8705,#8714));
#8703 = ORIENTED_EDGE('',*,*,#8430,.T.);
#8704 = ORIENTED_EDGE('',*,*,#8666,.T.);
#8705 = ORIENTED_EDGE('',*,*,#8706,.F.);
#8706 = EDGE_CURVE('',#8707,#8659,#8709,.T.);
#8707 = VERTEX_POINT('',#8708);
#8708 = CARTESIAN_POINT('',(42.6,-27.6,38.55));
#8709 = CIRCLE('',#8710,7.);
#8710 = AXIS2_PLACEMENT_3D('',#8711,#8712,#8713);
#8711 = CARTESIAN_POINT('',(35.6,-27.6,38.55));
#8712 = DIRECTION('',(-0.,-0.,-1.));
#8713 = DIRECTION('',(0.,-1.,0.));
#8714 = ORIENTED_EDGE('',*,*,#8715,.F.);
#8715 = EDGE_CURVE('',#8431,#8707,#8716,.T.);
#8716 = LINE('',#8717,#8718);
#8717 = CARTESIAN_POINT('',(42.6,-27.6,37.4));
#8718 = VECTOR('',#8719,1.);
#8719 = DIRECTION('',(0.,0.,1.));
#8720 = CYLINDRICAL_SURFACE('',#8721,7.);
#8721 = AXIS2_PLACEMENT_3D('',#8722,#8723,#8724);
#8722 = CARTESIAN_POINT('',(35.6,-27.6,37.4));
#8723 = DIRECTION('',(0.,0.,1.));
#8724 = DIRECTION('',(1.,0.,-0.));
#8725 = ADVANCED_FACE('',(#8726),#8745,.T.);
#8726 = FACE_BOUND('',#8727,.T.);
#8727 = EDGE_LOOP('',(#8728,#8729,#8730,#8739));
#8728 = ORIENTED_EDGE('',*,*,#8447,.T.);
#8729 = ORIENTED_EDGE('',*,*,#8690,.T.);
#8730 = ORIENTED_EDGE('',*,*,#8731,.F.);
#8731 = EDGE_CURVE('',#8732,#8683,#8734,.T.);
#8732 = VERTEX_POINT('',#8733);
#8733 = CARTESIAN_POINT('',(42.6,27.6,38.55));
#8734 = CIRCLE('',#8735,7.);
#8735 = AXIS2_PLACEMENT_3D('',#8736,#8737,#8738);
#8736 = CARTESIAN_POINT('',(35.6,27.6,38.55));
#8737 = DIRECTION('',(0.,0.,1.));
#8738 = DIRECTION('',(0.,-1.,0.));
#8739 = ORIENTED_EDGE('',*,*,#8740,.F.);
#8740 = EDGE_CURVE('',#8440,#8732,#8741,.T.);
#8741 = LINE('',#8742,#8743);
#8742 = CARTESIAN_POINT('',(42.6,27.6,37.4));
#8743 = VECTOR('',#8744,1.);
#8744 = DIRECTION('',(0.,0.,1.));
#8745 = CYLINDRICAL_SURFACE('',#8746,7.);
#8746 = AXIS2_PLACEMENT_3D('',#8747,#8748,#8749);
#8747 = CARTESIAN_POINT('',(35.6,27.6,37.4));
#8748 = DIRECTION('',(0.,0.,1.));
#8749 = DIRECTION('',(1.,0.,-0.));
#8750 = ADVANCED_FACE('',(#8751),#8762,.T.);
#8751 = FACE_BOUND('',#8752,.T.);
#8752 = EDGE_LOOP('',(#8753,#8759,#8760,#8761));
#8753 = ORIENTED_EDGE('',*,*,#8754,.F.);
#8754 = EDGE_CURVE('',#8707,#8732,#8755,.T.);
#8755 = LINE('',#8756,#8757);
#8756 = CARTESIAN_POINT('',(42.6,-34.6,38.55));
#8757 = VECTOR('',#8758,1.);
#8758 = DIRECTION('',(-0.,1.,0.));
#8759 = ORIENTED_EDGE('',*,*,#8715,.F.);
#8760 = ORIENTED_EDGE('',*,*,#8439,.T.);
#8761 = ORIENTED_EDGE('',*,*,#8740,.T.);
#8762 = PLANE('',#8763);
#8763 = AXIS2_PLACEMENT_3D('',#8764,#8765,#8766);
#8764 = CARTESIAN_POINT('',(42.6,-34.6,37.4));
#8765 = DIRECTION('',(1.,0.,-0.));
#8766 = DIRECTION('',(0.,0.,1.));
#8767 = ADVANCED_FACE('',(#8768),#8793,.F.);
#8768 = FACE_BOUND('',#8769,.F.);
#8769 = EDGE_LOOP('',(#8770,#8771,#8779,#8787));
#8770 = ORIENTED_EDGE('',*,*,#8489,.F.);
#8771 = ORIENTED_EDGE('',*,*,#8772,.F.);
#8772 = EDGE_CURVE('',#8773,#8490,#8775,.T.);
#8773 = VERTEX_POINT('',#8774);
#8774 = CARTESIAN_POINT('',(-42.6,-27.6,41.8));
#8775 = LINE('',#8776,#8777);
#8776 = CARTESIAN_POINT('',(-42.6,-27.6,41.8));
#8777 = VECTOR('',#8778,1.);
#8778 = DIRECTION('',(0.,0.,1.));
#8779 = ORIENTED_EDGE('',*,*,#8780,.T.);
#8780 = EDGE_CURVE('',#8773,#8781,#8783,.T.);
#8781 = VERTEX_POINT('',#8782);
#8782 = CARTESIAN_POINT('',(-42.6,27.6,41.8));
#8783 = LINE('',#8784,#8785);
#8784 = CARTESIAN_POINT('',(-42.6,-34.6,41.8));
#8785 = VECTOR('',#8786,1.);
#8786 = DIRECTION('',(-0.,1.,0.));
#8787 = ORIENTED_EDGE('',*,*,#8788,.T.);
#8788 = EDGE_CURVE('',#8781,#8492,#8789,.T.);
#8789 = LINE('',#8790,#8791);
#8790 = CARTESIAN_POINT('',(-42.6,27.6,41.8));
#8791 = VECTOR('',#8792,1.);
#8792 = DIRECTION('',(0.,0.,1.));
#8793 = PLANE('',#8794);
#8794 = AXIS2_PLACEMENT_3D('',#8795,#8796,#8797);
#8795 = CARTESIAN_POINT('',(-42.6,-34.6,41.8));
#8796 = DIRECTION('',(1.,0.,-0.));
#8797 = DIRECTION('',(0.,0.,1.));
#8798 = ADVANCED_FACE('',(#8799),#8818,.T.);
#8799 = FACE_BOUND('',#8800,.T.);
#8800 = EDGE_LOOP('',(#8801,#8810,#8816,#8817));
#8801 = ORIENTED_EDGE('',*,*,#8802,.T.);
#8802 = EDGE_CURVE('',#8773,#8803,#8805,.T.);
#8803 = VERTEX_POINT('',#8804);
#8804 = CARTESIAN_POINT('',(-35.6,-34.6,41.8));
#8805 = CIRCLE('',#8806,7.);
#8806 = AXIS2_PLACEMENT_3D('',#8807,#8808,#8809);
#8807 = CARTESIAN_POINT('',(-35.6,-27.6,41.8));
#8808 = DIRECTION('',(0.,0.,1.));
#8809 = DIRECTION('',(0.,-1.,0.));
#8810 = ORIENTED_EDGE('',*,*,#8811,.T.);
#8811 = EDGE_CURVE('',#8803,#8500,#8812,.T.);
#8812 = LINE('',#8813,#8814);
#8813 = CARTESIAN_POINT('',(-35.6,-34.6,41.8));
#8814 = VECTOR('',#8815,1.);
#8815 = DIRECTION('',(0.,0.,1.));
#8816 = ORIENTED_EDGE('',*,*,#8499,.F.);
#8817 = ORIENTED_EDGE('',*,*,#8772,.F.);
#8818 = CYLINDRICAL_SURFACE('',#8819,7.);
#8819 = AXIS2_PLACEMENT_3D('',#8820,#8821,#8822);
#8820 = CARTESIAN_POINT('',(-35.6,-27.6,41.8));
#8821 = DIRECTION('',(0.,0.,1.));
#8822 = DIRECTION('',(-1.,-0.,0.));
#8823 = ADVANCED_FACE('',(#8824),#8843,.T.);
#8824 = FACE_BOUND('',#8825,.F.);
#8825 = EDGE_LOOP('',(#8826,#8835,#8841,#8842));
#8826 = ORIENTED_EDGE('',*,*,#8827,.T.);
#8827 = EDGE_CURVE('',#8781,#8828,#8830,.T.);
#8828 = VERTEX_POINT('',#8829);
#8829 = CARTESIAN_POINT('',(-35.6,34.6,41.8));
#8830 = CIRCLE('',#8831,7.);
#8831 = AXIS2_PLACEMENT_3D('',#8832,#8833,#8834);
#8832 = CARTESIAN_POINT('',(-35.6,27.6,41.8));
#8833 = DIRECTION('',(-0.,-0.,-1.));
#8834 = DIRECTION('',(0.,-1.,0.));
#8835 = ORIENTED_EDGE('',*,*,#8836,.T.);
#8836 = EDGE_CURVE('',#8828,#8543,#8837,.T.);
#8837 = LINE('',#8838,#8839);
#8838 = CARTESIAN_POINT('',(-35.6,34.6,41.8));
#8839 = VECTOR('',#8840,1.);
#8840 = DIRECTION('',(0.,0.,1.));
#8841 = ORIENTED_EDGE('',*,*,#8550,.F.);
#8842 = ORIENTED_EDGE('',*,*,#8788,.F.);
#8843 = CYLINDRICAL_SURFACE('',#8844,7.);
#8844 = AXIS2_PLACEMENT_3D('',#8845,#8846,#8847);
#8845 = CARTESIAN_POINT('',(-35.6,27.6,41.8));
#8846 = DIRECTION('',(0.,0.,1.));
#8847 = DIRECTION('',(-1.,-0.,0.));
#8848 = ADVANCED_FACE('',(#8849),#8867,.F.);
#8849 = FACE_BOUND('',#8850,.F.);
#8850 = EDGE_LOOP('',(#8851,#8859,#8860,#8861));
#8851 = ORIENTED_EDGE('',*,*,#8852,.F.);
#8852 = EDGE_CURVE('',#8803,#8853,#8855,.T.);
#8853 = VERTEX_POINT('',#8854);
#8854 = CARTESIAN_POINT('',(35.6,-34.6,41.8));
#8855 = LINE('',#8856,#8857);
#8856 = CARTESIAN_POINT('',(-42.6,-34.6,41.8));
#8857 = VECTOR('',#8858,1.);
#8858 = DIRECTION('',(1.,0.,-0.));
#8859 = ORIENTED_EDGE('',*,*,#8811,.T.);
#8860 = ORIENTED_EDGE('',*,*,#8508,.T.);
#8861 = ORIENTED_EDGE('',*,*,#8862,.F.);
#8862 = EDGE_CURVE('',#8853,#8509,#8863,.T.);
#8863 = LINE('',#8864,#8865);
#8864 = CARTESIAN_POINT('',(35.6,-34.6,41.8));
#8865 = VECTOR('',#8866,1.);
#8866 = DIRECTION('',(0.,0.,1.));
#8867 = PLANE('',#8868);
#8868 = AXIS2_PLACEMENT_3D('',#8869,#8870,#8871);
#8869 = CARTESIAN_POINT('',(-42.6,-34.6,41.8));
#8870 = DIRECTION('',(-0.,1.,0.));
#8871 = DIRECTION('',(0.,0.,1.));
#8872 = ADVANCED_FACE('',(#8873),#8891,.T.);
#8873 = FACE_BOUND('',#8874,.T.);
#8874 = EDGE_LOOP('',(#8875,#8883,#8884,#8885));
#8875 = ORIENTED_EDGE('',*,*,#8876,.F.);
#8876 = EDGE_CURVE('',#8828,#8877,#8879,.T.);
#8877 = VERTEX_POINT('',#8878);
#8878 = CARTESIAN_POINT('',(35.6,34.6,41.8));
#8879 = LINE('',#8880,#8881);
#8880 = CARTESIAN_POINT('',(-42.6,34.6,41.8));
#8881 = VECTOR('',#8882,1.);
#8882 = DIRECTION('',(1.,0.,-0.));
#8883 = ORIENTED_EDGE('',*,*,#8836,.T.);
#8884 = ORIENTED_EDGE('',*,*,#8542,.T.);
#8885 = ORIENTED_EDGE('',*,*,#8886,.F.);
#8886 = EDGE_CURVE('',#8877,#8534,#8887,.T.);
#8887 = LINE('',#8888,#8889);
#8888 = CARTESIAN_POINT('',(35.6,34.6,41.8));
#8889 = VECTOR('',#8890,1.);
#8890 = DIRECTION('',(0.,0.,1.));
#8891 = PLANE('',#8892);
#8892 = AXIS2_PLACEMENT_3D('',#8893,#8894,#8895);
#8893 = CARTESIAN_POINT('',(-42.6,34.6,41.8));
#8894 = DIRECTION('',(-0.,1.,0.));
#8895 = DIRECTION('',(0.,0.,1.));
#8896 = ADVANCED_FACE('',(#8897),#8916,.T.);
#8897 = FACE_BOUND('',#8898,.F.);
#8898 = EDGE_LOOP('',(#8899,#8908,#8909,#8910));
#8899 = ORIENTED_EDGE('',*,*,#8900,.T.);
#8900 = EDGE_CURVE('',#8901,#8853,#8903,.T.);
#8901 = VERTEX_POINT('',#8902);
#8902 = CARTESIAN_POINT('',(42.6,-27.6,41.8));
#8903 = CIRCLE('',#8904,7.);
#8904 = AXIS2_PLACEMENT_3D('',#8905,#8906,#8907);
#8905 = CARTESIAN_POINT('',(35.6,-27.6,41.8));
#8906 = DIRECTION('',(-0.,-0.,-1.));
#8907 = DIRECTION('',(0.,-1.,0.));
#8908 = ORIENTED_EDGE('',*,*,#8862,.T.);
#8909 = ORIENTED_EDGE('',*,*,#8516,.F.);
#8910 = ORIENTED_EDGE('',*,*,#8911,.F.);
#8911 = EDGE_CURVE('',#8901,#8517,#8912,.T.);
#8912 = LINE('',#8913,#8914);
#8913 = CARTESIAN_POINT('',(42.6,-27.6,41.8));
#8914 = VECTOR('',#8915,1.);
#8915 = DIRECTION('',(0.,0.,1.));
#8916 = CYLINDRICAL_SURFACE('',#8917,7.);
#8917 = AXIS2_PLACEMENT_3D('',#8918,#8919,#8920);
#8918 = CARTESIAN_POINT('',(35.6,-27.6,41.8));
#8919 = DIRECTION('',(0.,0.,1.));
#8920 = DIRECTION('',(1.,0.,-0.));
#8921 = ADVANCED_FACE('',(#8922),#8941,.T.);
#8922 = FACE_BOUND('',#8923,.T.);
#8923 = EDGE_LOOP('',(#8924,#8933,#8934,#8935));
#8924 = ORIENTED_EDGE('',*,*,#8925,.T.);
#8925 = EDGE_CURVE('',#8926,#8877,#8928,.T.);
#8926 = VERTEX_POINT('',#8927);
#8927 = CARTESIAN_POINT('',(42.6,27.6,41.8));
#8928 = CIRCLE('',#8929,7.);
#8929 = AXIS2_PLACEMENT_3D('',#8930,#8931,#8932);
#8930 = CARTESIAN_POINT('',(35.6,27.6,41.8));
#8931 = DIRECTION('',(0.,0.,1.));
#8932 = DIRECTION('',(0.,-1.,0.));
#8933 = ORIENTED_EDGE('',*,*,#8886,.T.);
#8934 = ORIENTED_EDGE('',*,*,#8533,.F.);
#8935 = ORIENTED_EDGE('',*,*,#8936,.F.);
#8936 = EDGE_CURVE('',#8926,#8526,#8937,.T.);
#8937 = LINE('',#8938,#8939);
#8938 = CARTESIAN_POINT('',(42.6,27.6,41.8));
#8939 = VECTOR('',#8940,1.);
#8940 = DIRECTION('',(0.,0.,1.));
#8941 = CYLINDRICAL_SURFACE('',#8942,7.);
#8942 = AXIS2_PLACEMENT_3D('',#8943,#8944,#8945);
#8943 = CARTESIAN_POINT('',(35.6,27.6,41.8));
#8944 = DIRECTION('',(0.,0.,1.));
#8945 = DIRECTION('',(1.,0.,-0.));
#8946 = ADVANCED_FACE('',(#8947),#8958,.T.);
#8947 = FACE_BOUND('',#8948,.T.);
#8948 = EDGE_LOOP('',(#8949,#8950,#8951,#8957));
#8949 = ORIENTED_EDGE('',*,*,#8525,.F.);
#8950 = ORIENTED_EDGE('',*,*,#8911,.F.);
#8951 = ORIENTED_EDGE('',*,*,#8952,.T.);
#8952 = EDGE_CURVE('',#8901,#8926,#8953,.T.);
#8953 = LINE('',#8954,#8955);
#8954 = CARTESIAN_POINT('',(42.6,-34.6,41.8));
#8955 = VECTOR('',#8956,1.);
#8956 = DIRECTION('',(-0.,1.,0.));
#8957 = ORIENTED_EDGE('',*,*,#8936,.T.);
#8958 = PLANE('',#8959);
#8959 = AXIS2_PLACEMENT_3D('',#8960,#8961,#8962);
#8960 = CARTESIAN_POINT('',(42.6,-34.6,41.8));
#8961 = DIRECTION('',(1.,0.,-0.));
#8962 = DIRECTION('',(0.,0.,1.));
#8963 = ADVANCED_FACE('',(#8964,#8974),#9044,.T.);
#8964 = FACE_BOUND('',#8965,.T.);
#8965 = EDGE_LOOP('',(#8966,#8967,#8968,#8969,#8970,#8971,#8972,#8973));
#8966 = ORIENTED_EDGE('',*,*,#8575,.F.);
#8967 = ORIENTED_EDGE('',*,*,#8615,.T.);
#8968 = ORIENTED_EDGE('',*,*,#8658,.T.);
#8969 = ORIENTED_EDGE('',*,*,#8706,.F.);
#8970 = ORIENTED_EDGE('',*,*,#8754,.T.);
#8971 = ORIENTED_EDGE('',*,*,#8731,.T.);
#8972 = ORIENTED_EDGE('',*,*,#8682,.F.);
#8973 = ORIENTED_EDGE('',*,*,#8640,.F.);
#8974 = FACE_BOUND('',#8975,.T.);
#8975 = EDGE_LOOP('',(#8976,#8986,#8995,#9003,#9012,#9020,#9029,#9037));
#8976 = ORIENTED_EDGE('',*,*,#8977,.F.);
#8977 = EDGE_CURVE('',#8978,#8980,#8982,.T.);
#8978 = VERTEX_POINT('',#8979);
#8979 = CARTESIAN_POINT('',(-41.,27.,38.55));
#8980 = VERTEX_POINT('',#8981);
#8981 = CARTESIAN_POINT('',(-41.,-27.,38.55));
#8982 = LINE('',#8983,#8984);
#8983 = CARTESIAN_POINT('',(-41.,-33.8,38.55));
#8984 = VECTOR('',#8985,1.);
#8985 = DIRECTION('',(0.,-1.,0.));
#8986 = ORIENTED_EDGE('',*,*,#8987,.F.);
#8987 = EDGE_CURVE('',#8988,#8978,#8990,.T.);
#8988 = VERTEX_POINT('',#8989);
#8989 = CARTESIAN_POINT('',(-35.,33.,38.55));
#8990 = CIRCLE('',#8991,6.);
#8991 = AXIS2_PLACEMENT_3D('',#8992,#8993,#8994);
#8992 = CARTESIAN_POINT('',(-35.,27.,38.55));
#8993 = DIRECTION('',(0.,0.,1.));
#8994 = DIRECTION('',(-1.,-0.,0.));
#8995 = ORIENTED_EDGE('',*,*,#8996,.T.);
#8996 = EDGE_CURVE('',#8988,#8997,#8999,.T.);
#8997 = VERTEX_POINT('',#8998);
#8998 = CARTESIAN_POINT('',(35.,33.,38.55));
#8999 = LINE('',#9000,#9001);
#9000 = CARTESIAN_POINT('',(-41.8,33.,38.55));
#9001 = VECTOR('',#9002,1.);
#9002 = DIRECTION('',(1.,0.,-0.));
#9003 = ORIENTED_EDGE('',*,*,#9004,.F.);
#9004 = EDGE_CURVE('',#9005,#8997,#9007,.T.);
#9005 = VERTEX_POINT('',#9006);
#9006 = CARTESIAN_POINT('',(41.,27.,38.55));
#9007 = CIRCLE('',#9008,6.);
#9008 = AXIS2_PLACEMENT_3D('',#9009,#9010,#9011);
#9009 = CARTESIAN_POINT('',(35.,27.,38.55));
#9010 = DIRECTION('',(0.,0.,1.));
#9011 = DIRECTION('',(1.,0.,-0.));
#9012 = ORIENTED_EDGE('',*,*,#9013,.T.);
#9013 = EDGE_CURVE('',#9005,#9014,#9016,.T.);
#9014 = VERTEX_POINT('',#9015);
#9015 = CARTESIAN_POINT('',(41.,-27.,38.55));
#9016 = LINE('',#9017,#9018);
#9017 = CARTESIAN_POINT('',(41.,-33.8,38.55));
#9018 = VECTOR('',#9019,1.);
#9019 = DIRECTION('',(0.,-1.,0.));
#9020 = ORIENTED_EDGE('',*,*,#9021,.F.);
#9021 = EDGE_CURVE('',#9022,#9014,#9024,.T.);
#9022 = VERTEX_POINT('',#9023);
#9023 = CARTESIAN_POINT('',(35.,-33.,38.55));
#9024 = CIRCLE('',#9025,6.);
#9025 = AXIS2_PLACEMENT_3D('',#9026,#9027,#9028);
#9026 = CARTESIAN_POINT('',(35.,-27.,38.55));
#9027 = DIRECTION('',(0.,0.,1.));
#9028 = DIRECTION('',(1.,0.,-0.));
#9029 = ORIENTED_EDGE('',*,*,#9030,.F.);
#9030 = EDGE_CURVE('',#9031,#9022,#9033,.T.);
#9031 = VERTEX_POINT('',#9032);
#9032 = CARTESIAN_POINT('',(-35.,-33.,38.55));
#9033 = LINE('',#9034,#9035);
#9034 = CARTESIAN_POINT('',(-41.8,-33.,38.55));
#9035 = VECTOR('',#9036,1.);
#9036 = DIRECTION('',(1.,0.,-0.));
#9037 = ORIENTED_EDGE('',*,*,#9038,.F.);
#9038 = EDGE_CURVE('',#8980,#9031,#9039,.T.);
#9039 = CIRCLE('',#9040,6.);
#9040 = AXIS2_PLACEMENT_3D('',#9041,#9042,#9043);
#9041 = CARTESIAN_POINT('',(-35.,-27.,38.55));
#9042 = DIRECTION('',(0.,0.,1.));
#9043 = DIRECTION('',(-1.,-0.,0.));
#9044 = PLANE('',#9045);
#9045 = AXIS2_PLACEMENT_3D('',#9046,#9047,#9048);
#9046 = CARTESIAN_POINT('',(-42.6,-34.6,38.55));
#9047 = DIRECTION('',(0.,0.,1.));
#9048 = DIRECTION('',(1.,0.,-0.));
#9049 = ADVANCED_FACE('',(#9050,#9060),#9130,.F.);
#9050 = FACE_BOUND('',#9051,.F.);
#9051 = EDGE_LOOP('',(#9052,#9053,#9054,#9055,#9056,#9057,#9058,#9059));
#9052 = ORIENTED_EDGE('',*,*,#8780,.F.);
#9053 = ORIENTED_EDGE('',*,*,#8802,.T.);
#9054 = ORIENTED_EDGE('',*,*,#8852,.T.);
#9055 = ORIENTED_EDGE('',*,*,#8900,.F.);
#9056 = ORIENTED_EDGE('',*,*,#8952,.T.);
#9057 = ORIENTED_EDGE('',*,*,#8925,.T.);
#9058 = ORIENTED_EDGE('',*,*,#8876,.F.);
#9059 = ORIENTED_EDGE('',*,*,#8827,.F.);
#9060 = FACE_BOUND('',#9061,.F.);
#9061 = EDGE_LOOP('',(#9062,#9072,#9081,#9089,#9098,#9106,#9115,#9123));
#9062 = ORIENTED_EDGE('',*,*,#9063,.F.);
#9063 = EDGE_CURVE('',#9064,#9066,#9068,.T.);
#9064 = VERTEX_POINT('',#9065);
#9065 = CARTESIAN_POINT('',(-41.,27.,41.8));
#9066 = VERTEX_POINT('',#9067);
#9067 = CARTESIAN_POINT('',(-41.,-27.,41.8));
#9068 = LINE('',#9069,#9070);
#9069 = CARTESIAN_POINT('',(-41.,-33.8,41.8));
#9070 = VECTOR('',#9071,1.);
#9071 = DIRECTION('',(0.,-1.,0.));
#9072 = ORIENTED_EDGE('',*,*,#9073,.F.);
#9073 = EDGE_CURVE('',#9074,#9064,#9076,.T.);
#9074 = VERTEX_POINT('',#9075);
#9075 = CARTESIAN_POINT('',(-35.,33.,41.8));
#9076 = CIRCLE('',#9077,6.);
#9077 = AXIS2_PLACEMENT_3D('',#9078,#9079,#9080);
#9078 = CARTESIAN_POINT('',(-35.,27.,41.8));
#9079 = DIRECTION('',(0.,0.,1.));
#9080 = DIRECTION('',(-1.,-0.,0.));
#9081 = ORIENTED_EDGE('',*,*,#9082,.T.);
#9082 = EDGE_CURVE('',#9074,#9083,#9085,.T.);
#9083 = VERTEX_POINT('',#9084);
#9084 = CARTESIAN_POINT('',(35.,33.,41.8));
#9085 = LINE('',#9086,#9087);
#9086 = CARTESIAN_POINT('',(-41.8,33.,41.8));
#9087 = VECTOR('',#9088,1.);
#9088 = DIRECTION('',(1.,0.,-0.));
#9089 = ORIENTED_EDGE('',*,*,#9090,.F.);
#9090 = EDGE_CURVE('',#9091,#9083,#9093,.T.);
#9091 = VERTEX_POINT('',#9092);
#9092 = CARTESIAN_POINT('',(41.,27.,41.8));
#9093 = CIRCLE('',#9094,6.);
#9094 = AXIS2_PLACEMENT_3D('',#9095,#9096,#9097);
#9095 = CARTESIAN_POINT('',(35.,27.,41.8));
#9096 = DIRECTION('',(0.,0.,1.));
#9097 = DIRECTION('',(1.,0.,-0.));
#9098 = ORIENTED_EDGE('',*,*,#9099,.T.);
#9099 = EDGE_CURVE('',#9091,#9100,#9102,.T.);
#9100 = VERTEX_POINT('',#9101);
#9101 = CARTESIAN_POINT('',(41.,-27.,41.8));
#9102 = LINE('',#9103,#9104);
#9103 = CARTESIAN_POINT('',(41.,-33.8,41.8));
#9104 = VECTOR('',#9105,1.);
#9105 = DIRECTION('',(0.,-1.,0.));
#9106 = ORIENTED_EDGE('',*,*,#9107,.F.);
#9107 = EDGE_CURVE('',#9108,#9100,#9110,.T.);
#9108 = VERTEX_POINT('',#9109);
#9109 = CARTESIAN_POINT('',(35.,-33.,41.8));
#9110 = CIRCLE('',#9111,6.);
#9111 = AXIS2_PLACEMENT_3D('',#9112,#9113,#9114);
#9112 = CARTESIAN_POINT('',(35.,-27.,41.8));
#9113 = DIRECTION('',(0.,0.,1.));
#9114 = DIRECTION('',(1.,0.,-0.));
#9115 = ORIENTED_EDGE('',*,*,#9116,.F.);
#9116 = EDGE_CURVE('',#9117,#9108,#9119,.T.);
#9117 = VERTEX_POINT('',#9118);
#9118 = CARTESIAN_POINT('',(-35.,-33.,41.8));
#9119 = LINE('',#9120,#9121);
#9120 = CARTESIAN_POINT('',(-41.8,-33.,41.8));
#9121 = VECTOR('',#9122,1.);
#9122 = DIRECTION('',(1.,0.,-0.));
#9123 = ORIENTED_EDGE('',*,*,#9124,.F.);
#9124 = EDGE_CURVE('',#9066,#9117,#9125,.T.);
#9125 = CIRCLE('',#9126,6.);
#9126 = AXIS2_PLACEMENT_3D('',#9127,#9128,#9129);
#9127 = CARTESIAN_POINT('',(-35.,-27.,41.8));
#9128 = DIRECTION('',(0.,0.,1.));
#9129 = DIRECTION('',(-1.,-0.,0.));
#9130 = PLANE('',#9131);
#9131 = AXIS2_PLACEMENT_3D('',#9132,#9133,#9134);
#9132 = CARTESIAN_POINT('',(-42.6,-34.6,41.8));
#9133 = DIRECTION('',(0.,0.,1.));
#9134 = DIRECTION('',(1.,0.,-0.));
#9135 = ADVANCED_FACE('',(#9136),#9152,.F.);
#9136 = FACE_BOUND('',#9137,.F.);
#9137 = EDGE_LOOP('',(#9138,#9139,#9145,#9146));
#9138 = ORIENTED_EDGE('',*,*,#9063,.T.);
#9139 = ORIENTED_EDGE('',*,*,#9140,.F.);
#9140 = EDGE_CURVE('',#8980,#9066,#9141,.T.);
#9141 = LINE('',#9142,#9143);
#9142 = CARTESIAN_POINT('',(-41.,-27.,0.));
#9143 = VECTOR('',#9144,1.);
#9144 = DIRECTION('',(0.,0.,1.));
#9145 = ORIENTED_EDGE('',*,*,#8977,.F.);
#9146 = ORIENTED_EDGE('',*,*,#9147,.T.);
#9147 = EDGE_CURVE('',#8978,#9064,#9148,.T.);
#9148 = LINE('',#9149,#9150);
#9149 = CARTESIAN_POINT('',(-41.,27.,0.));
#9150 = VECTOR('',#9151,1.);
#9151 = DIRECTION('',(0.,0.,1.));
#9152 = PLANE('',#9153);
#9153 = AXIS2_PLACEMENT_3D('',#9154,#9155,#9156);
#9154 = CARTESIAN_POINT('',(-41.,-33.,0.));
#9155 = DIRECTION('',(1.,0.,-0.));
#9156 = DIRECTION('',(0.,0.,1.));
#9157 = ADVANCED_FACE('',(#9158),#9169,.T.);
#9158 = FACE_BOUND('',#9159,.T.);
#9159 = EDGE_LOOP('',(#9160,#9161,#9162,#9168));
#9160 = ORIENTED_EDGE('',*,*,#9140,.F.);
#9161 = ORIENTED_EDGE('',*,*,#9038,.T.);
#9162 = ORIENTED_EDGE('',*,*,#9163,.T.);
#9163 = EDGE_CURVE('',#9031,#9117,#9164,.T.);
#9164 = LINE('',#9165,#9166);
#9165 = CARTESIAN_POINT('',(-35.,-33.,0.));
#9166 = VECTOR('',#9167,1.);
#9167 = DIRECTION('',(0.,0.,1.));
#9168 = ORIENTED_EDGE('',*,*,#9124,.F.);
#9169 = CYLINDRICAL_SURFACE('',#9170,6.);
#9170 = AXIS2_PLACEMENT_3D('',#9171,#9172,#9173);
#9171 = CARTESIAN_POINT('',(-35.,-27.,0.));
#9172 = DIRECTION('',(0.,0.,1.));
#9173 = DIRECTION('',(-1.,-0.,0.));
#9174 = ADVANCED_FACE('',(#9175),#9186,.F.);
#9175 = FACE_BOUND('',#9176,.F.);
#9176 = EDGE_LOOP('',(#9177,#9178,#9179,#9180));
#9177 = ORIENTED_EDGE('',*,*,#9030,.F.);
#9178 = ORIENTED_EDGE('',*,*,#9163,.T.);
#9179 = ORIENTED_EDGE('',*,*,#9116,.T.);
#9180 = ORIENTED_EDGE('',*,*,#9181,.F.);
#9181 = EDGE_CURVE('',#9022,#9108,#9182,.T.);
#9182 = LINE('',#9183,#9184);
#9183 = CARTESIAN_POINT('',(35.,-33.,0.));
#9184 = VECTOR('',#9185,1.);
#9185 = DIRECTION('',(0.,0.,1.));
#9186 = PLANE('',#9187);
#9187 = AXIS2_PLACEMENT_3D('',#9188,#9189,#9190);
#9188 = CARTESIAN_POINT('',(-41.,-33.,0.));
#9189 = DIRECTION('',(-0.,1.,0.));
#9190 = DIRECTION('',(0.,0.,1.));
#9191 = ADVANCED_FACE('',(#9192),#9203,.T.);
#9192 = FACE_BOUND('',#9193,.F.);
#9193 = EDGE_LOOP('',(#9194,#9200,#9201,#9202));
#9194 = ORIENTED_EDGE('',*,*,#9195,.F.);
#9195 = EDGE_CURVE('',#9014,#9100,#9196,.T.);
#9196 = LINE('',#9197,#9198);
#9197 = CARTESIAN_POINT('',(41.,-27.,0.));
#9198 = VECTOR('',#9199,1.);
#9199 = DIRECTION('',(0.,0.,1.));
#9200 = ORIENTED_EDGE('',*,*,#9021,.F.);
#9201 = ORIENTED_EDGE('',*,*,#9181,.T.);
#9202 = ORIENTED_EDGE('',*,*,#9107,.T.);
#9203 = CYLINDRICAL_SURFACE('',#9204,6.);
#9204 = AXIS2_PLACEMENT_3D('',#9205,#9206,#9207);
#9205 = CARTESIAN_POINT('',(35.,-27.,0.));
#9206 = DIRECTION('',(0.,0.,1.));
#9207 = DIRECTION('',(1.,0.,-0.));
#9208 = ADVANCED_FACE('',(#9209),#9220,.T.);
#9209 = FACE_BOUND('',#9210,.T.);
#9210 = EDGE_LOOP('',(#9211,#9212,#9213,#9214));
#9211 = ORIENTED_EDGE('',*,*,#9099,.T.);
#9212 = ORIENTED_EDGE('',*,*,#9195,.F.);
#9213 = ORIENTED_EDGE('',*,*,#9013,.F.);
#9214 = ORIENTED_EDGE('',*,*,#9215,.T.);
#9215 = EDGE_CURVE('',#9005,#9091,#9216,.T.);
#9216 = LINE('',#9217,#9218);
#9217 = CARTESIAN_POINT('',(41.,27.,0.));
#9218 = VECTOR('',#9219,1.);
#9219 = DIRECTION('',(0.,0.,1.));
#9220 = PLANE('',#9221);
#9221 = AXIS2_PLACEMENT_3D('',#9222,#9223,#9224);
#9222 = CARTESIAN_POINT('',(41.,-33.,0.));
#9223 = DIRECTION('',(1.,0.,-0.));
#9224 = DIRECTION('',(0.,0.,1.));
#9225 = ADVANCED_FACE('',(#9226),#9237,.T.);
#9226 = FACE_BOUND('',#9227,.T.);
#9227 = EDGE_LOOP('',(#9228,#9229,#9230,#9236));
#9228 = ORIENTED_EDGE('',*,*,#9215,.F.);
#9229 = ORIENTED_EDGE('',*,*,#9004,.T.);
#9230 = ORIENTED_EDGE('',*,*,#9231,.T.);
#9231 = EDGE_CURVE('',#8997,#9083,#9232,.T.);
#9232 = LINE('',#9233,#9234);
#9233 = CARTESIAN_POINT('',(35.,33.,0.));
#9234 = VECTOR('',#9235,1.);
#9235 = DIRECTION('',(0.,0.,1.));
#9236 = ORIENTED_EDGE('',*,*,#9090,.F.);
#9237 = CYLINDRICAL_SURFACE('',#9238,6.);
#9238 = AXIS2_PLACEMENT_3D('',#9239,#9240,#9241);
#9239 = CARTESIAN_POINT('',(35.,27.,0.));
#9240 = DIRECTION('',(0.,0.,1.));
#9241 = DIRECTION('',(1.,0.,-0.));
#9242 = ADVANCED_FACE('',(#9243),#9254,.T.);
#9243 = FACE_BOUND('',#9244,.T.);
#9244 = EDGE_LOOP('',(#9245,#9246,#9252,#9253));
#9245 = ORIENTED_EDGE('',*,*,#8996,.F.);
#9246 = ORIENTED_EDGE('',*,*,#9247,.T.);
#9247 = EDGE_CURVE('',#8988,#9074,#9248,.T.);
#9248 = LINE('',#9249,#9250);
#9249 = CARTESIAN_POINT('',(-35.,33.,0.));
#9250 = VECTOR('',#9251,1.);
#9251 = DIRECTION('',(0.,0.,1.));
#9252 = ORIENTED_EDGE('',*,*,#9082,.T.);
#9253 = ORIENTED_EDGE('',*,*,#9231,.F.);
#9254 = PLANE('',#9255);
#9255 = AXIS2_PLACEMENT_3D('',#9256,#9257,#9258);
#9256 = CARTESIAN_POINT('',(-41.,33.,0.));
#9257 = DIRECTION('',(-0.,1.,0.));
#9258 = DIRECTION('',(0.,0.,1.));
#9259 = ADVANCED_FACE('',(#9260),#9266,.T.);
#9260 = FACE_BOUND('',#9261,.F.);
#9261 = EDGE_LOOP('',(#9262,#9263,#9264,#9265));
#9262 = ORIENTED_EDGE('',*,*,#9147,.F.);
#9263 = ORIENTED_EDGE('',*,*,#8987,.F.);
#9264 = ORIENTED_EDGE('',*,*,#9247,.T.);
#9265 = ORIENTED_EDGE('',*,*,#9073,.T.);
#9266 = CYLINDRICAL_SURFACE('',#9267,6.);
#9267 = AXIS2_PLACEMENT_3D('',#9268,#9269,#9270);
#9268 = CARTESIAN_POINT('',(-35.,27.,0.));
#9269 = DIRECTION('',(0.,0.,1.));
#9270 = DIRECTION('',(-1.,-0.,0.));
#9271 = ADVANCED_FACE('',(#9272),#9296,.F.);
#9272 = FACE_BOUND('',#9273,.F.);
#9273 = EDGE_LOOP('',(#9274,#9275,#9276,#9277,#9278,#9279,#9280,#9281,
    #9282,#9283,#9284,#9285,#9286,#9287,#9288,#9289,#9290,#9291,#9292,
    #9293,#9294,#9295));
#9274 = ORIENTED_EDGE('',*,*,#3719,.F.);
#9275 = ORIENTED_EDGE('',*,*,#3687,.T.);
#9276 = ORIENTED_EDGE('',*,*,#3655,.T.);
#9277 = ORIENTED_EDGE('',*,*,#3623,.T.);
#9278 = ORIENTED_EDGE('',*,*,#3591,.F.);
#9279 = ORIENTED_EDGE('',*,*,#3559,.T.);
#9280 = ORIENTED_EDGE('',*,*,#3527,.T.);
#9281 = ORIENTED_EDGE('',*,*,#3494,.T.);
#9282 = ORIENTED_EDGE('',*,*,#1194,.T.);
#9283 = ORIENTED_EDGE('',*,*,#534,.F.);
#9284 = ORIENTED_EDGE('',*,*,#499,.F.);
#9285 = ORIENTED_EDGE('',*,*,#1050,.F.);
#9286 = ORIENTED_EDGE('',*,*,#2227,.T.);
#9287 = ORIENTED_EDGE('',*,*,#2746,.F.);
#9288 = ORIENTED_EDGE('',*,*,#2713,.T.);
#9289 = ORIENTED_EDGE('',*,*,#2624,.T.);
#9290 = ORIENTED_EDGE('',*,*,#2582,.T.);
#9291 = ORIENTED_EDGE('',*,*,#2484,.F.);
#9292 = ORIENTED_EDGE('',*,*,#2451,.T.);
#9293 = ORIENTED_EDGE('',*,*,#2362,.T.);
#9294 = ORIENTED_EDGE('',*,*,#2320,.T.);
#9295 = ORIENTED_EDGE('',*,*,#2311,.T.);
#9296 = CYLINDRICAL_SURFACE('',#9297,8.);
#9297 = AXIS2_PLACEMENT_3D('',#9298,#9299,#9300);
#9298 = CARTESIAN_POINT('',(-24.,-40.,22.));
#9299 = DIRECTION('',(0.,1.,0.));
#9300 = DIRECTION('',(0.,-0.,1.));
#9301 = ADVANCED_FACE('',(#9302),#9326,.F.);
#9302 = FACE_BOUND('',#9303,.F.);
#9303 = EDGE_LOOP('',(#9304,#9305,#9306,#9307,#9308,#9309,#9310,#9311,
    #9312,#9313,#9314,#9315,#9316,#9317,#9318,#9319,#9320,#9321,#9322,
    #9323,#9324,#9325));
#9304 = ORIENTED_EDGE('',*,*,#1832,.T.);
#9305 = ORIENTED_EDGE('',*,*,#5583,.F.);
#9306 = ORIENTED_EDGE('',*,*,#5554,.T.);
#9307 = ORIENTED_EDGE('',*,*,#5522,.F.);
#9308 = ORIENTED_EDGE('',*,*,#5497,.F.);
#9309 = ORIENTED_EDGE('',*,*,#5458,.F.);
#9310 = ORIENTED_EDGE('',*,*,#5426,.T.);
#9311 = ORIENTED_EDGE('',*,*,#5394,.F.);
#9312 = ORIENTED_EDGE('',*,*,#5369,.F.);
#9313 = ORIENTED_EDGE('',*,*,#5200,.F.);
#9314 = ORIENTED_EDGE('',*,*,#5209,.F.);
#9315 = ORIENTED_EDGE('',*,*,#2403,.T.);
#9316 = ORIENTED_EDGE('',*,*,#5135,.F.);
#9317 = ORIENTED_EDGE('',*,*,#2534,.F.);
#9318 = ORIENTED_EDGE('',*,*,#5112,.F.);
#9319 = ORIENTED_EDGE('',*,*,#2665,.T.);
#9320 = ORIENTED_EDGE('',*,*,#5089,.F.);
#9321 = ORIENTED_EDGE('',*,*,#2787,.F.);
#9322 = ORIENTED_EDGE('',*,*,#5065,.F.);
#9323 = ORIENTED_EDGE('',*,*,#1688,.F.);
#9324 = ORIENTED_EDGE('',*,*,#685,.T.);
#9325 = ORIENTED_EDGE('',*,*,#720,.T.);
#9326 = CYLINDRICAL_SURFACE('',#9327,8.);
#9327 = AXIS2_PLACEMENT_3D('',#9328,#9329,#9330);
#9328 = CARTESIAN_POINT('',(-24.,-40.,22.));
#9329 = DIRECTION('',(0.,1.,0.));
#9330 = DIRECTION('',(0.,-0.,1.));
#9331 = ADVANCED_FACE('',(#9332),#9356,.F.);
#9332 = FACE_BOUND('',#9333,.F.);
#9333 = EDGE_LOOP('',(#9334,#9335,#9336,#9337,#9338,#9339,#9340,#9341,
    #9342,#9343,#9344,#9345,#9346,#9347,#9348,#9349,#9350,#9351,#9352,
    #9353,#9354,#9355));
#9334 = ORIENTED_EDGE('',*,*,#4356,.F.);
#9335 = ORIENTED_EDGE('',*,*,#4325,.T.);
#9336 = ORIENTED_EDGE('',*,*,#4225,.T.);
#9337 = ORIENTED_EDGE('',*,*,#4194,.T.);
#9338 = ORIENTED_EDGE('',*,*,#4094,.F.);
#9339 = ORIENTED_EDGE('',*,*,#4063,.T.);
#9340 = ORIENTED_EDGE('',*,*,#3963,.T.);
#9341 = ORIENTED_EDGE('',*,*,#3932,.T.);
#9342 = ORIENTED_EDGE('',*,*,#1321,.T.);
#9343 = ORIENTED_EDGE('',*,*,#578,.F.);
#9344 = ORIENTED_EDGE('',*,*,#543,.F.);
#9345 = ORIENTED_EDGE('',*,*,#1465,.F.);
#9346 = ORIENTED_EDGE('',*,*,#3511,.T.);
#9347 = ORIENTED_EDGE('',*,*,#3543,.F.);
#9348 = ORIENTED_EDGE('',*,*,#3576,.T.);
#9349 = ORIENTED_EDGE('',*,*,#3600,.T.);
#9350 = ORIENTED_EDGE('',*,*,#3640,.T.);
#9351 = ORIENTED_EDGE('',*,*,#3671,.F.);
#9352 = ORIENTED_EDGE('',*,*,#3704,.T.);
#9353 = ORIENTED_EDGE('',*,*,#3726,.T.);
#9354 = ORIENTED_EDGE('',*,*,#2294,.T.);
#9355 = ORIENTED_EDGE('',*,*,#2285,.T.);
#9356 = CYLINDRICAL_SURFACE('',#9357,8.);
#9357 = AXIS2_PLACEMENT_3D('',#9358,#9359,#9360);
#9358 = CARTESIAN_POINT('',(24.,-40.,22.));
#9359 = DIRECTION('',(0.,1.,0.));
#9360 = DIRECTION('',(0.,-0.,1.));
#9361 = ADVANCED_FACE('',(#9362),#9386,.F.);
#9362 = FACE_BOUND('',#9363,.F.);
#9363 = EDGE_LOOP('',(#9364,#9365,#9366,#9367,#9368,#9369,#9370,#9371,
    #9372,#9373,#9374,#9375,#9376,#9377,#9378,#9379,#9380,#9381,#9382,
    #9383,#9384,#9385));
#9364 = ORIENTED_EDGE('',*,*,#1959,.T.);
#9365 = ORIENTED_EDGE('',*,*,#5860,.F.);
#9366 = ORIENTED_EDGE('',*,*,#4013,.T.);
#9367 = ORIENTED_EDGE('',*,*,#5836,.F.);
#9368 = ORIENTED_EDGE('',*,*,#4137,.F.);
#9369 = ORIENTED_EDGE('',*,*,#5813,.F.);
#9370 = ORIENTED_EDGE('',*,*,#4275,.T.);
#9371 = ORIENTED_EDGE('',*,*,#5790,.F.);
#9372 = ORIENTED_EDGE('',*,*,#4397,.F.);
#9373 = ORIENTED_EDGE('',*,*,#5174,.F.);
#9374 = ORIENTED_EDGE('',*,*,#5183,.F.);
#9375 = ORIENTED_EDGE('',*,*,#5353,.T.);
#9376 = ORIENTED_EDGE('',*,*,#5402,.F.);
#9377 = ORIENTED_EDGE('',*,*,#5417,.F.);
#9378 = ORIENTED_EDGE('',*,*,#5466,.F.);
#9379 = ORIENTED_EDGE('',*,*,#5481,.T.);
#9380 = ORIENTED_EDGE('',*,*,#5530,.F.);
#9381 = ORIENTED_EDGE('',*,*,#5545,.F.);
#9382 = ORIENTED_EDGE('',*,*,#5591,.F.);
#9383 = ORIENTED_EDGE('',*,*,#2103,.F.);
#9384 = ORIENTED_EDGE('',*,*,#729,.T.);
#9385 = ORIENTED_EDGE('',*,*,#764,.T.);
#9386 = CYLINDRICAL_SURFACE('',#9387,8.);
#9387 = AXIS2_PLACEMENT_3D('',#9388,#9389,#9390);
#9388 = CARTESIAN_POINT('',(24.,-40.,22.));
#9389 = DIRECTION('',(0.,1.,0.));
#9390 = DIRECTION('',(0.,-0.,1.));
#9391 = ( GEOMETRIC_REPRESENTATION_CONTEXT(3)
GLOBAL_UNCERTAINTY_ASSIGNED_CONTEXT((#9395))
GLOBAL_UNIT_ASSIGNED_CONTEXT((#9392,#9393,#9394)) REPRESENTATION_CONTEXT
('Context #1','3D Context with UNIT and UNCERTAINTY') );
#9392 = ( LENGTH_UNIT() NAMED_UNIT(*) SI_UNIT(.MILLI.,.METRE.) );
#9393 = ( NAMED_UNIT(*) PLANE_ANGLE_UNIT() SI_UNIT($,.RADIAN.) );
#9394 = ( NAMED_UNIT(*) SI_UNIT($,.STERADIAN.) SOLID_ANGLE_UNIT() );
#9395 = UNCERTAINTY_MEASURE_WITH_UNIT(LENGTH_MEASURE(1.E-07),#9392,
  'distance_accuracy_value','confusion accuracy');
#9396 = PRODUCT_RELATED_PRODUCT_CATEGORY('part',$,(#7));
ENDSEC;
END-ISO-10303-21;
